{"type":"FeatureCollection","features":[{"type":"Feature","geometry":{"type":"Point","coordinates":[25.977308,43.832163]},"properties":{"name":"Търговски комплекс","band":0,"modes":"bus","arr":["А3","А30","Т9","Т21","Т29"],"off":[0,-0.8]}},{"type":"Feature","geometry":{"type":"Point","coordinates":[25.977308,43.832163]},"properties":{"line":"А3","mode":"bus","color":"#0059a9","colorDark":"#00294f","band":0,"off":[-6.8,1.1],"lbl":"3"}},{"type":"Feature","geometry":{"type":"Point","coordinates":[25.977308,43.832163]},"properties":{"line":"А30","mode":"bus","color":"#0059a9","colorDark":"#00294f","band":0,"off":[-3.4,1.1],"lbl":"30"}},{"type":"Feature","geometry":{"type":"Point","coordinates":[25.977308,43.832163]},"properties":{"line":"Т9","mode":"bus","color":"#149a3f","colorDark":"#0a5121","band":0,"off":[0,1.1],"lbl":"9"}},{"type":"Feature","geometry":{"type":"Point","coordinates":[25.977308,43.832163]},"properties":{"line":"Т21","mode":"bus","color":"#149a3f","colorDark":"#0a5121","band":0,"off":[3.4,1.1],"lbl":"21"}},{"type":"Feature","geometry":{"type":"Point","coordinates":[25.977308,43.832163]},"properties":{"line":"Т29","mode":"bus","color":"#149a3f","colorDark":"#0a5121","band":0,"off":[6.8,1.1],"lbl":"29"}},{"type":"Feature","geometry":{"type":"Point","coordinates":[25.956916,43.834651]},"properties":{"name":"Централна жп гара, ул. Николаевска","band":0,"modes":"bus","arr":["А5","А12"],"off":[0,-0.8]}},{"type":"Feature","geometry":{"type":"Point","coordinates":[25.956916,43.834651]},"properties":{"name":"Централна жп гара, ул. Борисова","band":0,"modes":"bus","arr":["А5","А12"],"off":[0,-3]}},{"type":"Feature","geometry":{"type":"Point","coordinates":[25.956916,43.834651]},"properties":{"name":"Космос (Централна жп гара)","band":0,"modes":"bus","arr":["А5","А12"],"off":[0,-5.2]}},{"type":"Feature","geometry":{"type":"Point","coordinates":[25.956916,43.834651]},"properties":{"line":"А5","mode":"bus","color":"#0059a9","colorDark":"#00294f","band":0,"off":[-1.7,1.1],"lbl":"5"}},{"type":"Feature","geometry":{"type":"Point","coordinates":[25.956916,43.834651]},"properties":{"line":"А12","mode":"bus","color":"#0059a9","colorDark":"#00294f","band":0,"off":[1.7,1.1],"lbl":"12"}},{"type":"Feature","geometry":{"type":"Point","coordinates":[25.948538,43.837759]},"properties":{"name":"Сент Уан","band":0,"modes":"bus","arr":["А20"],"off":[0,-0.8]}},{"type":"Feature","geometry":{"type":"Point","coordinates":[25.948538,43.837759]},"properties":{"name":"Гимназия по корабостроене","band":0,"modes":"bus","arr":["А20"],"off":[0,-1.9]}},{"type":"Feature","geometry":{"type":"Point","coordinates":[25.948538,43.837759]},"properties":{"line":"А20","mode":"bus","color":"#0059a9","colorDark":"#00294f","band":0,"off":[0,1.1],"lbl":"20"}},{"type":"Feature","geometry":{"type":"Point","coordinates":[25.93267,43.822409]},"properties":{"name":"Млекозавод","band":0,"modes":"bus","arr":["Т2","Т9","Т24"],"off":[0,-0.8]}},{"type":"Feature","geometry":{"type":"Point","coordinates":[25.93267,43.822409]},"properties":{"name":"БОР","band":0,"modes":"bus","arr":["Т2","Т9","Т24"],"off":[0,-1.9]}},{"type":"Feature","geometry":{"type":"Point","coordinates":[25.93267,43.822409]},"properties":{"line":"Т2","mode":"bus","color":"#149a3f","colorDark":"#0a5121","band":0,"off":[-3.4,1.1],"lbl":"2"}},{"type":"Feature","geometry":{"type":"Point","coordinates":[25.93267,43.822409]},"properties":{"line":"Т9","mode":"bus","color":"#149a3f","colorDark":"#0a5121","band":0,"off":[0,1.1],"lbl":"9"}},{"type":"Feature","geometry":{"type":"Point","coordinates":[25.93267,43.822409]},"properties":{"line":"Т24","mode":"bus","color":"#149a3f","colorDark":"#0a5121","band":0,"off":[3.4,1.1],"lbl":"24"}},{"type":"Feature","geometry":{"type":"Point","coordinates":[25.927946,43.814602]},"properties":{"name":"Метро","band":0,"modes":"bus","arr":["А3","А19"],"off":[0,-0.8]}},{"type":"Feature","geometry":{"type":"Point","coordinates":[25.927946,43.814602]},"properties":{"line":"А3","mode":"bus","color":"#0059a9","colorDark":"#00294f","band":0,"off":[-1.7,1.1],"lbl":"3"}},{"type":"Feature","geometry":{"type":"Point","coordinates":[25.927946,43.814602]},"properties":{"line":"А19","mode":"bus","color":"#0059a9","colorDark":"#00294f","band":0,"off":[1.7,1.1],"lbl":"19"}},{"type":"Feature","geometry":{"type":"Point","coordinates":[25.970408,43.824696]},"properties":{"name":"Дружба 3, Обръщало","band":0,"modes":"bus","arr":["А4","А18","А23","А28","Т13","Т24","Т27"],"off":[0,-0.8]}},{"type":"Feature","geometry":{"type":"Point","coordinates":[25.970408,43.824696]},"properties":{"name":"Блок №48","band":0,"modes":"bus","arr":["А4","А18","А23","А28","Т13","Т24","Т27"],"off":[0,-1.9]}},{"type":"Feature","geometry":{"type":"Point","coordinates":[25.970408,43.824696]},"properties":{"name":"Блок №28","band":0,"modes":"bus","arr":["А4","А18","А23","А28","Т13","Т24","Т27"],"off":[0,-3]}},{"type":"Feature","geometry":{"type":"Point","coordinates":[25.970408,43.824696]},"properties":{"line":"А4","mode":"bus","color":"#0059a9","colorDark":"#00294f","band":0,"off":[-6.8,1.1],"lbl":"4"}},{"type":"Feature","geometry":{"type":"Point","coordinates":[25.970408,43.824696]},"properties":{"line":"А18","mode":"bus","color":"#0059a9","colorDark":"#00294f","band":0,"off":[-3.4,1.1],"lbl":"18"}},{"type":"Feature","geometry":{"type":"Point","coordinates":[25.970408,43.824696]},"properties":{"line":"А23","mode":"bus","color":"#0059a9","colorDark":"#00294f","band":0,"off":[0,1.1],"lbl":"23"}},{"type":"Feature","geometry":{"type":"Point","coordinates":[25.970408,43.824696]},"properties":{"line":"А28","mode":"bus","color":"#0059a9","colorDark":"#00294f","band":0,"off":[3.4,1.1],"lbl":"28"}},{"type":"Feature","geometry":{"type":"Point","coordinates":[25.970408,43.824696]},"properties":{"line":"Т13","mode":"bus","color":"#149a3f","colorDark":"#0a5121","band":0,"off":[6.8,1.1],"lbl":"13"}},{"type":"Feature","geometry":{"type":"Point","coordinates":[25.970408,43.824696]},"properties":{"line":"Т24","mode":"bus","color":"#149a3f","colorDark":"#0a5121","band":0,"off":[-1.7,3.1],"lbl":"24"}},{"type":"Feature","geometry":{"type":"Point","coordinates":[25.970408,43.824696]},"properties":{"line":"Т27","mode":"bus","color":"#149a3f","colorDark":"#0a5121","band":0,"off":[1.7,3.1],"lbl":"27"}},{"type":"Feature","geometry":{"type":"Point","coordinates":[25.965307,43.84186]},"properties":{"name":"Кооперативен пазар (ЖП прелез)","band":0,"modes":"bus","arr":["А5","А19"],"off":[0,-0.8]}},{"type":"Feature","geometry":{"type":"Point","coordinates":[25.965307,43.84186]},"properties":{"line":"А5","mode":"bus","color":"#0059a9","colorDark":"#00294f","band":0,"off":[-1.7,1.1],"lbl":"5"}},{"type":"Feature","geometry":{"type":"Point","coordinates":[25.965307,43.84186]},"properties":{"line":"А19","mode":"bus","color":"#0059a9","colorDark":"#00294f","band":0,"off":[1.7,1.1],"lbl":"19"}},{"type":"Feature","geometry":{"type":"Point","coordinates":[25.992083,43.868395]},"properties":{"name":"Захарен завод (Тутракан №26)","band":0,"modes":"bus","arr":["А12","Т27","Т29"],"off":[0,-0.8]}},{"type":"Feature","geometry":{"type":"Point","coordinates":[25.992083,43.868395]},"properties":{"name":"Захарен завод (Тутракан №25)","band":0,"modes":"bus","arr":["А12","Т27","Т29"],"off":[0,-3]}},{"type":"Feature","geometry":{"type":"Point","coordinates":[25.992083,43.868395]},"properties":{"line":"А12","mode":"bus","color":"#0059a9","colorDark":"#00294f","band":0,"off":[-3.4,1.1],"lbl":"12"}},{"type":"Feature","geometry":{"type":"Point","coordinates":[25.992083,43.868395]},"properties":{"line":"Т27","mode":"bus","color":"#149a3f","colorDark":"#0a5121","band":0,"off":[0,1.1],"lbl":"27"}},{"type":"Feature","geometry":{"type":"Point","coordinates":[25.992083,43.868395]},"properties":{"line":"Т29","mode":"bus","color":"#149a3f","colorDark":"#0a5121","band":0,"off":[3.4,1.1],"lbl":"29"}},{"type":"Feature","geometry":{"type":"Point","coordinates":[26.015619,43.875339]},"properties":{"name":"Митница (Дунав мост)","band":0,"modes":"bus","arr":["А11"],"off":[0,-0.8]}},{"type":"Feature","geometry":{"type":"Point","coordinates":[26.015619,43.875339]},"properties":{"line":"А11","mode":"bus","color":"#0059a9","colorDark":"#00294f","band":0,"off":[0,1.1],"lbl":"11"}},{"type":"Feature","geometry":{"type":"Point","coordinates":[26.014916,43.861839]},"properties":{"name":"ЗЕИМ - изток","band":0,"modes":"bus","arr":["А4"],"off":[0,-0.8]}},{"type":"Feature","geometry":{"type":"Point","coordinates":[26.014916,43.861839]},"properties":{"name":"ЗЕИМ - запад","band":0,"modes":"bus","arr":["А4"],"off":[0,-1.9]}},{"type":"Feature","geometry":{"type":"Point","coordinates":[26.014916,43.861839]},"properties":{"line":"А4","mode":"bus","color":"#0059a9","colorDark":"#00294f","band":0,"off":[0,1.1],"lbl":"4"}},{"type":"Feature","geometry":{"type":"Point","coordinates":[25.962269,43.855877]},"properties":{"name":"Дом на културата","band":0,"modes":"bus","arr":["А6","А8","А10","А23"],"off":[0,-0.8]}},{"type":"Feature","geometry":{"type":"Point","coordinates":[25.962269,43.855877]},"properties":{"line":"А6","mode":"bus","color":"#0059a9","colorDark":"#00294f","band":0,"off":[-5.1,1.1],"lbl":"6"}},{"type":"Feature","geometry":{"type":"Point","coordinates":[25.962269,43.855877]},"properties":{"line":"А8","mode":"bus","color":"#0059a9","colorDark":"#00294f","band":0,"off":[-1.7,1.1],"lbl":"8"}},{"type":"Feature","geometry":{"type":"Point","coordinates":[25.962269,43.855877]},"properties":{"line":"А10","mode":"bus","color":"#0059a9","colorDark":"#00294f","band":0,"off":[1.7,1.1],"lbl":"10"}},{"type":"Feature","geometry":{"type":"Point","coordinates":[25.962269,43.855877]},"properties":{"line":"А23","mode":"bus","color":"#0059a9","colorDark":"#00294f","band":0,"off":[5.1,1.1],"lbl":"23"}},{"type":"Feature","geometry":{"type":"Point","coordinates":[25.945991,43.80382]},"properties":{"name":"Асфалтова база - изток","band":0,"modes":"bus","arr":["А6"],"off":[0,-0.8]}},{"type":"Feature","geometry":{"type":"Point","coordinates":[25.945991,43.80382]},"properties":{"name":"Асфалтова база - запад","band":0,"modes":"bus","arr":["А6"],"off":[0,-3]}},{"type":"Feature","geometry":{"type":"Point","coordinates":[25.945991,43.80382]},"properties":{"line":"А6","mode":"bus","color":"#0059a9","colorDark":"#00294f","band":0,"off":[0,1.1],"lbl":"6"}},{"type":"Feature","geometry":{"type":"Point","coordinates":[25.94598,43.798188]},"properties":{"name":"Гробищен парк Басарбово - изход","band":0,"modes":"bus","arr":["А8","А50"],"off":[0,-0.8]}},{"type":"Feature","geometry":{"type":"Point","coordinates":[25.94598,43.798188]},"properties":{"name":"Гробищен парк Басарбово - вход","band":0,"modes":"bus","arr":["А8","А50"],"off":[0,-3]}},{"type":"Feature","geometry":{"type":"Point","coordinates":[25.94598,43.798188]},"properties":{"line":"А8","mode":"bus","color":"#0059a9","colorDark":"#00294f","band":0,"off":[-1.7,1.1],"lbl":"8"}},{"type":"Feature","geometry":{"type":"Point","coordinates":[25.94598,43.798188]},"properties":{"line":"А50","mode":"bus","color":"#0059a9","colorDark":"#00294f","band":0,"off":[1.7,1.1],"lbl":"50"}},{"type":"Feature","geometry":{"type":"Point","coordinates":[26.031773,43.826234]},"properties":{"name":"Прелеза, Обръщало","band":0,"modes":"bus","arr":["А10"],"off":[0,-0.8]}},{"type":"Feature","geometry":{"type":"Point","coordinates":[26.031773,43.826234]},"properties":{"line":"А10","mode":"bus","color":"#0059a9","colorDark":"#00294f","band":0,"off":[0,1.1],"lbl":"10"}},{"type":"Feature","geometry":{"type":"Point","coordinates":[25.953508,43.827057]},"properties":{"name":"Ул. Мальовица 1 - юг","band":0,"modes":"bus","arr":["А11"],"off":[0,-0.8]}},{"type":"Feature","geometry":{"type":"Point","coordinates":[25.953508,43.827057]},"properties":{"name":"Ул. Мальовица 1 - север","band":0,"modes":"bus","arr":["А11"],"off":[0,-3]}},{"type":"Feature","geometry":{"type":"Point","coordinates":[25.953508,43.827057]},"properties":{"line":"А11","mode":"bus","color":"#0059a9","colorDark":"#00294f","band":0,"off":[0,1.1],"lbl":"11"}},{"type":"Feature","geometry":{"type":"Point","coordinates":[26.001153,43.855079]},"properties":{"name":"Мототехника","band":0,"modes":"bus","arr":["А12","А15","А18","А50","Т2"],"off":[0,-0.8]}},{"type":"Feature","geometry":{"type":"Point","coordinates":[26.001153,43.855079]},"properties":{"name":"КАТ","band":0,"modes":"bus","arr":["А12","А15","А18","А50","Т2"],"off":[0,-1.9]}},{"type":"Feature","geometry":{"type":"Point","coordinates":[26.001153,43.855079]},"properties":{"name":"Автогара Изток - изток","band":0,"modes":"bus","arr":["А12","А15","А18","А50","Т2"],"off":[0,-3]}},{"type":"Feature","geometry":{"type":"Point","coordinates":[26.001153,43.855079]},"properties":{"line":"А12","mode":"bus","color":"#0059a9","colorDark":"#00294f","band":0,"off":[-6.8,1.1],"lbl":"12"}},{"type":"Feature","geometry":{"type":"Point","coordinates":[26.001153,43.855079]},"properties":{"line":"А15","mode":"bus","color":"#0059a9","colorDark":"#00294f","band":0,"off":[-3.4,1.1],"lbl":"15"}},{"type":"Feature","geometry":{"type":"Point","coordinates":[26.001153,43.855079]},"properties":{"line":"А18","mode":"bus","color":"#0059a9","colorDark":"#00294f","band":0,"off":[0,1.1],"lbl":"18"}},{"type":"Feature","geometry":{"type":"Point","coordinates":[26.001153,43.855079]},"properties":{"line":"А50","mode":"bus","color":"#0059a9","colorDark":"#00294f","band":0,"off":[3.4,1.1],"lbl":"50"}},{"type":"Feature","geometry":{"type":"Point","coordinates":[26.001153,43.855079]},"properties":{"line":"Т2","mode":"bus","color":"#149a3f","colorDark":"#0a5121","band":0,"off":[6.8,1.1],"lbl":"2"}},{"type":"Feature","geometry":{"type":"Point","coordinates":[25.920643,43.784124]},"properties":{"name":"Стрелбището","band":0,"modes":"bus","arr":["А15"],"off":[0,-0.8]}},{"type":"Feature","geometry":{"type":"Point","coordinates":[25.920643,43.784124]},"properties":{"line":"А15","mode":"bus","color":"#0059a9","colorDark":"#00294f","band":0,"off":[0,1.1],"lbl":"15"}},{"type":"Feature","geometry":{"type":"Point","coordinates":[25.997468,43.859617]},"properties":{"name":"Гара Разпределителна","band":0,"modes":"bus","arr":["А16","А33","Т13","Т21"],"off":[0,-0.8]}},{"type":"Feature","geometry":{"type":"Point","coordinates":[25.997468,43.859617]},"properties":{"line":"А16","mode":"bus","color":"#0059a9","colorDark":"#00294f","band":0,"off":[-5.1,1.1],"lbl":"16"}},{"type":"Feature","geometry":{"type":"Point","coordinates":[25.997468,43.859617]},"properties":{"line":"А33","mode":"bus","color":"#0059a9","colorDark":"#00294f","band":0,"off":[-1.7,1.1],"lbl":"33"}},{"type":"Feature","geometry":{"type":"Point","coordinates":[25.997468,43.859617]},"properties":{"line":"Т13","mode":"bus","color":"#149a3f","colorDark":"#0a5121","band":0,"off":[1.7,1.1],"lbl":"13"}},{"type":"Feature","geometry":{"type":"Point","coordinates":[25.997468,43.859617]},"properties":{"line":"Т21","mode":"bus","color":"#149a3f","colorDark":"#0a5121","band":0,"off":[5.1,1.1],"lbl":"21"}},{"type":"Feature","geometry":{"type":"Point","coordinates":[25.90271,43.763379]},"properties":{"name":"16-ти километър, Обръщало","band":0,"modes":"bus","arr":["А16"],"off":[0,-0.8]}},{"type":"Feature","geometry":{"type":"Point","coordinates":[25.90271,43.763379]},"properties":{"line":"А16","mode":"bus","color":"#0059a9","colorDark":"#00294f","band":0,"off":[0,1.1],"lbl":"16"}},{"type":"Feature","geometry":{"type":"Point","coordinates":[25.996569,43.849044]},"properties":{"name":"Ж.К. Изток, пл. Прага - юг","band":0,"modes":"bus","arr":["А20","А50"],"off":[0,-0.8]}},{"type":"Feature","geometry":{"type":"Point","coordinates":[25.996569,43.849044]},"properties":{"name":"Ж.К. Изток, пл. Прага - север","band":0,"modes":"bus","arr":["А20","А50"],"off":[0,-3]}},{"type":"Feature","geometry":{"type":"Point","coordinates":[25.996569,43.849044]},"properties":{"name":"Автогара Изток - запад","band":0,"modes":"bus","arr":["А20","А50"],"off":[0,-5.2]}},{"type":"Feature","geometry":{"type":"Point","coordinates":[25.996569,43.849044]},"properties":{"line":"А20","mode":"bus","color":"#0059a9","colorDark":"#00294f","band":0,"off":[-1.7,1.1],"lbl":"20"}},{"type":"Feature","geometry":{"type":"Point","coordinates":[25.996569,43.849044]},"properties":{"line":"А50","mode":"bus","color":"#0059a9","colorDark":"#00294f","band":0,"off":[1.7,1.1],"lbl":"50"}},{"type":"Feature","geometry":{"type":"Point","coordinates":[25.953365,43.852537]},"properties":{"name":"Хотел Рига","band":0,"modes":"bus","arr":["А30"],"off":[0,-0.8]}},{"type":"Feature","geometry":{"type":"Point","coordinates":[25.953365,43.852537]},"properties":{"line":"А30","mode":"bus","color":"#0059a9","colorDark":"#00294f","band":0,"off":[0,1.1],"lbl":"30"}},{"type":"Feature","geometry":{"type":"Point","coordinates":[26.038483,43.870291]},"properties":{"name":"Керос (Монтюпе)","band":0,"modes":"bus","arr":["А28"],"off":[0,-0.8]}},{"type":"Feature","geometry":{"type":"Point","coordinates":[26.038483,43.870291]},"properties":{"line":"А28","mode":"bus","color":"#0059a9","colorDark":"#00294f","band":0,"off":[0,1.1],"lbl":"28"}},{"type":"Feature","geometry":{"type":"Point","coordinates":[26.031527,43.793528]},"properties":{"name":"Образцов чифлик","band":0,"modes":"bus","arr":["А33"],"off":[0,-0.8]}},{"type":"Feature","geometry":{"type":"Point","coordinates":[26.031527,43.793528]},"properties":{"line":"А33","mode":"bus","color":"#0059a9","colorDark":"#00294f","band":0,"off":[0,1.1],"lbl":"33"}},{"type":"Feature","geometry":{"type":"Point","coordinates":[25.980499,43.903609]},"properties":{"name":"Miron Nicolescu","band":0,"modes":"bus","arr":["G1","G3","G6"],"off":[0,-0.8]}},{"type":"Feature","geometry":{"type":"Point","coordinates":[25.980499,43.903609]},"properties":{"name":"4 Pietre","band":0,"modes":"bus","arr":["G1","G3","G6"],"off":[0,-1.9]}},{"type":"Feature","geometry":{"type":"Point","coordinates":[25.980499,43.903609]},"properties":{"line":"G1","mode":"bus","color":"#0059a9","colorDark":"#00294f","band":0,"off":[-3.4,1.1],"lbl":"1"}},{"type":"Feature","geometry":{"type":"Point","coordinates":[25.980499,43.903609]},"properties":{"line":"G3","mode":"bus","color":"#0059a9","colorDark":"#00294f","band":0,"off":[0,1.1],"lbl":"3"}},{"type":"Feature","geometry":{"type":"Point","coordinates":[25.980499,43.903609]},"properties":{"line":"G6","mode":"bus","color":"#0059a9","colorDark":"#00294f","band":0,"off":[3.4,1.1],"lbl":"6"}},{"type":"Feature","geometry":{"type":"Point","coordinates":[25.966732,43.891429]},"properties":{"name":"Piața Centrală","band":0,"modes":"bus","arr":["G6","G7"],"off":[0,-0.8]}},{"type":"Feature","geometry":{"type":"Point","coordinates":[25.966732,43.891429]},"properties":{"line":"G6","mode":"bus","color":"#0059a9","colorDark":"#00294f","band":0,"off":[-1.7,1.1],"lbl":"6"}},{"type":"Feature","geometry":{"type":"Point","coordinates":[25.966732,43.891429]},"properties":{"line":"G7","mode":"bus","color":"#0059a9","colorDark":"#00294f","band":0,"off":[1.7,1.1],"lbl":"7"}},{"type":"Feature","geometry":{"type":"Point","coordinates":[25.967278,43.873455]},"properties":{"name":"Port","band":0,"modes":"bus","arr":["G1"],"off":[0,-0.8]}},{"type":"Feature","geometry":{"type":"Point","coordinates":[25.967278,43.873455]},"properties":{"line":"G1","mode":"bus","color":"#0059a9","colorDark":"#00294f","band":0,"off":[0,1.1],"lbl":"1"}},{"type":"Feature","geometry":{"type":"Point","coordinates":[25.973612,43.922298]},"properties":{"name":"COMAT","band":0,"modes":"bus","arr":["G2"],"off":[0,-0.8]}},{"type":"Feature","geometry":{"type":"Point","coordinates":[25.973612,43.922298]},"properties":{"line":"G2","mode":"bus","color":"#0059a9","colorDark":"#00294f","band":0,"off":[0,1.1],"lbl":"2"}},{"type":"Feature","geometry":{"type":"Point","coordinates":[25.92712,43.883866]},"properties":{"name":"CET","band":0,"modes":"bus","arr":["G2"],"off":[0,-0.8]}},{"type":"Feature","geometry":{"type":"Point","coordinates":[25.92712,43.883866]},"properties":{"line":"G2","mode":"bus","color":"#0059a9","colorDark":"#00294f","band":0,"off":[0,1.1],"lbl":"2"}},{"type":"Feature","geometry":{"type":"Point","coordinates":[25.93156,43.894341]},"properties":{"name":"Alexandriei (Peco GPL)","band":0,"modes":"bus","arr":["G3"],"off":[0,-0.8]}},{"type":"Feature","geometry":{"type":"Point","coordinates":[25.93156,43.894341]},"properties":{"line":"G3","mode":"bus","color":"#0059a9","colorDark":"#00294f","band":0,"off":[0,1.1],"lbl":"3"}},{"type":"Feature","geometry":{"type":"Point","coordinates":[25.950831,43.913465]},"properties":{"name":"Penitenciar","band":0,"modes":"bus","arr":["G4","G5"],"off":[0,-0.8]}},{"type":"Feature","geometry":{"type":"Point","coordinates":[25.950831,43.913465]},"properties":{"name":"Drumul Fermei","band":0,"modes":"bus","arr":["G4","G5"],"off":[0,-1.9]}},{"type":"Feature","geometry":{"type":"Point","coordinates":[25.950831,43.913465]},"properties":{"line":"G4","mode":"bus","color":"#0059a9","colorDark":"#00294f","band":0,"off":[-1.7,1.1],"lbl":"4"}},{"type":"Feature","geometry":{"type":"Point","coordinates":[25.950831,43.913465]},"properties":{"line":"G5","mode":"bus","color":"#0059a9","colorDark":"#00294f","band":0,"off":[1.7,1.1],"lbl":"5"}},{"type":"Feature","geometry":{"type":"Point","coordinates":[25.969536,43.913651]},"properties":{"name":"Kaufland","band":0,"modes":"bus","arr":["G5"],"off":[0,-0.8]}},{"type":"Feature","geometry":{"type":"Point","coordinates":[25.969536,43.913651]},"properties":{"line":"G5","mode":"bus","color":"#0059a9","colorDark":"#00294f","band":0,"off":[0,1.1],"lbl":"5"}},{"type":"Feature","geometry":{"type":"Point","coordinates":[25.966888,43.916083]},"properties":{"name":"DAS","band":0,"modes":"bus","arr":["G4"],"off":[0,-0.8]}},{"type":"Feature","geometry":{"type":"Point","coordinates":[25.966888,43.916083]},"properties":{"line":"G4","mode":"bus","color":"#0059a9","colorDark":"#00294f","band":0,"off":[0,1.1],"lbl":"4"}},{"type":"Feature","geometry":{"type":"Point","coordinates":[25.981271,43.907779]},"properties":{"name":"1 Decembrie 1918 (Alunișului)","band":0,"modes":"bus","arr":["G7"],"off":[0,-0.8]}},{"type":"Feature","geometry":{"type":"Point","coordinates":[25.981271,43.907779]},"properties":{"line":"G7","mode":"bus","color":"#0059a9","colorDark":"#00294f","band":0,"off":[0,1.1],"lbl":"7"}},{"type":"Feature","geometry":{"type":"Point","coordinates":[25.977308,43.832163]},"properties":{"name":"Търговски комплекс","band":1,"modes":"bus","arr":["А3","А30","Т9","Т21","Т29"],"off":[0,-0.8]}},{"type":"Feature","geometry":{"type":"Point","coordinates":[25.977308,43.832163]},"properties":{"line":"А3","mode":"bus","color":"#0059a9","colorDark":"#00294f","band":1,"off":[-6.8,1.1],"lbl":"3"}},{"type":"Feature","geometry":{"type":"Point","coordinates":[25.977308,43.832163]},"properties":{"line":"А30","mode":"bus","color":"#0059a9","colorDark":"#00294f","band":1,"off":[-3.4,1.1],"lbl":"30"}},{"type":"Feature","geometry":{"type":"Point","coordinates":[25.977308,43.832163]},"properties":{"line":"Т9","mode":"bus","color":"#149a3f","colorDark":"#0a5121","band":1,"off":[0,1.1],"lbl":"9"}},{"type":"Feature","geometry":{"type":"Point","coordinates":[25.977308,43.832163]},"properties":{"line":"Т21","mode":"bus","color":"#149a3f","colorDark":"#0a5121","band":1,"off":[3.4,1.1],"lbl":"21"}},{"type":"Feature","geometry":{"type":"Point","coordinates":[25.977308,43.832163]},"properties":{"line":"Т29","mode":"bus","color":"#149a3f","colorDark":"#0a5121","band":1,"off":[6.8,1.1],"lbl":"29"}},{"type":"Feature","geometry":{"type":"Point","coordinates":[25.955405,43.834651]},"properties":{"name":"Централна жп гара, ул. Николаевска","band":1,"modes":"bus","arr":["А5","А12"],"off":[0,-0.8]}},{"type":"Feature","geometry":{"type":"Point","coordinates":[25.955405,43.834651]},"properties":{"name":"Централна жп гара, ул. Борисова","band":1,"modes":"bus","arr":["А5","А12"],"off":[0,-3]}},{"type":"Feature","geometry":{"type":"Point","coordinates":[25.955405,43.834651]},"properties":{"name":"Космос (Централна жп гара)","band":1,"modes":"bus","arr":["А5","А12"],"off":[0,-5.2]}},{"type":"Feature","geometry":{"type":"Point","coordinates":[25.955405,43.834651]},"properties":{"line":"А5","mode":"bus","color":"#0059a9","colorDark":"#00294f","band":1,"off":[-1.7,1.1],"lbl":"5"}},{"type":"Feature","geometry":{"type":"Point","coordinates":[25.955405,43.834651]},"properties":{"line":"А12","mode":"bus","color":"#0059a9","colorDark":"#00294f","band":1,"off":[1.7,1.1],"lbl":"12"}},{"type":"Feature","geometry":{"type":"Point","coordinates":[25.95005,43.837759]},"properties":{"name":"Сент Уан","band":1,"modes":"bus","arr":["А20"],"off":[0,-0.8]}},{"type":"Feature","geometry":{"type":"Point","coordinates":[25.95005,43.837759]},"properties":{"name":"Гимназия по корабостроене","band":1,"modes":"bus","arr":["А20"],"off":[0,-1.9]}},{"type":"Feature","geometry":{"type":"Point","coordinates":[25.95005,43.837759]},"properties":{"line":"А20","mode":"bus","color":"#0059a9","colorDark":"#00294f","band":1,"off":[0,1.1],"lbl":"20"}},{"type":"Feature","geometry":{"type":"Point","coordinates":[25.93267,43.822409]},"properties":{"name":"Млекозавод","band":1,"modes":"bus","arr":["Т2","Т9","Т24"],"off":[0,-0.8]}},{"type":"Feature","geometry":{"type":"Point","coordinates":[25.93267,43.822409]},"properties":{"name":"БОР","band":1,"modes":"bus","arr":["Т2","Т9","Т24"],"off":[0,-1.9]}},{"type":"Feature","geometry":{"type":"Point","coordinates":[25.93267,43.822409]},"properties":{"line":"Т2","mode":"bus","color":"#149a3f","colorDark":"#0a5121","band":1,"off":[-3.4,1.1],"lbl":"2"}},{"type":"Feature","geometry":{"type":"Point","coordinates":[25.93267,43.822409]},"properties":{"line":"Т9","mode":"bus","color":"#149a3f","colorDark":"#0a5121","band":1,"off":[0,1.1],"lbl":"9"}},{"type":"Feature","geometry":{"type":"Point","coordinates":[25.93267,43.822409]},"properties":{"line":"Т24","mode":"bus","color":"#149a3f","colorDark":"#0a5121","band":1,"off":[3.4,1.1],"lbl":"24"}},{"type":"Feature","geometry":{"type":"Point","coordinates":[25.927946,43.814602]},"properties":{"name":"Метро","band":1,"modes":"bus","arr":["А3","А19"],"off":[0,-0.8]}},{"type":"Feature","geometry":{"type":"Point","coordinates":[25.927946,43.814602]},"properties":{"line":"А3","mode":"bus","color":"#0059a9","colorDark":"#00294f","band":1,"off":[-1.7,1.1],"lbl":"3"}},{"type":"Feature","geometry":{"type":"Point","coordinates":[25.927946,43.814602]},"properties":{"line":"А19","mode":"bus","color":"#0059a9","colorDark":"#00294f","band":1,"off":[1.7,1.1],"lbl":"19"}},{"type":"Feature","geometry":{"type":"Point","coordinates":[25.970408,43.824696]},"properties":{"name":"Дружба 3, Обръщало","band":1,"modes":"bus","arr":["А4","А18","А23","А28","Т13","Т24","Т27"],"off":[0,-0.8]}},{"type":"Feature","geometry":{"type":"Point","coordinates":[25.970408,43.824696]},"properties":{"name":"Блок №48","band":1,"modes":"bus","arr":["А4","А18","А23","А28","Т13","Т24","Т27"],"off":[0,-1.9]}},{"type":"Feature","geometry":{"type":"Point","coordinates":[25.970408,43.824696]},"properties":{"name":"Блок №28","band":1,"modes":"bus","arr":["А4","А18","А23","А28","Т13","Т24","Т27"],"off":[0,-3]}},{"type":"Feature","geometry":{"type":"Point","coordinates":[25.970408,43.824696]},"properties":{"line":"А4","mode":"bus","color":"#0059a9","colorDark":"#00294f","band":1,"off":[-6.8,1.1],"lbl":"4"}},{"type":"Feature","geometry":{"type":"Point","coordinates":[25.970408,43.824696]},"properties":{"line":"А18","mode":"bus","color":"#0059a9","colorDark":"#00294f","band":1,"off":[-3.4,1.1],"lbl":"18"}},{"type":"Feature","geometry":{"type":"Point","coordinates":[25.970408,43.824696]},"properties":{"line":"А23","mode":"bus","color":"#0059a9","colorDark":"#00294f","band":1,"off":[0,1.1],"lbl":"23"}},{"type":"Feature","geometry":{"type":"Point","coordinates":[25.970408,43.824696]},"properties":{"line":"А28","mode":"bus","color":"#0059a9","colorDark":"#00294f","band":1,"off":[3.4,1.1],"lbl":"28"}},{"type":"Feature","geometry":{"type":"Point","coordinates":[25.970408,43.824696]},"properties":{"line":"Т13","mode":"bus","color":"#149a3f","colorDark":"#0a5121","band":1,"off":[6.8,1.1],"lbl":"13"}},{"type":"Feature","geometry":{"type":"Point","coordinates":[25.970408,43.824696]},"properties":{"line":"Т24","mode":"bus","color":"#149a3f","colorDark":"#0a5121","band":1,"off":[-1.7,3.1],"lbl":"24"}},{"type":"Feature","geometry":{"type":"Point","coordinates":[25.970408,43.824696]},"properties":{"line":"Т27","mode":"bus","color":"#149a3f","colorDark":"#0a5121","band":1,"off":[1.7,3.1],"lbl":"27"}},{"type":"Feature","geometry":{"type":"Point","coordinates":[25.965307,43.84186]},"properties":{"name":"Кооперативен пазар (ЖП прелез)","band":1,"modes":"bus","arr":["А5","А19"],"off":[0,-0.8]}},{"type":"Feature","geometry":{"type":"Point","coordinates":[25.965307,43.84186]},"properties":{"line":"А5","mode":"bus","color":"#0059a9","colorDark":"#00294f","band":1,"off":[-1.7,1.1],"lbl":"5"}},{"type":"Feature","geometry":{"type":"Point","coordinates":[25.965307,43.84186]},"properties":{"line":"А19","mode":"bus","color":"#0059a9","colorDark":"#00294f","band":1,"off":[1.7,1.1],"lbl":"19"}},{"type":"Feature","geometry":{"type":"Point","coordinates":[25.992083,43.868395]},"properties":{"name":"Захарен завод (Тутракан №26)","band":1,"modes":"bus","arr":["А12","Т27","Т29"],"off":[0,-0.8]}},{"type":"Feature","geometry":{"type":"Point","coordinates":[25.992083,43.868395]},"properties":{"name":"Захарен завод (Тутракан №25)","band":1,"modes":"bus","arr":["А12","Т27","Т29"],"off":[0,-3]}},{"type":"Feature","geometry":{"type":"Point","coordinates":[25.992083,43.868395]},"properties":{"line":"А12","mode":"bus","color":"#0059a9","colorDark":"#00294f","band":1,"off":[-3.4,1.1],"lbl":"12"}},{"type":"Feature","geometry":{"type":"Point","coordinates":[25.992083,43.868395]},"properties":{"line":"Т27","mode":"bus","color":"#149a3f","colorDark":"#0a5121","band":1,"off":[0,1.1],"lbl":"27"}},{"type":"Feature","geometry":{"type":"Point","coordinates":[25.992083,43.868395]},"properties":{"line":"Т29","mode":"bus","color":"#149a3f","colorDark":"#0a5121","band":1,"off":[3.4,1.1],"lbl":"29"}},{"type":"Feature","geometry":{"type":"Point","coordinates":[26.015619,43.875339]},"properties":{"name":"Митница (Дунав мост)","band":1,"modes":"bus","arr":["А11"],"off":[0,-0.8]}},{"type":"Feature","geometry":{"type":"Point","coordinates":[26.015619,43.875339]},"properties":{"line":"А11","mode":"bus","color":"#0059a9","colorDark":"#00294f","band":1,"off":[0,1.1],"lbl":"11"}},{"type":"Feature","geometry":{"type":"Point","coordinates":[26.014916,43.861839]},"properties":{"name":"ЗЕИМ - изток","band":1,"modes":"bus","arr":["А4"],"off":[0,-0.8]}},{"type":"Feature","geometry":{"type":"Point","coordinates":[26.014916,43.861839]},"properties":{"name":"ЗЕИМ - запад","band":1,"modes":"bus","arr":["А4"],"off":[0,-1.9]}},{"type":"Feature","geometry":{"type":"Point","coordinates":[26.014916,43.861839]},"properties":{"line":"А4","mode":"bus","color":"#0059a9","colorDark":"#00294f","band":1,"off":[0,1.1],"lbl":"4"}},{"type":"Feature","geometry":{"type":"Point","coordinates":[25.962269,43.855877]},"properties":{"name":"Дом на културата","band":1,"modes":"bus","arr":["А6","А8","А10","А23"],"off":[0,-0.8]}},{"type":"Feature","geometry":{"type":"Point","coordinates":[25.962269,43.855877]},"properties":{"line":"А6","mode":"bus","color":"#0059a9","colorDark":"#00294f","band":1,"off":[-5.1,1.1],"lbl":"6"}},{"type":"Feature","geometry":{"type":"Point","coordinates":[25.962269,43.855877]},"properties":{"line":"А8","mode":"bus","color":"#0059a9","colorDark":"#00294f","band":1,"off":[-1.7,1.1],"lbl":"8"}},{"type":"Feature","geometry":{"type":"Point","coordinates":[25.962269,43.855877]},"properties":{"line":"А10","mode":"bus","color":"#0059a9","colorDark":"#00294f","band":1,"off":[1.7,1.1],"lbl":"10"}},{"type":"Feature","geometry":{"type":"Point","coordinates":[25.962269,43.855877]},"properties":{"line":"А23","mode":"bus","color":"#0059a9","colorDark":"#00294f","band":1,"off":[5.1,1.1],"lbl":"23"}},{"type":"Feature","geometry":{"type":"Point","coordinates":[25.945991,43.80382]},"properties":{"name":"Асфалтова база - изток","band":1,"modes":"bus","arr":["А6"],"off":[0,-0.8]}},{"type":"Feature","geometry":{"type":"Point","coordinates":[25.945991,43.80382]},"properties":{"name":"Асфалтова база - запад","band":1,"modes":"bus","arr":["А6"],"off":[0,-3]}},{"type":"Feature","geometry":{"type":"Point","coordinates":[25.945991,43.80382]},"properties":{"line":"А6","mode":"bus","color":"#0059a9","colorDark":"#00294f","band":1,"off":[0,1.1],"lbl":"6"}},{"type":"Feature","geometry":{"type":"Point","coordinates":[25.94598,43.798188]},"properties":{"name":"Гробищен парк Басарбово - изход","band":1,"modes":"bus","arr":["А8","А50"],"off":[0,-0.8]}},{"type":"Feature","geometry":{"type":"Point","coordinates":[25.94598,43.798188]},"properties":{"name":"Гробищен парк Басарбово - вход","band":1,"modes":"bus","arr":["А8","А50"],"off":[0,-3]}},{"type":"Feature","geometry":{"type":"Point","coordinates":[25.94598,43.798188]},"properties":{"line":"А8","mode":"bus","color":"#0059a9","colorDark":"#00294f","band":1,"off":[-1.7,1.1],"lbl":"8"}},{"type":"Feature","geometry":{"type":"Point","coordinates":[25.94598,43.798188]},"properties":{"line":"А50","mode":"bus","color":"#0059a9","colorDark":"#00294f","band":1,"off":[1.7,1.1],"lbl":"50"}},{"type":"Feature","geometry":{"type":"Point","coordinates":[26.031773,43.826234]},"properties":{"name":"Прелеза, Обръщало","band":1,"modes":"bus","arr":["А10"],"off":[0,-0.8]}},{"type":"Feature","geometry":{"type":"Point","coordinates":[26.031773,43.826234]},"properties":{"line":"А10","mode":"bus","color":"#0059a9","colorDark":"#00294f","band":1,"off":[0,1.1],"lbl":"10"}},{"type":"Feature","geometry":{"type":"Point","coordinates":[25.953508,43.827057]},"properties":{"name":"Ул. Мальовица 1 - юг","band":1,"modes":"bus","arr":["А11"],"off":[0,-0.8]}},{"type":"Feature","geometry":{"type":"Point","coordinates":[25.953508,43.827057]},"properties":{"name":"Ул. Мальовица 1 - север","band":1,"modes":"bus","arr":["А11"],"off":[0,-3]}},{"type":"Feature","geometry":{"type":"Point","coordinates":[25.953508,43.827057]},"properties":{"line":"А11","mode":"bus","color":"#0059a9","colorDark":"#00294f","band":1,"off":[0,1.1],"lbl":"11"}},{"type":"Feature","geometry":{"type":"Point","coordinates":[26.001289,43.853115]},"properties":{"name":"Мототехника","band":1,"modes":"bus","arr":["А12","А15","А18","А50","Т2"],"off":[0,-0.8]}},{"type":"Feature","geometry":{"type":"Point","coordinates":[26.001289,43.853115]},"properties":{"name":"КАТ","band":1,"modes":"bus","arr":["А12","А15","А18","А50","Т2"],"off":[0,-1.9]}},{"type":"Feature","geometry":{"type":"Point","coordinates":[26.001289,43.853115]},"properties":{"name":"Автогара Изток - запад","band":1,"modes":"bus","arr":["А12","А15","А18","А50","Т2"],"off":[0,-3]}},{"type":"Feature","geometry":{"type":"Point","coordinates":[26.001289,43.853115]},"properties":{"line":"А12","mode":"bus","color":"#0059a9","colorDark":"#00294f","band":1,"off":[-6.8,1.1],"lbl":"12"}},{"type":"Feature","geometry":{"type":"Point","coordinates":[26.001289,43.853115]},"properties":{"line":"А15","mode":"bus","color":"#0059a9","colorDark":"#00294f","band":1,"off":[-3.4,1.1],"lbl":"15"}},{"type":"Feature","geometry":{"type":"Point","coordinates":[26.001289,43.853115]},"properties":{"line":"А18","mode":"bus","color":"#0059a9","colorDark":"#00294f","band":1,"off":[0,1.1],"lbl":"18"}},{"type":"Feature","geometry":{"type":"Point","coordinates":[26.001289,43.853115]},"properties":{"line":"А50","mode":"bus","color":"#0059a9","colorDark":"#00294f","band":1,"off":[3.4,1.1],"lbl":"50"}},{"type":"Feature","geometry":{"type":"Point","coordinates":[26.001289,43.853115]},"properties":{"line":"Т2","mode":"bus","color":"#149a3f","colorDark":"#0a5121","band":1,"off":[6.8,1.1],"lbl":"2"}},{"type":"Feature","geometry":{"type":"Point","coordinates":[25.920643,43.784124]},"properties":{"name":"Стрелбището","band":1,"modes":"bus","arr":["А15"],"off":[0,-0.8]}},{"type":"Feature","geometry":{"type":"Point","coordinates":[25.920643,43.784124]},"properties":{"line":"А15","mode":"bus","color":"#0059a9","colorDark":"#00294f","band":1,"off":[0,1.1],"lbl":"15"}},{"type":"Feature","geometry":{"type":"Point","coordinates":[25.997468,43.858284]},"properties":{"name":"Гара Разпределителна","band":1,"modes":"bus","arr":["А16","А33","Т13","Т21"],"off":[0,-0.8]}},{"type":"Feature","geometry":{"type":"Point","coordinates":[25.997468,43.858284]},"properties":{"line":"А16","mode":"bus","color":"#0059a9","colorDark":"#00294f","band":1,"off":[-5.1,1.1],"lbl":"16"}},{"type":"Feature","geometry":{"type":"Point","coordinates":[25.997468,43.858284]},"properties":{"line":"А33","mode":"bus","color":"#0059a9","colorDark":"#00294f","band":1,"off":[-1.7,1.1],"lbl":"33"}},{"type":"Feature","geometry":{"type":"Point","coordinates":[25.997468,43.858284]},"properties":{"line":"Т13","mode":"bus","color":"#149a3f","colorDark":"#0a5121","band":1,"off":[1.7,1.1],"lbl":"13"}},{"type":"Feature","geometry":{"type":"Point","coordinates":[25.997468,43.858284]},"properties":{"line":"Т21","mode":"bus","color":"#149a3f","colorDark":"#0a5121","band":1,"off":[5.1,1.1],"lbl":"21"}},{"type":"Feature","geometry":{"type":"Point","coordinates":[25.90271,43.763379]},"properties":{"name":"16-ти километър, Обръщало","band":1,"modes":"bus","arr":["А16"],"off":[0,-0.8]}},{"type":"Feature","geometry":{"type":"Point","coordinates":[25.90271,43.763379]},"properties":{"line":"А16","mode":"bus","color":"#0059a9","colorDark":"#00294f","band":1,"off":[0,1.1],"lbl":"16"}},{"type":"Feature","geometry":{"type":"Point","coordinates":[25.997216,43.856198]},"properties":{"name":"Автогара Изток - изток","band":1,"modes":"bus","arr":["А50"],"off":[0,-0.8]}},{"type":"Feature","geometry":{"type":"Point","coordinates":[25.997216,43.856198]},"properties":{"line":"А50","mode":"bus","color":"#0059a9","colorDark":"#00294f","band":1,"off":[0,1.1],"lbl":"50"}},{"type":"Feature","geometry":{"type":"Point","coordinates":[25.996043,43.850129]},"properties":{"name":"Ж.К. Изток, пл. Прага - юг","band":1,"modes":"bus","arr":["А20"],"off":[0,-0.8]}},{"type":"Feature","geometry":{"type":"Point","coordinates":[25.996043,43.850129]},"properties":{"name":"Ж.К. Изток, пл. Прага - север","band":1,"modes":"bus","arr":["А20"],"off":[0,-3]}},{"type":"Feature","geometry":{"type":"Point","coordinates":[25.996043,43.850129]},"properties":{"line":"А20","mode":"bus","color":"#0059a9","colorDark":"#00294f","band":1,"off":[0,1.1],"lbl":"20"}},{"type":"Feature","geometry":{"type":"Point","coordinates":[25.953365,43.852537]},"properties":{"name":"Хотел Рига","band":1,"modes":"bus","arr":["А30"],"off":[0,-0.8]}},{"type":"Feature","geometry":{"type":"Point","coordinates":[25.953365,43.852537]},"properties":{"line":"А30","mode":"bus","color":"#0059a9","colorDark":"#00294f","band":1,"off":[0,1.1],"lbl":"30"}},{"type":"Feature","geometry":{"type":"Point","coordinates":[26.038483,43.870291]},"properties":{"name":"Керос (Монтюпе)","band":1,"modes":"bus","arr":["А28"],"off":[0,-0.8]}},{"type":"Feature","geometry":{"type":"Point","coordinates":[26.038483,43.870291]},"properties":{"line":"А28","mode":"bus","color":"#0059a9","colorDark":"#00294f","band":1,"off":[0,1.1],"lbl":"28"}},{"type":"Feature","geometry":{"type":"Point","coordinates":[26.031527,43.793528]},"properties":{"name":"Образцов чифлик","band":1,"modes":"bus","arr":["А33"],"off":[0,-0.8]}},{"type":"Feature","geometry":{"type":"Point","coordinates":[26.031527,43.793528]},"properties":{"line":"А33","mode":"bus","color":"#0059a9","colorDark":"#00294f","band":1,"off":[0,1.1],"lbl":"33"}},{"type":"Feature","geometry":{"type":"Point","coordinates":[25.979511,43.904682]},"properties":{"name":"4 Pietre","band":1,"modes":"bus","arr":["G1","G3"],"off":[0,-0.8]}},{"type":"Feature","geometry":{"type":"Point","coordinates":[25.979511,43.904682]},"properties":{"line":"G1","mode":"bus","color":"#0059a9","colorDark":"#00294f","band":1,"off":[-1.7,1.1],"lbl":"1"}},{"type":"Feature","geometry":{"type":"Point","coordinates":[25.979511,43.904682]},"properties":{"line":"G3","mode":"bus","color":"#0059a9","colorDark":"#00294f","band":1,"off":[1.7,1.1],"lbl":"3"}},{"type":"Feature","geometry":{"type":"Point","coordinates":[25.966732,43.891429]},"properties":{"name":"Piața Centrală","band":1,"modes":"bus","arr":["G6","G7"],"off":[0,-0.8]}},{"type":"Feature","geometry":{"type":"Point","coordinates":[25.966732,43.891429]},"properties":{"line":"G6","mode":"bus","color":"#0059a9","colorDark":"#00294f","band":1,"off":[-1.7,1.1],"lbl":"6"}},{"type":"Feature","geometry":{"type":"Point","coordinates":[25.966732,43.891429]},"properties":{"line":"G7","mode":"bus","color":"#0059a9","colorDark":"#00294f","band":1,"off":[1.7,1.1],"lbl":"7"}},{"type":"Feature","geometry":{"type":"Point","coordinates":[25.967278,43.873455]},"properties":{"name":"Port","band":1,"modes":"bus","arr":["G1"],"off":[0,-0.8]}},{"type":"Feature","geometry":{"type":"Point","coordinates":[25.967278,43.873455]},"properties":{"line":"G1","mode":"bus","color":"#0059a9","colorDark":"#00294f","band":1,"off":[0,1.1],"lbl":"1"}},{"type":"Feature","geometry":{"type":"Point","coordinates":[25.973612,43.922298]},"properties":{"name":"COMAT","band":1,"modes":"bus","arr":["G2"],"off":[0,-0.8]}},{"type":"Feature","geometry":{"type":"Point","coordinates":[25.973612,43.922298]},"properties":{"line":"G2","mode":"bus","color":"#0059a9","colorDark":"#00294f","band":1,"off":[0,1.1],"lbl":"2"}},{"type":"Feature","geometry":{"type":"Point","coordinates":[25.92712,43.883866]},"properties":{"name":"CET","band":1,"modes":"bus","arr":["G2"],"off":[0,-0.8]}},{"type":"Feature","geometry":{"type":"Point","coordinates":[25.92712,43.883866]},"properties":{"line":"G2","mode":"bus","color":"#0059a9","colorDark":"#00294f","band":1,"off":[0,1.1],"lbl":"2"}},{"type":"Feature","geometry":{"type":"Point","coordinates":[25.93156,43.894341]},"properties":{"name":"Alexandriei (Peco GPL)","band":1,"modes":"bus","arr":["G3"],"off":[0,-0.8]}},{"type":"Feature","geometry":{"type":"Point","coordinates":[25.93156,43.894341]},"properties":{"line":"G3","mode":"bus","color":"#0059a9","colorDark":"#00294f","band":1,"off":[0,1.1],"lbl":"3"}},{"type":"Feature","geometry":{"type":"Point","coordinates":[25.950294,43.914651]},"properties":{"name":"Penitenciar","band":1,"modes":"bus","arr":["G4"],"off":[0,-0.8]}},{"type":"Feature","geometry":{"type":"Point","coordinates":[25.950294,43.914651]},"properties":{"line":"G4","mode":"bus","color":"#0059a9","colorDark":"#00294f","band":1,"off":[0,1.1],"lbl":"4"}},{"type":"Feature","geometry":{"type":"Point","coordinates":[25.969536,43.913651]},"properties":{"name":"Kaufland","band":1,"modes":"bus","arr":["G5"],"off":[0,-0.8]}},{"type":"Feature","geometry":{"type":"Point","coordinates":[25.969536,43.913651]},"properties":{"line":"G5","mode":"bus","color":"#0059a9","colorDark":"#00294f","band":1,"off":[0,1.1],"lbl":"5"}},{"type":"Feature","geometry":{"type":"Point","coordinates":[25.966888,43.916083]},"properties":{"name":"DAS","band":1,"modes":"bus","arr":["G4"],"off":[0,-0.8]}},{"type":"Feature","geometry":{"type":"Point","coordinates":[25.966888,43.916083]},"properties":{"line":"G4","mode":"bus","color":"#0059a9","colorDark":"#00294f","band":1,"off":[0,1.1],"lbl":"4"}},{"type":"Feature","geometry":{"type":"Point","coordinates":[25.951368,43.912278]},"properties":{"name":"Drumul Fermei","band":1,"modes":"bus","arr":["G5"],"off":[0,-0.8]}},{"type":"Feature","geometry":{"type":"Point","coordinates":[25.951368,43.912278]},"properties":{"line":"G5","mode":"bus","color":"#0059a9","colorDark":"#00294f","band":1,"off":[0,1.1],"lbl":"5"}},{"type":"Feature","geometry":{"type":"Point","coordinates":[25.981486,43.902536]},"properties":{"name":"Miron Nicolescu","band":1,"modes":"bus","arr":["G6"],"off":[0,-0.8]}},{"type":"Feature","geometry":{"type":"Point","coordinates":[25.981486,43.902536]},"properties":{"line":"G6","mode":"bus","color":"#0059a9","colorDark":"#00294f","band":1,"off":[0,1.1],"lbl":"6"}},{"type":"Feature","geometry":{"type":"Point","coordinates":[25.981271,43.907779]},"properties":{"name":"1 Decembrie 1918 (Alunișului)","band":1,"modes":"bus","arr":["G7"],"off":[0,-0.8]}},{"type":"Feature","geometry":{"type":"Point","coordinates":[25.981271,43.907779]},"properties":{"line":"G7","mode":"bus","color":"#0059a9","colorDark":"#00294f","band":1,"off":[0,1.1],"lbl":"7"}},{"type":"Feature","geometry":{"type":"Point","coordinates":[25.977308,43.832163]},"properties":{"name":"Търговски комплекс","band":2,"modes":"bus","arr":["А3","А30","Т9","Т21","Т29"],"off":[0,-0.8]}},{"type":"Feature","geometry":{"type":"Point","coordinates":[25.977308,43.832163]},"properties":{"line":"А3","mode":"bus","color":"#0059a9","colorDark":"#00294f","band":2,"off":[-6.8,1.1],"lbl":"3"}},{"type":"Feature","geometry":{"type":"Point","coordinates":[25.977308,43.832163]},"properties":{"line":"А30","mode":"bus","color":"#0059a9","colorDark":"#00294f","band":2,"off":[-3.4,1.1],"lbl":"30"}},{"type":"Feature","geometry":{"type":"Point","coordinates":[25.977308,43.832163]},"properties":{"line":"Т9","mode":"bus","color":"#149a3f","colorDark":"#0a5121","band":2,"off":[0,1.1],"lbl":"9"}},{"type":"Feature","geometry":{"type":"Point","coordinates":[25.977308,43.832163]},"properties":{"line":"Т21","mode":"bus","color":"#149a3f","colorDark":"#0a5121","band":2,"off":[3.4,1.1],"lbl":"21"}},{"type":"Feature","geometry":{"type":"Point","coordinates":[25.977308,43.832163]},"properties":{"line":"Т29","mode":"bus","color":"#149a3f","colorDark":"#0a5121","band":2,"off":[6.8,1.1],"lbl":"29"}},{"type":"Feature","geometry":{"type":"Point","coordinates":[25.955405,43.834651]},"properties":{"name":"Централна жп гара, ул. Николаевска","band":2,"modes":"bus","arr":["А5","А12"],"off":[0,-0.8]}},{"type":"Feature","geometry":{"type":"Point","coordinates":[25.955405,43.834651]},"properties":{"name":"Централна жп гара, ул. Борисова","band":2,"modes":"bus","arr":["А5","А12"],"off":[0,-3]}},{"type":"Feature","geometry":{"type":"Point","coordinates":[25.955405,43.834651]},"properties":{"name":"Космос (Централна жп гара)","band":2,"modes":"bus","arr":["А5","А12"],"off":[0,-5.2]}},{"type":"Feature","geometry":{"type":"Point","coordinates":[25.955405,43.834651]},"properties":{"line":"А5","mode":"bus","color":"#0059a9","colorDark":"#00294f","band":2,"off":[-1.7,1.1],"lbl":"5"}},{"type":"Feature","geometry":{"type":"Point","coordinates":[25.955405,43.834651]},"properties":{"line":"А12","mode":"bus","color":"#0059a9","colorDark":"#00294f","band":2,"off":[1.7,1.1],"lbl":"12"}},{"type":"Feature","geometry":{"type":"Point","coordinates":[25.95005,43.837759]},"properties":{"name":"Сент Уан","band":2,"modes":"bus","arr":["А20"],"off":[0,-0.8]}},{"type":"Feature","geometry":{"type":"Point","coordinates":[25.95005,43.837759]},"properties":{"name":"Гимназия по корабостроене","band":2,"modes":"bus","arr":["А20"],"off":[0,-1.9]}},{"type":"Feature","geometry":{"type":"Point","coordinates":[25.95005,43.837759]},"properties":{"line":"А20","mode":"bus","color":"#0059a9","colorDark":"#00294f","band":2,"off":[0,1.1],"lbl":"20"}},{"type":"Feature","geometry":{"type":"Point","coordinates":[25.93267,43.822409]},"properties":{"name":"Млекозавод","band":2,"modes":"bus","arr":["Т2","Т9","Т24"],"off":[0,-0.8]}},{"type":"Feature","geometry":{"type":"Point","coordinates":[25.93267,43.822409]},"properties":{"name":"БОР","band":2,"modes":"bus","arr":["Т2","Т9","Т24"],"off":[0,-1.9]}},{"type":"Feature","geometry":{"type":"Point","coordinates":[25.93267,43.822409]},"properties":{"line":"Т2","mode":"bus","color":"#149a3f","colorDark":"#0a5121","band":2,"off":[-3.4,1.1],"lbl":"2"}},{"type":"Feature","geometry":{"type":"Point","coordinates":[25.93267,43.822409]},"properties":{"line":"Т9","mode":"bus","color":"#149a3f","colorDark":"#0a5121","band":2,"off":[0,1.1],"lbl":"9"}},{"type":"Feature","geometry":{"type":"Point","coordinates":[25.93267,43.822409]},"properties":{"line":"Т24","mode":"bus","color":"#149a3f","colorDark":"#0a5121","band":2,"off":[3.4,1.1],"lbl":"24"}},{"type":"Feature","geometry":{"type":"Point","coordinates":[25.927946,43.814602]},"properties":{"name":"Метро","band":2,"modes":"bus","arr":["А3","А19"],"off":[0,-0.8]}},{"type":"Feature","geometry":{"type":"Point","coordinates":[25.927946,43.814602]},"properties":{"line":"А3","mode":"bus","color":"#0059a9","colorDark":"#00294f","band":2,"off":[-1.7,1.1],"lbl":"3"}},{"type":"Feature","geometry":{"type":"Point","coordinates":[25.927946,43.814602]},"properties":{"line":"А19","mode":"bus","color":"#0059a9","colorDark":"#00294f","band":2,"off":[1.7,1.1],"lbl":"19"}},{"type":"Feature","geometry":{"type":"Point","coordinates":[25.974274,43.823608]},"properties":{"name":"Блок №48","band":2,"modes":"bus","arr":["А4","А18","А23","А28","Т27"],"off":[0,-0.8]}},{"type":"Feature","geometry":{"type":"Point","coordinates":[25.974274,43.823608]},"properties":{"line":"А4","mode":"bus","color":"#0059a9","colorDark":"#00294f","band":2,"off":[-6.8,1.1],"lbl":"4"}},{"type":"Feature","geometry":{"type":"Point","coordinates":[25.974274,43.823608]},"properties":{"line":"А18","mode":"bus","color":"#0059a9","colorDark":"#00294f","band":2,"off":[-3.4,1.1],"lbl":"18"}},{"type":"Feature","geometry":{"type":"Point","coordinates":[25.974274,43.823608]},"properties":{"line":"А23","mode":"bus","color":"#0059a9","colorDark":"#00294f","band":2,"off":[0,1.1],"lbl":"23"}},{"type":"Feature","geometry":{"type":"Point","coordinates":[25.974274,43.823608]},"properties":{"line":"А28","mode":"bus","color":"#0059a9","colorDark":"#00294f","band":2,"off":[3.4,1.1],"lbl":"28"}},{"type":"Feature","geometry":{"type":"Point","coordinates":[25.974274,43.823608]},"properties":{"line":"Т27","mode":"bus","color":"#149a3f","colorDark":"#0a5121","band":2,"off":[6.8,1.1],"lbl":"27"}},{"type":"Feature","geometry":{"type":"Point","coordinates":[25.968476,43.825241]},"properties":{"name":"Дружба 3, Обръщало","band":2,"modes":"bus","arr":["Т13","Т24"],"off":[0,-0.8]}},{"type":"Feature","geometry":{"type":"Point","coordinates":[25.968476,43.825241]},"properties":{"name":"Блок №28","band":2,"modes":"bus","arr":["Т13","Т24"],"off":[0,-1.9]}},{"type":"Feature","geometry":{"type":"Point","coordinates":[25.968476,43.825241]},"properties":{"line":"Т13","mode":"bus","color":"#149a3f","colorDark":"#0a5121","band":2,"off":[-1.7,1.1],"lbl":"13"}},{"type":"Feature","geometry":{"type":"Point","coordinates":[25.968476,43.825241]},"properties":{"line":"Т24","mode":"bus","color":"#149a3f","colorDark":"#0a5121","band":2,"off":[1.7,1.1],"lbl":"24"}},{"type":"Feature","geometry":{"type":"Point","coordinates":[25.965307,43.84186]},"properties":{"name":"Кооперативен пазар (ЖП прелез)","band":2,"modes":"bus","arr":["А5","А19"],"off":[0,-0.8]}},{"type":"Feature","geometry":{"type":"Point","coordinates":[25.965307,43.84186]},"properties":{"line":"А5","mode":"bus","color":"#0059a9","colorDark":"#00294f","band":2,"off":[-1.7,1.1],"lbl":"5"}},{"type":"Feature","geometry":{"type":"Point","coordinates":[25.965307,43.84186]},"properties":{"line":"А19","mode":"bus","color":"#0059a9","colorDark":"#00294f","band":2,"off":[1.7,1.1],"lbl":"19"}},{"type":"Feature","geometry":{"type":"Point","coordinates":[25.992083,43.868395]},"properties":{"name":"Захарен завод (Тутракан №26)","band":2,"modes":"bus","arr":["А12","Т27","Т29"],"off":[0,-0.8]}},{"type":"Feature","geometry":{"type":"Point","coordinates":[25.992083,43.868395]},"properties":{"name":"Захарен завод (Тутракан №25)","band":2,"modes":"bus","arr":["А12","Т27","Т29"],"off":[0,-3]}},{"type":"Feature","geometry":{"type":"Point","coordinates":[25.992083,43.868395]},"properties":{"line":"А12","mode":"bus","color":"#0059a9","colorDark":"#00294f","band":2,"off":[-3.4,1.1],"lbl":"12"}},{"type":"Feature","geometry":{"type":"Point","coordinates":[25.992083,43.868395]},"properties":{"line":"Т27","mode":"bus","color":"#149a3f","colorDark":"#0a5121","band":2,"off":[0,1.1],"lbl":"27"}},{"type":"Feature","geometry":{"type":"Point","coordinates":[25.992083,43.868395]},"properties":{"line":"Т29","mode":"bus","color":"#149a3f","colorDark":"#0a5121","band":2,"off":[3.4,1.1],"lbl":"29"}},{"type":"Feature","geometry":{"type":"Point","coordinates":[26.015619,43.875339]},"properties":{"name":"Митница (Дунав мост)","band":2,"modes":"bus","arr":["А11"],"off":[0,-0.8]}},{"type":"Feature","geometry":{"type":"Point","coordinates":[26.015619,43.875339]},"properties":{"line":"А11","mode":"bus","color":"#0059a9","colorDark":"#00294f","band":2,"off":[0,1.1],"lbl":"11"}},{"type":"Feature","geometry":{"type":"Point","coordinates":[26.014916,43.861839]},"properties":{"name":"ЗЕИМ - изток","band":2,"modes":"bus","arr":["А4"],"off":[0,-0.8]}},{"type":"Feature","geometry":{"type":"Point","coordinates":[26.014916,43.861839]},"properties":{"name":"ЗЕИМ - запад","band":2,"modes":"bus","arr":["А4"],"off":[0,-1.9]}},{"type":"Feature","geometry":{"type":"Point","coordinates":[26.014916,43.861839]},"properties":{"line":"А4","mode":"bus","color":"#0059a9","colorDark":"#00294f","band":2,"off":[0,1.1],"lbl":"4"}},{"type":"Feature","geometry":{"type":"Point","coordinates":[25.962269,43.855877]},"properties":{"name":"Дом на културата","band":2,"modes":"bus","arr":["А6","А8","А10","А23"],"off":[0,-0.8]}},{"type":"Feature","geometry":{"type":"Point","coordinates":[25.962269,43.855877]},"properties":{"line":"А6","mode":"bus","color":"#0059a9","colorDark":"#00294f","band":2,"off":[-5.1,1.1],"lbl":"6"}},{"type":"Feature","geometry":{"type":"Point","coordinates":[25.962269,43.855877]},"properties":{"line":"А8","mode":"bus","color":"#0059a9","colorDark":"#00294f","band":2,"off":[-1.7,1.1],"lbl":"8"}},{"type":"Feature","geometry":{"type":"Point","coordinates":[25.962269,43.855877]},"properties":{"line":"А10","mode":"bus","color":"#0059a9","colorDark":"#00294f","band":2,"off":[1.7,1.1],"lbl":"10"}},{"type":"Feature","geometry":{"type":"Point","coordinates":[25.962269,43.855877]},"properties":{"line":"А23","mode":"bus","color":"#0059a9","colorDark":"#00294f","band":2,"off":[5.1,1.1],"lbl":"23"}},{"type":"Feature","geometry":{"type":"Point","coordinates":[25.945991,43.80382]},"properties":{"name":"Асфалтова база - изток","band":2,"modes":"bus","arr":["А6"],"off":[0,-0.8]}},{"type":"Feature","geometry":{"type":"Point","coordinates":[25.945991,43.80382]},"properties":{"name":"Асфалтова база - запад","band":2,"modes":"bus","arr":["А6"],"off":[0,-3]}},{"type":"Feature","geometry":{"type":"Point","coordinates":[25.945991,43.80382]},"properties":{"line":"А6","mode":"bus","color":"#0059a9","colorDark":"#00294f","band":2,"off":[0,1.1],"lbl":"6"}},{"type":"Feature","geometry":{"type":"Point","coordinates":[25.94598,43.798188]},"properties":{"name":"Гробищен парк Басарбово - изход","band":2,"modes":"bus","arr":["А8","А50"],"off":[0,-0.8]}},{"type":"Feature","geometry":{"type":"Point","coordinates":[25.94598,43.798188]},"properties":{"name":"Гробищен парк Басарбово - вход","band":2,"modes":"bus","arr":["А8","А50"],"off":[0,-3]}},{"type":"Feature","geometry":{"type":"Point","coordinates":[25.94598,43.798188]},"properties":{"line":"А8","mode":"bus","color":"#0059a9","colorDark":"#00294f","band":2,"off":[-1.7,1.1],"lbl":"8"}},{"type":"Feature","geometry":{"type":"Point","coordinates":[25.94598,43.798188]},"properties":{"line":"А50","mode":"bus","color":"#0059a9","colorDark":"#00294f","band":2,"off":[1.7,1.1],"lbl":"50"}},{"type":"Feature","geometry":{"type":"Point","coordinates":[26.031773,43.826234]},"properties":{"name":"Прелеза, Обръщало","band":2,"modes":"bus","arr":["А10"],"off":[0,-0.8]}},{"type":"Feature","geometry":{"type":"Point","coordinates":[26.031773,43.826234]},"properties":{"line":"А10","mode":"bus","color":"#0059a9","colorDark":"#00294f","band":2,"off":[0,1.1],"lbl":"10"}},{"type":"Feature","geometry":{"type":"Point","coordinates":[25.953508,43.827057]},"properties":{"name":"Ул. Мальовица 1 - юг","band":2,"modes":"bus","arr":["А11"],"off":[0,-0.8]}},{"type":"Feature","geometry":{"type":"Point","coordinates":[25.953508,43.827057]},"properties":{"name":"Ул. Мальовица 1 - север","band":2,"modes":"bus","arr":["А11"],"off":[0,-3]}},{"type":"Feature","geometry":{"type":"Point","coordinates":[25.953508,43.827057]},"properties":{"line":"А11","mode":"bus","color":"#0059a9","colorDark":"#00294f","band":2,"off":[0,1.1],"lbl":"11"}},{"type":"Feature","geometry":{"type":"Point","coordinates":[26.003122,43.853605]},"properties":{"name":"Мототехника","band":2,"modes":"bus","arr":["А12","А15","А18","Т2"],"off":[0,-0.8]}},{"type":"Feature","geometry":{"type":"Point","coordinates":[26.003122,43.853605]},"properties":{"name":"КАТ","band":2,"modes":"bus","arr":["А12","А15","А18","Т2"],"off":[0,-1.9]}},{"type":"Feature","geometry":{"type":"Point","coordinates":[26.003122,43.853605]},"properties":{"line":"А12","mode":"bus","color":"#0059a9","colorDark":"#00294f","band":2,"off":[-5.1,1.1],"lbl":"12"}},{"type":"Feature","geometry":{"type":"Point","coordinates":[26.003122,43.853605]},"properties":{"line":"А15","mode":"bus","color":"#0059a9","colorDark":"#00294f","band":2,"off":[-1.7,1.1],"lbl":"15"}},{"type":"Feature","geometry":{"type":"Point","coordinates":[26.003122,43.853605]},"properties":{"line":"А18","mode":"bus","color":"#0059a9","colorDark":"#00294f","band":2,"off":[1.7,1.1],"lbl":"18"}},{"type":"Feature","geometry":{"type":"Point","coordinates":[26.003122,43.853605]},"properties":{"line":"Т2","mode":"bus","color":"#149a3f","colorDark":"#0a5121","band":2,"off":[5.1,1.1],"lbl":"2"}},{"type":"Feature","geometry":{"type":"Point","coordinates":[25.920643,43.784124]},"properties":{"name":"Стрелбището","band":2,"modes":"bus","arr":["А15"],"off":[0,-0.8]}},{"type":"Feature","geometry":{"type":"Point","coordinates":[25.920643,43.784124]},"properties":{"line":"А15","mode":"bus","color":"#0059a9","colorDark":"#00294f","band":2,"off":[0,1.1],"lbl":"15"}},{"type":"Feature","geometry":{"type":"Point","coordinates":[25.997468,43.857617]},"properties":{"name":"Гара Разпределителна","band":2,"modes":"bus","arr":["А16","А33","Т13","Т21"],"off":[0,-0.8]}},{"type":"Feature","geometry":{"type":"Point","coordinates":[25.997468,43.857617]},"properties":{"line":"А16","mode":"bus","color":"#0059a9","colorDark":"#00294f","band":2,"off":[-5.1,1.1],"lbl":"16"}},{"type":"Feature","geometry":{"type":"Point","coordinates":[25.997468,43.857617]},"properties":{"line":"А33","mode":"bus","color":"#0059a9","colorDark":"#00294f","band":2,"off":[-1.7,1.1],"lbl":"33"}},{"type":"Feature","geometry":{"type":"Point","coordinates":[25.997468,43.857617]},"properties":{"line":"Т13","mode":"bus","color":"#149a3f","colorDark":"#0a5121","band":2,"off":[1.7,1.1],"lbl":"13"}},{"type":"Feature","geometry":{"type":"Point","coordinates":[25.997468,43.857617]},"properties":{"line":"Т21","mode":"bus","color":"#149a3f","colorDark":"#0a5121","band":2,"off":[5.1,1.1],"lbl":"21"}},{"type":"Feature","geometry":{"type":"Point","coordinates":[25.90271,43.763379]},"properties":{"name":"16-ти километър, Обръщало","band":2,"modes":"bus","arr":["А16"],"off":[0,-0.8]}},{"type":"Feature","geometry":{"type":"Point","coordinates":[25.90271,43.763379]},"properties":{"line":"А16","mode":"bus","color":"#0059a9","colorDark":"#00294f","band":2,"off":[0,1.1],"lbl":"16"}},{"type":"Feature","geometry":{"type":"Point","coordinates":[25.997216,43.855573]},"properties":{"name":"Автогара Изток - изток","band":2,"modes":"bus","arr":["А50"],"off":[0,-0.8]}},{"type":"Feature","geometry":{"type":"Point","coordinates":[25.997216,43.855573]},"properties":{"line":"А50","mode":"bus","color":"#0059a9","colorDark":"#00294f","band":2,"off":[0,1.1],"lbl":"50"}},{"type":"Feature","geometry":{"type":"Point","coordinates":[25.996043,43.850815]},"properties":{"name":"Ж.К. Изток, пл. Прага - юг","band":2,"modes":"bus","arr":["А20"],"off":[0,-0.8]}},{"type":"Feature","geometry":{"type":"Point","coordinates":[25.996043,43.850815]},"properties":{"name":"Ж.К. Изток, пл. Прага - север","band":2,"modes":"bus","arr":["А20"],"off":[0,-3]}},{"type":"Feature","geometry":{"type":"Point","coordinates":[25.996043,43.850815]},"properties":{"line":"А20","mode":"bus","color":"#0059a9","colorDark":"#00294f","band":2,"off":[0,1.1],"lbl":"20"}},{"type":"Feature","geometry":{"type":"Point","coordinates":[25.953365,43.852537]},"properties":{"name":"Хотел Рига","band":2,"modes":"bus","arr":["А30"],"off":[0,-0.8]}},{"type":"Feature","geometry":{"type":"Point","coordinates":[25.953365,43.852537]},"properties":{"line":"А30","mode":"bus","color":"#0059a9","colorDark":"#00294f","band":2,"off":[0,1.1],"lbl":"30"}},{"type":"Feature","geometry":{"type":"Point","coordinates":[26.038483,43.870291]},"properties":{"name":"Керос (Монтюпе)","band":2,"modes":"bus","arr":["А28"],"off":[0,-0.8]}},{"type":"Feature","geometry":{"type":"Point","coordinates":[26.038483,43.870291]},"properties":{"line":"А28","mode":"bus","color":"#0059a9","colorDark":"#00294f","band":2,"off":[0,1.1],"lbl":"28"}},{"type":"Feature","geometry":{"type":"Point","coordinates":[26.031527,43.793528]},"properties":{"name":"Образцов чифлик","band":2,"modes":"bus","arr":["А33"],"off":[0,-0.8]}},{"type":"Feature","geometry":{"type":"Point","coordinates":[26.031527,43.793528]},"properties":{"line":"А33","mode":"bus","color":"#0059a9","colorDark":"#00294f","band":2,"off":[0,1.1],"lbl":"33"}},{"type":"Feature","geometry":{"type":"Point","coordinates":[25.997622,43.853955]},"properties":{"name":"Автогара Изток - запад","band":2,"modes":"bus","arr":["А50"],"off":[0,-0.8]}},{"type":"Feature","geometry":{"type":"Point","coordinates":[25.997622,43.853955]},"properties":{"line":"А50","mode":"bus","color":"#0059a9","colorDark":"#00294f","band":2,"off":[0,1.1],"lbl":"50"}},{"type":"Feature","geometry":{"type":"Point","coordinates":[25.979511,43.904682]},"properties":{"name":"4 Pietre","band":2,"modes":"bus","arr":["G1","G3"],"off":[0,-0.8]}},{"type":"Feature","geometry":{"type":"Point","coordinates":[25.979511,43.904682]},"properties":{"line":"G1","mode":"bus","color":"#0059a9","colorDark":"#00294f","band":2,"off":[-1.7,1.1],"lbl":"1"}},{"type":"Feature","geometry":{"type":"Point","coordinates":[25.979511,43.904682]},"properties":{"line":"G3","mode":"bus","color":"#0059a9","colorDark":"#00294f","band":2,"off":[1.7,1.1],"lbl":"3"}},{"type":"Feature","geometry":{"type":"Point","coordinates":[25.966732,43.891429]},"properties":{"name":"Piața Centrală","band":2,"modes":"bus","arr":["G6","G7"],"off":[0,-0.8]}},{"type":"Feature","geometry":{"type":"Point","coordinates":[25.966732,43.891429]},"properties":{"line":"G6","mode":"bus","color":"#0059a9","colorDark":"#00294f","band":2,"off":[-1.7,1.1],"lbl":"6"}},{"type":"Feature","geometry":{"type":"Point","coordinates":[25.966732,43.891429]},"properties":{"line":"G7","mode":"bus","color":"#0059a9","colorDark":"#00294f","band":2,"off":[1.7,1.1],"lbl":"7"}},{"type":"Feature","geometry":{"type":"Point","coordinates":[25.967278,43.873455]},"properties":{"name":"Port","band":2,"modes":"bus","arr":["G1"],"off":[0,-0.8]}},{"type":"Feature","geometry":{"type":"Point","coordinates":[25.967278,43.873455]},"properties":{"line":"G1","mode":"bus","color":"#0059a9","colorDark":"#00294f","band":2,"off":[0,1.1],"lbl":"1"}},{"type":"Feature","geometry":{"type":"Point","coordinates":[25.973612,43.922298]},"properties":{"name":"COMAT","band":2,"modes":"bus","arr":["G2"],"off":[0,-0.8]}},{"type":"Feature","geometry":{"type":"Point","coordinates":[25.973612,43.922298]},"properties":{"line":"G2","mode":"bus","color":"#0059a9","colorDark":"#00294f","band":2,"off":[0,1.1],"lbl":"2"}},{"type":"Feature","geometry":{"type":"Point","coordinates":[25.92712,43.883866]},"properties":{"name":"CET","band":2,"modes":"bus","arr":["G2"],"off":[0,-0.8]}},{"type":"Feature","geometry":{"type":"Point","coordinates":[25.92712,43.883866]},"properties":{"line":"G2","mode":"bus","color":"#0059a9","colorDark":"#00294f","band":2,"off":[0,1.1],"lbl":"2"}},{"type":"Feature","geometry":{"type":"Point","coordinates":[25.93156,43.894341]},"properties":{"name":"Alexandriei (Peco GPL)","band":2,"modes":"bus","arr":["G3"],"off":[0,-0.8]}},{"type":"Feature","geometry":{"type":"Point","coordinates":[25.93156,43.894341]},"properties":{"line":"G3","mode":"bus","color":"#0059a9","colorDark":"#00294f","band":2,"off":[0,1.1],"lbl":"3"}},{"type":"Feature","geometry":{"type":"Point","coordinates":[25.950294,43.914651]},"properties":{"name":"Penitenciar","band":2,"modes":"bus","arr":["G4"],"off":[0,-0.8]}},{"type":"Feature","geometry":{"type":"Point","coordinates":[25.950294,43.914651]},"properties":{"line":"G4","mode":"bus","color":"#0059a9","colorDark":"#00294f","band":2,"off":[0,1.1],"lbl":"4"}},{"type":"Feature","geometry":{"type":"Point","coordinates":[25.969536,43.913651]},"properties":{"name":"Kaufland","band":2,"modes":"bus","arr":["G5"],"off":[0,-0.8]}},{"type":"Feature","geometry":{"type":"Point","coordinates":[25.969536,43.913651]},"properties":{"line":"G5","mode":"bus","color":"#0059a9","colorDark":"#00294f","band":2,"off":[0,1.1],"lbl":"5"}},{"type":"Feature","geometry":{"type":"Point","coordinates":[25.966888,43.916083]},"properties":{"name":"DAS","band":2,"modes":"bus","arr":["G4"],"off":[0,-0.8]}},{"type":"Feature","geometry":{"type":"Point","coordinates":[25.966888,43.916083]},"properties":{"line":"G4","mode":"bus","color":"#0059a9","colorDark":"#00294f","band":2,"off":[0,1.1],"lbl":"4"}},{"type":"Feature","geometry":{"type":"Point","coordinates":[25.951368,43.912278]},"properties":{"name":"Drumul Fermei","band":2,"modes":"bus","arr":["G5"],"off":[0,-0.8]}},{"type":"Feature","geometry":{"type":"Point","coordinates":[25.951368,43.912278]},"properties":{"line":"G5","mode":"bus","color":"#0059a9","colorDark":"#00294f","band":2,"off":[0,1.1],"lbl":"5"}},{"type":"Feature","geometry":{"type":"Point","coordinates":[25.981486,43.902536]},"properties":{"name":"Miron Nicolescu","band":2,"modes":"bus","arr":["G6"],"off":[0,-0.8]}},{"type":"Feature","geometry":{"type":"Point","coordinates":[25.981486,43.902536]},"properties":{"line":"G6","mode":"bus","color":"#0059a9","colorDark":"#00294f","band":2,"off":[0,1.1],"lbl":"6"}},{"type":"Feature","geometry":{"type":"Point","coordinates":[25.981271,43.907779]},"properties":{"name":"1 Decembrie 1918 (Alunișului)","band":2,"modes":"bus","arr":["G7"],"off":[0,-0.8]}},{"type":"Feature","geometry":{"type":"Point","coordinates":[25.981271,43.907779]},"properties":{"line":"G7","mode":"bus","color":"#0059a9","colorDark":"#00294f","band":2,"off":[0,1.1],"lbl":"7"}},{"type":"Feature","geometry":{"type":"Point","coordinates":[25.977308,43.832163]},"properties":{"name":"Търговски комплекс","band":3,"modes":"bus","arr":["А3","А30","Т9","Т21","Т29"],"off":[0,-0.8]}},{"type":"Feature","geometry":{"type":"Point","coordinates":[25.977308,43.832163]},"properties":{"line":"А3","mode":"bus","color":"#0059a9","colorDark":"#00294f","band":3,"off":[-6.8,1.1],"lbl":"3"}},{"type":"Feature","geometry":{"type":"Point","coordinates":[25.977308,43.832163]},"properties":{"line":"А30","mode":"bus","color":"#0059a9","colorDark":"#00294f","band":3,"off":[-3.4,1.1],"lbl":"30"}},{"type":"Feature","geometry":{"type":"Point","coordinates":[25.977308,43.832163]},"properties":{"line":"Т9","mode":"bus","color":"#149a3f","colorDark":"#0a5121","band":3,"off":[0,1.1],"lbl":"9"}},{"type":"Feature","geometry":{"type":"Point","coordinates":[25.977308,43.832163]},"properties":{"line":"Т21","mode":"bus","color":"#149a3f","colorDark":"#0a5121","band":3,"off":[3.4,1.1],"lbl":"21"}},{"type":"Feature","geometry":{"type":"Point","coordinates":[25.977308,43.832163]},"properties":{"line":"Т29","mode":"bus","color":"#149a3f","colorDark":"#0a5121","band":3,"off":[6.8,1.1],"lbl":"29"}},{"type":"Feature","geometry":{"type":"Point","coordinates":[25.955405,43.834651]},"properties":{"name":"Централна жп гара, ул. Николаевска","band":3,"modes":"bus","arr":["А5","А12"],"off":[0,-0.8]}},{"type":"Feature","geometry":{"type":"Point","coordinates":[25.955405,43.834651]},"properties":{"name":"Централна жп гара, ул. Борисова","band":3,"modes":"bus","arr":["А5","А12"],"off":[0,-3]}},{"type":"Feature","geometry":{"type":"Point","coordinates":[25.955405,43.834651]},"properties":{"name":"Космос (Централна жп гара)","band":3,"modes":"bus","arr":["А5","А12"],"off":[0,-5.2]}},{"type":"Feature","geometry":{"type":"Point","coordinates":[25.955405,43.834651]},"properties":{"line":"А5","mode":"bus","color":"#0059a9","colorDark":"#00294f","band":3,"off":[-1.7,1.1],"lbl":"5"}},{"type":"Feature","geometry":{"type":"Point","coordinates":[25.955405,43.834651]},"properties":{"line":"А12","mode":"bus","color":"#0059a9","colorDark":"#00294f","band":3,"off":[1.7,1.1],"lbl":"12"}},{"type":"Feature","geometry":{"type":"Point","coordinates":[25.950941,43.837863]},"properties":{"name":"Гимназия по корабостроене","band":3,"modes":"bus","arr":["А20"],"off":[0,-0.8]}},{"type":"Feature","geometry":{"type":"Point","coordinates":[25.950941,43.837863]},"properties":{"line":"А20","mode":"bus","color":"#0059a9","colorDark":"#00294f","band":3,"off":[0,1.1],"lbl":"20"}},{"type":"Feature","geometry":{"type":"Point","coordinates":[25.949158,43.837654]},"properties":{"name":"Сент Уан","band":3,"modes":"bus","arr":["А20"],"off":[0,-0.8]}},{"type":"Feature","geometry":{"type":"Point","coordinates":[25.949158,43.837654]},"properties":{"line":"А20","mode":"bus","color":"#0059a9","colorDark":"#00294f","band":3,"off":[0,1.1],"lbl":"20"}},{"type":"Feature","geometry":{"type":"Point","coordinates":[25.932899,43.822729]},"properties":{"name":"БОР","band":3,"modes":"bus","arr":["Т2","Т9","Т24"],"off":[0,-0.8]}},{"type":"Feature","geometry":{"type":"Point","coordinates":[25.932899,43.822729]},"properties":{"line":"Т2","mode":"bus","color":"#149a3f","colorDark":"#0a5121","band":3,"off":[-3.4,1.1],"lbl":"2"}},{"type":"Feature","geometry":{"type":"Point","coordinates":[25.932899,43.822729]},"properties":{"line":"Т9","mode":"bus","color":"#149a3f","colorDark":"#0a5121","band":3,"off":[0,1.1],"lbl":"9"}},{"type":"Feature","geometry":{"type":"Point","coordinates":[25.932899,43.822729]},"properties":{"line":"Т24","mode":"bus","color":"#149a3f","colorDark":"#0a5121","band":3,"off":[3.4,1.1],"lbl":"24"}},{"type":"Feature","geometry":{"type":"Point","coordinates":[25.927946,43.814602]},"properties":{"name":"Метро","band":3,"modes":"bus","arr":["А3","А19"],"off":[0,-0.8]}},{"type":"Feature","geometry":{"type":"Point","coordinates":[25.927946,43.814602]},"properties":{"line":"А3","mode":"bus","color":"#0059a9","colorDark":"#00294f","band":3,"off":[-1.7,1.1],"lbl":"3"}},{"type":"Feature","geometry":{"type":"Point","coordinates":[25.927946,43.814602]},"properties":{"line":"А19","mode":"bus","color":"#0059a9","colorDark":"#00294f","band":3,"off":[1.7,1.1],"lbl":"19"}},{"type":"Feature","geometry":{"type":"Point","coordinates":[25.974274,43.823608]},"properties":{"name":"Блок №48","band":3,"modes":"bus","arr":["А4","А18","А23","А28","Т27"],"off":[0,-0.8]}},{"type":"Feature","geometry":{"type":"Point","coordinates":[25.974274,43.823608]},"properties":{"line":"А4","mode":"bus","color":"#0059a9","colorDark":"#00294f","band":3,"off":[-6.8,1.1],"lbl":"4"}},{"type":"Feature","geometry":{"type":"Point","coordinates":[25.974274,43.823608]},"properties":{"line":"А18","mode":"bus","color":"#0059a9","colorDark":"#00294f","band":3,"off":[-3.4,1.1],"lbl":"18"}},{"type":"Feature","geometry":{"type":"Point","coordinates":[25.974274,43.823608]},"properties":{"line":"А23","mode":"bus","color":"#0059a9","colorDark":"#00294f","band":3,"off":[0,1.1],"lbl":"23"}},{"type":"Feature","geometry":{"type":"Point","coordinates":[25.974274,43.823608]},"properties":{"line":"А28","mode":"bus","color":"#0059a9","colorDark":"#00294f","band":3,"off":[3.4,1.1],"lbl":"28"}},{"type":"Feature","geometry":{"type":"Point","coordinates":[25.974274,43.823608]},"properties":{"line":"Т27","mode":"bus","color":"#149a3f","colorDark":"#0a5121","band":3,"off":[6.8,1.1],"lbl":"27"}},{"type":"Feature","geometry":{"type":"Point","coordinates":[25.968476,43.825241]},"properties":{"name":"Дружба 3, Обръщало","band":3,"modes":"bus","arr":["Т13","Т24"],"off":[0,-0.8]}},{"type":"Feature","geometry":{"type":"Point","coordinates":[25.968476,43.825241]},"properties":{"name":"Блок №28","band":3,"modes":"bus","arr":["Т13","Т24"],"off":[0,-1.9]}},{"type":"Feature","geometry":{"type":"Point","coordinates":[25.968476,43.825241]},"properties":{"line":"Т13","mode":"bus","color":"#149a3f","colorDark":"#0a5121","band":3,"off":[-1.7,1.1],"lbl":"13"}},{"type":"Feature","geometry":{"type":"Point","coordinates":[25.968476,43.825241]},"properties":{"line":"Т24","mode":"bus","color":"#149a3f","colorDark":"#0a5121","band":3,"off":[1.7,1.1],"lbl":"24"}},{"type":"Feature","geometry":{"type":"Point","coordinates":[25.965307,43.84186]},"properties":{"name":"Кооперативен пазар (ЖП прелез)","band":3,"modes":"bus","arr":["А5","А19"],"off":[0,-0.8]}},{"type":"Feature","geometry":{"type":"Point","coordinates":[25.965307,43.84186]},"properties":{"line":"А5","mode":"bus","color":"#0059a9","colorDark":"#00294f","band":3,"off":[-1.7,1.1],"lbl":"5"}},{"type":"Feature","geometry":{"type":"Point","coordinates":[25.965307,43.84186]},"properties":{"line":"А19","mode":"bus","color":"#0059a9","colorDark":"#00294f","band":3,"off":[1.7,1.1],"lbl":"19"}},{"type":"Feature","geometry":{"type":"Point","coordinates":[25.992083,43.868395]},"properties":{"name":"Захарен завод (Тутракан №26)","band":3,"modes":"bus","arr":["А12","Т27","Т29"],"off":[0,-0.8]}},{"type":"Feature","geometry":{"type":"Point","coordinates":[25.992083,43.868395]},"properties":{"name":"Захарен завод (Тутракан №25)","band":3,"modes":"bus","arr":["А12","Т27","Т29"],"off":[0,-3]}},{"type":"Feature","geometry":{"type":"Point","coordinates":[25.992083,43.868395]},"properties":{"line":"А12","mode":"bus","color":"#0059a9","colorDark":"#00294f","band":3,"off":[-3.4,1.1],"lbl":"12"}},{"type":"Feature","geometry":{"type":"Point","coordinates":[25.992083,43.868395]},"properties":{"line":"Т27","mode":"bus","color":"#149a3f","colorDark":"#0a5121","band":3,"off":[0,1.1],"lbl":"27"}},{"type":"Feature","geometry":{"type":"Point","coordinates":[25.992083,43.868395]},"properties":{"line":"Т29","mode":"bus","color":"#149a3f","colorDark":"#0a5121","band":3,"off":[3.4,1.1],"lbl":"29"}},{"type":"Feature","geometry":{"type":"Point","coordinates":[26.015619,43.875339]},"properties":{"name":"Митница (Дунав мост)","band":3,"modes":"bus","arr":["А11"],"off":[0,-0.8]}},{"type":"Feature","geometry":{"type":"Point","coordinates":[26.015619,43.875339]},"properties":{"line":"А11","mode":"bus","color":"#0059a9","colorDark":"#00294f","band":3,"off":[0,1.1],"lbl":"11"}},{"type":"Feature","geometry":{"type":"Point","coordinates":[26.014674,43.861401]},"properties":{"name":"ЗЕИМ - запад","band":3,"modes":"bus","arr":["А4"],"off":[0,-0.8]}},{"type":"Feature","geometry":{"type":"Point","coordinates":[26.014674,43.861401]},"properties":{"line":"А4","mode":"bus","color":"#0059a9","colorDark":"#00294f","band":3,"off":[0,1.1],"lbl":"4"}},{"type":"Feature","geometry":{"type":"Point","coordinates":[26.015157,43.862276]},"properties":{"name":"ЗЕИМ - изток","band":3,"modes":"bus","arr":["А4"],"off":[0,-0.8]}},{"type":"Feature","geometry":{"type":"Point","coordinates":[26.015157,43.862276]},"properties":{"line":"А4","mode":"bus","color":"#0059a9","colorDark":"#00294f","band":3,"off":[0,1.1],"lbl":"4"}},{"type":"Feature","geometry":{"type":"Point","coordinates":[25.962269,43.855877]},"properties":{"name":"Дом на културата","band":3,"modes":"bus","arr":["А6","А8","А10","А23"],"off":[0,-0.8]}},{"type":"Feature","geometry":{"type":"Point","coordinates":[25.962269,43.855877]},"properties":{"line":"А6","mode":"bus","color":"#0059a9","colorDark":"#00294f","band":3,"off":[-5.1,1.1],"lbl":"6"}},{"type":"Feature","geometry":{"type":"Point","coordinates":[25.962269,43.855877]},"properties":{"line":"А8","mode":"bus","color":"#0059a9","colorDark":"#00294f","band":3,"off":[-1.7,1.1],"lbl":"8"}},{"type":"Feature","geometry":{"type":"Point","coordinates":[25.962269,43.855877]},"properties":{"line":"А10","mode":"bus","color":"#0059a9","colorDark":"#00294f","band":3,"off":[1.7,1.1],"lbl":"10"}},{"type":"Feature","geometry":{"type":"Point","coordinates":[25.962269,43.855877]},"properties":{"line":"А23","mode":"bus","color":"#0059a9","colorDark":"#00294f","band":3,"off":[5.1,1.1],"lbl":"23"}},{"type":"Feature","geometry":{"type":"Point","coordinates":[25.946053,43.803391]},"properties":{"name":"Асфалтова база - изток","band":3,"modes":"bus","arr":["А6"],"off":[0,-0.8]}},{"type":"Feature","geometry":{"type":"Point","coordinates":[25.946053,43.803391]},"properties":{"line":"А6","mode":"bus","color":"#0059a9","colorDark":"#00294f","band":3,"off":[0,1.1],"lbl":"6"}},{"type":"Feature","geometry":{"type":"Point","coordinates":[25.945929,43.804249]},"properties":{"name":"Асфалтова база - запад","band":3,"modes":"bus","arr":["А6"],"off":[0,-0.8]}},{"type":"Feature","geometry":{"type":"Point","coordinates":[25.945929,43.804249]},"properties":{"line":"А6","mode":"bus","color":"#0059a9","colorDark":"#00294f","band":3,"off":[0,1.1],"lbl":"6"}},{"type":"Feature","geometry":{"type":"Point","coordinates":[25.932441,43.822088]},"properties":{"name":"Млекозавод","band":3,"modes":"bus","arr":["Т2","Т9","Т24"],"off":[0,-0.8]}},{"type":"Feature","geometry":{"type":"Point","coordinates":[25.932441,43.822088]},"properties":{"line":"Т2","mode":"bus","color":"#149a3f","colorDark":"#0a5121","band":3,"off":[-3.4,1.1],"lbl":"2"}},{"type":"Feature","geometry":{"type":"Point","coordinates":[25.932441,43.822088]},"properties":{"line":"Т9","mode":"bus","color":"#149a3f","colorDark":"#0a5121","band":3,"off":[0,1.1],"lbl":"9"}},{"type":"Feature","geometry":{"type":"Point","coordinates":[25.932441,43.822088]},"properties":{"line":"Т24","mode":"bus","color":"#149a3f","colorDark":"#0a5121","band":3,"off":[3.4,1.1],"lbl":"24"}},{"type":"Feature","geometry":{"type":"Point","coordinates":[25.94598,43.798188]},"properties":{"name":"Гробищен парк Басарбово - изход","band":3,"modes":"bus","arr":["А8","А50"],"off":[0,-0.8]}},{"type":"Feature","geometry":{"type":"Point","coordinates":[25.94598,43.798188]},"properties":{"name":"Гробищен парк Басарбово - вход","band":3,"modes":"bus","arr":["А8","А50"],"off":[0,-3]}},{"type":"Feature","geometry":{"type":"Point","coordinates":[25.94598,43.798188]},"properties":{"line":"А8","mode":"bus","color":"#0059a9","colorDark":"#00294f","band":3,"off":[-1.7,1.1],"lbl":"8"}},{"type":"Feature","geometry":{"type":"Point","coordinates":[25.94598,43.798188]},"properties":{"line":"А50","mode":"bus","color":"#0059a9","colorDark":"#00294f","band":3,"off":[1.7,1.1],"lbl":"50"}},{"type":"Feature","geometry":{"type":"Point","coordinates":[26.031773,43.826234]},"properties":{"name":"Прелеза, Обръщало","band":3,"modes":"bus","arr":["А10"],"off":[0,-0.8]}},{"type":"Feature","geometry":{"type":"Point","coordinates":[26.031773,43.826234]},"properties":{"line":"А10","mode":"bus","color":"#0059a9","colorDark":"#00294f","band":3,"off":[0,1.1],"lbl":"10"}},{"type":"Feature","geometry":{"type":"Point","coordinates":[25.953508,43.827057]},"properties":{"name":"Ул. Мальовица 1 - юг","band":3,"modes":"bus","arr":["А11"],"off":[0,-0.8]}},{"type":"Feature","geometry":{"type":"Point","coordinates":[25.953508,43.827057]},"properties":{"name":"Ул. Мальовица 1 - север","band":3,"modes":"bus","arr":["А11"],"off":[0,-3]}},{"type":"Feature","geometry":{"type":"Point","coordinates":[25.953508,43.827057]},"properties":{"line":"А11","mode":"bus","color":"#0059a9","colorDark":"#00294f","band":3,"off":[0,1.1],"lbl":"11"}},{"type":"Feature","geometry":{"type":"Point","coordinates":[26.003122,43.853605]},"properties":{"name":"Мототехника","band":3,"modes":"bus","arr":["А12","А15","А18","Т2"],"off":[0,-0.8]}},{"type":"Feature","geometry":{"type":"Point","coordinates":[26.003122,43.853605]},"properties":{"name":"КАТ","band":3,"modes":"bus","arr":["А12","А15","А18","Т2"],"off":[0,-1.9]}},{"type":"Feature","geometry":{"type":"Point","coordinates":[26.003122,43.853605]},"properties":{"line":"А12","mode":"bus","color":"#0059a9","colorDark":"#00294f","band":3,"off":[-5.1,1.1],"lbl":"12"}},{"type":"Feature","geometry":{"type":"Point","coordinates":[26.003122,43.853605]},"properties":{"line":"А15","mode":"bus","color":"#0059a9","colorDark":"#00294f","band":3,"off":[-1.7,1.1],"lbl":"15"}},{"type":"Feature","geometry":{"type":"Point","coordinates":[26.003122,43.853605]},"properties":{"line":"А18","mode":"bus","color":"#0059a9","colorDark":"#00294f","band":3,"off":[1.7,1.1],"lbl":"18"}},{"type":"Feature","geometry":{"type":"Point","coordinates":[26.003122,43.853605]},"properties":{"line":"Т2","mode":"bus","color":"#149a3f","colorDark":"#0a5121","band":3,"off":[5.1,1.1],"lbl":"2"}},{"type":"Feature","geometry":{"type":"Point","coordinates":[25.920643,43.784124]},"properties":{"name":"Стрелбището","band":3,"modes":"bus","arr":["А15"],"off":[0,-0.8]}},{"type":"Feature","geometry":{"type":"Point","coordinates":[25.920643,43.784124]},"properties":{"line":"А15","mode":"bus","color":"#0059a9","colorDark":"#00294f","band":3,"off":[0,1.1],"lbl":"15"}},{"type":"Feature","geometry":{"type":"Point","coordinates":[25.997468,43.857617]},"properties":{"name":"Гара Разпределителна","band":3,"modes":"bus","arr":["А16","А33","Т13","Т21"],"off":[0,-0.8]}},{"type":"Feature","geometry":{"type":"Point","coordinates":[25.997468,43.857617]},"properties":{"line":"А16","mode":"bus","color":"#0059a9","colorDark":"#00294f","band":3,"off":[-5.1,1.1],"lbl":"16"}},{"type":"Feature","geometry":{"type":"Point","coordinates":[25.997468,43.857617]},"properties":{"line":"А33","mode":"bus","color":"#0059a9","colorDark":"#00294f","band":3,"off":[-1.7,1.1],"lbl":"33"}},{"type":"Feature","geometry":{"type":"Point","coordinates":[25.997468,43.857617]},"properties":{"line":"Т13","mode":"bus","color":"#149a3f","colorDark":"#0a5121","band":3,"off":[1.7,1.1],"lbl":"13"}},{"type":"Feature","geometry":{"type":"Point","coordinates":[25.997468,43.857617]},"properties":{"line":"Т21","mode":"bus","color":"#149a3f","colorDark":"#0a5121","band":3,"off":[5.1,1.1],"lbl":"21"}},{"type":"Feature","geometry":{"type":"Point","coordinates":[25.90271,43.763379]},"properties":{"name":"16-ти километър, Обръщало","band":3,"modes":"bus","arr":["А16"],"off":[0,-0.8]}},{"type":"Feature","geometry":{"type":"Point","coordinates":[25.90271,43.763379]},"properties":{"line":"А16","mode":"bus","color":"#0059a9","colorDark":"#00294f","band":3,"off":[0,1.1],"lbl":"16"}},{"type":"Feature","geometry":{"type":"Point","coordinates":[25.997216,43.855573]},"properties":{"name":"Автогара Изток - изток","band":3,"modes":"bus","arr":["А50"],"off":[0,-0.8]}},{"type":"Feature","geometry":{"type":"Point","coordinates":[25.997216,43.855573]},"properties":{"line":"А50","mode":"bus","color":"#0059a9","colorDark":"#00294f","band":3,"off":[0,1.1],"lbl":"50"}},{"type":"Feature","geometry":{"type":"Point","coordinates":[25.996043,43.850815]},"properties":{"name":"Ж.К. Изток, пл. Прага - юг","band":3,"modes":"bus","arr":["А20"],"off":[0,-0.8]}},{"type":"Feature","geometry":{"type":"Point","coordinates":[25.996043,43.850815]},"properties":{"name":"Ж.К. Изток, пл. Прага - север","band":3,"modes":"bus","arr":["А20"],"off":[0,-3]}},{"type":"Feature","geometry":{"type":"Point","coordinates":[25.996043,43.850815]},"properties":{"line":"А20","mode":"bus","color":"#0059a9","colorDark":"#00294f","band":3,"off":[0,1.1],"lbl":"20"}},{"type":"Feature","geometry":{"type":"Point","coordinates":[25.953365,43.852537]},"properties":{"name":"Хотел Рига","band":3,"modes":"bus","arr":["А30"],"off":[0,-0.8]}},{"type":"Feature","geometry":{"type":"Point","coordinates":[25.953365,43.852537]},"properties":{"line":"А30","mode":"bus","color":"#0059a9","colorDark":"#00294f","band":3,"off":[0,1.1],"lbl":"30"}},{"type":"Feature","geometry":{"type":"Point","coordinates":[26.038483,43.870291]},"properties":{"name":"Керос (Монтюпе)","band":3,"modes":"bus","arr":["А28"],"off":[0,-0.8]}},{"type":"Feature","geometry":{"type":"Point","coordinates":[26.038483,43.870291]},"properties":{"line":"А28","mode":"bus","color":"#0059a9","colorDark":"#00294f","band":3,"off":[0,1.1],"lbl":"28"}},{"type":"Feature","geometry":{"type":"Point","coordinates":[26.031527,43.793528]},"properties":{"name":"Образцов чифлик","band":3,"modes":"bus","arr":["А33"],"off":[0,-0.8]}},{"type":"Feature","geometry":{"type":"Point","coordinates":[26.031527,43.793528]},"properties":{"line":"А33","mode":"bus","color":"#0059a9","colorDark":"#00294f","band":3,"off":[0,1.1],"lbl":"33"}},{"type":"Feature","geometry":{"type":"Point","coordinates":[25.997622,43.853955]},"properties":{"name":"Автогара Изток - запад","band":3,"modes":"bus","arr":["А50"],"off":[0,-0.8]}},{"type":"Feature","geometry":{"type":"Point","coordinates":[25.997622,43.853955]},"properties":{"line":"А50","mode":"bus","color":"#0059a9","colorDark":"#00294f","band":3,"off":[0,1.1],"lbl":"50"}},{"type":"Feature","geometry":{"type":"Point","coordinates":[25.979511,43.904682]},"properties":{"name":"4 Pietre","band":3,"modes":"bus","arr":["G1","G3"],"off":[0,-0.8]}},{"type":"Feature","geometry":{"type":"Point","coordinates":[25.979511,43.904682]},"properties":{"line":"G1","mode":"bus","color":"#0059a9","colorDark":"#00294f","band":3,"off":[-1.7,1.1],"lbl":"1"}},{"type":"Feature","geometry":{"type":"Point","coordinates":[25.979511,43.904682]},"properties":{"line":"G3","mode":"bus","color":"#0059a9","colorDark":"#00294f","band":3,"off":[1.7,1.1],"lbl":"3"}},{"type":"Feature","geometry":{"type":"Point","coordinates":[25.966732,43.891429]},"properties":{"name":"Piața Centrală","band":3,"modes":"bus","arr":["G6","G7"],"off":[0,-0.8]}},{"type":"Feature","geometry":{"type":"Point","coordinates":[25.966732,43.891429]},"properties":{"line":"G6","mode":"bus","color":"#0059a9","colorDark":"#00294f","band":3,"off":[-1.7,1.1],"lbl":"6"}},{"type":"Feature","geometry":{"type":"Point","coordinates":[25.966732,43.891429]},"properties":{"line":"G7","mode":"bus","color":"#0059a9","colorDark":"#00294f","band":3,"off":[1.7,1.1],"lbl":"7"}},{"type":"Feature","geometry":{"type":"Point","coordinates":[25.967278,43.873455]},"properties":{"name":"Port","band":3,"modes":"bus","arr":["G1"],"off":[0,-0.8]}},{"type":"Feature","geometry":{"type":"Point","coordinates":[25.967278,43.873455]},"properties":{"line":"G1","mode":"bus","color":"#0059a9","colorDark":"#00294f","band":3,"off":[0,1.1],"lbl":"1"}},{"type":"Feature","geometry":{"type":"Point","coordinates":[25.973612,43.922298]},"properties":{"name":"COMAT","band":3,"modes":"bus","arr":["G2"],"off":[0,-0.8]}},{"type":"Feature","geometry":{"type":"Point","coordinates":[25.973612,43.922298]},"properties":{"line":"G2","mode":"bus","color":"#0059a9","colorDark":"#00294f","band":3,"off":[0,1.1],"lbl":"2"}},{"type":"Feature","geometry":{"type":"Point","coordinates":[25.92712,43.883866]},"properties":{"name":"CET","band":3,"modes":"bus","arr":["G2"],"off":[0,-0.8]}},{"type":"Feature","geometry":{"type":"Point","coordinates":[25.92712,43.883866]},"properties":{"line":"G2","mode":"bus","color":"#0059a9","colorDark":"#00294f","band":3,"off":[0,1.1],"lbl":"2"}},{"type":"Feature","geometry":{"type":"Point","coordinates":[25.93156,43.894341]},"properties":{"name":"Alexandriei (Peco GPL)","band":3,"modes":"bus","arr":["G3"],"off":[0,-0.8]}},{"type":"Feature","geometry":{"type":"Point","coordinates":[25.93156,43.894341]},"properties":{"line":"G3","mode":"bus","color":"#0059a9","colorDark":"#00294f","band":3,"off":[0,1.1],"lbl":"3"}},{"type":"Feature","geometry":{"type":"Point","coordinates":[25.950294,43.914651]},"properties":{"name":"Penitenciar","band":3,"modes":"bus","arr":["G4"],"off":[0,-0.8]}},{"type":"Feature","geometry":{"type":"Point","coordinates":[25.950294,43.914651]},"properties":{"line":"G4","mode":"bus","color":"#0059a9","colorDark":"#00294f","band":3,"off":[0,1.1],"lbl":"4"}},{"type":"Feature","geometry":{"type":"Point","coordinates":[25.969536,43.913651]},"properties":{"name":"Kaufland","band":3,"modes":"bus","arr":["G5"],"off":[0,-0.8]}},{"type":"Feature","geometry":{"type":"Point","coordinates":[25.969536,43.913651]},"properties":{"line":"G5","mode":"bus","color":"#0059a9","colorDark":"#00294f","band":3,"off":[0,1.1],"lbl":"5"}},{"type":"Feature","geometry":{"type":"Point","coordinates":[25.966888,43.916083]},"properties":{"name":"DAS","band":3,"modes":"bus","arr":["G4"],"off":[0,-0.8]}},{"type":"Feature","geometry":{"type":"Point","coordinates":[25.966888,43.916083]},"properties":{"line":"G4","mode":"bus","color":"#0059a9","colorDark":"#00294f","band":3,"off":[0,1.1],"lbl":"4"}},{"type":"Feature","geometry":{"type":"Point","coordinates":[25.951368,43.912278]},"properties":{"name":"Drumul Fermei","band":3,"modes":"bus","arr":["G5"],"off":[0,-0.8]}},{"type":"Feature","geometry":{"type":"Point","coordinates":[25.951368,43.912278]},"properties":{"line":"G5","mode":"bus","color":"#0059a9","colorDark":"#00294f","band":3,"off":[0,1.1],"lbl":"5"}},{"type":"Feature","geometry":{"type":"Point","coordinates":[25.981486,43.902536]},"properties":{"name":"Miron Nicolescu","band":3,"modes":"bus","arr":["G6"],"off":[0,-0.8]}},{"type":"Feature","geometry":{"type":"Point","coordinates":[25.981486,43.902536]},"properties":{"line":"G6","mode":"bus","color":"#0059a9","colorDark":"#00294f","band":3,"off":[0,1.1],"lbl":"6"}},{"type":"Feature","geometry":{"type":"Point","coordinates":[25.981271,43.907779]},"properties":{"name":"1 Decembrie 1918 (Alunișului)","band":3,"modes":"bus","arr":["G7"],"off":[0,-0.8]}},{"type":"Feature","geometry":{"type":"Point","coordinates":[25.981271,43.907779]},"properties":{"line":"G7","mode":"bus","color":"#0059a9","colorDark":"#00294f","band":3,"off":[0,1.1],"lbl":"7"}},{"type":"Feature","geometry":{"type":"Point","coordinates":[25.977308,43.832163]},"properties":{"name":"Търговски комплекс","band":4,"modes":"bus","arr":["А3","А30","Т9","Т21","Т29"],"off":[0,-0.8]}},{"type":"Feature","geometry":{"type":"Point","coordinates":[25.977308,43.832163]},"properties":{"line":"А3","mode":"bus","color":"#0059a9","colorDark":"#00294f","band":4,"off":[-6.8,1.1],"lbl":"3"}},{"type":"Feature","geometry":{"type":"Point","coordinates":[25.977308,43.832163]},"properties":{"line":"А30","mode":"bus","color":"#0059a9","colorDark":"#00294f","band":4,"off":[-3.4,1.1],"lbl":"30"}},{"type":"Feature","geometry":{"type":"Point","coordinates":[25.977308,43.832163]},"properties":{"line":"Т9","mode":"bus","color":"#149a3f","colorDark":"#0a5121","band":4,"off":[0,1.1],"lbl":"9"}},{"type":"Feature","geometry":{"type":"Point","coordinates":[25.977308,43.832163]},"properties":{"line":"Т21","mode":"bus","color":"#149a3f","colorDark":"#0a5121","band":4,"off":[3.4,1.1],"lbl":"21"}},{"type":"Feature","geometry":{"type":"Point","coordinates":[25.977308,43.832163]},"properties":{"line":"Т29","mode":"bus","color":"#149a3f","colorDark":"#0a5121","band":4,"off":[6.8,1.1],"lbl":"29"}},{"type":"Feature","geometry":{"type":"Point","coordinates":[25.954597,43.834375]},"properties":{"name":"Централна жп гара, ул. Николаевска","band":4,"modes":"bus","arr":["А5"],"off":[0,-0.8]}},{"type":"Feature","geometry":{"type":"Point","coordinates":[25.954597,43.834375]},"properties":{"line":"А5","mode":"bus","color":"#0059a9","colorDark":"#00294f","band":4,"off":[0,1.1],"lbl":"5"}},{"type":"Feature","geometry":{"type":"Point","coordinates":[25.950941,43.837863]},"properties":{"name":"Гимназия по корабостроене","band":4,"modes":"bus","arr":["А20"],"off":[0,-0.8]}},{"type":"Feature","geometry":{"type":"Point","coordinates":[25.950941,43.837863]},"properties":{"line":"А20","mode":"bus","color":"#0059a9","colorDark":"#00294f","band":4,"off":[0,1.1],"lbl":"20"}},{"type":"Feature","geometry":{"type":"Point","coordinates":[25.949158,43.837654]},"properties":{"name":"Сент Уан","band":4,"modes":"bus","arr":["А20"],"off":[0,-0.8]}},{"type":"Feature","geometry":{"type":"Point","coordinates":[25.949158,43.837654]},"properties":{"line":"А20","mode":"bus","color":"#0059a9","colorDark":"#00294f","band":4,"off":[0,1.1],"lbl":"20"}},{"type":"Feature","geometry":{"type":"Point","coordinates":[25.932899,43.822729]},"properties":{"name":"БОР","band":4,"modes":"bus","arr":["Т2","Т9","Т24"],"off":[0,-0.8]}},{"type":"Feature","geometry":{"type":"Point","coordinates":[25.932899,43.822729]},"properties":{"line":"Т2","mode":"bus","color":"#149a3f","colorDark":"#0a5121","band":4,"off":[-3.4,1.1],"lbl":"2"}},{"type":"Feature","geometry":{"type":"Point","coordinates":[25.932899,43.822729]},"properties":{"line":"Т9","mode":"bus","color":"#149a3f","colorDark":"#0a5121","band":4,"off":[0,1.1],"lbl":"9"}},{"type":"Feature","geometry":{"type":"Point","coordinates":[25.932899,43.822729]},"properties":{"line":"Т24","mode":"bus","color":"#149a3f","colorDark":"#0a5121","band":4,"off":[3.4,1.1],"lbl":"24"}},{"type":"Feature","geometry":{"type":"Point","coordinates":[25.927946,43.814602]},"properties":{"name":"Метро","band":4,"modes":"bus","arr":["А3","А19"],"off":[0,-0.8]}},{"type":"Feature","geometry":{"type":"Point","coordinates":[25.927946,43.814602]},"properties":{"line":"А3","mode":"bus","color":"#0059a9","colorDark":"#00294f","band":4,"off":[-1.7,1.1],"lbl":"3"}},{"type":"Feature","geometry":{"type":"Point","coordinates":[25.927946,43.814602]},"properties":{"line":"А19","mode":"bus","color":"#0059a9","colorDark":"#00294f","band":4,"off":[1.7,1.1],"lbl":"19"}},{"type":"Feature","geometry":{"type":"Point","coordinates":[25.974274,43.823608]},"properties":{"name":"Блок №48","band":4,"modes":"bus","arr":["А4","А18","А23","А28","Т27"],"off":[0,-0.8]}},{"type":"Feature","geometry":{"type":"Point","coordinates":[25.974274,43.823608]},"properties":{"line":"А4","mode":"bus","color":"#0059a9","colorDark":"#00294f","band":4,"off":[-6.8,1.1],"lbl":"4"}},{"type":"Feature","geometry":{"type":"Point","coordinates":[25.974274,43.823608]},"properties":{"line":"А18","mode":"bus","color":"#0059a9","colorDark":"#00294f","band":4,"off":[-3.4,1.1],"lbl":"18"}},{"type":"Feature","geometry":{"type":"Point","coordinates":[25.974274,43.823608]},"properties":{"line":"А23","mode":"bus","color":"#0059a9","colorDark":"#00294f","band":4,"off":[0,1.1],"lbl":"23"}},{"type":"Feature","geometry":{"type":"Point","coordinates":[25.974274,43.823608]},"properties":{"line":"А28","mode":"bus","color":"#0059a9","colorDark":"#00294f","band":4,"off":[3.4,1.1],"lbl":"28"}},{"type":"Feature","geometry":{"type":"Point","coordinates":[25.974274,43.823608]},"properties":{"line":"Т27","mode":"bus","color":"#149a3f","colorDark":"#0a5121","band":4,"off":[6.8,1.1],"lbl":"27"}},{"type":"Feature","geometry":{"type":"Point","coordinates":[25.968815,43.825355]},"properties":{"name":"Дружба 3, Обръщало","band":4,"modes":"bus","arr":["Т13","Т24"],"off":[0,-0.8]}},{"type":"Feature","geometry":{"type":"Point","coordinates":[25.968815,43.825355]},"properties":{"line":"Т13","mode":"bus","color":"#149a3f","colorDark":"#0a5121","band":4,"off":[-1.7,1.1],"lbl":"13"}},{"type":"Feature","geometry":{"type":"Point","coordinates":[25.968815,43.825355]},"properties":{"line":"Т24","mode":"bus","color":"#149a3f","colorDark":"#0a5121","band":4,"off":[1.7,1.1],"lbl":"24"}},{"type":"Feature","geometry":{"type":"Point","coordinates":[25.965307,43.84186]},"properties":{"name":"Кооперативен пазар (ЖП прелез)","band":4,"modes":"bus","arr":["А5","А19"],"off":[0,-0.8]}},{"type":"Feature","geometry":{"type":"Point","coordinates":[25.965307,43.84186]},"properties":{"line":"А5","mode":"bus","color":"#0059a9","colorDark":"#00294f","band":4,"off":[-1.7,1.1],"lbl":"5"}},{"type":"Feature","geometry":{"type":"Point","coordinates":[25.965307,43.84186]},"properties":{"line":"А19","mode":"bus","color":"#0059a9","colorDark":"#00294f","band":4,"off":[1.7,1.1],"lbl":"19"}},{"type":"Feature","geometry":{"type":"Point","coordinates":[25.992083,43.868395]},"properties":{"name":"Захарен завод (Тутракан №26)","band":4,"modes":"bus","arr":["А12","Т27","Т29"],"off":[0,-0.8]}},{"type":"Feature","geometry":{"type":"Point","coordinates":[25.992083,43.868395]},"properties":{"name":"Захарен завод (Тутракан №25)","band":4,"modes":"bus","arr":["А12","Т27","Т29"],"off":[0,-3]}},{"type":"Feature","geometry":{"type":"Point","coordinates":[25.992083,43.868395]},"properties":{"line":"А12","mode":"bus","color":"#0059a9","colorDark":"#00294f","band":4,"off":[-3.4,1.1],"lbl":"12"}},{"type":"Feature","geometry":{"type":"Point","coordinates":[25.992083,43.868395]},"properties":{"line":"Т27","mode":"bus","color":"#149a3f","colorDark":"#0a5121","band":4,"off":[0,1.1],"lbl":"27"}},{"type":"Feature","geometry":{"type":"Point","coordinates":[25.992083,43.868395]},"properties":{"line":"Т29","mode":"bus","color":"#149a3f","colorDark":"#0a5121","band":4,"off":[3.4,1.1],"lbl":"29"}},{"type":"Feature","geometry":{"type":"Point","coordinates":[26.015619,43.875339]},"properties":{"name":"Митница (Дунав мост)","band":4,"modes":"bus","arr":["А11"],"off":[0,-0.8]}},{"type":"Feature","geometry":{"type":"Point","coordinates":[26.015619,43.875339]},"properties":{"line":"А11","mode":"bus","color":"#0059a9","colorDark":"#00294f","band":4,"off":[0,1.1],"lbl":"11"}},{"type":"Feature","geometry":{"type":"Point","coordinates":[26.014674,43.861401]},"properties":{"name":"ЗЕИМ - запад","band":4,"modes":"bus","arr":["А4"],"off":[0,-0.8]}},{"type":"Feature","geometry":{"type":"Point","coordinates":[26.014674,43.861401]},"properties":{"line":"А4","mode":"bus","color":"#0059a9","colorDark":"#00294f","band":4,"off":[0,1.1],"lbl":"4"}},{"type":"Feature","geometry":{"type":"Point","coordinates":[26.015157,43.862276]},"properties":{"name":"ЗЕИМ - изток","band":4,"modes":"bus","arr":["А4"],"off":[0,-0.8]}},{"type":"Feature","geometry":{"type":"Point","coordinates":[26.015157,43.862276]},"properties":{"line":"А4","mode":"bus","color":"#0059a9","colorDark":"#00294f","band":4,"off":[0,1.1],"lbl":"4"}},{"type":"Feature","geometry":{"type":"Point","coordinates":[25.968136,43.825126]},"properties":{"name":"Блок №28","band":4,"modes":"bus","arr":["Т13","Т24"],"off":[0,-0.8]}},{"type":"Feature","geometry":{"type":"Point","coordinates":[25.968136,43.825126]},"properties":{"line":"Т13","mode":"bus","color":"#149a3f","colorDark":"#0a5121","band":4,"off":[-1.7,1.1],"lbl":"13"}},{"type":"Feature","geometry":{"type":"Point","coordinates":[25.968136,43.825126]},"properties":{"line":"Т24","mode":"bus","color":"#149a3f","colorDark":"#0a5121","band":4,"off":[1.7,1.1],"lbl":"24"}},{"type":"Feature","geometry":{"type":"Point","coordinates":[25.962269,43.855877]},"properties":{"name":"Дом на културата","band":4,"modes":"bus","arr":["А6","А8","А10","А23"],"off":[0,-0.8]}},{"type":"Feature","geometry":{"type":"Point","coordinates":[25.962269,43.855877]},"properties":{"line":"А6","mode":"bus","color":"#0059a9","colorDark":"#00294f","band":4,"off":[-5.1,1.1],"lbl":"6"}},{"type":"Feature","geometry":{"type":"Point","coordinates":[25.962269,43.855877]},"properties":{"line":"А8","mode":"bus","color":"#0059a9","colorDark":"#00294f","band":4,"off":[-1.7,1.1],"lbl":"8"}},{"type":"Feature","geometry":{"type":"Point","coordinates":[25.962269,43.855877]},"properties":{"line":"А10","mode":"bus","color":"#0059a9","colorDark":"#00294f","band":4,"off":[1.7,1.1],"lbl":"10"}},{"type":"Feature","geometry":{"type":"Point","coordinates":[25.962269,43.855877]},"properties":{"line":"А23","mode":"bus","color":"#0059a9","colorDark":"#00294f","band":4,"off":[5.1,1.1],"lbl":"23"}},{"type":"Feature","geometry":{"type":"Point","coordinates":[25.946053,43.803391]},"properties":{"name":"Асфалтова база - изток","band":4,"modes":"bus","arr":["А6"],"off":[0,-0.8]}},{"type":"Feature","geometry":{"type":"Point","coordinates":[25.946053,43.803391]},"properties":{"line":"А6","mode":"bus","color":"#0059a9","colorDark":"#00294f","band":4,"off":[0,1.1],"lbl":"6"}},{"type":"Feature","geometry":{"type":"Point","coordinates":[25.945929,43.804249]},"properties":{"name":"Асфалтова база - запад","band":4,"modes":"bus","arr":["А6"],"off":[0,-0.8]}},{"type":"Feature","geometry":{"type":"Point","coordinates":[25.945929,43.804249]},"properties":{"line":"А6","mode":"bus","color":"#0059a9","colorDark":"#00294f","band":4,"off":[0,1.1],"lbl":"6"}},{"type":"Feature","geometry":{"type":"Point","coordinates":[25.932441,43.822088]},"properties":{"name":"Млекозавод","band":4,"modes":"bus","arr":["Т2","Т9","Т24"],"off":[0,-0.8]}},{"type":"Feature","geometry":{"type":"Point","coordinates":[25.932441,43.822088]},"properties":{"line":"Т2","mode":"bus","color":"#149a3f","colorDark":"#0a5121","band":4,"off":[-3.4,1.1],"lbl":"2"}},{"type":"Feature","geometry":{"type":"Point","coordinates":[25.932441,43.822088]},"properties":{"line":"Т9","mode":"bus","color":"#149a3f","colorDark":"#0a5121","band":4,"off":[0,1.1],"lbl":"9"}},{"type":"Feature","geometry":{"type":"Point","coordinates":[25.932441,43.822088]},"properties":{"line":"Т24","mode":"bus","color":"#149a3f","colorDark":"#0a5121","band":4,"off":[3.4,1.1],"lbl":"24"}},{"type":"Feature","geometry":{"type":"Point","coordinates":[25.94598,43.798188]},"properties":{"name":"Гробищен парк Басарбово - изход","band":4,"modes":"bus","arr":["А8","А50"],"off":[0,-0.8]}},{"type":"Feature","geometry":{"type":"Point","coordinates":[25.94598,43.798188]},"properties":{"name":"Гробищен парк Басарбово - вход","band":4,"modes":"bus","arr":["А8","А50"],"off":[0,-3]}},{"type":"Feature","geometry":{"type":"Point","coordinates":[25.94598,43.798188]},"properties":{"line":"А8","mode":"bus","color":"#0059a9","colorDark":"#00294f","band":4,"off":[-1.7,1.1],"lbl":"8"}},{"type":"Feature","geometry":{"type":"Point","coordinates":[25.94598,43.798188]},"properties":{"line":"А50","mode":"bus","color":"#0059a9","colorDark":"#00294f","band":4,"off":[1.7,1.1],"lbl":"50"}},{"type":"Feature","geometry":{"type":"Point","coordinates":[26.031773,43.826234]},"properties":{"name":"Прелеза, Обръщало","band":4,"modes":"bus","arr":["А10"],"off":[0,-0.8]}},{"type":"Feature","geometry":{"type":"Point","coordinates":[26.031773,43.826234]},"properties":{"line":"А10","mode":"bus","color":"#0059a9","colorDark":"#00294f","band":4,"off":[0,1.1],"lbl":"10"}},{"type":"Feature","geometry":{"type":"Point","coordinates":[25.953508,43.827057]},"properties":{"name":"Ул. Мальовица 1 - юг","band":4,"modes":"bus","arr":["А11"],"off":[0,-0.8]}},{"type":"Feature","geometry":{"type":"Point","coordinates":[25.953508,43.827057]},"properties":{"name":"Ул. Мальовица 1 - север","band":4,"modes":"bus","arr":["А11"],"off":[0,-3]}},{"type":"Feature","geometry":{"type":"Point","coordinates":[25.953508,43.827057]},"properties":{"line":"А11","mode":"bus","color":"#0059a9","colorDark":"#00294f","band":4,"off":[0,1.1],"lbl":"11"}},{"type":"Feature","geometry":{"type":"Point","coordinates":[25.95581,43.83479]},"properties":{"name":"Централна жп гара, ул. Борисова","band":4,"modes":"bus","arr":["А12"],"off":[0,-0.8]}},{"type":"Feature","geometry":{"type":"Point","coordinates":[25.95581,43.83479]},"properties":{"name":"Космос (Централна жп гара)","band":4,"modes":"bus","arr":["А12"],"off":[0,-3]}},{"type":"Feature","geometry":{"type":"Point","coordinates":[25.95581,43.83479]},"properties":{"line":"А12","mode":"bus","color":"#0059a9","colorDark":"#00294f","band":4,"off":[0,1.1],"lbl":"12"}},{"type":"Feature","geometry":{"type":"Point","coordinates":[26.003586,43.853591]},"properties":{"name":"Мототехника","band":4,"modes":"bus","arr":["А15","А18","Т2"],"off":[0,-0.8]}},{"type":"Feature","geometry":{"type":"Point","coordinates":[26.003586,43.853591]},"properties":{"line":"А15","mode":"bus","color":"#0059a9","colorDark":"#00294f","band":4,"off":[-3.4,1.1],"lbl":"15"}},{"type":"Feature","geometry":{"type":"Point","coordinates":[26.003586,43.853591]},"properties":{"line":"А18","mode":"bus","color":"#0059a9","colorDark":"#00294f","band":4,"off":[0,1.1],"lbl":"18"}},{"type":"Feature","geometry":{"type":"Point","coordinates":[26.003586,43.853591]},"properties":{"line":"Т2","mode":"bus","color":"#149a3f","colorDark":"#0a5121","band":4,"off":[3.4,1.1],"lbl":"2"}},{"type":"Feature","geometry":{"type":"Point","coordinates":[26.002658,43.853618]},"properties":{"name":"КАТ","band":4,"modes":"bus","arr":["А12","А15","А18","Т2"],"off":[0,-0.8]}},{"type":"Feature","geometry":{"type":"Point","coordinates":[26.002658,43.853618]},"properties":{"line":"А12","mode":"bus","color":"#0059a9","colorDark":"#00294f","band":4,"off":[-5.1,1.1],"lbl":"12"}},{"type":"Feature","geometry":{"type":"Point","coordinates":[26.002658,43.853618]},"properties":{"line":"А15","mode":"bus","color":"#0059a9","colorDark":"#00294f","band":4,"off":[-1.7,1.1],"lbl":"15"}},{"type":"Feature","geometry":{"type":"Point","coordinates":[26.002658,43.853618]},"properties":{"line":"А18","mode":"bus","color":"#0059a9","colorDark":"#00294f","band":4,"off":[1.7,1.1],"lbl":"18"}},{"type":"Feature","geometry":{"type":"Point","coordinates":[26.002658,43.853618]},"properties":{"line":"Т2","mode":"bus","color":"#149a3f","colorDark":"#0a5121","band":4,"off":[5.1,1.1],"lbl":"2"}},{"type":"Feature","geometry":{"type":"Point","coordinates":[25.920643,43.784124]},"properties":{"name":"Стрелбището","band":4,"modes":"bus","arr":["А15"],"off":[0,-0.8]}},{"type":"Feature","geometry":{"type":"Point","coordinates":[25.920643,43.784124]},"properties":{"line":"А15","mode":"bus","color":"#0059a9","colorDark":"#00294f","band":4,"off":[0,1.1],"lbl":"15"}},{"type":"Feature","geometry":{"type":"Point","coordinates":[25.997468,43.857617]},"properties":{"name":"Гара Разпределителна","band":4,"modes":"bus","arr":["А16","А33","Т13","Т21"],"off":[0,-0.8]}},{"type":"Feature","geometry":{"type":"Point","coordinates":[25.997468,43.857617]},"properties":{"line":"А16","mode":"bus","color":"#0059a9","colorDark":"#00294f","band":4,"off":[-5.1,1.1],"lbl":"16"}},{"type":"Feature","geometry":{"type":"Point","coordinates":[25.997468,43.857617]},"properties":{"line":"А33","mode":"bus","color":"#0059a9","colorDark":"#00294f","band":4,"off":[-1.7,1.1],"lbl":"33"}},{"type":"Feature","geometry":{"type":"Point","coordinates":[25.997468,43.857617]},"properties":{"line":"Т13","mode":"bus","color":"#149a3f","colorDark":"#0a5121","band":4,"off":[1.7,1.1],"lbl":"13"}},{"type":"Feature","geometry":{"type":"Point","coordinates":[25.997468,43.857617]},"properties":{"line":"Т21","mode":"bus","color":"#149a3f","colorDark":"#0a5121","band":4,"off":[5.1,1.1],"lbl":"21"}},{"type":"Feature","geometry":{"type":"Point","coordinates":[25.90271,43.763379]},"properties":{"name":"16-ти километър, Обръщало","band":4,"modes":"bus","arr":["А16"],"off":[0,-0.8]}},{"type":"Feature","geometry":{"type":"Point","coordinates":[25.90271,43.763379]},"properties":{"line":"А16","mode":"bus","color":"#0059a9","colorDark":"#00294f","band":4,"off":[0,1.1],"lbl":"16"}},{"type":"Feature","geometry":{"type":"Point","coordinates":[25.997216,43.855573]},"properties":{"name":"Автогара Изток - изток","band":4,"modes":"bus","arr":["А50"],"off":[0,-0.8]}},{"type":"Feature","geometry":{"type":"Point","coordinates":[25.997216,43.855573]},"properties":{"line":"А50","mode":"bus","color":"#0059a9","colorDark":"#00294f","band":4,"off":[0,1.1],"lbl":"50"}},{"type":"Feature","geometry":{"type":"Point","coordinates":[25.996043,43.850815]},"properties":{"name":"Ж.К. Изток, пл. Прага - юг","band":4,"modes":"bus","arr":["А20"],"off":[0,-0.8]}},{"type":"Feature","geometry":{"type":"Point","coordinates":[25.996043,43.850815]},"properties":{"name":"Ж.К. Изток, пл. Прага - север","band":4,"modes":"bus","arr":["А20"],"off":[0,-3]}},{"type":"Feature","geometry":{"type":"Point","coordinates":[25.996043,43.850815]},"properties":{"line":"А20","mode":"bus","color":"#0059a9","colorDark":"#00294f","band":4,"off":[0,1.1],"lbl":"20"}},{"type":"Feature","geometry":{"type":"Point","coordinates":[25.953365,43.852537]},"properties":{"name":"Хотел Рига","band":4,"modes":"bus","arr":["А30"],"off":[0,-0.8]}},{"type":"Feature","geometry":{"type":"Point","coordinates":[25.953365,43.852537]},"properties":{"line":"А30","mode":"bus","color":"#0059a9","colorDark":"#00294f","band":4,"off":[0,1.1],"lbl":"30"}},{"type":"Feature","geometry":{"type":"Point","coordinates":[26.038483,43.870291]},"properties":{"name":"Керос (Монтюпе)","band":4,"modes":"bus","arr":["А28"],"off":[0,-0.8]}},{"type":"Feature","geometry":{"type":"Point","coordinates":[26.038483,43.870291]},"properties":{"line":"А28","mode":"bus","color":"#0059a9","colorDark":"#00294f","band":4,"off":[0,1.1],"lbl":"28"}},{"type":"Feature","geometry":{"type":"Point","coordinates":[26.031527,43.793528]},"properties":{"name":"Образцов чифлик","band":4,"modes":"bus","arr":["А33"],"off":[0,-0.8]}},{"type":"Feature","geometry":{"type":"Point","coordinates":[26.031527,43.793528]},"properties":{"line":"А33","mode":"bus","color":"#0059a9","colorDark":"#00294f","band":4,"off":[0,1.1],"lbl":"33"}},{"type":"Feature","geometry":{"type":"Point","coordinates":[25.997622,43.853955]},"properties":{"name":"Автогара Изток - запад","band":4,"modes":"bus","arr":["А50"],"off":[0,-0.8]}},{"type":"Feature","geometry":{"type":"Point","coordinates":[25.997622,43.853955]},"properties":{"line":"А50","mode":"bus","color":"#0059a9","colorDark":"#00294f","band":4,"off":[0,1.1],"lbl":"50"}},{"type":"Feature","geometry":{"type":"Point","coordinates":[25.979511,43.904682]},"properties":{"name":"4 Pietre","band":4,"modes":"bus","arr":["G1","G3"],"off":[0,-0.8]}},{"type":"Feature","geometry":{"type":"Point","coordinates":[25.979511,43.904682]},"properties":{"line":"G1","mode":"bus","color":"#0059a9","colorDark":"#00294f","band":4,"off":[-1.7,1.1],"lbl":"1"}},{"type":"Feature","geometry":{"type":"Point","coordinates":[25.979511,43.904682]},"properties":{"line":"G3","mode":"bus","color":"#0059a9","colorDark":"#00294f","band":4,"off":[1.7,1.1],"lbl":"3"}},{"type":"Feature","geometry":{"type":"Point","coordinates":[25.966732,43.891429]},"properties":{"name":"Piața Centrală","band":4,"modes":"bus","arr":["G6","G7"],"off":[0,-0.8]}},{"type":"Feature","geometry":{"type":"Point","coordinates":[25.966732,43.891429]},"properties":{"line":"G6","mode":"bus","color":"#0059a9","colorDark":"#00294f","band":4,"off":[-1.7,1.1],"lbl":"6"}},{"type":"Feature","geometry":{"type":"Point","coordinates":[25.966732,43.891429]},"properties":{"line":"G7","mode":"bus","color":"#0059a9","colorDark":"#00294f","band":4,"off":[1.7,1.1],"lbl":"7"}},{"type":"Feature","geometry":{"type":"Point","coordinates":[25.967278,43.873455]},"properties":{"name":"Port","band":4,"modes":"bus","arr":["G1"],"off":[0,-0.8]}},{"type":"Feature","geometry":{"type":"Point","coordinates":[25.967278,43.873455]},"properties":{"line":"G1","mode":"bus","color":"#0059a9","colorDark":"#00294f","band":4,"off":[0,1.1],"lbl":"1"}},{"type":"Feature","geometry":{"type":"Point","coordinates":[25.973612,43.922298]},"properties":{"name":"COMAT","band":4,"modes":"bus","arr":["G2"],"off":[0,-0.8]}},{"type":"Feature","geometry":{"type":"Point","coordinates":[25.973612,43.922298]},"properties":{"line":"G2","mode":"bus","color":"#0059a9","colorDark":"#00294f","band":4,"off":[0,1.1],"lbl":"2"}},{"type":"Feature","geometry":{"type":"Point","coordinates":[25.92712,43.883866]},"properties":{"name":"CET","band":4,"modes":"bus","arr":["G2"],"off":[0,-0.8]}},{"type":"Feature","geometry":{"type":"Point","coordinates":[25.92712,43.883866]},"properties":{"line":"G2","mode":"bus","color":"#0059a9","colorDark":"#00294f","band":4,"off":[0,1.1],"lbl":"2"}},{"type":"Feature","geometry":{"type":"Point","coordinates":[25.93156,43.894341]},"properties":{"name":"Alexandriei (Peco GPL)","band":4,"modes":"bus","arr":["G3"],"off":[0,-0.8]}},{"type":"Feature","geometry":{"type":"Point","coordinates":[25.93156,43.894341]},"properties":{"line":"G3","mode":"bus","color":"#0059a9","colorDark":"#00294f","band":4,"off":[0,1.1],"lbl":"3"}},{"type":"Feature","geometry":{"type":"Point","coordinates":[25.950294,43.914651]},"properties":{"name":"Penitenciar","band":4,"modes":"bus","arr":["G4"],"off":[0,-0.8]}},{"type":"Feature","geometry":{"type":"Point","coordinates":[25.950294,43.914651]},"properties":{"line":"G4","mode":"bus","color":"#0059a9","colorDark":"#00294f","band":4,"off":[0,1.1],"lbl":"4"}},{"type":"Feature","geometry":{"type":"Point","coordinates":[25.969536,43.913651]},"properties":{"name":"Kaufland","band":4,"modes":"bus","arr":["G5"],"off":[0,-0.8]}},{"type":"Feature","geometry":{"type":"Point","coordinates":[25.969536,43.913651]},"properties":{"line":"G5","mode":"bus","color":"#0059a9","colorDark":"#00294f","band":4,"off":[0,1.1],"lbl":"5"}},{"type":"Feature","geometry":{"type":"Point","coordinates":[25.966888,43.916083]},"properties":{"name":"DAS","band":4,"modes":"bus","arr":["G4"],"off":[0,-0.8]}},{"type":"Feature","geometry":{"type":"Point","coordinates":[25.966888,43.916083]},"properties":{"line":"G4","mode":"bus","color":"#0059a9","colorDark":"#00294f","band":4,"off":[0,1.1],"lbl":"4"}},{"type":"Feature","geometry":{"type":"Point","coordinates":[25.951368,43.912278]},"properties":{"name":"Drumul Fermei","band":4,"modes":"bus","arr":["G5"],"off":[0,-0.8]}},{"type":"Feature","geometry":{"type":"Point","coordinates":[25.951368,43.912278]},"properties":{"line":"G5","mode":"bus","color":"#0059a9","colorDark":"#00294f","band":4,"off":[0,1.1],"lbl":"5"}},{"type":"Feature","geometry":{"type":"Point","coordinates":[25.981486,43.902536]},"properties":{"name":"Miron Nicolescu","band":4,"modes":"bus","arr":["G6"],"off":[0,-0.8]}},{"type":"Feature","geometry":{"type":"Point","coordinates":[25.981486,43.902536]},"properties":{"line":"G6","mode":"bus","color":"#0059a9","colorDark":"#00294f","band":4,"off":[0,1.1],"lbl":"6"}},{"type":"Feature","geometry":{"type":"Point","coordinates":[25.981271,43.907779]},"properties":{"name":"1 Decembrie 1918 (Alunișului)","band":4,"modes":"bus","arr":["G7"],"off":[0,-0.8]}},{"type":"Feature","geometry":{"type":"Point","coordinates":[25.981271,43.907779]},"properties":{"line":"G7","mode":"bus","color":"#0059a9","colorDark":"#00294f","band":4,"off":[0,1.1],"lbl":"7"}}]}