{"type":"FeatureCollection","features":[{"type":"Feature","geometry":{"type":"Point","coordinates":[25.976032,43.832569]},"properties":{"lines":"3, 4, 30, 9, 21, 29","color":"#0059a9","mode":"bus","arr":["А3","А4","А30","Т9","Т21","Т29"],"tLines":"9, 21, 29","ntLines":"3, 4, 30","angle":38.3}},{"type":"Feature","geometry":{"type":"Point","coordinates":[25.973396,43.832391]},"properties":{"lines":"3, 4, 10, 9, 21, 29","color":"#0059a9","mode":"bus","arr":["А3","А4","А10","Т9","Т21","Т29"],"tLines":"9, 21, 29","ntLines":"3, 4, 10","angle":-39.9}},{"type":"Feature","geometry":{"type":"Point","coordinates":[25.971022,43.830413]},"properties":{"lines":"3, 4, 8, 23, 28, 13, 24, 27","color":"#0059a9","mode":"bus","arr":["А3","А4","А8","А23","А28","Т13","Т24","Т27"],"tLines":"13, 24, 27","ntLines":"3, 4, 8, 23, 28","angle":-47.1}},{"type":"Feature","geometry":{"type":"Point","coordinates":[25.966879,43.828499]},"properties":{"lines":"3, 23","color":"#0059a9","mode":"bus","arr":["А3","А23"],"angle":-27.5}},{"type":"Feature","geometry":{"type":"Point","coordinates":[25.96875,43.829201]},"properties":{"lines":"3, 23","color":"#0059a9","mode":"bus","arr":["А3","А23"],"angle":-29.8,"extra":1,"ei":0}},{"type":"Feature","geometry":{"type":"Point","coordinates":[25.964059,43.827527]},"properties":{"lines":"3, 23","color":"#0059a9","mode":"bus","arr":["А3","А23"],"angle":-24.4,"extra":1,"ei":1}},{"type":"Feature","geometry":{"type":"Point","coordinates":[25.958781,43.831]},"properties":{"lines":"3, 11, 18, 23","color":"#0059a9","mode":"bus","arr":["А3","А11","А18","А23"],"angle":42.3}},{"type":"Feature","geometry":{"type":"Point","coordinates":[25.96225,43.828667]},"properties":{"lines":"3, 18, 23","color":"#0059a9","mode":"bus","arr":["А3","А18","А23"],"angle":47.8}},{"type":"Feature","geometry":{"type":"Point","coordinates":[25.963349,43.827793]},"properties":{"lines":"3, 18, 23","color":"#0059a9","mode":"bus","arr":["А3","А18","А23"],"angle":48,"extra":1,"ei":0}},{"type":"Feature","geometry":{"type":"Point","coordinates":[25.965487,43.82608]},"properties":{"lines":"18","color":"#0059a9","mode":"bus","arr":["А18"],"angle":48.5}},{"type":"Feature","geometry":{"type":"Point","coordinates":[25.969452,43.822625]},"properties":{"lines":"4, 18, 23, 28, 27","color":"#0059a9","mode":"bus","arr":["А4","А18","А23","А28","Т27"],"tLines":"27","ntLines":"4, 18, 23, 28","angle":53.2,"mi":3}},{"type":"Feature","geometry":{"type":"Point","coordinates":[25.968008,43.823982]},"properties":{"lines":"4, 18, 23, 28, 27","color":"#0059a9","mode":"bus","arr":["А4","А18","А23","А28","Т27"],"tLines":"27","ntLines":"4, 18, 23, 28","angle":50.9,"extra":1,"ei":0}},{"type":"Feature","geometry":{"type":"Point","coordinates":[25.9712,43.820989]},"properties":{"lines":"4, 18, 23, 28, 27","color":"#0059a9","mode":"bus","arr":["А4","А18","А23","А28","Т27"],"tLines":"27","ntLines":"4, 18, 23, 28","angle":52.8,"extra":1,"ei":1}},{"type":"Feature","geometry":{"type":"Point","coordinates":[25.958565,43.832953]},"properties":{"lines":"3, 11, 18","color":"#0059a9","mode":"bus","arr":["А3","А11","А18"],"angle":-28,"mi":2}},{"type":"Feature","geometry":{"type":"Point","coordinates":[25.960465,43.833466]},"properties":{"lines":"3, 11, 18","color":"#0059a9","mode":"bus","arr":["А3","А11","А18"],"angle":-26,"extra":1,"ei":0,"side":-1}},{"type":"Feature","geometry":{"type":"Point","coordinates":[25.962839,43.834262]},"properties":{"lines":"3, 11, 18","color":"#0059a9","mode":"bus","arr":["А3","А11","А18"],"angle":-24.2,"extra":1,"ei":1,"side":-1}},{"type":"Feature","geometry":{"type":"Point","coordinates":[25.9651,43.835195]},"properties":{"lines":"3, 11, 18","color":"#0059a9","mode":"bus","arr":["А3","А11","А18"],"angle":-41.6,"extra":1,"ei":2,"side":-1}},{"type":"Feature","geometry":{"type":"Point","coordinates":[25.955499,43.831753]},"properties":{"lines":"3, 11, 18","color":"#0059a9","mode":"bus","arr":["А3","А11","А18"],"angle":-27.2,"extra":1,"ei":0}},{"type":"Feature","geometry":{"type":"Point","coordinates":[25.953168,43.830892]},"properties":{"lines":"3, 11, 18","color":"#0059a9","mode":"bus","arr":["А3","А11","А18"],"angle":-27.7,"extra":1,"ei":1}},{"type":"Feature","geometry":{"type":"Point","coordinates":[25.967133,43.836101]},"properties":{"lines":"3, 11, 18","color":"#0059a9","mode":"bus","arr":["А3","А11","А18"],"angle":87.8,"mi":1}},{"type":"Feature","geometry":{"type":"Point","coordinates":[25.966068,43.836989]},"properties":{"lines":"3, 11, 18","color":"#0059a9","mode":"bus","arr":["А3","А11","А18"],"angle":-18.8}},{"type":"Feature","geometry":{"type":"Point","coordinates":[25.947327,43.827922]},"properties":{"lines":"3, 11, 18","color":"#0059a9","mode":"bus","arr":["А3","А11","А18"],"angle":51.9,"side":-1}},{"type":"Feature","geometry":{"type":"Point","coordinates":[25.962949,43.837499]},"properties":{"lines":"8, 10, 23, 28, 33, 9, 13, 21, 24, 27, 29","color":"#0059a9","mode":"bus","arr":["А8","А10","А23","А28","А33","Т9","Т13","Т21","Т24","Т27","Т29"],"tLines":"9, 13, 21, 24, 27, 29","ntLines":"8, 10, 23, 28, 33","angle":43.1,"mi":1}},{"type":"Feature","geometry":{"type":"Point","coordinates":[25.970786,43.832219]},"properties":{"lines":"8, 10, 23, 28, 33, 9, 13, 21, 24, 27, 29","color":"#0059a9","mode":"bus","arr":["А8","А10","А23","А28","А33","Т9","Т13","Т21","Т24","Т27","Т29"],"tLines":"9, 13, 21, 24, 27, 29","ntLines":"8, 10, 23, 28, 33","angle":41.1,"mi":2}},{"type":"Feature","geometry":{"type":"Point","coordinates":[25.96681,43.834903]},"properties":{"lines":"8, 10, 23, 28, 33, 9, 13, 21, 24, 27, 29","color":"#0059a9","mode":"bus","arr":["А8","А10","А23","А28","А33","Т9","Т13","Т21","Т24","Т27","Т29"],"tLines":"9, 13, 21, 24, 27, 29","ntLines":"8, 10, 23, 28, 33","angle":42.7}},{"type":"Feature","geometry":{"type":"Point","coordinates":[25.964553,43.836417]},"properties":{"lines":"8, 10, 23, 28, 33, 9, 13, 21, 24, 27, 29","color":"#0059a9","mode":"bus","arr":["А8","А10","А23","А28","А33","Т9","Т13","Т21","Т24","Т27","Т29"],"tLines":"9, 13, 21, 24, 27, 29","ntLines":"8, 10, 23, 28, 33","angle":43.1,"extra":1,"ei":0}},{"type":"Feature","geometry":{"type":"Point","coordinates":[25.960828,43.839069]},"properties":{"lines":"8, 10, 23, 28, 33, 9, 13, 21, 24, 27, 29","color":"#0059a9","mode":"bus","arr":["А8","А10","А23","А28","А33","Т9","Т13","Т21","Т24","Т27","Т29"],"tLines":"9, 13, 21, 24, 27, 29","ntLines":"8, 10, 23, 28, 33","angle":48.6,"extra":1,"ei":1}},{"type":"Feature","geometry":{"type":"Point","coordinates":[25.949289,43.829149]},"properties":{"lines":"3, 11, 15, 18","color":"#0059a9","mode":"bus","arr":["А3","А11","А15","А18"],"angle":-37.8}},{"type":"Feature","geometry":{"type":"Point","coordinates":[25.950174,43.828684]},"properties":{"lines":"3, 11, 15, 18","color":"#0059a9","mode":"bus","arr":["А3","А11","А15","А18"],"angle":-51.6,"mi":1}},{"type":"Feature","geometry":{"type":"Point","coordinates":[25.949842,43.8304]},"properties":{"lines":"3, 11, 15, 18","color":"#0059a9","mode":"bus","arr":["А3","А11","А15","А18"],"angle":-60.6,"side":-1,"mi":2}},{"type":"Feature","geometry":{"type":"Point","coordinates":[25.953277,43.832711]},"properties":{"lines":"3, 5, 11, 15, 18","color":"#0059a9","mode":"bus","arr":["А3","А5","А11","А15","А18"],"angle":-32.1,"side":-1}},{"type":"Feature","geometry":{"type":"Point","coordinates":[25.953224,43.835678]},"properties":{"lines":"3, 5, 18","color":"#0059a9","mode":"bus","arr":["А3","А5","А18"],"angle":51.4}},{"type":"Feature","geometry":{"type":"Point","coordinates":[25.951133,43.837671]},"properties":{"lines":"3, 5, 6, 8, 16, 18, 19, 50, 2, 9, 24","color":"#0059a9","mode":"bus","arr":["А3","А5","А6","А8","А16","А18","А19","А50","Т2","Т9","Т24"],"tLines":"2, 9, 24","ntLines":"3, 5, 6, 8, 16, 18, 19, 50","angle":54.2}},{"type":"Feature","geometry":{"type":"Point","coordinates":[25.950575,43.838207]},"properties":{"lines":"3, 5, 6, 8, 16, 18, 19, 20, 50, 2, 9, 24","color":"#0059a9","mode":"bus","arr":["А3","А5","А6","А8","А16","А18","А19","А20","А50","Т2","Т9","Т24"],"tLines":"2, 9, 24","ntLines":"3, 5, 6, 8, 16, 18, 19, 20, 50","angle":51.4}},{"type":"Feature","geometry":{"type":"Point","coordinates":[25.949716,43.83816]},"properties":{"lines":"3, 8","color":"#0059a9","mode":"bus","arr":["А3","А8"],"angle":-31.4}},{"type":"Feature","geometry":{"type":"Point","coordinates":[25.948701,43.839074]},"properties":{"lines":"5, 6, 16, 19, 20, 50, 2, 9, 24","color":"#0059a9","mode":"bus","arr":["А5","А6","А16","А19","А20","А50","Т2","Т9","Т24"],"tLines":"2, 9, 24","ntLines":"5, 6, 16, 19, 20, 50","angle":77.2,"mi":3}},{"type":"Feature","geometry":{"type":"Point","coordinates":[25.949212,43.83744]},"properties":{"lines":"3, 5, 6, 8, 16, 19, 50, 2, 9, 24","color":"#0059a9","mode":"bus","arr":["А3","А5","А6","А8","А16","А19","А50","Т2","Т9","Т24"],"tLines":"2, 9, 24","ntLines":"3, 5, 6, 8, 16, 19, 50","angle":79.3}},{"type":"Feature","geometry":{"type":"Point","coordinates":[25.95008,43.834496]},"properties":{"lines":"5","color":"#0059a9","mode":"bus","arr":["А5"],"angle":85.9}},{"type":"Feature","geometry":{"type":"Point","coordinates":[25.949617,43.836273]},"properties":{"lines":"5","color":"#0059a9","mode":"bus","arr":["А5"],"angle":74.8,"extra":1,"ei":0}},{"type":"Feature","geometry":{"type":"Point","coordinates":[25.950302,43.832536]},"properties":{"lines":"5","color":"#0059a9","mode":"bus","arr":["А5"],"angle":84.7,"extra":1,"ei":1}},{"type":"Feature","geometry":{"type":"Point","coordinates":[25.949214,43.836995]},"properties":{"lines":"3, 6, 8, 16, 19, 50, 2, 9, 24","color":"#0059a9","mode":"bus","arr":["А3","А6","А8","А16","А19","А50","Т2","Т9","Т24"],"tLines":"2, 9, 24","ntLines":"3, 6, 8, 16, 19, 50","angle":-56.3}},{"type":"Feature","geometry":{"type":"Point","coordinates":[25.950274,43.837064]},"properties":{"lines":"6, 8, 16, 19, 50, 2, 9, 24","color":"#0059a9","mode":"bus","arr":["А6","А8","А16","А19","А50","Т2","Т9","Т24"],"tLines":"2, 9, 24","ntLines":"6, 8, 16, 19, 50","angle":-13}},{"type":"Feature","geometry":{"type":"Point","coordinates":[25.947976,43.836768]},"properties":{"lines":"3, 6, 8, 16, 19, 50, 2, 9, 24","color":"#0059a9","mode":"bus","arr":["А3","А6","А8","А16","А19","А50","Т2","Т9","Т24"],"tLines":"2, 9, 24","ntLines":"3, 6, 8, 16, 19, 50","angle":-14.4,"mi":1}},{"type":"Feature","geometry":{"type":"Point","coordinates":[25.945164,43.835771]},"properties":{"lines":"3, 6, 16, 19, 2, 9, 24","color":"#0059a9","mode":"bus","arr":["А3","А6","А16","А19","Т2","Т9","Т24"],"tLines":"2, 9, 24","ntLines":"3, 6, 16, 19","angle":-28.1}},{"type":"Feature","geometry":{"type":"Point","coordinates":[25.943557,43.835147]},"properties":{"lines":"3, 6, 16, 19, 2, 9, 24","color":"#0059a9","mode":"bus","arr":["А3","А6","А16","А19","Т2","Т9","Т24"],"tLines":"2, 9, 24","ntLines":"3, 6, 16, 19","angle":-30.2,"extra":1,"ei":0}},{"type":"Feature","geometry":{"type":"Point","coordinates":[25.937294,43.828842]},"properties":{"lines":"3, 6, 16, 19, 2, 9, 24","color":"#0059a9","mode":"bus","arr":["А3","А6","А16","А19","Т2","Т9","Т24"],"tLines":"2, 9, 24","ntLines":"3, 6, 16, 19","angle":-57.2,"mi":1}},{"type":"Feature","geometry":{"type":"Point","coordinates":[25.942396,43.834379]},"properties":{"lines":"3, 6, 16, 19, 2, 9, 24","color":"#0059a9","mode":"bus","arr":["А3","А6","А16","А19","Т2","Т9","Т24"],"tLines":"2, 9, 24","ntLines":"3, 6, 16, 19","angle":-46.9,"extra":1,"ei":0}},{"type":"Feature","geometry":{"type":"Point","coordinates":[25.940689,43.832948]},"properties":{"lines":"3, 6, 16, 19, 2, 9, 24","color":"#0059a9","mode":"bus","arr":["А3","А6","А16","А19","Т2","Т9","Т24"],"tLines":"2, 9, 24","ntLines":"3, 6, 16, 19","angle":-48.9,"extra":1,"ei":1}},{"type":"Feature","geometry":{"type":"Point","coordinates":[25.939139,43.831432]},"properties":{"lines":"3, 6, 16, 19, 2, 9, 24","color":"#0059a9","mode":"bus","arr":["А3","А6","А16","А19","Т2","Т9","Т24"],"tLines":"2, 9, 24","ntLines":"3, 6, 16, 19","angle":-60.9,"extra":1,"ei":2}},{"type":"Feature","geometry":{"type":"Point","coordinates":[25.935514,43.826434]},"properties":{"lines":"3, 6, 16, 19, 2, 9, 24","color":"#0059a9","mode":"bus","arr":["А3","А6","А16","А19","Т2","Т9","Т24"],"tLines":"2, 9, 24","ntLines":"3, 6, 16, 19","angle":-68.4,"extra":1,"ei":3}},{"type":"Feature","geometry":{"type":"Point","coordinates":[25.93434,43.824747]},"properties":{"lines":"3, 6, 16, 19, 2, 9, 24","color":"#0059a9","mode":"bus","arr":["А3","А6","А16","А19","Т2","Т9","Т24"],"tLines":"2, 9, 24","ntLines":"3, 6, 16, 19","angle":-62.7,"extra":1,"ei":4}},{"type":"Feature","geometry":{"type":"Point","coordinates":[25.933141,43.823068]},"properties":{"lines":"3, 6, 16, 19, 2, 9, 24","color":"#0059a9","mode":"bus","arr":["А3","А6","А16","А19","Т2","Т9","Т24"],"tLines":"2, 9, 24","ntLines":"3, 6, 16, 19","angle":-62.7,"extra":1,"ei":5}},{"type":"Feature","geometry":{"type":"Point","coordinates":[25.93144,43.820896]},"properties":{"lines":"3, 6, 16, 19","color":"#0059a9","mode":"bus","arr":["А3","А6","А16","А19"],"angle":-65.5,"mi":3}},{"type":"Feature","geometry":{"type":"Point","coordinates":[25.930282,43.818256]},"properties":{"lines":"3, 6, 16, 19","color":"#0059a9","mode":"bus","arr":["А3","А6","А16","А19"],"angle":-71.2}},{"type":"Feature","geometry":{"type":"Point","coordinates":[25.928373,43.814642]},"properties":{"lines":"3, 6, 16, 19","color":"#0059a9","mode":"bus","arr":["А3","А6","А16","А19"],"angle":43.2,"side":-1,"mi":2}},{"type":"Feature","geometry":{"type":"Point","coordinates":[25.929026,43.815629]},"properties":{"lines":"3, 6, 16, 19","color":"#0059a9","mode":"bus","arr":["А3","А6","А16","А19"],"angle":-71.6,"mi":1}},{"type":"Feature","geometry":{"type":"Point","coordinates":[25.929664,43.815981]},"properties":{"lines":"6, 16, 19","color":"#0059a9","mode":"bus","arr":["А6","А16","А19"],"angle":-71.8}},{"type":"Feature","geometry":{"type":"Point","coordinates":[25.928043,43.813391]},"properties":{"lines":"6, 16, 19","color":"#0059a9","mode":"bus","arr":["А6","А16","А19"],"angle":-72,"extra":1,"ei":0}},{"type":"Feature","geometry":{"type":"Point","coordinates":[25.930769,43.817538]},"properties":{"lines":"6, 16, 19","color":"#0059a9","mode":"bus","arr":["А6","А16","А19"],"angle":-53.4,"extra":1,"ei":0}},{"type":"Feature","geometry":{"type":"Point","coordinates":[25.921225,43.80482]},"properties":{"lines":"6, 16","color":"#0059a9","mode":"bus","arr":["А6","А16"],"angle":-72.2}},{"type":"Feature","geometry":{"type":"Point","coordinates":[25.927539,43.812315]},"properties":{"lines":"6, 16","color":"#0059a9","mode":"bus","arr":["А6","А16"],"angle":-70.8,"extra":1,"ei":0}},{"type":"Feature","geometry":{"type":"Point","coordinates":[25.926271,43.810677]},"properties":{"lines":"6, 16","color":"#0059a9","mode":"bus","arr":["А6","А16"],"angle":-54.7,"extra":1,"ei":1}},{"type":"Feature","geometry":{"type":"Point","coordinates":[25.924671,43.809183]},"properties":{"lines":"6, 16","color":"#0059a9","mode":"bus","arr":["А6","А16"],"angle":-51.8,"extra":1,"ei":2}},{"type":"Feature","geometry":{"type":"Point","coordinates":[25.923068,43.80769]},"properties":{"lines":"6, 16","color":"#0059a9","mode":"bus","arr":["А6","А16"],"angle":-55.8,"extra":1,"ei":3}},{"type":"Feature","geometry":{"type":"Point","coordinates":[25.921829,43.806032]},"properties":{"lines":"6, 16","color":"#0059a9","mode":"bus","arr":["А6","А16"],"angle":-66.4,"extra":1,"ei":4}},{"type":"Feature","geometry":{"type":"Point","coordinates":[25.920228,43.802439]},"properties":{"lines":"6, 16","color":"#0059a9","mode":"bus","arr":["А6","А16"],"angle":-73.4,"extra":1,"ei":5}},{"type":"Feature","geometry":{"type":"Point","coordinates":[25.919471,43.800631]},"properties":{"lines":"6, 16","color":"#0059a9","mode":"bus","arr":["А6","А16"],"angle":-73.2,"extra":1,"ei":6}},{"type":"Feature","geometry":{"type":"Point","coordinates":[25.918651,43.798838]},"properties":{"lines":"6, 16","color":"#0059a9","mode":"bus","arr":["А6","А16"],"angle":-70.3,"extra":1,"ei":7}},{"type":"Feature","geometry":{"type":"Point","coordinates":[25.91767,43.797087]},"properties":{"lines":"6, 16","color":"#0059a9","mode":"bus","arr":["А6","А16"],"angle":-68.2,"extra":1,"ei":8}},{"type":"Feature","geometry":{"type":"Point","coordinates":[25.973816,43.823388]},"properties":{"lines":"4, 18, 23, 28, 27","color":"#0059a9","mode":"bus","arr":["А4","А18","А23","А28","Т27"],"tLines":"27","ntLines":"4, 18, 23, 28","angle":-35.4,"mi":1}},{"type":"Feature","geometry":{"type":"Point","coordinates":[25.973914,43.822579]},"properties":{"lines":"4, 18, 23, 28, 27","color":"#0059a9","mode":"bus","arr":["А4","А18","А23","А28","Т27"],"tLines":"27","ntLines":"4, 18, 23, 28","angle":55}},{"type":"Feature","geometry":{"type":"Point","coordinates":[25.973342,43.821305]},"properties":{"lines":"4, 18, 23, 28, 27","color":"#0059a9","mode":"bus","arr":["А4","А18","А23","А28","Т27"],"tLines":"27","ntLines":"4, 18, 23, 28","angle":-38.4,"mi":2}},{"type":"Feature","geometry":{"type":"Point","coordinates":[25.967632,43.824912]},"properties":{"lines":"4, 23, 28, 27","color":"#0059a9","mode":"bus","arr":["А4","А23","А28","Т27"],"tLines":"27","ntLines":"4, 23, 28","angle":-30.8}},{"type":"Feature","geometry":{"type":"Point","coordinates":[25.969456,43.825502]},"properties":{"lines":"4, 23, 28, 13, 24, 27","color":"#0059a9","mode":"bus","arr":["А4","А23","А28","Т13","Т24","Т27"],"tLines":"13, 24, 27","ntLines":"4, 23, 28","angle":-16.6}},{"type":"Feature","geometry":{"type":"Point","coordinates":[25.971916,43.82778]},"properties":{"lines":"4, 8, 23, 28, 13, 24, 27","color":"#0059a9","mode":"bus","arr":["А4","А8","А23","А28","Т13","Т24","Т27"],"tLines":"13, 24, 27","ntLines":"4, 8, 23, 28","angle":66.3}},{"type":"Feature","geometry":{"type":"Point","coordinates":[25.971842,43.826339]},"properties":{"lines":"4, 8, 23, 28, 13, 24, 27","color":"#0059a9","mode":"bus","arr":["А4","А8","А23","А28","Т13","Т24","Т27"],"tLines":"13, 24, 27","ntLines":"4, 8, 23, 28","angle":-72,"extra":1,"ei":0}},{"type":"Feature","geometry":{"type":"Point","coordinates":[25.969962,43.829603]},"properties":{"lines":"4, 8, 23, 28, 13, 24, 27","color":"#0059a9","mode":"bus","arr":["А4","А8","А23","А28","Т13","Т24","Т27"],"tLines":"13, 24, 27","ntLines":"4, 8, 23, 28","angle":51.5,"extra":1,"ei":1}},{"type":"Feature","geometry":{"type":"Point","coordinates":[25.973616,43.836532]},"properties":{"lines":"4, 10, 30","color":"#0059a9","mode":"bus","arr":["А4","А10","А30"],"angle":-89.7}},{"type":"Feature","geometry":{"type":"Point","coordinates":[25.975639,43.838421]},"properties":{"lines":"4, 10, 30","color":"#0059a9","mode":"bus","arr":["А4","А10","А30"],"angle":-29.3,"extra":1,"ei":0}},{"type":"Feature","geometry":{"type":"Point","coordinates":[25.973656,43.835301]},"properties":{"lines":"4, 10, 30","color":"#0059a9","mode":"bus","arr":["А4","А10","А30"],"angle":87.3,"extra":1,"ei":1}},{"type":"Feature","geometry":{"type":"Point","coordinates":[25.974642,43.833598]},"properties":{"lines":"4, 10, 30","color":"#0059a9","mode":"bus","arr":["А4","А10","А30"],"angle":52,"extra":1,"ei":2}},{"type":"Feature","geometry":{"type":"Point","coordinates":[25.976249,43.839099]},"properties":{"lines":"4, 10, 30","color":"#0059a9","mode":"bus","arr":["А4","А10","А30"],"angle":28.8,"mi":1}},{"type":"Feature","geometry":{"type":"Point","coordinates":[25.970299,43.840323]},"properties":{"lines":"4, 30","color":"#0059a9","mode":"bus","arr":["А4","А30"],"angle":-83.5,"side":-1}},{"type":"Feature","geometry":{"type":"Point","coordinates":[25.974727,43.839692]},"properties":{"lines":"4, 30","color":"#0059a9","mode":"bus","arr":["А4","А30"],"angle":17.3,"mi":2}},{"type":"Feature","geometry":{"type":"Point","coordinates":[25.972374,43.839734]},"properties":{"lines":"4, 30","color":"#0059a9","mode":"bus","arr":["А4","А30"],"angle":-22.4,"extra":1,"ei":0}},{"type":"Feature","geometry":{"type":"Point","coordinates":[25.969198,43.84038]},"properties":{"lines":"4, 30","color":"#0059a9","mode":"bus","arr":["А4","А30"],"angle":9.2,"mi":1}},{"type":"Feature","geometry":{"type":"Point","coordinates":[25.966781,43.840966]},"properties":{"lines":"4, 5, 30","color":"#0059a9","mode":"bus","arr":["А4","А5","А30"],"angle":3.9}},{"type":"Feature","geometry":{"type":"Point","coordinates":[25.965497,43.841414]},"properties":{"lines":"4, 5, 30","color":"#0059a9","mode":"bus","arr":["А4","А5","А30"],"angle":78.3,"mi":1}},{"type":"Feature","geometry":{"type":"Point","coordinates":[25.966691,43.843297]},"properties":{"lines":"4, 5, 19, 30","color":"#0059a9","mode":"bus","arr":["А4","А5","А19","А30"],"angle":-30.9}},{"type":"Feature","geometry":{"type":"Point","coordinates":[25.970562,43.844186]},"properties":{"lines":"4, 5, 19, 30","color":"#0059a9","mode":"bus","arr":["А4","А5","А19","А30"],"angle":-22.8,"mi":1}},{"type":"Feature","geometry":{"type":"Point","coordinates":[25.976208,43.84636]},"properties":{"lines":"4, 19","color":"#0059a9","mode":"bus","arr":["А4","А19"],"angle":-57.8}},{"type":"Feature","geometry":{"type":"Point","coordinates":[25.969988,43.844057]},"properties":{"lines":"4, 19","color":"#0059a9","mode":"bus","arr":["А4","А19"],"angle":-16.9,"mi":2}},{"type":"Feature","geometry":{"type":"Point","coordinates":[25.978533,43.849037]},"properties":{"lines":"4, 19","color":"#0059a9","mode":"bus","arr":["А4","А19"],"angle":-56.4,"extra":1,"ei":0}},{"type":"Feature","geometry":{"type":"Point","coordinates":[25.977152,43.847436]},"properties":{"lines":"4, 19","color":"#0059a9","mode":"bus","arr":["А4","А19"],"angle":-56.8,"extra":1,"ei":1}},{"type":"Feature","geometry":{"type":"Point","coordinates":[25.973566,43.844922]},"properties":{"lines":"4, 19","color":"#0059a9","mode":"bus","arr":["А4","А19"],"angle":-19.3,"extra":1,"ei":2}},{"type":"Feature","geometry":{"type":"Point","coordinates":[25.979278,43.850029]},"properties":{"lines":"4, 19","color":"#0059a9","mode":"bus","arr":["А4","А19"],"angle":80.2,"side":-1,"mi":1}},{"type":"Feature","geometry":{"type":"Point","coordinates":[25.979364,43.850289]},"properties":{"lines":"4, 19, 30","color":"#0059a9","mode":"bus","arr":["А4","А19","А30"],"angle":81.1}},{"type":"Feature","geometry":{"type":"Point","coordinates":[25.978907,43.851794]},"properties":{"lines":"4, 16, 18, 19, 20, 30","color":"#0059a9","mode":"bus","arr":["А4","А16","А18","А19","А20","А30"],"angle":81.8,"side":-1,"mi":1}},{"type":"Feature","geometry":{"type":"Point","coordinates":[25.97646,43.856038]},"properties":{"lines":"4, 16, 18, 19, 20, 30","color":"#0059a9","mode":"bus","arr":["А4","А16","А18","А19","А20","А30"],"angle":53.7,"side":-1}},{"type":"Feature","geometry":{"type":"Point","coordinates":[25.978265,43.854239]},"properties":{"lines":"4, 16, 18, 19, 20, 30","color":"#0059a9","mode":"bus","arr":["А4","А16","А18","А19","А20","А30"],"angle":56.3,"extra":1,"ei":0}},{"type":"Feature","geometry":{"type":"Point","coordinates":[25.975232,43.857312]},"properties":{"lines":"4, 16, 18, 19, 20, 30","color":"#0059a9","mode":"bus","arr":["А4","А16","А18","А19","А20","А30"],"angle":54.4,"extra":1,"ei":1}},{"type":"Feature","geometry":{"type":"Point","coordinates":[25.977729,43.860585]},"properties":{"lines":"4, 11, 28, 27, 29","color":"#0059a9","mode":"bus","arr":["А4","А11","А28","Т27","Т29"],"tLines":"27, 29","ntLines":"4, 11, 28","angle":-33.7,"mi":1}},{"type":"Feature","geometry":{"type":"Point","coordinates":[25.974972,43.859232]},"properties":{"lines":"4, 11, 28, 27, 29","color":"#0059a9","mode":"bus","arr":["А4","А11","А28","Т27","Т29"],"tLines":"27, 29","ntLines":"4, 11, 28","angle":-34.7,"extra":1,"ei":0}},{"type":"Feature","geometry":{"type":"Point","coordinates":[25.979304,43.861354]},"properties":{"lines":"4, 11, 28, 27, 29","color":"#0059a9","mode":"bus","arr":["А4","А11","А28","Т27","Т29"],"tLines":"27, 29","ntLines":"4, 11, 28","angle":-33.4,"extra":1,"ei":1}},{"type":"Feature","geometry":{"type":"Point","coordinates":[25.981135,43.862685]},"properties":{"lines":"4, 11, 28, 27, 29","color":"#0059a9","mode":"bus","arr":["А4","А11","А28","Т27","Т29"],"tLines":"27, 29","ntLines":"4, 11, 28","angle":-52.3,"extra":1,"ei":2,"side":-1}},{"type":"Feature","geometry":{"type":"Point","coordinates":[25.986256,43.866002]},"properties":{"lines":"4, 11, 28, 27, 29","color":"#0059a9","mode":"bus","arr":["А4","А11","А28","Т27","Т29"],"tLines":"27, 29","ntLines":"4, 11, 28","angle":-35.9,"mi":2}},{"type":"Feature","geometry":{"type":"Point","coordinates":[25.982008,43.863505]},"properties":{"lines":"4, 11, 28, 27, 29","color":"#0059a9","mode":"bus","arr":["А4","А11","А28","Т27","Т29"],"tLines":"27, 29","ntLines":"4, 11, 28","angle":-47.8,"extra":1,"ei":0,"side":-1}},{"type":"Feature","geometry":{"type":"Point","coordinates":[25.984058,43.864675]},"properties":{"lines":"4, 11, 28, 27, 29","color":"#0059a9","mode":"bus","arr":["А4","А11","А28","Т27","Т29"],"tLines":"27, 29","ntLines":"4, 11, 28","angle":-36.6,"extra":1,"ei":1,"side":-1}},{"type":"Feature","geometry":{"type":"Point","coordinates":[25.988363,43.866818]},"properties":{"lines":"4, 11, 28, 27, 29","color":"#0059a9","mode":"bus","arr":["А4","А11","А28","Т27","Т29"],"tLines":"27, 29","ntLines":"4, 11, 28","angle":-28.5,"extra":1,"ei":2,"side":-1}},{"type":"Feature","geometry":{"type":"Point","coordinates":[25.990658,43.867727]},"properties":{"lines":"4, 11, 28, 27, 29","color":"#0059a9","mode":"bus","arr":["А4","А11","А28","Т27","Т29"],"tLines":"27, 29","ntLines":"4, 11, 28","angle":-30.2,"extra":1,"ei":3,"side":-1}},{"type":"Feature","geometry":{"type":"Point","coordinates":[25.999737,43.871614]},"properties":{"lines":"4, 11, 28","color":"#0059a9","mode":"bus","arr":["А4","А11","А28"],"angle":-19.1,"side":-1}},{"type":"Feature","geometry":{"type":"Point","coordinates":[26.01237,43.873994]},"properties":{"lines":"4, 11, 28","color":"#0059a9","mode":"bus","arr":["А4","А11","А28"],"angle":-14.7,"side":-1}},{"type":"Feature","geometry":{"type":"Point","coordinates":[25.993357,43.868846]},"properties":{"lines":"4, 11, 28","color":"#0059a9","mode":"bus","arr":["А4","А11","А28"],"angle":-29.6,"extra":1,"ei":0,"side":-1}},{"type":"Feature","geometry":{"type":"Point","coordinates":[25.995625,43.86979]},"properties":{"lines":"4, 11, 28","color":"#0059a9","mode":"bus","arr":["А4","А11","А28"],"angle":-31.6,"extra":1,"ei":1,"side":-1}},{"type":"Feature","geometry":{"type":"Point","coordinates":[25.997927,43.870573]},"properties":{"lines":"4, 11, 28","color":"#0059a9","mode":"bus","arr":["А4","А11","А28"],"angle":-43.9,"extra":1,"ei":2}},{"type":"Feature","geometry":{"type":"Point","coordinates":[26.002479,43.872114]},"properties":{"lines":"4, 11, 28","color":"#0059a9","mode":"bus","arr":["А4","А11","А28"],"angle":-13.9,"extra":1,"ei":3,"side":-1}},{"type":"Feature","geometry":{"type":"Point","coordinates":[26.00502,43.872568]},"properties":{"lines":"4, 11, 28","color":"#0059a9","mode":"bus","arr":["А4","А11","А28"],"angle":-13.9,"extra":1,"ei":4,"side":-1}},{"type":"Feature","geometry":{"type":"Point","coordinates":[26.007562,43.873022]},"properties":{"lines":"4, 11, 28","color":"#0059a9","mode":"bus","arr":["А4","А11","А28"],"angle":-14,"extra":1,"ei":5,"side":-1}},{"type":"Feature","geometry":{"type":"Point","coordinates":[26.01003,43.873565]},"properties":{"lines":"4, 11, 28","color":"#0059a9","mode":"bus","arr":["А4","А11","А28"],"angle":-13.8,"extra":1,"ei":0,"side":-1}},{"type":"Feature","geometry":{"type":"Point","coordinates":[26.014848,43.874914]},"properties":{"lines":"4, 11, 28","color":"#0059a9","mode":"bus","arr":["А4","А11","А28"],"angle":-37.4,"extra":1,"ei":1,"side":-1}},{"type":"Feature","geometry":{"type":"Point","coordinates":[26.015846,43.875464]},"properties":{"lines":"4, 28","color":"#0059a9","mode":"bus","arr":["А4","А28"],"angle":-33.6,"side":-1}},{"type":"Feature","geometry":{"type":"Point","coordinates":[26.015358,43.868481]},"properties":{"lines":"4","color":"#0059a9","mode":"bus","arr":["А4"],"angle":-85.7}},{"type":"Feature","geometry":{"type":"Point","coordinates":[26.016036,43.874611]},"properties":{"lines":"4","color":"#0059a9","mode":"bus","arr":["А4"],"angle":-75.2,"extra":1,"ei":0}},{"type":"Feature","geometry":{"type":"Point","coordinates":[26.01576,43.872737]},"properties":{"lines":"4","color":"#0059a9","mode":"bus","arr":["А4"],"angle":-86.5,"extra":1,"ei":1}},{"type":"Feature","geometry":{"type":"Point","coordinates":[26.015605,43.870851]},"properties":{"lines":"4","color":"#0059a9","mode":"bus","arr":["А4"],"angle":-86.2,"extra":1,"ei":2}},{"type":"Feature","geometry":{"type":"Point","coordinates":[26.015214,43.867085]},"properties":{"lines":"4","color":"#0059a9","mode":"bus","arr":["А4"],"angle":-85.9,"extra":1,"ei":3}},{"type":"Feature","geometry":{"type":"Point","coordinates":[26.015044,43.8652]},"properties":{"lines":"4","color":"#0059a9","mode":"bus","arr":["А4"],"angle":-86.2,"extra":1,"ei":4}},{"type":"Feature","geometry":{"type":"Point","coordinates":[26.014867,43.863316]},"properties":{"lines":"4","color":"#0059a9","mode":"bus","arr":["А4"],"angle":-85.8,"extra":1,"ei":5}},{"type":"Feature","geometry":{"type":"Point","coordinates":[26.014677,43.861432]},"properties":{"lines":"4","color":"#0059a9","mode":"bus","arr":["А4"],"angle":-85.8,"extra":1,"ei":6}},{"type":"Feature","geometry":{"type":"Point","coordinates":[26.014309,43.857764]},"properties":{"lines":"12","color":"#0059a9","mode":"bus","arr":["А12"],"angle":-66.1,"mi":3}},{"type":"Feature","geometry":{"type":"Point","coordinates":[26.015086,43.861503]},"properties":{"lines":"12","color":"#0059a9","mode":"bus","arr":["А12"],"angle":-86.2,"extra":1,"ei":0}},{"type":"Feature","geometry":{"type":"Point","coordinates":[26.014897,43.859619]},"properties":{"lines":"12","color":"#0059a9","mode":"bus","arr":["А12"],"angle":-85.2,"extra":1,"ei":1}},{"type":"Feature","geometry":{"type":"Point","coordinates":[26.012791,43.856274]},"properties":{"lines":"12","color":"#0059a9","mode":"bus","arr":["А12"],"angle":-46.9,"extra":1,"ei":2}},{"type":"Feature","geometry":{"type":"Point","coordinates":[26.010971,43.854917]},"properties":{"lines":"12","color":"#0059a9","mode":"bus","arr":["А12"],"angle":-45.5,"extra":1,"ei":3}},{"type":"Feature","geometry":{"type":"Point","coordinates":[26.015805,43.869032]},"properties":{"lines":"4, 12","color":"#0059a9","mode":"bus","arr":["А4","А12"],"angle":-85.7,"side":-1}},{"type":"Feature","geometry":{"type":"Point","coordinates":[26.01526,43.863387]},"properties":{"lines":"4, 12","color":"#0059a9","mode":"bus","arr":["А4","А12"],"angle":-86.2,"extra":1,"ei":0,"side":-1}},{"type":"Feature","geometry":{"type":"Point","coordinates":[26.015433,43.865272]},"properties":{"lines":"4, 12","color":"#0059a9","mode":"bus","arr":["А4","А12"],"angle":-86.2,"extra":1,"ei":1,"side":-1}},{"type":"Feature","geometry":{"type":"Point","coordinates":[26.015623,43.867155]},"properties":{"lines":"4, 12","color":"#0059a9","mode":"bus","arr":["А4","А12"],"angle":-85.9,"extra":1,"ei":2}},{"type":"Feature","geometry":{"type":"Point","coordinates":[26.016001,43.870922]},"properties":{"lines":"4, 12","color":"#0059a9","mode":"bus","arr":["А4","А12"],"angle":-85.8,"extra":1,"ei":3,"side":-1}},{"type":"Feature","geometry":{"type":"Point","coordinates":[26.016175,43.872807]},"properties":{"lines":"4, 12","color":"#0059a9","mode":"bus","arr":["А4","А12"],"angle":-86.2,"extra":1,"ei":4}},{"type":"Feature","geometry":{"type":"Point","coordinates":[26.016249,43.874681]},"properties":{"lines":"4, 12","color":"#0059a9","mode":"bus","arr":["А4","А12"],"angle":-74.3,"extra":1,"ei":5,"side":-1}},{"type":"Feature","geometry":{"type":"Point","coordinates":[25.999759,43.871761]},"properties":{"lines":"4, 11, 12, 28","color":"#0059a9","mode":"bus","arr":["А4","А11","А12","А28"],"angle":-17.8}},{"type":"Feature","geometry":{"type":"Point","coordinates":[26.012307,43.874108]},"properties":{"lines":"4, 11, 12, 28","color":"#0059a9","mode":"bus","arr":["А4","А11","А12","А28"],"angle":-14.1}},{"type":"Feature","geometry":{"type":"Point","coordinates":[26.014417,43.874829]},"properties":{"lines":"4, 11, 12, 28","color":"#0059a9","mode":"bus","arr":["А4","А11","А12","А28"],"angle":-37,"extra":1,"ei":0}},{"type":"Feature","geometry":{"type":"Point","coordinates":[26.009519,43.873601]},"properties":{"lines":"4, 11, 12, 28","color":"#0059a9","mode":"bus","arr":["А4","А11","А12","А28"],"angle":-14.7,"extra":1,"ei":1}},{"type":"Feature","geometry":{"type":"Point","coordinates":[26.007113,43.873063]},"properties":{"lines":"4, 11, 12, 28","color":"#0059a9","mode":"bus","arr":["А4","А11","А12","А28"],"angle":-13.7,"extra":1,"ei":0}},{"type":"Feature","geometry":{"type":"Point","coordinates":[26.00457,43.872615]},"properties":{"lines":"4, 11, 12, 28","color":"#0059a9","mode":"bus","arr":["А4","А11","А12","А28"],"angle":-13.7,"extra":1,"ei":1}},{"type":"Feature","geometry":{"type":"Point","coordinates":[26.002027,43.872166]},"properties":{"lines":"4, 11, 12, 28","color":"#0059a9","mode":"bus","arr":["А4","А11","А12","А28"],"angle":-13.7,"extra":1,"ei":2}},{"type":"Feature","geometry":{"type":"Point","coordinates":[25.997267,43.870703]},"properties":{"lines":"4, 11, 12, 28","color":"#0059a9","mode":"bus","arr":["А4","А11","А12","А28"],"angle":-32.4,"extra":1,"ei":3}},{"type":"Feature","geometry":{"type":"Point","coordinates":[25.995054,43.869694]},"properties":{"lines":"4, 11, 12, 28","color":"#0059a9","mode":"bus","arr":["А4","А11","А12","А28"],"angle":-32.5,"extra":1,"ei":4}},{"type":"Feature","geometry":{"type":"Point","coordinates":[25.992787,43.868749]},"properties":{"lines":"4, 11, 12, 28","color":"#0059a9","mode":"bus","arr":["А4","А11","А12","А28"],"angle":-29.1,"extra":1,"ei":5}},{"type":"Feature","geometry":{"type":"Point","coordinates":[25.977063,43.861315]},"properties":{"lines":"4, 11, 28, 27, 29","color":"#0059a9","mode":"bus","arr":["А4","А11","А28","Т27","Т29"],"tLines":"27, 29","ntLines":"4, 11, 28","angle":-33.8}},{"type":"Feature","geometry":{"type":"Point","coordinates":[25.979864,43.862666]},"properties":{"lines":"4, 11, 28, 27, 29","color":"#0059a9","mode":"bus","arr":["А4","А11","А28","Т27","Т29"],"tLines":"27, 29","ntLines":"4, 11, 28","angle":-18.3,"extra":1,"ei":0}},{"type":"Feature","geometry":{"type":"Point","coordinates":[25.975513,43.860566]},"properties":{"lines":"4, 11, 28, 27, 29","color":"#0059a9","mode":"bus","arr":["А4","А11","А28","Т27","Т29"],"tLines":"27, 29","ntLines":"4, 11, 28","angle":-33.8,"extra":1,"ei":1}},{"type":"Feature","geometry":{"type":"Point","coordinates":[25.973341,43.859512]},"properties":{"lines":"4, 11, 28, 27, 29","color":"#0059a9","mode":"bus","arr":["А4","А11","А28","Т27","Т29"],"tLines":"27, 29","ntLines":"4, 11, 28","angle":-32.2,"extra":1,"ei":2}},{"type":"Feature","geometry":{"type":"Point","coordinates":[25.973454,43.859024]},"properties":{"lines":"4","color":"#0059a9","mode":"bus","arr":["А4"],"angle":55,"side":-1}},{"type":"Feature","geometry":{"type":"Point","coordinates":[25.948656,43.840017]},"properties":{"lines":"5, 6, 16, 19, 20, 50, 2, 9, 24","color":"#0059a9","mode":"bus","arr":["А5","А6","А16","А19","А20","А50","Т2","Т9","Т24"],"tLines":"2, 9, 24","ntLines":"5, 6, 16, 19, 20, 50","angle":51.9,"mi":2}},{"type":"Feature","geometry":{"type":"Point","coordinates":[25.948981,43.842787]},"properties":{"lines":"5, 6, 16, 19, 20, 50, 2, 9, 24","color":"#0059a9","mode":"bus","arr":["А5","А6","А16","А19","А20","А50","Т2","Т9","Т24"],"tLines":"2, 9, 24","ntLines":"5, 6, 16, 19, 20, 50","angle":-42,"side":-1}},{"type":"Feature","geometry":{"type":"Point","coordinates":[25.952879,43.844659]},"properties":{"lines":"5, 6, 16, 19, 20, 50, 2, 9, 24","color":"#0059a9","mode":"bus","arr":["А5","А6","А16","А19","А20","А50","Т2","Т9","Т24"],"tLines":"2, 9, 24","ntLines":"5, 6, 16, 19, 20, 50","angle":-23.8,"side":-1,"mi":4}},{"type":"Feature","geometry":{"type":"Point","coordinates":[25.947814,43.841959]},"properties":{"lines":"5, 6, 16, 19, 20, 50, 2, 9, 24","color":"#0059a9","mode":"bus","arr":["А5","А6","А16","А19","А20","А50","Т2","Т9","Т24"],"tLines":"2, 9, 24","ntLines":"5, 6, 16, 19, 20, 50","angle":33.4,"extra":1,"ei":0,"side":-1}},{"type":"Feature","geometry":{"type":"Point","coordinates":[25.951308,43.843823]},"properties":{"lines":"5, 6, 16, 19, 20, 50, 2, 9, 24","color":"#0059a9","mode":"bus","arr":["А5","А6","А16","А19","А20","А50","Т2","Т9","Т24"],"tLines":"2, 9, 24","ntLines":"5, 6, 16, 19, 20, 50","angle":-32.4,"side":-1,"mi":1}},{"type":"Feature","geometry":{"type":"Point","coordinates":[25.956769,43.845047]},"properties":{"lines":"5, 6, 11, 12, 16, 18, 19, 20, 50, 2, 9, 24","color":"#0059a9","mode":"bus","arr":["А5","А6","А11","А12","А16","А18","А19","А20","А50","Т2","Т9","Т24"],"tLines":"2, 9, 24","ntLines":"5, 6, 11, 12, 16, 18, 19, 20, 50","angle":-25,"side":-1}},{"type":"Feature","geometry":{"type":"Point","coordinates":[25.970066,43.848122]},"properties":{"lines":"5, 12, 15, 33, 50, 2, 13, 21","color":"#0059a9","mode":"bus","arr":["А5","А12","А15","А33","А50","Т2","Т13","Т21"],"tLines":"2, 13, 21","ntLines":"5, 12, 15, 33, 50","angle":-19.9}},{"type":"Feature","geometry":{"type":"Point","coordinates":[25.961843,43.846184]},"properties":{"lines":"5, 12, 15, 33, 50, 2, 13, 21","color":"#0059a9","mode":"bus","arr":["А5","А12","А15","А33","А50","Т2","Т13","Т21"],"tLines":"2, 13, 21","ntLines":"5, 12, 15, 33, 50","angle":-13.6,"extra":1,"ei":0,"side":-1}},{"type":"Feature","geometry":{"type":"Point","coordinates":[25.964417,43.846518]},"properties":{"lines":"5, 12, 15, 33, 50, 2, 13, 21","color":"#0059a9","mode":"bus","arr":["А5","А12","А15","А33","А50","Т2","Т13","Т21"],"tLines":"2, 13, 21","ntLines":"5, 12, 15, 33, 50","angle":-9,"extra":1,"ei":1,"side":-1}},{"type":"Feature","geometry":{"type":"Point","coordinates":[25.966857,43.847183]},"properties":{"lines":"5, 12, 15, 33, 50, 2, 13, 21","color":"#0059a9","mode":"bus","arr":["А5","А12","А15","А33","А50","Т2","Т13","Т21"],"tLines":"2, 13, 21","ntLines":"5, 12, 15, 33, 50","angle":-25,"extra":1,"ei":2,"side":-1}},{"type":"Feature","geometry":{"type":"Point","coordinates":[25.971764,43.848496]},"properties":{"lines":"5, 12, 15, 33, 50, 2, 13, 21","color":"#0059a9","mode":"bus","arr":["А5","А12","А15","А33","А50","Т2","Т13","Т21"],"tLines":"2, 13, 21","ntLines":"5, 12, 15, 33, 50","angle":-23.5,"extra":1,"ei":3,"side":-1}},{"type":"Feature","geometry":{"type":"Point","coordinates":[25.974145,43.849281]},"properties":{"lines":"5, 12, 15, 33, 50, 2, 13, 21","color":"#0059a9","mode":"bus","arr":["А5","А12","А15","А33","А50","Т2","Т13","Т21"],"tLines":"2, 13, 21","ntLines":"5, 12, 15, 33, 50","angle":-25.1,"extra":1,"ei":4,"side":-1}},{"type":"Feature","geometry":{"type":"Point","coordinates":[25.976516,43.850082]},"properties":{"lines":"5, 12, 15, 33, 50, 2, 13, 21","color":"#0059a9","mode":"bus","arr":["А5","А12","А15","А33","А50","Т2","Т13","Т21"],"tLines":"2, 13, 21","ntLines":"5, 12, 15, 33, 50","angle":-21.3,"extra":1,"ei":5,"side":-1}},{"type":"Feature","geometry":{"type":"Point","coordinates":[25.979079,43.850449]},"properties":{"lines":"5, 12, 15, 33, 50, 2, 13, 21","color":"#0059a9","mode":"bus","arr":["А5","А12","А15","А33","А50","Т2","Т13","Т21"],"tLines":"2, 13, 21","ntLines":"5, 12, 15, 33, 50","angle":-5.1,"extra":1,"ei":6,"side":-1}},{"type":"Feature","geometry":{"type":"Point","coordinates":[25.98066,43.850635]},"properties":{"lines":"5, 12, 15, 16, 18, 20, 30, 33, 50, 2, 13, 21","color":"#0059a9","mode":"bus","arr":["А5","А12","А15","А16","А18","А20","А30","А33","А50","Т2","Т13","Т21"],"tLines":"2, 13, 21","ntLines":"5, 12, 15, 16, 18, 20, 30, 33, 50","angle":-10.1,"side":-1}},{"type":"Feature","geometry":{"type":"Point","coordinates":[25.986787,43.851307]},"properties":{"lines":"5","color":"#0059a9","mode":"bus","arr":["А5"],"angle":-9.9,"side":-1}},{"type":"Feature","geometry":{"type":"Point","coordinates":[25.983559,43.850898]},"properties":{"lines":"5","color":"#0059a9","mode":"bus","arr":["А5"],"angle":-10.4,"extra":1,"ei":0,"side":-1}},{"type":"Feature","geometry":{"type":"Point","coordinates":[25.988716,43.85155]},"properties":{"lines":"5","color":"#0059a9","mode":"bus","arr":["А5"],"angle":-9.9,"extra":1,"ei":1,"side":-1}},{"type":"Feature","geometry":{"type":"Point","coordinates":[25.991295,43.851875]},"properties":{"lines":"5","color":"#0059a9","mode":"bus","arr":["А5"],"angle":-9.9,"extra":1,"ei":2,"side":-1}},{"type":"Feature","geometry":{"type":"Point","coordinates":[25.991617,43.85063]},"properties":{"lines":"5","color":"#0059a9","mode":"bus","arr":["А5"],"angle":73.7,"mi":1}},{"type":"Feature","geometry":{"type":"Point","coordinates":[25.988152,43.847815]},"properties":{"lines":"5, 20","color":"#0059a9","mode":"bus","arr":["А5","А20"],"angle":-36.7}},{"type":"Feature","geometry":{"type":"Point","coordinates":[25.991231,43.849034]},"properties":{"lines":"5, 20","color":"#0059a9","mode":"bus","arr":["А5","А20"],"angle":-27,"extra":1,"ei":0}},{"type":"Feature","geometry":{"type":"Point","coordinates":[25.986741,43.847114]},"properties":{"lines":"5, 20","color":"#0059a9","mode":"bus","arr":["А5","А20"],"angle":-29.8,"extra":1,"ei":1}},{"type":"Feature","geometry":{"type":"Point","coordinates":[25.984601,43.846029]},"properties":{"lines":"5, 20","color":"#0059a9","mode":"bus","arr":["А5","А20"],"angle":-36.8,"extra":1,"ei":2}},{"type":"Feature","geometry":{"type":"Point","coordinates":[25.976299,43.843425]},"properties":{"lines":"5, 30","color":"#0059a9","mode":"bus","arr":["А5","А30"],"angle":-23.7,"mi":2}},{"type":"Feature","geometry":{"type":"Point","coordinates":[25.983073,43.845342]},"properties":{"lines":"5, 30","color":"#0059a9","mode":"bus","arr":["А5","А30"],"angle":-29.1,"extra":1,"ei":0}},{"type":"Feature","geometry":{"type":"Point","coordinates":[25.9807,43.844554]},"properties":{"lines":"5, 30","color":"#0059a9","mode":"bus","arr":["А5","А30"],"angle":-18.4,"extra":1,"ei":1}},{"type":"Feature","geometry":{"type":"Point","coordinates":[25.9782,43.843992]},"properties":{"lines":"5, 30","color":"#0059a9","mode":"bus","arr":["А5","А30"],"angle":-19.4,"extra":1,"ei":2}},{"type":"Feature","geometry":{"type":"Point","coordinates":[25.973555,43.842275]},"properties":{"lines":"5, 30","color":"#0059a9","mode":"bus","arr":["А5","А30"],"angle":-28.6,"extra":1,"ei":3}},{"type":"Feature","geometry":{"type":"Point","coordinates":[25.971161,43.841515]},"properties":{"lines":"5, 30","color":"#0059a9","mode":"bus","arr":["А5","А30"],"angle":-18.1,"extra":1,"ei":4}},{"type":"Feature","geometry":{"type":"Point","coordinates":[25.968656,43.841442]},"properties":{"lines":"5, 30","color":"#0059a9","mode":"bus","arr":["А5","А30"],"angle":25.1,"extra":1,"ei":5}},{"type":"Feature","geometry":{"type":"Point","coordinates":[25.968307,43.841173]},"properties":{"lines":"5, 30","color":"#0059a9","mode":"bus","arr":["А5","А30"],"angle":-66,"mi":3}},{"type":"Feature","geometry":{"type":"Point","coordinates":[25.972353,43.842968]},"properties":{"lines":"5, 30","color":"#0059a9","mode":"bus","arr":["А5","А30"],"angle":65.8}},{"type":"Feature","geometry":{"type":"Point","coordinates":[25.973088,43.841834]},"properties":{"lines":"5, 30","color":"#0059a9","mode":"bus","arr":["А5","А30"],"angle":61.6,"extra":1,"ei":0}},{"type":"Feature","geometry":{"type":"Point","coordinates":[25.975444,43.842388]},"properties":{"lines":"5, 30","color":"#0059a9","mode":"bus","arr":["А5","А30"],"angle":-28.5,"mi":1}},{"type":"Feature","geometry":{"type":"Point","coordinates":[25.98827,43.85175]},"properties":{"lines":"5, 12, 15, 16, 18, 33, 50, 2, 13, 21","color":"#0059a9","mode":"bus","arr":["А5","А12","А15","А16","А18","А33","А50","Т2","Т13","Т21"],"tLines":"2, 13, 21","ntLines":"5, 12, 15, 16, 18, 33, 50","angle":-10.3}},{"type":"Feature","geometry":{"type":"Point","coordinates":[25.99002,43.851971]},"properties":{"lines":"5, 12, 15, 16, 18, 33, 50, 2, 13, 21","color":"#0059a9","mode":"bus","arr":["А5","А12","А15","А16","А18","А33","А50","Т2","Т13","Т21"],"tLines":"2, 13, 21","ntLines":"5, 12, 15, 16, 18, 33, 50","angle":-10,"extra":1,"ei":0}},{"type":"Feature","geometry":{"type":"Point","coordinates":[25.982266,43.850975]},"properties":{"lines":"5, 12, 15, 16, 18, 20, 33, 50, 2, 13, 21","color":"#0059a9","mode":"bus","arr":["А5","А12","А15","А16","А18","А20","А33","А50","Т2","Т13","Т21"],"tLines":"2, 13, 21","ntLines":"5, 12, 15, 16, 18, 20, 33, 50","angle":-10.6}},{"type":"Feature","geometry":{"type":"Point","coordinates":[25.983942,43.851198]},"properties":{"lines":"5, 12, 15, 16, 18, 20, 33, 50, 2, 13, 21","color":"#0059a9","mode":"bus","arr":["А5","А12","А15","А16","А18","А20","А33","А50","Т2","Т13","Т21"],"tLines":"2, 13, 21","ntLines":"5, 12, 15, 16, 18, 20, 33, 50","angle":-9.7,"extra":1,"ei":0}},{"type":"Feature","geometry":{"type":"Point","coordinates":[25.957001,43.845215]},"properties":{"lines":"5, 6, 11, 12, 16, 18, 20, 23, 50, 2","color":"#0059a9","mode":"bus","arr":["А5","А6","А11","А12","А16","А18","А20","А23","А50","Т2"],"tLines":"2","ntLines":"5, 6, 11, 12, 16, 18, 20, 23, 50","angle":-26.6}},{"type":"Feature","geometry":{"type":"Point","coordinates":[25.958572,43.845702]},"properties":{"lines":"5, 6, 11, 12, 16, 18, 20, 23, 50, 2","color":"#0059a9","mode":"bus","arr":["А5","А6","А11","А12","А16","А18","А20","А23","А50","Т2"],"tLines":"2","ntLines":"5, 6, 11, 12, 16, 18, 20, 23, 50","angle":-18.1,"extra":1,"ei":0}},{"type":"Feature","geometry":{"type":"Point","coordinates":[25.950722,43.843728]},"properties":{"lines":"5, 6, 16, 20, 50, 2, 9, 24","color":"#0059a9","mode":"bus","arr":["А5","А6","А16","А20","А50","Т2","Т9","Т24"],"tLines":"2, 9, 24","ntLines":"5, 6, 16, 20, 50","angle":-33.6}},{"type":"Feature","geometry":{"type":"Point","coordinates":[25.952794,43.844702]},"properties":{"lines":"5, 6, 16, 20, 50, 2, 9, 24","color":"#0059a9","mode":"bus","arr":["А5","А6","А16","А20","А50","Т2","Т9","Т24"],"tLines":"2, 9, 24","ntLines":"5, 6, 16, 20, 50","angle":-25.5,"extra":1,"ei":0}},{"type":"Feature","geometry":{"type":"Point","coordinates":[25.948492,43.842569]},"properties":{"lines":"5, 6, 16, 20, 50, 2, 9, 24","color":"#0059a9","mode":"bus","arr":["А5","А6","А16","А20","А50","Т2","Т9","Т24"],"tLines":"2, 9, 24","ntLines":"5, 6, 16, 20, 50","angle":-47.1,"extra":1,"ei":1}},{"type":"Feature","geometry":{"type":"Point","coordinates":[25.952914,43.832659]},"properties":{"lines":"11, 15, 18, 23","color":"#0059a9","mode":"bus","arr":["А11","А15","А18","А23"],"angle":-32.1}},{"type":"Feature","geometry":{"type":"Point","coordinates":[25.949464,43.830089]},"properties":{"lines":"11, 15, 18, 23","color":"#0059a9","mode":"bus","arr":["А11","А15","А18","А23"],"angle":-70,"mi":1}},{"type":"Feature","geometry":{"type":"Point","coordinates":[25.950793,43.831747]},"properties":{"lines":"5","color":"#0059a9","mode":"bus","arr":["А5"],"angle":-21.1,"mi":1}},{"type":"Feature","geometry":{"type":"Point","coordinates":[25.961055,43.855599]},"properties":{"lines":"23","color":"#0059a9","mode":"bus","arr":["А23"],"angle":3.2,"mi":5}},{"type":"Feature","geometry":{"type":"Point","coordinates":[25.962503,43.855535]},"properties":{"lines":"6, 8, 10, 23","color":"#0059a9","mode":"bus","arr":["А6","А8","А10","А23"],"angle":46.4}},{"type":"Feature","geometry":{"type":"Point","coordinates":[25.960891,43.852665]},"properties":{"lines":"6, 8, 10, 11, 16, 18, 19, 20, 23, 28, 30, 27, 29","color":"#0059a9","mode":"bus","arr":["А6","А8","А10","А11","А16","А18","А19","А20","А23","А28","А30","Т27","Т29"],"tLines":"27, 29","ntLines":"6, 8, 10, 11, 16, 18, 19, 20, 23, 28, 30","angle":-62.9,"side":-1}},{"type":"Feature","geometry":{"type":"Point","coordinates":[25.962201,43.854479]},"properties":{"lines":"6, 8, 10, 11, 16, 18, 19, 20, 23, 28, 30, 27, 29","color":"#0059a9","mode":"bus","arr":["А6","А8","А10","А11","А16","А18","А19","А20","А23","А28","А30","Т27","Т29"],"tLines":"27, 29","ntLines":"6, 8, 10, 11, 16, 18, 19, 20, 23, 28, 30","angle":-61.2,"extra":1,"ei":0}},{"type":"Feature","geometry":{"type":"Point","coordinates":[25.95981,43.85112]},"properties":{"lines":"6, 8, 10, 11, 16, 18, 19, 20, 23, 28, 30, 27, 29","color":"#0059a9","mode":"bus","arr":["А6","А8","А10","А11","А16","А18","А19","А20","А23","А28","А30","Т27","Т29"],"tLines":"27, 29","ntLines":"6, 8, 10, 11, 16, 18, 19, 20, 23, 28, 30","angle":-63.1,"extra":1,"ei":1}},{"type":"Feature","geometry":{"type":"Point","coordinates":[25.959291,43.848651]},"properties":{"lines":"6, 8, 10, 11, 16, 18, 19, 20, 23, 28, 27, 29","color":"#0059a9","mode":"bus","arr":["А6","А8","А10","А11","А16","А18","А19","А20","А23","А28","Т27","Т29"],"tLines":"27, 29","ntLines":"6, 8, 10, 11, 16, 18, 19, 20, 23, 28","angle":70.1,"side":-1}},{"type":"Feature","geometry":{"type":"Point","coordinates":[25.959647,43.847492]},"properties":{"lines":"6, 8, 10, 11, 16, 18, 19, 20, 23, 28, 27, 29","color":"#0059a9","mode":"bus","arr":["А6","А8","А10","А11","А16","А18","А19","А20","А23","А28","Т27","Т29"],"tLines":"27, 29","ntLines":"6, 8, 10, 11, 16, 18, 19, 20, 23, 28","angle":78.8,"extra":1,"ei":0}},{"type":"Feature","geometry":{"type":"Point","coordinates":[25.959886,43.84664]},"properties":{"lines":"6, 8, 10, 11, 16, 18, 20, 23, 28, 27, 29","color":"#0059a9","mode":"bus","arr":["А6","А8","А10","А11","А16","А18","А20","А23","А28","Т27","Т29"],"tLines":"27, 29","ntLines":"6, 8, 10, 11, 16, 18, 20, 23, 28","angle":80.2}},{"type":"Feature","geometry":{"type":"Point","coordinates":[25.915177,43.791879]},"properties":{"lines":"16","color":"#0059a9","mode":"bus","arr":["А16"],"angle":33.2}},{"type":"Feature","geometry":{"type":"Point","coordinates":[25.917587,43.796167]},"properties":{"lines":"16","color":"#0059a9","mode":"bus","arr":["А16"],"angle":-68.8,"mi":1}},{"type":"Feature","geometry":{"type":"Point","coordinates":[25.916406,43.794675]},"properties":{"lines":"16","color":"#0059a9","mode":"bus","arr":["А16"],"angle":-71.2,"extra":1,"ei":0}},{"type":"Feature","geometry":{"type":"Point","coordinates":[25.916912,43.795337]},"properties":{"lines":"6","color":"#0059a9","mode":"bus","arr":["А6"],"angle":23.3,"side":-1,"mi":1}},{"type":"Feature","geometry":{"type":"Point","coordinates":[25.917984,43.796069]},"properties":{"lines":"6","color":"#0059a9","mode":"bus","arr":["А6"],"angle":-58.6}},{"type":"Feature","geometry":{"type":"Point","coordinates":[25.942322,43.806885]},"properties":{"lines":"6","color":"#0059a9","mode":"bus","arr":["А6"],"angle":-41.7}},{"type":"Feature","geometry":{"type":"Point","coordinates":[25.922113,43.794778]},"properties":{"lines":"6","color":"#0059a9","mode":"bus","arr":["А6"],"angle":34.6,"mi":2}},{"type":"Feature","geometry":{"type":"Point","coordinates":[25.919212,43.795699]},"properties":{"lines":"6","color":"#0059a9","mode":"bus","arr":["А6"],"angle":15.2,"extra":1,"ei":0}},{"type":"Feature","geometry":{"type":"Point","coordinates":[25.923884,43.794088]},"properties":{"lines":"6","color":"#0059a9","mode":"bus","arr":["А6"],"angle":18.7,"extra":1,"ei":1}},{"type":"Feature","geometry":{"type":"Point","coordinates":[25.929673,43.795829]},"properties":{"lines":"6, 15","color":"#0059a9","mode":"bus","arr":["А6","А15"],"angle":-36.9,"mi":4}},{"type":"Feature","geometry":{"type":"Point","coordinates":[25.927434,43.794613]},"properties":{"lines":"6, 15","color":"#0059a9","mode":"bus","arr":["А6","А15"],"angle":-37.6,"extra":1,"ei":0}},{"type":"Feature","geometry":{"type":"Point","coordinates":[25.93137,43.797076]},"properties":{"lines":"6, 15","color":"#0059a9","mode":"bus","arr":["А6","А15"],"angle":-59.2,"extra":1,"ei":1}},{"type":"Feature","geometry":{"type":"Point","coordinates":[25.931433,43.798361]},"properties":{"lines":"6, 15","color":"#0059a9","mode":"bus","arr":["А6","А15"],"angle":9.6,"mi":1}},{"type":"Feature","geometry":{"type":"Point","coordinates":[25.929362,43.799367]},"properties":{"lines":"6, 15","color":"#0059a9","mode":"bus","arr":["А6","А15"],"angle":47.3}},{"type":"Feature","geometry":{"type":"Point","coordinates":[25.928187,43.800638]},"properties":{"lines":"6, 15","color":"#0059a9","mode":"bus","arr":["А6","А15"],"angle":62.1,"mi":2}},{"type":"Feature","geometry":{"type":"Point","coordinates":[25.94239,43.806849]},"properties":{"lines":"6, 15","color":"#0059a9","mode":"bus","arr":["А6","А15"],"angle":-30.2,"side":-1,"mi":6}},{"type":"Feature","geometry":{"type":"Point","coordinates":[25.931237,43.798064]},"properties":{"lines":"6, 15","color":"#0059a9","mode":"bus","arr":["А6","А15"],"angle":48.7,"mi":3}},{"type":"Feature","geometry":{"type":"Point","coordinates":[25.931785,43.806515]},"properties":{"lines":"6, 15","color":"#0059a9","mode":"bus","arr":["А6","А15"],"angle":-21.1,"mi":5}},{"type":"Feature","geometry":{"type":"Point","coordinates":[25.927511,43.801688]},"properties":{"lines":"6, 15","color":"#0059a9","mode":"bus","arr":["А6","А15"],"angle":65.6,"extra":1,"ei":0}},{"type":"Feature","geometry":{"type":"Point","coordinates":[25.927414,43.803495]},"properties":{"lines":"6, 15","color":"#0059a9","mode":"bus","arr":["А6","А15"],"angle":-73.8,"extra":1,"ei":1}},{"type":"Feature","geometry":{"type":"Point","coordinates":[25.928529,43.805152]},"properties":{"lines":"6, 15","color":"#0059a9","mode":"bus","arr":["А6","А15"],"angle":-35.5,"extra":1,"ei":2}},{"type":"Feature","geometry":{"type":"Point","coordinates":[25.935851,43.806683]},"properties":{"lines":"6, 15","color":"#0059a9","mode":"bus","arr":["А6","А15"],"angle":1.4,"extra":1,"ei":3}},{"type":"Feature","geometry":{"type":"Point","coordinates":[25.938468,43.806635]},"properties":{"lines":"6, 15","color":"#0059a9","mode":"bus","arr":["А6","А15"],"angle":1.1,"extra":1,"ei":4}},{"type":"Feature","geometry":{"type":"Point","coordinates":[25.941086,43.806587]},"properties":{"lines":"6, 15","color":"#0059a9","mode":"bus","arr":["А6","А15"],"angle":1.7,"extra":1,"ei":5}},{"type":"Feature","geometry":{"type":"Point","coordinates":[25.944919,43.805582]},"properties":{"lines":"6, 8, 50","color":"#0059a9","mode":"bus","arr":["А6","А8","А50"],"angle":61.5}},{"type":"Feature","geometry":{"type":"Point","coordinates":[25.945713,43.804529]},"properties":{"lines":"6, 8, 50","color":"#0059a9","mode":"bus","arr":["А6","А8","А50"],"angle":60.9,"extra":1,"ei":0}},{"type":"Feature","geometry":{"type":"Point","coordinates":[25.942187,43.812638]},"properties":{"lines":"8, 15, 50","color":"#0059a9","mode":"bus","arr":["А8","А15","А50"],"angle":56.9}},{"type":"Feature","geometry":{"type":"Point","coordinates":[25.942575,43.807957]},"properties":{"lines":"8, 15, 50","color":"#0059a9","mode":"bus","arr":["А8","А15","А50"],"angle":-68.4,"extra":1,"ei":0}},{"type":"Feature","geometry":{"type":"Point","coordinates":[25.943584,43.809694]},"properties":{"lines":"8, 15, 50","color":"#0059a9","mode":"bus","arr":["А8","А15","А50"],"angle":-79.1,"extra":1,"ei":1}},{"type":"Feature","geometry":{"type":"Point","coordinates":[25.943221,43.81153]},"properties":{"lines":"8, 15, 50","color":"#0059a9","mode":"bus","arr":["А8","А15","А50"],"angle":63,"extra":1,"ei":2}},{"type":"Feature","geometry":{"type":"Point","coordinates":[25.940578,43.814773]},"properties":{"lines":"8, 15, 50","color":"#0059a9","mode":"bus","arr":["А8","А15","А50"],"angle":71.4,"extra":1,"ei":3}},{"type":"Feature","geometry":{"type":"Point","coordinates":[25.939872,43.816588]},"properties":{"lines":"8, 15, 50","color":"#0059a9","mode":"bus","arr":["А8","А15","А50"],"angle":77.7,"extra":1,"ei":4}},{"type":"Feature","geometry":{"type":"Point","coordinates":[25.946156,43.803475]},"properties":{"lines":"6, 8, 50","color":"#0059a9","mode":"bus","arr":["А6","А8","А50"],"angle":-56.2,"mi":1}},{"type":"Feature","geometry":{"type":"Point","coordinates":[25.945788,43.800879]},"properties":{"lines":"8, 50","color":"#0059a9","mode":"bus","arr":["А8","А50"],"angle":86.1}},{"type":"Feature","geometry":{"type":"Point","coordinates":[25.945411,43.802507]},"properties":{"lines":"8, 50","color":"#0059a9","mode":"bus","arr":["А8","А50"],"angle":81.1,"extra":1,"ei":0}},{"type":"Feature","geometry":{"type":"Point","coordinates":[25.945947,43.798758]},"properties":{"lines":"8, 50","color":"#0059a9","mode":"bus","arr":["А8","А50"],"angle":87.2,"extra":1,"ei":1}},{"type":"Feature","geometry":{"type":"Point","coordinates":[25.930997,43.81934]},"properties":{"lines":"6, 16, 19","color":"#0059a9","mode":"bus","arr":["А6","А16","А19"],"angle":-86.7,"side":-1,"mi":1}},{"type":"Feature","geometry":{"type":"Point","coordinates":[25.932175,43.817928]},"properties":{"lines":"6, 16, 19","color":"#0059a9","mode":"bus","arr":["А6","А16","А19"],"angle":-10.1,"extra":1,"ei":0}},{"type":"Feature","geometry":{"type":"Point","coordinates":[25.932055,43.821122]},"properties":{"lines":"6, 16, 19","color":"#0059a9","mode":"bus","arr":["А6","А16","А19"],"angle":-77,"extra":1,"ei":1}},{"type":"Feature","geometry":{"type":"Point","coordinates":[25.936595,43.827481]},"properties":{"lines":"6, 16, 19, 2, 9, 24","color":"#0059a9","mode":"bus","arr":["А6","А16","А19","Т2","Т9","Т24"],"tLines":"2, 9, 24","ntLines":"6, 16, 19","angle":-63.7}},{"type":"Feature","geometry":{"type":"Point","coordinates":[25.93726,43.828764]},"properties":{"lines":"6, 16, 19, 2, 9, 24","color":"#0059a9","mode":"bus","arr":["А6","А16","А19","Т2","Т9","Т24"],"tLines":"2, 9, 24","ntLines":"6, 16, 19","angle":-72.1,"extra":1,"ei":0}},{"type":"Feature","geometry":{"type":"Point","coordinates":[25.959801,43.848301]},"properties":{"lines":"6, 8, 10, 11, 16, 18, 19, 20, 28, 27, 29","color":"#0059a9","mode":"bus","arr":["А6","А8","А10","А11","А16","А18","А19","А20","А28","Т27","Т29"],"tLines":"27, 29","ntLines":"6, 8, 10, 11, 16, 18, 19, 20, 28","angle":75.5}},{"type":"Feature","geometry":{"type":"Point","coordinates":[25.96176,43.853469]},"properties":{"lines":"6, 8, 10, 11, 16, 18, 19, 20, 28, 30, 27, 29","color":"#0059a9","mode":"bus","arr":["А6","А8","А10","А11","А16","А18","А19","А20","А28","А30","Т27","Т29"],"tLines":"27, 29","ntLines":"6, 8, 10, 11, 16, 18, 19, 20, 28, 30","angle":-43.4,"side":-1}},{"type":"Feature","geometry":{"type":"Point","coordinates":[25.962638,43.854486]},"properties":{"lines":"6, 8, 10","color":"#0059a9","mode":"bus","arr":["А6","А8","А10"],"angle":-62.9,"side":-1}},{"type":"Feature","geometry":{"type":"Point","coordinates":[25.968191,43.857016]},"properties":{"lines":"11, 16, 18, 19, 20, 28, 30, 27, 29","color":"#0059a9","mode":"bus","arr":["А11","А16","А18","А19","А20","А28","А30","Т27","Т29"],"tLines":"27, 29","ntLines":"11, 16, 18, 19, 20, 28, 30","angle":-33.6}},{"type":"Feature","geometry":{"type":"Point","coordinates":[25.964359,43.855181]},"properties":{"lines":"11, 16, 18, 19, 20, 28, 30, 27, 29","color":"#0059a9","mode":"bus","arr":["А11","А16","А18","А19","А20","А28","А30","Т27","Т29"],"tLines":"27, 29","ntLines":"11, 16, 18, 19, 20, 28, 30","angle":-33.2,"extra":1,"ei":0}},{"type":"Feature","geometry":{"type":"Point","coordinates":[25.966534,43.856232]},"properties":{"lines":"11, 16, 18, 19, 20, 28, 30, 27, 29","color":"#0059a9","mode":"bus","arr":["А11","А16","А18","А19","А20","А28","А30","Т27","Т29"],"tLines":"27, 29","ntLines":"11, 16, 18, 19, 20, 28, 30","angle":-33.2,"extra":1,"ei":1}},{"type":"Feature","geometry":{"type":"Point","coordinates":[25.9709,43.858316]},"properties":{"lines":"11, 16, 18, 19, 20, 28, 30, 27, 29","color":"#0059a9","mode":"bus","arr":["А11","А16","А18","А19","А20","А28","А30","Т27","Т29"],"tLines":"27, 29","ntLines":"11, 16, 18, 19, 20, 28, 30","angle":-33.7,"extra":1,"ei":2}},{"type":"Feature","geometry":{"type":"Point","coordinates":[25.973063,43.85938]},"properties":{"lines":"11, 16, 18, 19, 20, 28, 30, 27, 29","color":"#0059a9","mode":"bus","arr":["А11","А16","А18","А19","А20","А28","А30","Т27","Т29"],"tLines":"27, 29","ntLines":"11, 16, 18, 19, 20, 28, 30","angle":-34.8,"extra":1,"ei":3}},{"type":"Feature","geometry":{"type":"Point","coordinates":[25.960585,43.843731]},"properties":{"lines":"8, 10, 15, 28, 33, 13, 21, 27, 29","color":"#0059a9","mode":"bus","arr":["А8","А10","А15","А28","А33","Т13","Т21","Т27","Т29"],"tLines":"13, 21, 27, 29","ntLines":"8, 10, 15, 28, 33","angle":88.6}},{"type":"Feature","geometry":{"type":"Point","coordinates":[25.96024,43.842531]},"properties":{"lines":"8, 10, 15, 28, 33, 9, 13, 21, 24, 27, 29","color":"#0059a9","mode":"bus","arr":["А8","А10","А15","А28","А33","Т9","Т13","Т21","Т24","Т27","Т29"],"tLines":"9, 13, 21, 24, 27, 29","ntLines":"8, 10, 15, 28, 33","angle":-89.9}},{"type":"Feature","geometry":{"type":"Point","coordinates":[25.960202,43.844478]},"properties":{"lines":"8, 10, 15, 28, 33, 9, 13, 21, 24, 27, 29","color":"#0059a9","mode":"bus","arr":["А8","А10","А15","А28","А33","Т9","Т13","Т21","Т24","Т27","Т29"],"tLines":"9, 13, 21, 24, 27, 29","ntLines":"8, 10, 15, 28, 33","angle":89.3,"extra":1,"ei":0,"side":-1}},{"type":"Feature","geometry":{"type":"Point","coordinates":[25.959914,43.840728]},"properties":{"lines":"8, 10, 15, 28, 33, 9, 13, 21, 24, 27, 29","color":"#0059a9","mode":"bus","arr":["А8","А10","А15","А28","А33","Т9","Т13","Т21","Т24","Т27","Т29"],"tLines":"9, 13, 21, 24, 27, 29","ntLines":"8, 10, 15, 28, 33","angle":-76.8,"extra":1,"ei":1}},{"type":"Feature","geometry":{"type":"Point","coordinates":[25.963986,43.836632]},"properties":{"lines":"8, 10, 28, 33, 9, 13, 21, 24, 27, 29","color":"#0059a9","mode":"bus","arr":["А8","А10","А28","А33","Т9","Т13","Т21","Т24","Т27","Т29"],"tLines":"9, 13, 21, 24, 27, 29","ntLines":"8, 10, 28, 33","angle":42.9,"side":-1}},{"type":"Feature","geometry":{"type":"Point","coordinates":[25.960851,43.838842]},"properties":{"lines":"8, 10, 28, 33, 9, 13, 21, 24, 27, 29","color":"#0059a9","mode":"bus","arr":["А8","А10","А28","А33","Т9","Т13","Т21","Т24","Т27","Т29"],"tLines":"9, 13, 21, 24, 27, 29","ntLines":"8, 10, 28, 33","angle":47.4,"extra":1,"ei":0,"side":-1}},{"type":"Feature","geometry":{"type":"Point","coordinates":[25.962693,43.8375]},"properties":{"lines":"8, 10, 28, 33, 9, 13, 21, 24, 27, 29","color":"#0059a9","mode":"bus","arr":["А8","А10","А28","А33","Т9","Т13","Т21","Т24","Т27","Т29"],"tLines":"9, 13, 21, 24, 27, 29","ntLines":"8, 10, 28, 33","angle":43,"extra":1,"ei":1,"side":-1}},{"type":"Feature","geometry":{"type":"Point","coordinates":[25.966517,43.834921]},"properties":{"lines":"8, 10, 28, 33, 9, 13, 21, 24, 27, 29","color":"#0059a9","mode":"bus","arr":["А8","А10","А28","А33","Т9","Т13","Т21","Т24","Т27","Т29"],"tLines":"9, 13, 21, 24, 27, 29","ntLines":"8, 10, 28, 33","angle":42.3,"extra":1,"ei":2,"side":-1}},{"type":"Feature","geometry":{"type":"Point","coordinates":[25.967638,43.833187]},"properties":{"lines":"8","color":"#0059a9","mode":"bus","arr":["А8"],"angle":-46.8,"mi":1}},{"type":"Feature","geometry":{"type":"Point","coordinates":[25.96718,43.832249]},"properties":{"lines":"8","color":"#0059a9","mode":"bus","arr":["А8"],"angle":80.6}},{"type":"Feature","geometry":{"type":"Point","coordinates":[25.969128,43.830375]},"properties":{"lines":"8, 28, 13, 24, 27","color":"#0059a9","mode":"bus","arr":["А8","А28","Т13","Т24","Т27"],"tLines":"13, 24, 27","ntLines":"8, 28","angle":52}},{"type":"Feature","geometry":{"type":"Point","coordinates":[25.968657,43.833674]},"properties":{"lines":"8, 23, 28, 13, 24, 27","color":"#0059a9","mode":"bus","arr":["А8","А23","А28","Т13","Т24","Т27"],"tLines":"13, 24, 27","ntLines":"8, 23, 28","angle":43.6}},{"type":"Feature","geometry":{"type":"Point","coordinates":[25.960258,43.839509]},"properties":{"lines":"8, 23","color":"#0059a9","mode":"bus","arr":["А8","А23"],"angle":36.9}},{"type":"Feature","geometry":{"type":"Point","coordinates":[25.957327,43.839414]},"properties":{"lines":"8","color":"#0059a9","mode":"bus","arr":["А8"],"angle":-12.4,"mi":3}},{"type":"Feature","geometry":{"type":"Point","coordinates":[25.955728,43.839208]},"properties":{"lines":"8","color":"#0059a9","mode":"bus","arr":["А8"],"angle":-10.5,"extra":1,"ei":0}},{"type":"Feature","geometry":{"type":"Point","coordinates":[25.954916,43.839935]},"properties":{"lines":"8, 11, 12, 18, 23","color":"#0059a9","mode":"bus","arr":["А8","А11","А12","А18","А23"],"angle":82.9}},{"type":"Feature","geometry":{"type":"Point","coordinates":[25.953254,43.84002]},"properties":{"lines":"8","color":"#0059a9","mode":"bus","arr":["А8"],"angle":22.2,"mi":1}},{"type":"Feature","geometry":{"type":"Point","coordinates":[25.950821,43.840431]},"properties":{"lines":"8","color":"#0059a9","mode":"bus","arr":["А8"],"angle":-17.2,"mi":4}},{"type":"Feature","geometry":{"type":"Point","coordinates":[25.955276,43.840866]},"properties":{"lines":"8","color":"#0059a9","mode":"bus","arr":["А8"],"angle":-6.4}},{"type":"Feature","geometry":{"type":"Point","coordinates":[25.950498,43.839471]},"properties":{"lines":"8","color":"#0059a9","mode":"bus","arr":["А8"],"angle":70.6,"mi":6}},{"type":"Feature","geometry":{"type":"Point","coordinates":[25.952586,43.838846]},"properties":{"lines":"8, 18","color":"#0059a9","mode":"bus","arr":["А8","А18"],"angle":-7.1}},{"type":"Feature","geometry":{"type":"Point","coordinates":[25.947427,43.836361]},"properties":{"lines":"8, 50","color":"#0059a9","mode":"bus","arr":["А8","А50"],"angle":-24.7,"side":-1,"mi":2}},{"type":"Feature","geometry":{"type":"Point","coordinates":[25.945896,43.835909]},"properties":{"lines":"8, 50","color":"#0059a9","mode":"bus","arr":["А8","А50"],"angle":-16.8,"side":-1}},{"type":"Feature","geometry":{"type":"Point","coordinates":[25.947342,43.835992]},"properties":{"lines":"8, 50","color":"#0059a9","mode":"bus","arr":["А8","А50"],"angle":-44.3,"mi":1}},{"type":"Feature","geometry":{"type":"Point","coordinates":[25.943043,43.827352]},"properties":{"lines":"8, 50","color":"#0059a9","mode":"bus","arr":["А8","А50"],"angle":-55.2,"mi":3}},{"type":"Feature","geometry":{"type":"Point","coordinates":[25.937065,43.819199]},"properties":{"lines":"8, 50","color":"#0059a9","mode":"bus","arr":["А8","А50"],"angle":-21.1}},{"type":"Feature","geometry":{"type":"Point","coordinates":[25.938592,43.81837]},"properties":{"lines":"8, 50","color":"#0059a9","mode":"bus","arr":["А8","А50"],"angle":31.5,"side":-1,"mi":1}},{"type":"Feature","geometry":{"type":"Point","coordinates":[25.945631,43.834494]},"properties":{"lines":"8, 50","color":"#0059a9","mode":"bus","arr":["А8","А50"],"angle":78.3,"extra":1,"ei":0}},{"type":"Feature","geometry":{"type":"Point","coordinates":[25.946237,43.832657]},"properties":{"lines":"8, 50","color":"#0059a9","mode":"bus","arr":["А8","А50"],"angle":75.5,"extra":1,"ei":1}},{"type":"Feature","geometry":{"type":"Point","coordinates":[25.946351,43.830829]},"properties":{"lines":"8, 50","color":"#0059a9","mode":"bus","arr":["А8","А50"],"angle":-66,"extra":1,"ei":2}},{"type":"Feature","geometry":{"type":"Point","coordinates":[25.944976,43.829229]},"properties":{"lines":"8, 50","color":"#0059a9","mode":"bus","arr":["А8","А50"],"angle":-53.7,"extra":1,"ei":3}},{"type":"Feature","geometry":{"type":"Point","coordinates":[25.941829,43.826258]},"properties":{"lines":"8, 50","color":"#0059a9","mode":"bus","arr":["А8","А50"],"angle":-67.2,"extra":1,"ei":4}},{"type":"Feature","geometry":{"type":"Point","coordinates":[25.940485,43.824666]},"properties":{"lines":"8, 50","color":"#0059a9","mode":"bus","arr":["А8","А50"],"angle":-45.5,"extra":1,"ei":5}},{"type":"Feature","geometry":{"type":"Point","coordinates":[25.938677,43.823301]},"properties":{"lines":"8, 50","color":"#0059a9","mode":"bus","arr":["А8","А50"],"angle":-48.6,"extra":1,"ei":6}},{"type":"Feature","geometry":{"type":"Point","coordinates":[25.937178,43.821765]},"properties":{"lines":"8, 50","color":"#0059a9","mode":"bus","arr":["А8","А50"],"angle":-68.5,"extra":1,"ei":7}},{"type":"Feature","geometry":{"type":"Point","coordinates":[25.955412,43.83689]},"properties":{"lines":"11, 12, 18, 23","color":"#0059a9","mode":"bus","arr":["А11","А12","А18","А23"],"angle":82.9}},{"type":"Feature","geometry":{"type":"Point","coordinates":[25.954446,43.842823]},"properties":{"lines":"11, 12, 18, 23","color":"#0059a9","mode":"bus","arr":["А11","А12","А18","А23"],"angle":83,"mi":1}},{"type":"Feature","geometry":{"type":"Point","coordinates":[25.955635,43.835675]},"properties":{"lines":"11, 12, 18, 23","color":"#0059a9","mode":"bus","arr":["А11","А12","А18","А23"],"angle":81.9,"extra":1,"ei":0}},{"type":"Feature","geometry":{"type":"Point","coordinates":[25.956075,43.841687]},"properties":{"lines":"8","color":"#0059a9","mode":"bus","arr":["А8"],"angle":-74.7,"mi":2}},{"type":"Feature","geometry":{"type":"Point","coordinates":[25.959203,43.841853]},"properties":{"lines":"8, 9, 24","color":"#0059a9","mode":"bus","arr":["А8","Т9","Т24"],"tLines":"9, 24","ntLines":"8","angle":11.1}},{"type":"Feature","geometry":{"type":"Point","coordinates":[25.957271,43.842228]},"properties":{"lines":"8","color":"#0059a9","mode":"bus","arr":["А8"],"angle":19.3,"mi":5}},{"type":"Feature","geometry":{"type":"Point","coordinates":[25.95867,43.836631]},"properties":{"lines":"15","color":"#0059a9","mode":"bus","arr":["А15"],"angle":-73.7,"side":-1}},{"type":"Feature","geometry":{"type":"Point","coordinates":[25.959683,43.838953]},"properties":{"lines":"15","color":"#0059a9","mode":"bus","arr":["А15"],"angle":-74.1,"extra":1,"ei":0,"side":-1}},{"type":"Feature","geometry":{"type":"Point","coordinates":[25.958062,43.835369]},"properties":{"lines":"15","color":"#0059a9","mode":"bus","arr":["А15"],"angle":-53.2,"extra":1,"ei":1,"side":-1}},{"type":"Feature","geometry":{"type":"Point","coordinates":[25.956031,43.834183]},"properties":{"lines":"15","color":"#0059a9","mode":"bus","arr":["А15"],"angle":-37.6,"extra":1,"ei":2,"side":-1}},{"type":"Feature","geometry":{"type":"Point","coordinates":[25.96033,43.840802]},"properties":{"lines":"10, 15, 28, 33, 9, 13, 21, 24, 27, 29","color":"#0059a9","mode":"bus","arr":["А10","А15","А28","А33","Т9","Т13","Т21","Т24","Т27","Т29"],"tLines":"9, 13, 21, 24, 27, 29","ntLines":"10, 15, 28, 33","angle":-76.7,"side":-1}},{"type":"Feature","geometry":{"type":"Point","coordinates":[25.96924,43.833086]},"properties":{"lines":"10, 28, 33, 9, 13, 21, 24, 27, 29","color":"#0059a9","mode":"bus","arr":["А10","А28","А33","Т9","Т13","Т21","Т24","Т27","Т29"],"tLines":"9, 13, 21, 24, 27, 29","ntLines":"10, 28, 33","angle":43,"side":-1}},{"type":"Feature","geometry":{"type":"Point","coordinates":[25.971169,43.831812]},"properties":{"lines":"10, 33, 9, 21, 29","color":"#0059a9","mode":"bus","arr":["А10","А33","Т9","Т21","Т29"],"tLines":"9, 21, 29","ntLines":"10, 33","angle":41.9,"side":-1}},{"type":"Feature","geometry":{"type":"Point","coordinates":[25.976877,43.838798]},"properties":{"lines":"10","color":"#0059a9","mode":"bus","arr":["А10"],"angle":-3.7,"side":-1}},{"type":"Feature","geometry":{"type":"Point","coordinates":[26.009626,43.836714]},"properties":{"lines":"10","color":"#0059a9","mode":"bus","arr":["А10"],"angle":3.6}},{"type":"Feature","geometry":{"type":"Point","coordinates":[25.983499,43.840004]},"properties":{"lines":"10","color":"#0059a9","mode":"bus","arr":["А10"],"angle":-28.2,"extra":1,"ei":0}},{"type":"Feature","geometry":{"type":"Point","coordinates":[25.985989,43.840458]},"properties":{"lines":"10","color":"#0059a9","mode":"bus","arr":["А10"],"angle":2.2,"extra":1,"ei":1}},{"type":"Feature","geometry":{"type":"Point","coordinates":[25.988602,43.840341]},"properties":{"lines":"10","color":"#0059a9","mode":"bus","arr":["А10"],"angle":3.5,"extra":1,"ei":2}},{"type":"Feature","geometry":{"type":"Point","coordinates":[25.991177,43.840088]},"properties":{"lines":"10","color":"#0059a9","mode":"bus","arr":["А10"],"angle":20.9,"extra":1,"ei":3}},{"type":"Feature","geometry":{"type":"Point","coordinates":[25.993616,43.839405]},"properties":{"lines":"10","color":"#0059a9","mode":"bus","arr":["А10"],"angle":19.3,"extra":1,"ei":4}},{"type":"Feature","geometry":{"type":"Point","coordinates":[25.995992,43.838626]},"properties":{"lines":"10","color":"#0059a9","mode":"bus","arr":["А10"],"angle":23.8,"extra":1,"ei":5}},{"type":"Feature","geometry":{"type":"Point","coordinates":[25.998522,43.838161]},"properties":{"lines":"10","color":"#0059a9","mode":"bus","arr":["А10"],"angle":7.8,"extra":1,"ei":6}},{"type":"Feature","geometry":{"type":"Point","coordinates":[26.001114,43.837896]},"properties":{"lines":"10","color":"#0059a9","mode":"bus","arr":["А10"],"angle":6.8,"extra":1,"ei":7}},{"type":"Feature","geometry":{"type":"Point","coordinates":[26.003422,43.837276]},"properties":{"lines":"10","color":"#0059a9","mode":"bus","arr":["А10"],"angle":56.1,"extra":1,"ei":8}},{"type":"Feature","geometry":{"type":"Point","coordinates":[26.005763,43.836721]},"properties":{"lines":"10","color":"#0059a9","mode":"bus","arr":["А10"],"angle":0.6,"extra":1,"ei":9}},{"type":"Feature","geometry":{"type":"Point","coordinates":[26.013106,43.835384]},"properties":{"lines":"10","color":"#0059a9","mode":"bus","arr":["А10"],"angle":33,"extra":1,"ei":10}},{"type":"Feature","geometry":{"type":"Point","coordinates":[26.015104,43.834188]},"properties":{"lines":"10","color":"#0059a9","mode":"bus","arr":["А10"],"angle":34.3,"extra":1,"ei":11}},{"type":"Feature","geometry":{"type":"Point","coordinates":[26.016669,43.832745]},"properties":{"lines":"10","color":"#0059a9","mode":"bus","arr":["А10"],"angle":61.7,"extra":1,"ei":12}},{"type":"Feature","geometry":{"type":"Point","coordinates":[26.017675,43.831014]},"properties":{"lines":"10","color":"#0059a9","mode":"bus","arr":["А10"],"angle":70.4,"extra":1,"ei":13}},{"type":"Feature","geometry":{"type":"Point","coordinates":[26.019331,43.829571]},"properties":{"lines":"10","color":"#0059a9","mode":"bus","arr":["А10"],"angle":43.2,"extra":1,"ei":14}},{"type":"Feature","geometry":{"type":"Point","coordinates":[26.021642,43.828712]},"properties":{"lines":"10","color":"#0059a9","mode":"bus","arr":["А10"],"angle":23.2,"extra":1,"ei":15}},{"type":"Feature","geometry":{"type":"Point","coordinates":[26.023836,43.82771]},"properties":{"lines":"10","color":"#0059a9","mode":"bus","arr":["А10"],"angle":39.1,"extra":1,"ei":16}},{"type":"Feature","geometry":{"type":"Point","coordinates":[26.025618,43.826414]},"properties":{"lines":"10","color":"#0059a9","mode":"bus","arr":["А10"],"angle":61.1,"extra":1,"ei":17}},{"type":"Feature","geometry":{"type":"Point","coordinates":[26.028031,43.826599]},"properties":{"lines":"10","color":"#0059a9","mode":"bus","arr":["А10"],"angle":-7.3,"extra":1,"ei":18}},{"type":"Feature","geometry":{"type":"Point","coordinates":[26.030623,43.82643]},"properties":{"lines":"10","color":"#0059a9","mode":"bus","arr":["А10"],"angle":14.5,"extra":1,"ei":19}},{"type":"Feature","geometry":{"type":"Point","coordinates":[25.97968,43.838599]},"properties":{"lines":"10","color":"#0059a9","mode":"bus","arr":["А10"],"angle":-12.1,"mi":1}},{"type":"Feature","geometry":{"type":"Point","coordinates":[25.97802,43.838616]},"properties":{"lines":"10","color":"#0059a9","mode":"bus","arr":["А10"],"angle":13.6,"extra":1,"ei":0}},{"type":"Feature","geometry":{"type":"Point","coordinates":[25.968701,43.833727]},"properties":{"lines":"10, 33, 9, 21, 29","color":"#0059a9","mode":"bus","arr":["А10","А33","Т9","Т21","Т29"],"tLines":"9, 21, 29","ntLines":"10, 33","angle":51.2,"mi":1}},{"type":"Feature","geometry":{"type":"Point","coordinates":[25.960264,43.839597]},"properties":{"lines":"10, 28, 33, 9, 13, 21, 24, 27, 29","color":"#0059a9","mode":"bus","arr":["А10","А28","А33","Т9","Т13","Т21","Т24","Т27","Т29"],"tLines":"9, 13, 21, 24, 27, 29","ntLines":"10, 28, 33","angle":53}},{"type":"Feature","geometry":{"type":"Point","coordinates":[25.956163,43.827787]},"properties":{"lines":"11","color":"#0059a9","mode":"bus","arr":["А11"],"angle":-24.2,"mi":1}},{"type":"Feature","geometry":{"type":"Point","coordinates":[25.959718,43.829235]},"properties":{"lines":"11","color":"#0059a9","mode":"bus","arr":["А11"],"angle":-45.5}},{"type":"Feature","geometry":{"type":"Point","coordinates":[25.955664,43.833984]},"properties":{"lines":"11, 15","color":"#0059a9","mode":"bus","arr":["А11","А15"],"angle":-36.5}},{"type":"Feature","geometry":{"type":"Point","coordinates":[25.9559,43.834416]},"properties":{"lines":"11","color":"#0059a9","mode":"bus","arr":["А11"],"angle":85.9,"mi":2}},{"type":"Feature","geometry":{"type":"Point","coordinates":[25.963442,43.853968]},"properties":{"lines":"11, 16, 18, 19, 20, 28, 30, 27, 29","color":"#0059a9","mode":"bus","arr":["А11","А16","А18","А19","А20","А28","А30","Т27","Т29"],"tLines":"27, 29","ntLines":"11, 16, 18, 19, 20, 28, 30","angle":-16.5,"mi":2}},{"type":"Feature","geometry":{"type":"Point","coordinates":[25.969187,43.856418]},"properties":{"lines":"11, 16, 18, 19, 20, 28, 30, 27, 29","color":"#0059a9","mode":"bus","arr":["А11","А16","А18","А19","А20","А28","А30","Т27","Т29"],"tLines":"27, 29","ntLines":"11, 16, 18, 19, 20, 28, 30","angle":-33.5,"mi":1}},{"type":"Feature","geometry":{"type":"Point","coordinates":[25.965648,43.85471]},"properties":{"lines":"11, 16, 18, 19, 20, 28, 30, 27, 29","color":"#0059a9","mode":"bus","arr":["А11","А16","А18","А19","А20","А28","А30","Т27","Т29"],"tLines":"27, 29","ntLines":"11, 16, 18, 19, 20, 28, 30","angle":-34,"extra":1,"ei":0}},{"type":"Feature","geometry":{"type":"Point","coordinates":[25.967822,43.855762]},"properties":{"lines":"11, 16, 18, 19, 20, 28, 30, 27, 29","color":"#0059a9","mode":"bus","arr":["А11","А16","А18","А19","А20","А28","А30","Т27","Т29"],"tLines":"27, 29","ntLines":"11, 16, 18, 19, 20, 28, 30","angle":-33.8,"extra":1,"ei":1}},{"type":"Feature","geometry":{"type":"Point","coordinates":[25.972176,43.85786]},"properties":{"lines":"11, 16, 18, 19, 20, 28, 30, 27, 29","color":"#0059a9","mode":"bus","arr":["А11","А16","А18","А19","А20","А28","А30","Т27","Т29"],"tLines":"27, 29","ntLines":"11, 16, 18, 19, 20, 28, 30","angle":-33.5,"extra":1,"ei":2}},{"type":"Feature","geometry":{"type":"Point","coordinates":[25.955347,43.834207]},"properties":{"lines":"11, 15, 18, 23","color":"#0059a9","mode":"bus","arr":["А11","А15","А18","А23"],"angle":-38.8,"mi":3}},{"type":"Feature","geometry":{"type":"Point","coordinates":[25.950456,43.828848]},"properties":{"lines":"11, 15, 18, 23","color":"#0059a9","mode":"bus","arr":["А11","А15","А18","А23"],"angle":-79.2,"side":-1,"mi":2}},{"type":"Feature","geometry":{"type":"Point","coordinates":[25.954158,43.831112]},"properties":{"lines":"11, 18, 23","color":"#0059a9","mode":"bus","arr":["А11","А18","А23"],"angle":-29.3,"side":-1}},{"type":"Feature","geometry":{"type":"Point","coordinates":[25.952554,43.830426]},"properties":{"lines":"11, 18, 23","color":"#0059a9","mode":"bus","arr":["А11","А18","А23"],"angle":-33.5,"extra":1,"ei":0,"side":-1}},{"type":"Feature","geometry":{"type":"Point","coordinates":[25.990015,43.851853]},"properties":{"lines":"12, 15, 16, 18, 33, 50, 2, 13, 21","color":"#0059a9","mode":"bus","arr":["А12","А15","А16","А18","А33","А50","Т2","Т13","Т21"],"tLines":"2, 13, 21","ntLines":"12, 15, 16, 18, 33, 50","angle":-10}},{"type":"Feature","geometry":{"type":"Point","coordinates":[25.983418,43.850999]},"properties":{"lines":"12, 15, 16, 18, 33, 50, 2, 13, 21","color":"#0059a9","mode":"bus","arr":["А12","А15","А16","А18","А33","А50","Т2","Т13","Т21"],"tLines":"2, 13, 21","ntLines":"12, 15, 16, 18, 33, 50","angle":-10.4,"extra":1,"ei":0}},{"type":"Feature","geometry":{"type":"Point","coordinates":[25.985994,43.851337]},"properties":{"lines":"12, 15, 16, 18, 33, 50, 2, 13, 21","color":"#0059a9","mode":"bus","arr":["А12","А15","А16","А18","А33","А50","Т2","Т13","Т21"],"tLines":"2, 13, 21","ntLines":"12, 15, 16, 18, 33, 50","angle":-10.1,"extra":1,"ei":1}},{"type":"Feature","geometry":{"type":"Point","coordinates":[25.993727,43.852326]},"properties":{"lines":"12, 15, 16, 18, 33, 50, 2, 13, 21","color":"#0059a9","mode":"bus","arr":["А12","А15","А16","А18","А33","А50","Т2","Т13","Т21"],"tLines":"2, 13, 21","ntLines":"12, 15, 16, 18, 33, 50","angle":-10,"extra":1,"ei":2,"side":-1}},{"type":"Feature","geometry":{"type":"Point","coordinates":[25.996305,43.852656]},"properties":{"lines":"12, 15, 16, 18, 33, 50, 2, 13, 21","color":"#0059a9","mode":"bus","arr":["А12","А15","А16","А18","А33","А50","Т2","Т13","Т21"],"tLines":"2, 13, 21","ntLines":"12, 15, 16, 18, 33, 50","angle":-10.1,"extra":1,"ei":3,"side":-1}},{"type":"Feature","geometry":{"type":"Point","coordinates":[26.001189,43.853297]},"properties":{"lines":"12, 15, 18, 2","color":"#0059a9","mode":"bus","arr":["А12","А15","А18","Т2"],"tLines":"2","ntLines":"12, 15, 18","angle":-10.4,"side":-1}},{"type":"Feature","geometry":{"type":"Point","coordinates":[25.99919,43.853032]},"properties":{"lines":"12, 15, 18, 2","color":"#0059a9","mode":"bus","arr":["А12","А15","А18","Т2"],"tLines":"2","ntLines":"12, 15, 18","angle":-10.5,"extra":1,"ei":0,"side":-1}},{"type":"Feature","geometry":{"type":"Point","coordinates":[26.004349,43.85368]},"properties":{"lines":"12, 15, 18, 2","color":"#0059a9","mode":"bus","arr":["А12","А15","А18","Т2"],"tLines":"2","ntLines":"12, 15, 18","angle":-9.2,"extra":1,"ei":1}},{"type":"Feature","geometry":{"type":"Point","coordinates":[26.009276,43.854332]},"properties":{"lines":"12","color":"#0059a9","mode":"bus","arr":["А12"],"angle":-12}},{"type":"Feature","geometry":{"type":"Point","coordinates":[26.0053,43.853764]},"properties":{"lines":"12","color":"#0059a9","mode":"bus","arr":["А12"],"angle":-3.8,"mi":2}},{"type":"Feature","geometry":{"type":"Point","coordinates":[26.009942,43.853145]},"properties":{"lines":"12","color":"#0059a9","mode":"bus","arr":["А12"],"angle":31.2,"mi":1}},{"type":"Feature","geometry":{"type":"Point","coordinates":[25.958523,43.836723]},"properties":{"lines":"15, 23","color":"#0059a9","mode":"bus","arr":["А15","А23"],"angle":-76.1}},{"type":"Feature","geometry":{"type":"Point","coordinates":[25.959207,43.838647]},"properties":{"lines":"15, 23","color":"#0059a9","mode":"bus","arr":["А15","А23"],"angle":-75.2,"extra":1,"ei":0}},{"type":"Feature","geometry":{"type":"Point","coordinates":[25.957548,43.835113]},"properties":{"lines":"15, 23","color":"#0059a9","mode":"bus","arr":["А15","А23"],"angle":-41.5,"extra":1,"ei":1}},{"type":"Feature","geometry":{"type":"Point","coordinates":[25.942246,43.80717]},"properties":{"lines":"15","color":"#0059a9","mode":"bus","arr":["А15"],"angle":-74.2}},{"type":"Feature","geometry":{"type":"Point","coordinates":[25.921574,43.78558]},"properties":{"lines":"15","color":"#0059a9","mode":"bus","arr":["А15"],"angle":-47.8,"mi":1}},{"type":"Feature","geometry":{"type":"Point","coordinates":[25.955154,43.833896]},"properties":{"lines":"15","color":"#0059a9","mode":"bus","arr":["А15"],"angle":48.8,"mi":1}},{"type":"Feature","geometry":{"type":"Point","coordinates":[25.943199,43.825515]},"properties":{"lines":"15","color":"#0059a9","mode":"bus","arr":["А15"],"angle":-48.1}},{"type":"Feature","geometry":{"type":"Point","coordinates":[25.945148,43.826539]},"properties":{"lines":"15","color":"#0059a9","mode":"bus","arr":["А15"],"angle":-41.6,"mi":1}},{"type":"Feature","geometry":{"type":"Point","coordinates":[25.946281,43.827592]},"properties":{"lines":"15","color":"#0059a9","mode":"bus","arr":["А15"],"angle":-36.2,"extra":1,"ei":0}},{"type":"Feature","geometry":{"type":"Point","coordinates":[25.940771,43.82358]},"properties":{"lines":"15","color":"#0059a9","mode":"bus","arr":["А15"],"angle":-45.6,"extra":1,"ei":1}},{"type":"Feature","geometry":{"type":"Point","coordinates":[25.938565,43.821986]},"properties":{"lines":"15","color":"#0059a9","mode":"bus","arr":["А15"],"angle":-57.9,"mi":2}},{"type":"Feature","geometry":{"type":"Point","coordinates":[25.938222,43.81894]},"properties":{"lines":"15","color":"#0059a9","mode":"bus","arr":["А15"],"angle":51.5,"extra":1,"ei":0}},{"type":"Feature","geometry":{"type":"Point","coordinates":[25.937477,43.820585]},"properties":{"lines":"15","color":"#0059a9","mode":"bus","arr":["А15"],"angle":-61.8,"extra":1,"ei":1}},{"type":"Feature","geometry":{"type":"Point","coordinates":[25.940831,43.823403]},"properties":{"lines":"15","color":"#0059a9","mode":"bus","arr":["А15"],"angle":-41.2,"extra":1,"ei":2,"side":-1}},{"type":"Feature","geometry":{"type":"Point","coordinates":[25.942576,43.824803]},"properties":{"lines":"15","color":"#0059a9","mode":"bus","arr":["А15"],"angle":-35.9,"extra":1,"ei":3,"side":-1}},{"type":"Feature","geometry":{"type":"Point","coordinates":[25.923888,43.790661]},"properties":{"lines":"15","color":"#0059a9","mode":"bus","arr":["А15"],"angle":-88.2}},{"type":"Feature","geometry":{"type":"Point","coordinates":[25.925223,43.793617]},"properties":{"lines":"15","color":"#0059a9","mode":"bus","arr":["А15"],"angle":-14.6,"extra":1,"ei":0}},{"type":"Feature","geometry":{"type":"Point","coordinates":[25.92403,43.79253]},"properties":{"lines":"15","color":"#0059a9","mode":"bus","arr":["А15"],"angle":88.9,"extra":1,"ei":1}},{"type":"Feature","geometry":{"type":"Point","coordinates":[25.922618,43.789064]},"properties":{"lines":"15","color":"#0059a9","mode":"bus","arr":["А15"],"angle":-52.7,"extra":1,"ei":2}},{"type":"Feature","geometry":{"type":"Point","coordinates":[25.923293,43.787682]},"properties":{"lines":"15","color":"#0059a9","mode":"bus","arr":["А15"],"angle":-88.9,"extra":1,"ei":3}},{"type":"Feature","geometry":{"type":"Point","coordinates":[25.997483,43.857457]},"properties":{"lines":"16, 33, 13, 21","color":"#0059a9","mode":"bus","arr":["А16","А33","Т13","Т21"],"tLines":"13, 21","ntLines":"16, 33","angle":-10.8}},{"type":"Feature","geometry":{"type":"Point","coordinates":[25.996996,43.856502]},"properties":{"lines":"16, 33, 13, 21","color":"#0059a9","mode":"bus","arr":["А16","А33","Т13","Т21"],"tLines":"13, 21","ntLines":"16, 33","angle":86.8,"mi":1}},{"type":"Feature","geometry":{"type":"Point","coordinates":[25.997547,43.854256]},"properties":{"lines":"16, 33, 50, 13, 21","color":"#0059a9","mode":"bus","arr":["А16","А33","А50","Т13","Т21"],"tLines":"13, 21","ntLines":"16, 33, 50","angle":79.7}},{"type":"Feature","geometry":{"type":"Point","coordinates":[25.973537,43.859063]},"properties":{"lines":"16, 18, 19, 20, 30","color":"#0059a9","mode":"bus","arr":["А16","А18","А19","А20","А30"],"angle":55}},{"type":"Feature","geometry":{"type":"Point","coordinates":[25.901421,43.778379]},"properties":{"lines":"16","color":"#0059a9","mode":"bus","arr":["А16"],"angle":-25.8}},{"type":"Feature","geometry":{"type":"Point","coordinates":[25.91475,43.790978]},"properties":{"lines":"16","color":"#0059a9","mode":"bus","arr":["А16"],"angle":-73.5,"extra":1,"ei":0}},{"type":"Feature","geometry":{"type":"Point","coordinates":[25.914119,43.789146]},"properties":{"lines":"16","color":"#0059a9","mode":"bus","arr":["А16"],"angle":-78.7,"extra":1,"ei":1}},{"type":"Feature","geometry":{"type":"Point","coordinates":[25.913346,43.78735]},"properties":{"lines":"16","color":"#0059a9","mode":"bus","arr":["А16"],"angle":-61.7,"extra":1,"ei":2}},{"type":"Feature","geometry":{"type":"Point","coordinates":[25.911872,43.785791]},"properties":{"lines":"16","color":"#0059a9","mode":"bus","arr":["А16"],"angle":-56.8,"extra":1,"ei":3}},{"type":"Feature","geometry":{"type":"Point","coordinates":[25.91037,43.784245]},"properties":{"lines":"16","color":"#0059a9","mode":"bus","arr":["А16"],"angle":-53.5,"extra":1,"ei":4}},{"type":"Feature","geometry":{"type":"Point","coordinates":[25.90885,43.782708]},"properties":{"lines":"16","color":"#0059a9","mode":"bus","arr":["А16"],"angle":-54.9,"extra":1,"ei":5}},{"type":"Feature","geometry":{"type":"Point","coordinates":[25.907343,43.781163]},"properties":{"lines":"16","color":"#0059a9","mode":"bus","arr":["А16"],"angle":-54.9,"extra":1,"ei":6}},{"type":"Feature","geometry":{"type":"Point","coordinates":[25.905519,43.779837]},"properties":{"lines":"16","color":"#0059a9","mode":"bus","arr":["А16"],"angle":-30.3,"extra":1,"ei":7}},{"type":"Feature","geometry":{"type":"Point","coordinates":[25.903178,43.778993]},"properties":{"lines":"16","color":"#0059a9","mode":"bus","arr":["А16"],"angle":-25.8,"extra":1,"ei":8}},{"type":"Feature","geometry":{"type":"Point","coordinates":[25.898548,43.77725]},"properties":{"lines":"16","color":"#0059a9","mode":"bus","arr":["А16"],"angle":-45.3,"extra":1,"ei":9}},{"type":"Feature","geometry":{"type":"Point","coordinates":[25.897617,43.775531]},"properties":{"lines":"16","color":"#0059a9","mode":"bus","arr":["А16"],"angle":-84.6,"extra":1,"ei":10}},{"type":"Feature","geometry":{"type":"Point","coordinates":[25.897365,43.773652]},"properties":{"lines":"16","color":"#0059a9","mode":"bus","arr":["А16"],"angle":-84.1,"extra":1,"ei":11}},{"type":"Feature","geometry":{"type":"Point","coordinates":[25.897317,43.771771]},"properties":{"lines":"16","color":"#0059a9","mode":"bus","arr":["А16"],"angle":80.9,"extra":1,"ei":12}},{"type":"Feature","geometry":{"type":"Point","coordinates":[25.898407,43.770085]},"properties":{"lines":"16","color":"#0059a9","mode":"bus","arr":["А16"],"angle":49.1,"extra":1,"ei":13}},{"type":"Feature","geometry":{"type":"Point","coordinates":[25.900144,43.768674]},"properties":{"lines":"16","color":"#0059a9","mode":"bus","arr":["А16"],"angle":52.9,"extra":1,"ei":14}},{"type":"Feature","geometry":{"type":"Point","coordinates":[25.901227,43.76697]},"properties":{"lines":"16","color":"#0059a9","mode":"bus","arr":["А16"],"angle":71.6,"extra":1,"ei":15}},{"type":"Feature","geometry":{"type":"Point","coordinates":[25.902079,43.765185]},"properties":{"lines":"16","color":"#0059a9","mode":"bus","arr":["А16"],"angle":70.7,"extra":1,"ei":16}},{"type":"Feature","geometry":{"type":"Point","coordinates":[25.893166,43.767467]},"properties":{"lines":"16","color":"#0059a9","mode":"bus","arr":["А16"],"angle":-32.7}},{"type":"Feature","geometry":{"type":"Point","coordinates":[25.896824,43.770069]},"properties":{"lines":"16","color":"#0059a9","mode":"bus","arr":["А16"],"angle":-48.5,"extra":1,"ei":0}},{"type":"Feature","geometry":{"type":"Point","coordinates":[25.895279,43.768553]},"properties":{"lines":"16","color":"#0059a9","mode":"bus","arr":["А16"],"angle":-42.7,"extra":1,"ei":1}},{"type":"Feature","geometry":{"type":"Point","coordinates":[25.890927,43.766464]},"properties":{"lines":"16","color":"#0059a9","mode":"bus","arr":["А16"],"angle":-26.1,"extra":1,"ei":2}},{"type":"Feature","geometry":{"type":"Point","coordinates":[25.888393,43.766094]},"properties":{"lines":"16","color":"#0059a9","mode":"bus","arr":["А16"],"angle":1.2,"extra":1,"ei":3}},{"type":"Feature","geometry":{"type":"Point","coordinates":[25.956808,43.846735]},"properties":{"lines":"19","color":"#0059a9","mode":"bus","arr":["А19"],"angle":-5.6,"mi":3}},{"type":"Feature","geometry":{"type":"Point","coordinates":[25.95849,43.846849]},"properties":{"lines":"19","color":"#0059a9","mode":"bus","arr":["А19"],"angle":-10.4,"extra":1,"ei":0}},{"type":"Feature","geometry":{"type":"Point","coordinates":[25.951868,43.8464]},"properties":{"lines":"19, 23","color":"#0059a9","mode":"bus","arr":["А19","А23"],"angle":-2.1}},{"type":"Feature","geometry":{"type":"Point","coordinates":[25.94991,43.846362]},"properties":{"lines":"19, 23","color":"#0059a9","mode":"bus","arr":["А19","А23"],"angle":0,"extra":1,"ei":0}},{"type":"Feature","geometry":{"type":"Point","coordinates":[25.949142,43.845254]},"properties":{"lines":"19","color":"#0059a9","mode":"bus","arr":["А19"],"angle":-54.6}},{"type":"Feature","geometry":{"type":"Point","coordinates":[25.947799,43.844244]},"properties":{"lines":"19","color":"#0059a9","mode":"bus","arr":["А19"],"angle":68.2,"mi":1}},{"type":"Feature","geometry":{"type":"Point","coordinates":[25.928125,43.812991]},"properties":{"lines":"19","color":"#0059a9","mode":"bus","arr":["А19"],"angle":8.5,"side":-1}},{"type":"Feature","geometry":{"type":"Point","coordinates":[25.947757,43.842966]},"properties":{"lines":"19","color":"#0059a9","mode":"bus","arr":["А19"],"angle":-83.3,"mi":2}},{"type":"Feature","geometry":{"type":"Point","coordinates":[25.994244,43.850145]},"properties":{"lines":"20","color":"#0059a9","mode":"bus","arr":["А20"],"angle":-27.1,"mi":1}},{"type":"Feature","geometry":{"type":"Point","coordinates":[25.992596,43.849536]},"properties":{"lines":"20","color":"#0059a9","mode":"bus","arr":["А20"],"angle":-27.1,"extra":1,"ei":0,"side":-1}},{"type":"Feature","geometry":{"type":"Point","coordinates":[25.985788,43.849155]},"properties":{"lines":"20","color":"#0059a9","mode":"bus","arr":["А20"],"angle":80.4}},{"type":"Feature","geometry":{"type":"Point","coordinates":[25.986103,43.847876]},"properties":{"lines":"20","color":"#0059a9","mode":"bus","arr":["А20"],"angle":79.7,"extra":1,"ei":0}},{"type":"Feature","geometry":{"type":"Point","coordinates":[25.982806,43.848168]},"properties":{"lines":"20, 30","color":"#0059a9","mode":"bus","arr":["А20","А30"],"angle":82.3}},{"type":"Feature","geometry":{"type":"Point","coordinates":[25.982486,43.849797]},"properties":{"lines":"20, 30","color":"#0059a9","mode":"bus","arr":["А20","А30"],"angle":81.2,"extra":1,"ei":0}},{"type":"Feature","geometry":{"type":"Point","coordinates":[25.983903,43.846218]},"properties":{"lines":"20, 30","color":"#0059a9","mode":"bus","arr":["А20","А30"],"angle":62.2,"extra":1,"ei":1}},{"type":"Feature","geometry":{"type":"Point","coordinates":[25.953954,43.845669]},"properties":{"lines":"23","color":"#0059a9","mode":"bus","arr":["А23"],"angle":84.2,"mi":2}},{"type":"Feature","geometry":{"type":"Point","coordinates":[25.94783,43.846993]},"properties":{"lines":"23","color":"#0059a9","mode":"bus","arr":["А23"],"angle":22,"mi":4}},{"type":"Feature","geometry":{"type":"Point","coordinates":[25.946244,43.847433]},"properties":{"lines":"23","color":"#0059a9","mode":"bus","arr":["А23"],"angle":20.7,"extra":1,"ei":0}},{"type":"Feature","geometry":{"type":"Point","coordinates":[25.94664,43.848749]},"properties":{"lines":"23","color":"#0059a9","mode":"bus","arr":["А23"],"angle":-45.2,"mi":3}},{"type":"Feature","geometry":{"type":"Point","coordinates":[25.949877,43.851666]},"properties":{"lines":"23","color":"#0059a9","mode":"bus","arr":["А23"],"angle":-56.2}},{"type":"Feature","geometry":{"type":"Point","coordinates":[25.951394,43.852506]},"properties":{"lines":"23","color":"#0059a9","mode":"bus","arr":["А23"],"angle":-8.2,"extra":1,"ei":0}},{"type":"Feature","geometry":{"type":"Point","coordinates":[25.948021,43.849735]},"properties":{"lines":"23","color":"#0059a9","mode":"bus","arr":["А23"],"angle":-56.7,"extra":1,"ei":1}},{"type":"Feature","geometry":{"type":"Point","coordinates":[25.954487,43.852527]},"properties":{"lines":"23, 30","color":"#0059a9","mode":"bus","arr":["А23","А30"],"angle":0.4,"side":-1}},{"type":"Feature","geometry":{"type":"Point","coordinates":[25.95807,43.853855]},"properties":{"lines":"23","color":"#0059a9","mode":"bus","arr":["А23"],"angle":-43.9,"mi":1}},{"type":"Feature","geometry":{"type":"Point","coordinates":[25.961138,43.85689]},"properties":{"lines":"23","color":"#0059a9","mode":"bus","arr":["А23"],"angle":44.9,"mi":6}},{"type":"Feature","geometry":{"type":"Point","coordinates":[26.031622,43.875784]},"properties":{"lines":"28","color":"#0059a9","mode":"bus","arr":["А28"],"angle":42.8,"mi":4}},{"type":"Feature","geometry":{"type":"Point","coordinates":[26.024669,43.879838]},"properties":{"lines":"28","color":"#0059a9","mode":"bus","arr":["А28"],"angle":16.1,"extra":1,"ei":0}},{"type":"Feature","geometry":{"type":"Point","coordinates":[26.026854,43.878849]},"properties":{"lines":"28","color":"#0059a9","mode":"bus","arr":["А28"],"angle":40.7,"extra":1,"ei":1}},{"type":"Feature","geometry":{"type":"Point","coordinates":[26.028847,43.877624]},"properties":{"lines":"28","color":"#0059a9","mode":"bus","arr":["А28"],"angle":41.6,"extra":1,"ei":2}},{"type":"Feature","geometry":{"type":"Point","coordinates":[26.034603,43.87377]},"properties":{"lines":"28","color":"#0059a9","mode":"bus","arr":["А28"],"angle":44.6,"extra":1,"ei":3}},{"type":"Feature","geometry":{"type":"Point","coordinates":[26.03649,43.872462]},"properties":{"lines":"28","color":"#0059a9","mode":"bus","arr":["А28"],"angle":48.8,"extra":1,"ei":4}},{"type":"Feature","geometry":{"type":"Point","coordinates":[26.03794,43.870892]},"properties":{"lines":"28","color":"#0059a9","mode":"bus","arr":["А28"],"angle":58.2,"extra":1,"ei":5}},{"type":"Feature","geometry":{"type":"Point","coordinates":[26.023389,43.880046]},"properties":{"lines":"28","color":"#0059a9","mode":"bus","arr":["А28"],"angle":-56.1,"mi":2}},{"type":"Feature","geometry":{"type":"Point","coordinates":[26.015548,43.875598]},"properties":{"lines":"28","color":"#0059a9","mode":"bus","arr":["А28"],"angle":-48.4,"mi":3}},{"type":"Feature","geometry":{"type":"Point","coordinates":[26.019531,43.878104]},"properties":{"lines":"28","color":"#0059a9","mode":"bus","arr":["А28"],"angle":-43.5,"side":-1}},{"type":"Feature","geometry":{"type":"Point","coordinates":[26.021581,43.879724]},"properties":{"lines":"28","color":"#0059a9","mode":"bus","arr":["А28"],"angle":-44.5,"extra":1,"ei":0}},{"type":"Feature","geometry":{"type":"Point","coordinates":[26.01741,43.876526]},"properties":{"lines":"28","color":"#0059a9","mode":"bus","arr":["А28"],"angle":-63.2,"extra":1,"ei":0,"side":-1}},{"type":"Feature","geometry":{"type":"Point","coordinates":[26.017332,43.876609]},"properties":{"lines":"28","color":"#0059a9","mode":"bus","arr":["А28"],"angle":-65.5,"mi":1}},{"type":"Feature","geometry":{"type":"Point","coordinates":[25.969359,43.831691]},"properties":{"lines":"28, 13, 24, 27","color":"#0059a9","mode":"bus","arr":["А28","Т13","Т24","Т27"],"tLines":"13, 24, 27","ntLines":"28","angle":-40}},{"type":"Feature","geometry":{"type":"Point","coordinates":[25.980573,43.847416]},"properties":{"lines":"30","color":"#0059a9","mode":"bus","arr":["А30"],"angle":71.6}},{"type":"Feature","geometry":{"type":"Point","coordinates":[25.981546,43.845815]},"properties":{"lines":"30","color":"#0059a9","mode":"bus","arr":["А30"],"angle":65.1,"extra":1,"ei":0}},{"type":"Feature","geometry":{"type":"Point","coordinates":[25.979717,43.849347]},"properties":{"lines":"30","color":"#0059a9","mode":"bus","arr":["А30"],"angle":73.3,"extra":1,"ei":1}},{"type":"Feature","geometry":{"type":"Point","coordinates":[25.957596,43.851486]},"properties":{"lines":"30","color":"#0059a9","mode":"bus","arr":["А30"],"angle":58}},{"type":"Feature","geometry":{"type":"Point","coordinates":[25.956427,43.852545]},"properties":{"lines":"30","color":"#0059a9","mode":"bus","arr":["А30"],"angle":47.3,"extra":1,"ei":0}},{"type":"Feature","geometry":{"type":"Point","coordinates":[25.954628,43.85276]},"properties":{"lines":"30","color":"#0059a9","mode":"bus","arr":["А30"],"angle":0.7,"mi":2}},{"type":"Feature","geometry":{"type":"Point","coordinates":[25.959318,43.852193]},"properties":{"lines":"30","color":"#0059a9","mode":"bus","arr":["А30"],"angle":-31.3,"mi":1}},{"type":"Feature","geometry":{"type":"Point","coordinates":[25.96101,43.852875]},"properties":{"lines":"30","color":"#0059a9","mode":"bus","arr":["А30"],"angle":-19.4,"extra":1,"ei":0}},{"type":"Feature","geometry":{"type":"Point","coordinates":[25.982143,43.816406]},"properties":{"lines":"33","color":"#0059a9","mode":"bus","arr":["А33"],"angle":-84.4,"side":-1}},{"type":"Feature","geometry":{"type":"Point","coordinates":[25.973927,43.8301]},"properties":{"lines":"33","color":"#0059a9","mode":"bus","arr":["А33"],"angle":39.1,"side":-1,"mi":1}},{"type":"Feature","geometry":{"type":"Point","coordinates":[25.977342,43.828047]},"properties":{"lines":"33","color":"#0059a9","mode":"bus","arr":["А33"],"angle":39.8,"extra":1,"ei":0,"side":-1}},{"type":"Feature","geometry":{"type":"Point","coordinates":[25.97908,43.826655]},"properties":{"lines":"33","color":"#0059a9","mode":"bus","arr":["А33"],"angle":60.7,"extra":1,"ei":1,"side":-1}},{"type":"Feature","geometry":{"type":"Point","coordinates":[25.979888,43.824864]},"properties":{"lines":"33","color":"#0059a9","mode":"bus","arr":["А33"],"angle":75.2,"extra":1,"ei":2,"side":-1}},{"type":"Feature","geometry":{"type":"Point","coordinates":[25.980542,43.823036]},"properties":{"lines":"33","color":"#0059a9","mode":"bus","arr":["А33"],"angle":75.6,"extra":1,"ei":3,"side":-1}},{"type":"Feature","geometry":{"type":"Point","coordinates":[25.981202,43.821208]},"properties":{"lines":"33","color":"#0059a9","mode":"bus","arr":["А33"],"angle":75,"extra":1,"ei":4,"side":-1}},{"type":"Feature","geometry":{"type":"Point","coordinates":[25.981877,43.819383]},"properties":{"lines":"33","color":"#0059a9","mode":"bus","arr":["А33"],"angle":77.4,"extra":1,"ei":5,"side":-1}},{"type":"Feature","geometry":{"type":"Point","coordinates":[25.981738,43.813745]},"properties":{"lines":"33","color":"#0059a9","mode":"bus","arr":["А33"],"angle":89.8,"extra":1,"ei":6,"side":-1}},{"type":"Feature","geometry":{"type":"Point","coordinates":[25.982009,43.811871]},"properties":{"lines":"33","color":"#0059a9","mode":"bus","arr":["А33"],"angle":77.7,"extra":1,"ei":7,"side":-1}},{"type":"Feature","geometry":{"type":"Point","coordinates":[25.982728,43.810059]},"properties":{"lines":"33","color":"#0059a9","mode":"bus","arr":["А33"],"angle":68,"extra":1,"ei":8,"side":-1}},{"type":"Feature","geometry":{"type":"Point","coordinates":[25.983724,43.808312]},"properties":{"lines":"33","color":"#0059a9","mode":"bus","arr":["А33"],"angle":67.3,"extra":1,"ei":9,"side":-1}},{"type":"Feature","geometry":{"type":"Point","coordinates":[25.984717,43.806565]},"properties":{"lines":"33","color":"#0059a9","mode":"bus","arr":["А33"],"angle":67.8,"extra":1,"ei":10,"side":-1}},{"type":"Feature","geometry":{"type":"Point","coordinates":[25.986508,43.804247]},"properties":{"lines":"33","color":"#0059a9","mode":"bus","arr":["А33"],"angle":48,"extra":1,"ei":0}},{"type":"Feature","geometry":{"type":"Point","coordinates":[25.985579,43.80531]},"properties":{"lines":"33","color":"#0059a9","mode":"bus","arr":["А33"],"angle":63.8,"extra":1,"ei":1}},{"type":"Feature","geometry":{"type":"Point","coordinates":[25.982286,43.818044]},"properties":{"lines":"33","color":"#0059a9","mode":"bus","arr":["А33"],"angle":87.7,"extra":1,"ei":2}},{"type":"Feature","geometry":{"type":"Point","coordinates":[25.976052,43.828751]},"properties":{"lines":"33","color":"#0059a9","mode":"bus","arr":["А33"],"angle":40,"side":-1,"mi":2}},{"type":"Feature","geometry":{"type":"Point","coordinates":[25.985225,43.805509]},"properties":{"lines":"33","color":"#0059a9","mode":"bus","arr":["А33"],"angle":-81.3,"mi":1}},{"type":"Feature","geometry":{"type":"Point","coordinates":[25.984223,43.805082]},"properties":{"lines":"33","color":"#0059a9","mode":"bus","arr":["А33"],"angle":-54.4,"mi":2}},{"type":"Feature","geometry":{"type":"Point","coordinates":[25.985127,43.805246]},"properties":{"lines":"33","color":"#0059a9","mode":"bus","arr":["А33"],"angle":17.2}},{"type":"Feature","geometry":{"type":"Point","coordinates":[26.021317,43.789465]},"properties":{"lines":"33","color":"#0059a9","mode":"bus","arr":["А33"],"angle":-41}},{"type":"Feature","geometry":{"type":"Point","coordinates":[26.014082,43.782708]},"properties":{"lines":"33","color":"#0059a9","mode":"bus","arr":["А33"],"angle":-59.1,"extra":1,"ei":0}},{"type":"Feature","geometry":{"type":"Point","coordinates":[26.01541,43.784336]},"properties":{"lines":"33","color":"#0059a9","mode":"bus","arr":["А33"],"angle":-60.3,"extra":1,"ei":1}},{"type":"Feature","geometry":{"type":"Point","coordinates":[26.016723,43.785969]},"properties":{"lines":"33","color":"#0059a9","mode":"bus","arr":["А33"],"angle":-59.7,"extra":1,"ei":2}},{"type":"Feature","geometry":{"type":"Point","coordinates":[26.018226,43.787504]},"properties":{"lines":"33","color":"#0059a9","mode":"bus","arr":["А33"],"angle":-42.8,"extra":1,"ei":3}},{"type":"Feature","geometry":{"type":"Point","coordinates":[26.024139,43.791233]},"properties":{"lines":"33","color":"#0059a9","mode":"bus","arr":["А33"],"angle":-41,"extra":1,"ei":4}},{"type":"Feature","geometry":{"type":"Point","coordinates":[26.026115,43.792472]},"properties":{"lines":"33","color":"#0059a9","mode":"bus","arr":["А33"],"angle":-40.8,"extra":1,"ei":5}},{"type":"Feature","geometry":{"type":"Point","coordinates":[26.028088,43.793714]},"properties":{"lines":"33","color":"#0059a9","mode":"bus","arr":["А33"],"angle":-41.5,"extra":1,"ei":6}},{"type":"Feature","geometry":{"type":"Point","coordinates":[26.030305,43.794354]},"properties":{"lines":"33","color":"#0059a9","mode":"bus","arr":["А33"],"angle":25.8,"extra":1,"ei":7}},{"type":"Feature","geometry":{"type":"Point","coordinates":[25.975126,43.829593]},"properties":{"lines":"33","color":"#0059a9","mode":"bus","arr":["А33"],"angle":38.7}},{"type":"Feature","geometry":{"type":"Point","coordinates":[26.000178,43.792999]},"properties":{"lines":"33","color":"#0059a9","mode":"bus","arr":["А33"],"angle":50.4}},{"type":"Feature","geometry":{"type":"Point","coordinates":[25.987683,43.803313]},"properties":{"lines":"33","color":"#0059a9","mode":"bus","arr":["А33"],"angle":48.1,"extra":1,"ei":0}},{"type":"Feature","geometry":{"type":"Point","coordinates":[25.989433,43.801908]},"properties":{"lines":"33","color":"#0059a9","mode":"bus","arr":["А33"],"angle":47.9,"extra":1,"ei":1}},{"type":"Feature","geometry":{"type":"Point","coordinates":[25.991171,43.800496]},"properties":{"lines":"33","color":"#0059a9","mode":"bus","arr":["А33"],"angle":48.6,"extra":1,"ei":2}},{"type":"Feature","geometry":{"type":"Point","coordinates":[25.992899,43.799077]},"properties":{"lines":"33","color":"#0059a9","mode":"bus","arr":["А33"],"angle":49.1,"extra":1,"ei":3}},{"type":"Feature","geometry":{"type":"Point","coordinates":[25.994614,43.79765]},"properties":{"lines":"33","color":"#0059a9","mode":"bus","arr":["А33"],"angle":49.1,"extra":1,"ei":4}},{"type":"Feature","geometry":{"type":"Point","coordinates":[25.996328,43.796223]},"properties":{"lines":"33","color":"#0059a9","mode":"bus","arr":["А33"],"angle":49.1,"extra":1,"ei":5}},{"type":"Feature","geometry":{"type":"Point","coordinates":[25.998043,43.794796]},"properties":{"lines":"33","color":"#0059a9","mode":"bus","arr":["А33"],"angle":49.1,"extra":1,"ei":6}},{"type":"Feature","geometry":{"type":"Point","coordinates":[26.001423,43.791911]},"properties":{"lines":"33","color":"#0059a9","mode":"bus","arr":["А33"],"angle":50.4,"extra":1,"ei":7}},{"type":"Feature","geometry":{"type":"Point","coordinates":[26.003091,43.790455]},"properties":{"lines":"33","color":"#0059a9","mode":"bus","arr":["А33"],"angle":50.4,"extra":1,"ei":8}},{"type":"Feature","geometry":{"type":"Point","coordinates":[26.004781,43.789013]},"properties":{"lines":"33","color":"#0059a9","mode":"bus","arr":["А33"],"angle":49.6,"extra":1,"ei":9}},{"type":"Feature","geometry":{"type":"Point","coordinates":[26.00648,43.787576]},"properties":{"lines":"33","color":"#0059a9","mode":"bus","arr":["А33"],"angle":49.6,"extra":1,"ei":10}},{"type":"Feature","geometry":{"type":"Point","coordinates":[26.008205,43.786156]},"properties":{"lines":"33","color":"#0059a9","mode":"bus","arr":["А33"],"angle":48.4,"extra":1,"ei":11}},{"type":"Feature","geometry":{"type":"Point","coordinates":[26.009943,43.784743]},"properties":{"lines":"33","color":"#0059a9","mode":"bus","arr":["А33"],"angle":48.4,"extra":1,"ei":12}},{"type":"Feature","geometry":{"type":"Point","coordinates":[26.011681,43.783331]},"properties":{"lines":"33","color":"#0059a9","mode":"bus","arr":["А33"],"angle":48.4,"extra":1,"ei":13}},{"type":"Feature","geometry":{"type":"Point","coordinates":[26.013399,43.781906]},"properties":{"lines":"33","color":"#0059a9","mode":"bus","arr":["А33"],"angle":49.2,"extra":1,"ei":14}},{"type":"Feature","geometry":{"type":"Point","coordinates":[25.959799,43.845685]},"properties":{"lines":"9, 24","color":"#149a3f","mode":"bus","arr":["Т9","Т24"],"angle":28.6,"side":-1}},{"type":"Feature","geometry":{"type":"Point","coordinates":[25.958264,43.843762]},"properties":{"lines":"9, 24","color":"#149a3f","mode":"bus","arr":["Т9","Т24"],"angle":-89.9,"mi":1}},{"type":"Feature","geometry":{"type":"Point","coordinates":[25.980882,43.907046]},"properties":{"lines":"7","color":"#0059a9","mode":"bus","arr":["G7"],"angle":-67.3}},{"type":"Feature","geometry":{"type":"Point","coordinates":[25.979987,43.905502]},"properties":{"lines":"4, 5, 7","color":"#0059a9","mode":"bus","arr":["G4","G5","G7"],"angle":-67.3}},{"type":"Feature","geometry":{"type":"Point","coordinates":[25.977793,43.901796]},"properties":{"lines":"1, 3, 4, 5, 7","color":"#0059a9","mode":"bus","arr":["G1","G3","G4","G5","G7"],"angle":-67.1}},{"type":"Feature","geometry":{"type":"Point","coordinates":[25.979006,43.903813]},"properties":{"lines":"1, 3, 4, 5, 7","color":"#0059a9","mode":"bus","arr":["G1","G3","G4","G5","G7"],"angle":-66.8,"extra":1,"ei":0}},{"type":"Feature","geometry":{"type":"Point","coordinates":[25.976913,43.900352]},"properties":{"lines":"1, 3, 4, 5, 7","color":"#0059a9","mode":"bus","arr":["G1","G3","G4","G5","G7"],"angle":-59.3,"extra":1,"ei":1}},{"type":"Feature","geometry":{"type":"Point","coordinates":[25.970011,43.894699]},"properties":{"lines":"1, 3, 4, 5, 6, 7","color":"#0059a9","mode":"bus","arr":["G1","G3","G4","G5","G6","G7"],"angle":-57.4}},{"type":"Feature","geometry":{"type":"Point","coordinates":[25.973455,43.897714]},"properties":{"lines":"1, 3, 4, 5, 6, 7","color":"#0059a9","mode":"bus","arr":["G1","G3","G4","G5","G6","G7"],"angle":-38.4,"mi":2}},{"type":"Feature","geometry":{"type":"Point","coordinates":[25.967774,43.892164]},"properties":{"lines":"1, 3, 4, 5, 6, 7","color":"#0059a9","mode":"bus","arr":["G1","G3","G4","G5","G6","G7"],"angle":-45.3,"mi":1}},{"type":"Feature","geometry":{"type":"Point","coordinates":[25.966099,43.890855]},"properties":{"lines":"1, 2, 3, 4, 5","color":"#0059a9","mode":"bus","arr":["G1","G2","G3","G4","G5"],"angle":-17.3}},{"type":"Feature","geometry":{"type":"Point","coordinates":[25.963973,43.888979]},"properties":{"lines":"1, 2","color":"#0059a9","mode":"bus","arr":["G1","G2"],"angle":-68.7}},{"type":"Feature","geometry":{"type":"Point","coordinates":[25.965162,43.890159]},"properties":{"lines":"1, 2","color":"#0059a9","mode":"bus","arr":["G1","G2"],"angle":-51.7,"extra":1,"ei":0}},{"type":"Feature","geometry":{"type":"Point","coordinates":[25.962871,43.886901]},"properties":{"lines":"1, 2","color":"#0059a9","mode":"bus","arr":["G1","G2"],"angle":-68.6,"extra":1,"ei":1}},{"type":"Feature","geometry":{"type":"Point","coordinates":[25.962424,43.885293]},"properties":{"lines":"1","color":"#0059a9","mode":"bus","arr":["G1"],"angle":74.3}},{"type":"Feature","geometry":{"type":"Point","coordinates":[25.966205,43.879013]},"properties":{"lines":"1","color":"#0059a9","mode":"bus","arr":["G1"],"angle":82,"mi":1}},{"type":"Feature","geometry":{"type":"Point","coordinates":[25.964252,43.883365]},"properties":{"lines":"1","color":"#0059a9","mode":"bus","arr":["G1"],"angle":52.2,"extra":1,"ei":0}},{"type":"Feature","geometry":{"type":"Point","coordinates":[25.965565,43.881748]},"properties":{"lines":"1","color":"#0059a9","mode":"bus","arr":["G1"],"angle":72.4,"extra":1,"ei":1}},{"type":"Feature","geometry":{"type":"Point","coordinates":[25.966764,43.876153]},"properties":{"lines":"1","color":"#0059a9","mode":"bus","arr":["G1"],"angle":82.1,"extra":1,"ei":2}},{"type":"Feature","geometry":{"type":"Point","coordinates":[25.967124,43.874283]},"properties":{"lines":"1","color":"#0059a9","mode":"bus","arr":["G1"],"angle":82.1,"extra":1,"ei":3}},{"type":"Feature","geometry":{"type":"Point","coordinates":[25.972671,43.918604]},"properties":{"lines":"2","color":"#0059a9","mode":"bus","arr":["G2"],"angle":-79.7,"mi":8}},{"type":"Feature","geometry":{"type":"Point","coordinates":[25.973374,43.921369]},"properties":{"lines":"2","color":"#0059a9","mode":"bus","arr":["G2"],"angle":-79.8,"extra":1,"ei":0}},{"type":"Feature","geometry":{"type":"Point","coordinates":[25.971951,43.915798]},"properties":{"lines":"2","color":"#0059a9","mode":"bus","arr":["G2"],"angle":-79.4,"extra":1,"ei":1}},{"type":"Feature","geometry":{"type":"Point","coordinates":[25.971813,43.914572]},"properties":{"lines":"2","color":"#0059a9","mode":"bus","arr":["G2"],"angle":34.1,"mi":5}},{"type":"Feature","geometry":{"type":"Point","coordinates":[25.967135,43.897227]},"properties":{"lines":"2","color":"#0059a9","mode":"bus","arr":["G2"],"angle":-64.7,"mi":6}},{"type":"Feature","geometry":{"type":"Point","coordinates":[25.970076,43.903486]},"properties":{"lines":"2","color":"#0059a9","mode":"bus","arr":["G2"],"angle":-74.3,"mi":2}},{"type":"Feature","geometry":{"type":"Point","coordinates":[25.969111,43.900326]},"properties":{"lines":"2","color":"#0059a9","mode":"bus","arr":["G2"],"angle":-68.5,"mi":3}},{"type":"Feature","geometry":{"type":"Point","coordinates":[25.96613,43.894205]},"properties":{"lines":"2","color":"#0059a9","mode":"bus","arr":["G2"],"angle":-79.1,"mi":7}},{"type":"Feature","geometry":{"type":"Point","coordinates":[25.971091,43.905927]},"properties":{"lines":"2","color":"#0059a9","mode":"bus","arr":["G2"],"angle":-74.7}},{"type":"Feature","geometry":{"type":"Point","coordinates":[25.971365,43.907465]},"properties":{"lines":"2","color":"#0059a9","mode":"bus","arr":["G2"],"angle":-85.7,"mi":1}},{"type":"Feature","geometry":{"type":"Point","coordinates":[25.971831,43.914036]},"properties":{"lines":"2","color":"#0059a9","mode":"bus","arr":["G2"],"angle":88.8,"mi":4}},{"type":"Feature","geometry":{"type":"Point","coordinates":[25.971846,43.912529]},"properties":{"lines":"2, 4, 5","color":"#0059a9","mode":"bus","arr":["G2","G4","G5"],"angle":-87.8,"mi":2}},{"type":"Feature","geometry":{"type":"Point","coordinates":[25.971735,43.910573]},"properties":{"lines":"2, 4, 5","color":"#0059a9","mode":"bus","arr":["G2","G4","G5"],"angle":-87.5}},{"type":"Feature","geometry":{"type":"Point","coordinates":[25.97152,43.908672]},"properties":{"lines":"2, 4, 5","color":"#0059a9","mode":"bus","arr":["G2","G4","G5"],"angle":-81.4,"mi":1}},{"type":"Feature","geometry":{"type":"Point","coordinates":[25.965583,43.892183]},"properties":{"lines":"2, 3, 5","color":"#0059a9","mode":"bus","arr":["G2","G3","G5"],"angle":-77.1}},{"type":"Feature","geometry":{"type":"Point","coordinates":[25.956369,43.886147]},"properties":{"lines":"2","color":"#0059a9","mode":"bus","arr":["G2"],"angle":2.4}},{"type":"Feature","geometry":{"type":"Point","coordinates":[25.961439,43.886794]},"properties":{"lines":"2","color":"#0059a9","mode":"bus","arr":["G2"],"angle":1.8,"extra":1,"ei":0}},{"type":"Feature","geometry":{"type":"Point","coordinates":[25.959049,43.88614]},"properties":{"lines":"2","color":"#0059a9","mode":"bus","arr":["G2"],"angle":-21.9,"extra":1,"ei":1}},{"type":"Feature","geometry":{"type":"Point","coordinates":[25.953825,43.886203]},"properties":{"lines":"2","color":"#0059a9","mode":"bus","arr":["G2"],"angle":1.9,"extra":1,"ei":2}},{"type":"Feature","geometry":{"type":"Point","coordinates":[25.951207,43.886244]},"properties":{"lines":"2","color":"#0059a9","mode":"bus","arr":["G2"],"angle":1.1,"extra":1,"ei":3}},{"type":"Feature","geometry":{"type":"Point","coordinates":[25.941305,43.883002]},"properties":{"lines":"2","color":"#0059a9","mode":"bus","arr":["G2"],"angle":-46}},{"type":"Feature","geometry":{"type":"Point","coordinates":[25.948445,43.886277]},"properties":{"lines":"2","color":"#0059a9","mode":"bus","arr":["G2"],"angle":0.5,"extra":1,"ei":0}},{"type":"Feature","geometry":{"type":"Point","coordinates":[25.945886,43.885972]},"properties":{"lines":"2","color":"#0059a9","mode":"bus","arr":["G2"],"angle":-22.4,"extra":1,"ei":1}},{"type":"Feature","geometry":{"type":"Point","coordinates":[25.943785,43.884874]},"properties":{"lines":"2","color":"#0059a9","mode":"bus","arr":["G2"],"angle":-46.1,"extra":1,"ei":2}},{"type":"Feature","geometry":{"type":"Point","coordinates":[25.940159,43.882149]},"properties":{"lines":"2","color":"#0059a9","mode":"bus","arr":["G2"],"angle":-45.7,"extra":1,"ei":3}},{"type":"Feature","geometry":{"type":"Point","coordinates":[25.938287,43.880829]},"properties":{"lines":"2","color":"#0059a9","mode":"bus","arr":["G2"],"angle":-42.9,"extra":1,"ei":4}},{"type":"Feature","geometry":{"type":"Point","coordinates":[25.936307,43.879594]},"properties":{"lines":"2","color":"#0059a9","mode":"bus","arr":["G2"],"angle":-39.6,"extra":1,"ei":5}},{"type":"Feature","geometry":{"type":"Point","coordinates":[25.934313,43.878371]},"properties":{"lines":"2","color":"#0059a9","mode":"bus","arr":["G2"],"angle":-40.5,"extra":1,"ei":6}},{"type":"Feature","geometry":{"type":"Point","coordinates":[25.93018,43.880552]},"properties":{"lines":"2","color":"#0059a9","mode":"bus","arr":["G2"],"angle":58.8,"mi":1}},{"type":"Feature","geometry":{"type":"Point","coordinates":[25.933127,43.87887]},"properties":{"lines":"2","color":"#0059a9","mode":"bus","arr":["G2"],"angle":37.7,"extra":1,"ei":0}},{"type":"Feature","geometry":{"type":"Point","coordinates":[25.931262,43.879469]},"properties":{"lines":"2","color":"#0059a9","mode":"bus","arr":["G2"],"angle":54.2,"extra":1,"ei":1}},{"type":"Feature","geometry":{"type":"Point","coordinates":[25.928497,43.882455]},"properties":{"lines":"2","color":"#0059a9","mode":"bus","arr":["G2"],"angle":48.2,"extra":1,"ei":2}},{"type":"Feature","geometry":{"type":"Point","coordinates":[25.965108,43.893017]},"properties":{"lines":"3, 5","color":"#0059a9","mode":"bus","arr":["G3","G5"],"angle":-33.3,"mi":5}},{"type":"Feature","geometry":{"type":"Point","coordinates":[25.963373,43.893448]},"properties":{"lines":"3, 5","color":"#0059a9","mode":"bus","arr":["G3","G5"],"angle":47.9,"mi":2}},{"type":"Feature","geometry":{"type":"Point","coordinates":[25.961825,43.894086]},"properties":{"lines":"3, 5","color":"#0059a9","mode":"bus","arr":["G3","G5"],"angle":-17.8}},{"type":"Feature","geometry":{"type":"Point","coordinates":[25.961926,43.892749]},"properties":{"lines":"3, 5","color":"#0059a9","mode":"bus","arr":["G3","G5"],"angle":48.7,"mi":1}},{"type":"Feature","geometry":{"type":"Point","coordinates":[25.96009,43.894232]},"properties":{"lines":"3, 5","color":"#0059a9","mode":"bus","arr":["G3","G5"],"angle":47.6,"mi":3}},{"type":"Feature","geometry":{"type":"Point","coordinates":[25.959464,43.894722]},"properties":{"lines":"3, 5","color":"#0059a9","mode":"bus","arr":["G3","G5"],"angle":-65.3,"mi":4}},{"type":"Feature","geometry":{"type":"Point","coordinates":[25.956776,43.896526]},"properties":{"lines":"5","color":"#0059a9","mode":"bus","arr":["G5"],"angle":42.8}},{"type":"Feature","geometry":{"type":"Point","coordinates":[25.958058,43.895669]},"properties":{"lines":"5","color":"#0059a9","mode":"bus","arr":["G5"],"angle":42.7,"extra":1,"ei":0}},{"type":"Feature","geometry":{"type":"Point","coordinates":[25.942307,43.894511]},"properties":{"lines":"3","color":"#0059a9","mode":"bus","arr":["G3"],"angle":-1.5}},{"type":"Feature","geometry":{"type":"Point","coordinates":[25.95616,43.894755]},"properties":{"lines":"3","color":"#0059a9","mode":"bus","arr":["G3"],"angle":-1.3}},{"type":"Feature","geometry":{"type":"Point","coordinates":[25.932872,43.89436]},"properties":{"lines":"3","color":"#0059a9","mode":"bus","arr":["G3"],"angle":-1,"extra":1,"ei":0}},{"type":"Feature","geometry":{"type":"Point","coordinates":[25.935489,43.894396]},"properties":{"lines":"3","color":"#0059a9","mode":"bus","arr":["G3"],"angle":-1.4,"extra":1,"ei":1}},{"type":"Feature","geometry":{"type":"Point","coordinates":[25.938107,43.894442]},"properties":{"lines":"3","color":"#0059a9","mode":"bus","arr":["G3"],"angle":-1.3,"extra":1,"ei":2}},{"type":"Feature","geometry":{"type":"Point","coordinates":[25.945959,43.894571]},"properties":{"lines":"3","color":"#0059a9","mode":"bus","arr":["G3"],"angle":-1.2,"extra":1,"ei":3}},{"type":"Feature","geometry":{"type":"Point","coordinates":[25.948576,43.894624]},"properties":{"lines":"3","color":"#0059a9","mode":"bus","arr":["G3"],"angle":-1.5,"extra":1,"ei":4}},{"type":"Feature","geometry":{"type":"Point","coordinates":[25.951193,43.894677]},"properties":{"lines":"3","color":"#0059a9","mode":"bus","arr":["G3"],"angle":-1.6,"extra":1,"ei":5}},{"type":"Feature","geometry":{"type":"Point","coordinates":[25.953301,43.894712]},"properties":{"lines":"3, 4","color":"#0059a9","mode":"bus","arr":["G3","G4"],"angle":-1.3}},{"type":"Feature","geometry":{"type":"Point","coordinates":[25.961445,43.89397]},"properties":{"lines":"3","color":"#0059a9","mode":"bus","arr":["G3"],"angle":-32.1,"mi":1}},{"type":"Feature","geometry":{"type":"Point","coordinates":[25.963957,43.89142]},"properties":{"lines":"3, 4, 5","color":"#0059a9","mode":"bus","arr":["G3","G4","G5"],"angle":18.6}},{"type":"Feature","geometry":{"type":"Point","coordinates":[25.953796,43.906767]},"properties":{"lines":"4","color":"#0059a9","mode":"bus","arr":["G4"],"angle":76.8}},{"type":"Feature","geometry":{"type":"Point","coordinates":[25.953888,43.899459]},"properties":{"lines":"4","color":"#0059a9","mode":"bus","arr":["G4"],"angle":-85.3,"extra":1,"ei":0}},{"type":"Feature","geometry":{"type":"Point","coordinates":[25.954093,43.901342]},"properties":{"lines":"4","color":"#0059a9","mode":"bus","arr":["G4"],"angle":-86.1,"extra":1,"ei":1}},{"type":"Feature","geometry":{"type":"Point","coordinates":[25.954219,43.903228]},"properties":{"lines":"4","color":"#0059a9","mode":"bus","arr":["G4"],"angle":-89.8,"extra":1,"ei":2}},{"type":"Feature","geometry":{"type":"Point","coordinates":[25.954121,43.905114]},"properties":{"lines":"4","color":"#0059a9","mode":"bus","arr":["G4"],"angle":85.2,"extra":1,"ei":3}},{"type":"Feature","geometry":{"type":"Point","coordinates":[25.952924,43.908777]},"properties":{"lines":"4","color":"#0059a9","mode":"bus","arr":["G4"],"angle":72.2,"extra":1,"ei":4}},{"type":"Feature","geometry":{"type":"Point","coordinates":[25.952126,43.910576]},"properties":{"lines":"4","color":"#0059a9","mode":"bus","arr":["G4"],"angle":72.7,"extra":1,"ei":5}},{"type":"Feature","geometry":{"type":"Point","coordinates":[25.951327,43.912374]},"properties":{"lines":"4","color":"#0059a9","mode":"bus","arr":["G4"],"angle":72.7,"extra":1,"ei":6}},{"type":"Feature","geometry":{"type":"Point","coordinates":[25.95052,43.914171]},"properties":{"lines":"4","color":"#0059a9","mode":"bus","arr":["G4"],"angle":71.4,"extra":1,"ei":7}},{"type":"Feature","geometry":{"type":"Point","coordinates":[25.954154,43.898269]},"properties":{"lines":"4, 5","color":"#0059a9","mode":"bus","arr":["G4","G5"],"angle":43}},{"type":"Feature","geometry":{"type":"Point","coordinates":[25.953831,43.896363]},"properties":{"lines":"4","color":"#0059a9","mode":"bus","arr":["G4"],"angle":-73.2,"mi":3}},{"type":"Feature","geometry":{"type":"Point","coordinates":[25.953876,43.892938]},"properties":{"lines":"4","color":"#0059a9","mode":"bus","arr":["G4"],"angle":71.6}},{"type":"Feature","geometry":{"type":"Point","coordinates":[25.956777,43.890782]},"properties":{"lines":"4","color":"#0059a9","mode":"bus","arr":["G4"],"angle":37.7,"mi":1}},{"type":"Feature","geometry":{"type":"Point","coordinates":[25.960517,43.890978]},"properties":{"lines":"4","color":"#0059a9","mode":"bus","arr":["G4"],"angle":-28.2,"mi":2}},{"type":"Feature","geometry":{"type":"Point","coordinates":[25.978183,43.907029]},"properties":{"lines":"4, 5","color":"#0059a9","mode":"bus","arr":["G4","G5"],"angle":23.9,"mi":1}},{"type":"Feature","geometry":{"type":"Point","coordinates":[25.97366,43.9079]},"properties":{"lines":"4, 5","color":"#0059a9","mode":"bus","arr":["G4","G5"],"angle":6.1}},{"type":"Feature","geometry":{"type":"Point","coordinates":[25.975332,43.907776]},"properties":{"lines":"4, 5","color":"#0059a9","mode":"bus","arr":["G4","G5"],"angle":6.8,"extra":1,"ei":0}},{"type":"Feature","geometry":{"type":"Point","coordinates":[25.970677,43.913484]},"properties":{"lines":"4, 5","color":"#0059a9","mode":"bus","arr":["G4","G5"],"angle":1.5,"mi":2}},{"type":"Feature","geometry":{"type":"Point","coordinates":[25.970289,43.914377]},"properties":{"lines":"4","color":"#0059a9","mode":"bus","arr":["G4"],"angle":-81.7,"mi":1}},{"type":"Feature","geometry":{"type":"Point","coordinates":[25.968751,43.915857]},"properties":{"lines":"4","color":"#0059a9","mode":"bus","arr":["G4"],"angle":10.1}},{"type":"Feature","geometry":{"type":"Point","coordinates":[25.945227,43.910558]},"properties":{"lines":"5","color":"#0059a9","mode":"bus","arr":["G5"],"angle":-24.5,"mi":1}},{"type":"Feature","geometry":{"type":"Point","coordinates":[25.950133,43.911965]},"properties":{"lines":"5","color":"#0059a9","mode":"bus","arr":["G5"],"angle":-19.3,"extra":1,"ei":0}},{"type":"Feature","geometry":{"type":"Point","coordinates":[25.947667,43.911331]},"properties":{"lines":"5","color":"#0059a9","mode":"bus","arr":["G5"],"angle":-21.7,"extra":1,"ei":1}},{"type":"Feature","geometry":{"type":"Point","coordinates":[25.943352,43.909343]},"properties":{"lines":"5","color":"#0059a9","mode":"bus","arr":["G5"],"angle":-50.7,"extra":1,"ei":2}},{"type":"Feature","geometry":{"type":"Point","coordinates":[25.941648,43.90791]},"properties":{"lines":"5","color":"#0059a9","mode":"bus","arr":["G5"],"angle":-48,"extra":1,"ei":3}},{"type":"Feature","geometry":{"type":"Point","coordinates":[25.947216,43.902815]},"properties":{"lines":"5","color":"#0059a9","mode":"bus","arr":["G5"],"angle":42.3}},{"type":"Feature","geometry":{"type":"Point","coordinates":[25.941682,43.906527]},"properties":{"lines":"5","color":"#0059a9","mode":"bus","arr":["G5"],"angle":42.7,"extra":1,"ei":0}},{"type":"Feature","geometry":{"type":"Point","coordinates":[25.943604,43.905244]},"properties":{"lines":"5","color":"#0059a9","mode":"bus","arr":["G5"],"angle":42.7,"extra":1,"ei":1}},{"type":"Feature","geometry":{"type":"Point","coordinates":[25.945511,43.90395]},"properties":{"lines":"5","color":"#0059a9","mode":"bus","arr":["G5"],"angle":43.2,"extra":1,"ei":2}},{"type":"Feature","geometry":{"type":"Point","coordinates":[25.94937,43.901397]},"properties":{"lines":"5","color":"#0059a9","mode":"bus","arr":["G5"],"angle":42.2,"extra":1,"ei":3}},{"type":"Feature","geometry":{"type":"Point","coordinates":[25.951306,43.900126]},"properties":{"lines":"5","color":"#0059a9","mode":"bus","arr":["G5"],"angle":41.9,"extra":1,"ei":4}},{"type":"Feature","geometry":{"type":"Point","coordinates":[25.953254,43.898864]},"properties":{"lines":"5","color":"#0059a9","mode":"bus","arr":["G5"],"angle":42.3,"extra":1,"ei":5}},{"type":"Feature","geometry":{"type":"Point","coordinates":[25.980915,43.900825]},"properties":{"lines":"6","color":"#0059a9","mode":"bus","arr":["G6"],"angle":-76.5}},{"type":"Feature","geometry":{"type":"Point","coordinates":[25.977757,43.89879]},"properties":{"lines":"6","color":"#0059a9","mode":"bus","arr":["G6"],"angle":2,"side":-1,"mi":1}},{"type":"Feature","geometry":{"type":"Point","coordinates":[25.976071,43.898918]},"properties":{"lines":"6","color":"#0059a9","mode":"bus","arr":["G6"],"angle":2,"extra":1,"ei":0}},{"type":"Feature","geometry":{"type":"Point","coordinates":[25.97944,43.898746]},"properties":{"lines":"6","color":"#0059a9","mode":"bus","arr":["G6"],"angle":2.1,"extra":1,"ei":0,"side":-1}},{"type":"Feature","geometry":{"type":"Point","coordinates":[25.970844,43.961806]},"properties":{"lines":"Train","color":"#4b4f57","mode":"tram","arr":["train"],"metro":1,"angle":-83.5}},{"type":"Feature","geometry":{"type":"Point","coordinates":[25.963628,43.912466]},"properties":{"lines":"Train","color":"#4b4f57","mode":"tram","arr":["train"],"metro":1,"angle":-84.1,"mi":1}},{"type":"Feature","geometry":{"type":"Point","coordinates":[25.989879,43.989049]},"properties":{"lines":"Train","color":"#4b4f57","mode":"tram","arr":["train"],"metro":1,"angle":-41.9,"extra":1,"ei":0}},{"type":"Feature","geometry":{"type":"Point","coordinates":[25.987923,43.987793]},"properties":{"lines":"Train","color":"#4b4f57","mode":"tram","arr":["train"],"metro":1,"angle":-41.5,"extra":1,"ei":1}},{"type":"Feature","geometry":{"type":"Point","coordinates":[25.985994,43.986517]},"properties":{"lines":"Train","color":"#4b4f57","mode":"tram","arr":["train"],"metro":1,"angle":-45.1,"extra":1,"ei":2}},{"type":"Feature","geometry":{"type":"Point","coordinates":[25.984246,43.985113]},"properties":{"lines":"Train","color":"#4b4f57","mode":"tram","arr":["train"],"metro":1,"angle":-50.8,"extra":1,"ei":3}},{"type":"Feature","geometry":{"type":"Point","coordinates":[25.982701,43.98359]},"properties":{"lines":"Train","color":"#4b4f57","mode":"tram","arr":["train"],"metro":1,"angle":-57,"extra":1,"ei":4}},{"type":"Feature","geometry":{"type":"Point","coordinates":[25.981386,43.981958]},"properties":{"lines":"Train","color":"#4b4f57","mode":"tram","arr":["train"],"metro":1,"angle":-62.4,"extra":1,"ei":5}},{"type":"Feature","geometry":{"type":"Point","coordinates":[25.980219,43.980267]},"properties":{"lines":"Train","color":"#4b4f57","mode":"tram","arr":["train"],"metro":1,"angle":-63.6,"extra":1,"ei":6}},{"type":"Feature","geometry":{"type":"Point","coordinates":[25.979051,43.978577]},"properties":{"lines":"Train","color":"#4b4f57","mode":"tram","arr":["train"],"metro":1,"angle":-63.5,"extra":1,"ei":7}},{"type":"Feature","geometry":{"type":"Point","coordinates":[25.977863,43.976894]},"properties":{"lines":"Train","color":"#4b4f57","mode":"tram","arr":["train"],"metro":1,"angle":-62.9,"extra":1,"ei":8}},{"type":"Feature","geometry":{"type":"Point","coordinates":[25.976686,43.975207]},"properties":{"lines":"Train","color":"#4b4f57","mode":"tram","arr":["train"],"metro":1,"angle":-63.8,"extra":1,"ei":9}},{"type":"Feature","geometry":{"type":"Point","coordinates":[25.975528,43.973514]},"properties":{"lines":"Train","color":"#4b4f57","mode":"tram","arr":["train"],"metro":1,"angle":-63.3,"extra":1,"ei":10}},{"type":"Feature","geometry":{"type":"Point","coordinates":[25.974344,43.971829]},"properties":{"lines":"Train","color":"#4b4f57","mode":"tram","arr":["train"],"metro":1,"angle":-63.9,"extra":1,"ei":11}},{"type":"Feature","geometry":{"type":"Point","coordinates":[25.973206,43.970129]},"properties":{"lines":"Train","color":"#4b4f57","mode":"tram","arr":["train"],"metro":1,"angle":-66.3,"extra":1,"ei":12}},{"type":"Feature","geometry":{"type":"Point","coordinates":[25.972308,43.968355]},"properties":{"lines":"Train","color":"#4b4f57","mode":"tram","arr":["train"],"metro":1,"angle":-72,"extra":1,"ei":13}},{"type":"Feature","geometry":{"type":"Point","coordinates":[25.971663,43.966527]},"properties":{"lines":"Train","color":"#4b4f57","mode":"tram","arr":["train"],"metro":1,"angle":-78.6,"extra":1,"ei":14}},{"type":"Feature","geometry":{"type":"Point","coordinates":[25.971265,43.964661]},"properties":{"lines":"Train","color":"#4b4f57","mode":"tram","arr":["train"],"metro":1,"angle":-83.2,"extra":1,"ei":15}},{"type":"Feature","geometry":{"type":"Point","coordinates":[25.970473,43.959024]},"properties":{"lines":"Train","color":"#4b4f57","mode":"tram","arr":["train"],"metro":1,"angle":-85.3,"extra":1,"ei":16}},{"type":"Feature","geometry":{"type":"Point","coordinates":[25.970239,43.957144]},"properties":{"lines":"Train","color":"#4b4f57","mode":"tram","arr":["train"],"metro":1,"angle":-82.8,"extra":1,"ei":17}},{"type":"Feature","geometry":{"type":"Point","coordinates":[25.969939,43.955268]},"properties":{"lines":"Train","color":"#4b4f57","mode":"tram","arr":["train"],"metro":1,"angle":-83.9,"extra":1,"ei":18}},{"type":"Feature","geometry":{"type":"Point","coordinates":[25.969661,43.95339]},"properties":{"lines":"Train","color":"#4b4f57","mode":"tram","arr":["train"],"metro":1,"angle":-83.9,"extra":1,"ei":19}},{"type":"Feature","geometry":{"type":"Point","coordinates":[25.969383,43.951512]},"properties":{"lines":"Train","color":"#4b4f57","mode":"tram","arr":["train"],"metro":1,"angle":-83.9,"extra":1,"ei":20}},{"type":"Feature","geometry":{"type":"Point","coordinates":[25.969105,43.949634]},"properties":{"lines":"Train","color":"#4b4f57","mode":"tram","arr":["train"],"metro":1,"angle":-83.9,"extra":1,"ei":21}},{"type":"Feature","geometry":{"type":"Point","coordinates":[25.968835,43.947756]},"properties":{"lines":"Train","color":"#4b4f57","mode":"tram","arr":["train"],"metro":1,"angle":-84.1,"extra":1,"ei":22}},{"type":"Feature","geometry":{"type":"Point","coordinates":[25.968562,43.945877]},"properties":{"lines":"Train","color":"#4b4f57","mode":"tram","arr":["train"],"metro":1,"angle":-83.9,"extra":1,"ei":23}},{"type":"Feature","geometry":{"type":"Point","coordinates":[25.968284,43.943999]},"properties":{"lines":"Train","color":"#4b4f57","mode":"tram","arr":["train"],"metro":1,"angle":-83.9,"extra":1,"ei":24}},{"type":"Feature","geometry":{"type":"Point","coordinates":[25.96799,43.942123]},"properties":{"lines":"Train","color":"#4b4f57","mode":"tram","arr":["train"],"metro":1,"angle":-83.1,"extra":1,"ei":25}},{"type":"Feature","geometry":{"type":"Point","coordinates":[25.967702,43.940246]},"properties":{"lines":"Train","color":"#4b4f57","mode":"tram","arr":["train"],"metro":1,"angle":-84.4,"extra":1,"ei":26}},{"type":"Feature","geometry":{"type":"Point","coordinates":[25.967442,43.938367]},"properties":{"lines":"Train","color":"#4b4f57","mode":"tram","arr":["train"],"metro":1,"angle":-83.7,"extra":1,"ei":27}},{"type":"Feature","geometry":{"type":"Point","coordinates":[25.967162,43.936489]},"properties":{"lines":"Train","color":"#4b4f57","mode":"tram","arr":["train"],"metro":1,"angle":-84.3,"extra":1,"ei":28}},{"type":"Feature","geometry":{"type":"Point","coordinates":[25.966892,43.93461]},"properties":{"lines":"Train","color":"#4b4f57","mode":"tram","arr":["train"],"metro":1,"angle":-83.8,"extra":1,"ei":29}},{"type":"Feature","geometry":{"type":"Point","coordinates":[25.966629,43.932731]},"properties":{"lines":"Train","color":"#4b4f57","mode":"tram","arr":["train"],"metro":1,"angle":-84.8,"extra":1,"ei":30}},{"type":"Feature","geometry":{"type":"Point","coordinates":[25.966349,43.930854]},"properties":{"lines":"Train","color":"#4b4f57","mode":"tram","arr":["train"],"metro":1,"angle":-83.2,"extra":1,"ei":31}},{"type":"Feature","geometry":{"type":"Point","coordinates":[25.965945,43.928392]},"properties":{"lines":"Train","color":"#4b4f57","mode":"tram","arr":["train"],"metro":1,"angle":-83.6,"extra":1,"ei":0}},{"type":"Feature","geometry":{"type":"Point","coordinates":[25.965643,43.926516]},"properties":{"lines":"Train","color":"#4b4f57","mode":"tram","arr":["train"],"metro":1,"angle":-83.4,"extra":1,"ei":1}},{"type":"Feature","geometry":{"type":"Point","coordinates":[25.965364,43.924638]},"properties":{"lines":"Train","color":"#4b4f57","mode":"tram","arr":["train"],"metro":1,"angle":-84.2,"extra":1,"ei":2}},{"type":"Feature","geometry":{"type":"Point","coordinates":[25.965099,43.922759]},"properties":{"lines":"Train","color":"#4b4f57","mode":"tram","arr":["train"],"metro":1,"angle":-84.2,"extra":1,"ei":3}},{"type":"Feature","geometry":{"type":"Point","coordinates":[25.964829,43.920881]},"properties":{"lines":"Train","color":"#4b4f57","mode":"tram","arr":["train"],"metro":1,"angle":-84.1,"extra":1,"ei":4}},{"type":"Feature","geometry":{"type":"Point","coordinates":[25.964557,43.919002]},"properties":{"lines":"Train","color":"#4b4f57","mode":"tram","arr":["train"],"metro":1,"angle":-84.2,"extra":1,"ei":5}},{"type":"Feature","geometry":{"type":"Point","coordinates":[25.964292,43.917123]},"properties":{"lines":"Train","color":"#4b4f57","mode":"tram","arr":["train"],"metro":1,"angle":-84.2,"extra":1,"ei":6}},{"type":"Feature","geometry":{"type":"Point","coordinates":[25.964026,43.915245]},"properties":{"lines":"Train","color":"#4b4f57","mode":"tram","arr":["train"],"metro":1,"angle":-84.1,"extra":1,"ei":7}},{"type":"Feature","geometry":{"type":"Point","coordinates":[25.96319,43.909611]},"properties":{"lines":"Train","color":"#4b4f57","mode":"tram","arr":["train"],"metro":1,"angle":-83.5,"extra":1,"ei":8}},{"type":"Feature","geometry":{"type":"Point","coordinates":[25.962922,43.907732]},"properties":{"lines":"Train","color":"#4b4f57","mode":"tram","arr":["train"],"metro":1,"angle":-84.5,"extra":1,"ei":9}},{"type":"Feature","geometry":{"type":"Point","coordinates":[25.962647,43.905854]},"properties":{"lines":"Train","color":"#4b4f57","mode":"tram","arr":["train"],"metro":1,"angle":-83.6,"extra":1,"ei":10}},{"type":"Feature","geometry":{"type":"Point","coordinates":[25.962358,43.903977]},"properties":{"lines":"Train","color":"#4b4f57","mode":"tram","arr":["train"],"metro":1,"angle":-84.2,"extra":1,"ei":11}},{"type":"Feature","geometry":{"type":"Point","coordinates":[25.962111,43.902097]},"properties":{"lines":"Train","color":"#4b4f57","mode":"tram","arr":["train"],"metro":1,"angle":-85,"extra":1,"ei":12}},{"type":"Feature","geometry":{"type":"Point","coordinates":[25.961853,43.900218]},"properties":{"lines":"Train","color":"#4b4f57","mode":"tram","arr":["train"],"metro":1,"angle":-83.9,"extra":1,"ei":13}},{"type":"Feature","geometry":{"type":"Point","coordinates":[25.961574,43.89834]},"properties":{"lines":"Train","color":"#4b4f57","mode":"tram","arr":["train"],"metro":1,"angle":-83.4,"extra":1,"ei":14}},{"type":"Feature","geometry":{"type":"Point","coordinates":[25.961266,43.896465]},"properties":{"lines":"Train","color":"#4b4f57","mode":"tram","arr":["train"],"metro":1,"angle":-82.6,"extra":1,"ei":15}},{"type":"Feature","geometry":{"type":"Point","coordinates":[25.966132,43.929586]},"properties":{"lines":"Train","color":"#4b4f57","mode":"tram","arr":["train"],"metro":1,"angle":-83.4}},{"type":"Feature","geometry":{"type":"Point","coordinates":[25.964639,43.919368]},"properties":{"lines":"Train","color":"#4b4f57","mode":"tram","arr":["train"],"metro":1,"angle":89.6}},{"type":"Feature","geometry":{"type":"Point","coordinates":[25.965802,43.842792]},"properties":{"lines":"Train","color":"#4b4f57","mode":"tram","arr":["train"],"metro":1,"angle":-62.6,"mi":1}},{"type":"Feature","geometry":{"type":"Point","coordinates":[25.968173,43.846787]},"properties":{"lines":"Train","color":"#4b4f57","mode":"tram","arr":["train"],"metro":1,"angle":-66.5,"extra":1,"ei":0}},{"type":"Feature","geometry":{"type":"Point","coordinates":[25.967166,43.845044]},"properties":{"lines":"Train","color":"#4b4f57","mode":"tram","arr":["train"],"metro":1,"angle":-67.5,"extra":1,"ei":1}},{"type":"Feature","geometry":{"type":"Point","coordinates":[25.964945,43.841627]},"properties":{"lines":"Train","color":"#4b4f57","mode":"tram","arr":["train"],"metro":1,"angle":-62,"extra":1,"ei":2}},{"type":"Feature","geometry":{"type":"Point","coordinates":[25.963716,43.839959]},"properties":{"lines":"Train","color":"#4b4f57","mode":"tram","arr":["train"],"metro":1,"angle":-61.9,"extra":1,"ei":3}},{"type":"Feature","geometry":{"type":"Point","coordinates":[25.962482,43.838294]},"properties":{"lines":"Train","color":"#4b4f57","mode":"tram","arr":["train"],"metro":1,"angle":-61.8,"extra":1,"ei":4}},{"type":"Feature","geometry":{"type":"Point","coordinates":[25.985551,43.904881]},"properties":{"lines":"Train","color":"#4b4f57","mode":"tram","arr":["train"],"metro":1,"angle":41.3}},{"type":"Feature","geometry":{"type":"Point","coordinates":[25.964524,43.918226]},"properties":{"lines":"Train","color":"#4b4f57","mode":"tram","arr":["train"],"metro":1,"angle":-84.4,"extra":1,"ei":0}},{"type":"Feature","geometry":{"type":"Point","coordinates":[25.964293,43.916345]},"properties":{"lines":"Train","color":"#4b4f57","mode":"tram","arr":["train"],"metro":1,"angle":-89.6,"extra":1,"ei":1}},{"type":"Feature","geometry":{"type":"Point","coordinates":[25.964982,43.914551]},"properties":{"lines":"Train","color":"#4b4f57","mode":"tram","arr":["train"],"metro":1,"angle":61.2,"extra":1,"ei":2}},{"type":"Feature","geometry":{"type":"Point","coordinates":[25.966674,43.913141]},"properties":{"lines":"Train","color":"#4b4f57","mode":"tram","arr":["train"],"metro":1,"angle":32.5,"extra":1,"ei":3}},{"type":"Feature","geometry":{"type":"Point","coordinates":[25.969112,43.912484]},"properties":{"lines":"Train","color":"#4b4f57","mode":"tram","arr":["train"],"metro":1,"angle":14.3,"extra":1,"ei":4}},{"type":"Feature","geometry":{"type":"Point","coordinates":[25.971649,43.912016]},"properties":{"lines":"Train","color":"#4b4f57","mode":"tram","arr":["train"],"metro":1,"angle":14.7,"extra":1,"ei":5}},{"type":"Feature","geometry":{"type":"Point","coordinates":[25.97417,43.911509]},"properties":{"lines":"Train","color":"#4b4f57","mode":"tram","arr":["train"],"metro":1,"angle":18.9,"extra":1,"ei":6}},{"type":"Feature","geometry":{"type":"Point","coordinates":[25.976451,43.910612]},"properties":{"lines":"Train","color":"#4b4f57","mode":"tram","arr":["train"],"metro":1,"angle":38.6,"extra":1,"ei":7}},{"type":"Feature","geometry":{"type":"Point","coordinates":[25.978461,43.909402]},"properties":{"lines":"Train","color":"#4b4f57","mode":"tram","arr":["train"],"metro":1,"angle":41.5,"extra":1,"ei":8}},{"type":"Feature","geometry":{"type":"Point","coordinates":[25.98042,43.90815]},"properties":{"lines":"Train","color":"#4b4f57","mode":"tram","arr":["train"],"metro":1,"angle":41.5,"extra":1,"ei":9}},{"type":"Feature","geometry":{"type":"Point","coordinates":[25.982378,43.906896]},"properties":{"lines":"Train","color":"#4b4f57","mode":"tram","arr":["train"],"metro":1,"angle":41.6,"extra":1,"ei":10}},{"type":"Feature","geometry":{"type":"Point","coordinates":[25.988274,43.903153]},"properties":{"lines":"Train","color":"#4b4f57","mode":"tram","arr":["train"],"metro":1,"angle":41.3,"extra":1,"ei":11}},{"type":"Feature","geometry":{"type":"Point","coordinates":[25.99024,43.901905]},"properties":{"lines":"Train","color":"#4b4f57","mode":"tram","arr":["train"],"metro":1,"angle":41.3,"extra":1,"ei":12}},{"type":"Feature","geometry":{"type":"Point","coordinates":[25.992205,43.900658]},"properties":{"lines":"Train","color":"#4b4f57","mode":"tram","arr":["train"],"metro":1,"angle":41.3,"extra":1,"ei":13}},{"type":"Feature","geometry":{"type":"Point","coordinates":[25.994171,43.89941]},"properties":{"lines":"Train","color":"#4b4f57","mode":"tram","arr":["train"],"metro":1,"angle":41.1,"extra":1,"ei":14}},{"type":"Feature","geometry":{"type":"Point","coordinates":[25.996156,43.898179]},"properties":{"lines":"Train","color":"#4b4f57","mode":"tram","arr":["train"],"metro":1,"angle":42.3,"extra":1,"ei":15}},{"type":"Feature","geometry":{"type":"Point","coordinates":[25.997861,43.896751]},"properties":{"lines":"Train","color":"#4b4f57","mode":"tram","arr":["train"],"metro":1,"angle":53.3,"extra":1,"ei":16}},{"type":"Feature","geometry":{"type":"Point","coordinates":[25.999412,43.89523]},"properties":{"lines":"Train","color":"#4b4f57","mode":"tram","arr":["train"],"metro":1,"angle":54.4,"extra":1,"ei":17}},{"type":"Feature","geometry":{"type":"Point","coordinates":[26.000949,43.893701]},"properties":{"lines":"Train","color":"#4b4f57","mode":"tram","arr":["train"],"metro":1,"angle":51.8,"extra":1,"ei":18}},{"type":"Feature","geometry":{"type":"Point","coordinates":[26.002494,43.892177]},"properties":{"lines":"Train","color":"#4b4f57","mode":"tram","arr":["train"],"metro":1,"angle":54.6,"extra":1,"ei":19}},{"type":"Feature","geometry":{"type":"Point","coordinates":[26.004008,43.890636]},"properties":{"lines":"Train","color":"#4b4f57","mode":"tram","arr":["train"],"metro":1,"angle":54.7,"extra":1,"ei":20}},{"type":"Feature","geometry":{"type":"Point","coordinates":[26.005522,43.889096]},"properties":{"lines":"Train","color":"#4b4f57","mode":"tram","arr":["train"],"metro":1,"angle":54.7,"extra":1,"ei":21}},{"type":"Feature","geometry":{"type":"Point","coordinates":[26.014239,43.854574]},"properties":{"lines":"Train","color":"#4b4f57","mode":"tram","arr":["train"],"metro":1,"angle":2.6}},{"type":"Feature","geometry":{"type":"Point","coordinates":[25.959837,43.835319]},"properties":{"lines":"Train","color":"#4b4f57","mode":"tram","arr":["train"],"metro":1,"angle":-50.8}},{"type":"Feature","geometry":{"type":"Point","coordinates":[26.007392,43.887206]},"properties":{"lines":"Train","color":"#4b4f57","mode":"tram","arr":["train"],"metro":1,"angle":54.3,"extra":1,"ei":0}},{"type":"Feature","geometry":{"type":"Point","coordinates":[26.00892,43.885672]},"properties":{"lines":"Train","color":"#4b4f57","mode":"tram","arr":["train"],"metro":1,"angle":54.3,"extra":1,"ei":1}},{"type":"Feature","geometry":{"type":"Point","coordinates":[26.010448,43.884139]},"properties":{"lines":"Train","color":"#4b4f57","mode":"tram","arr":["train"],"metro":1,"angle":54.3,"extra":1,"ei":2}},{"type":"Feature","geometry":{"type":"Point","coordinates":[26.011986,43.88261]},"properties":{"lines":"Train","color":"#4b4f57","mode":"tram","arr":["train"],"metro":1,"angle":52.3,"extra":1,"ei":3}},{"type":"Feature","geometry":{"type":"Point","coordinates":[26.01357,43.881107]},"properties":{"lines":"Train","color":"#4b4f57","mode":"tram","arr":["train"],"metro":1,"angle":54.2,"extra":1,"ei":4}},{"type":"Feature","geometry":{"type":"Point","coordinates":[26.015113,43.879581]},"properties":{"lines":"Train","color":"#4b4f57","mode":"tram","arr":["train"],"metro":1,"angle":53.5,"extra":1,"ei":5}},{"type":"Feature","geometry":{"type":"Point","coordinates":[26.016671,43.878064]},"properties":{"lines":"Train","color":"#4b4f57","mode":"tram","arr":["train"],"metro":1,"angle":53.5,"extra":1,"ei":6}},{"type":"Feature","geometry":{"type":"Point","coordinates":[26.018201,43.876531]},"properties":{"lines":"Train","color":"#4b4f57","mode":"tram","arr":["train"],"metro":1,"angle":54.3,"extra":1,"ei":7}},{"type":"Feature","geometry":{"type":"Point","coordinates":[26.019589,43.874936]},"properties":{"lines":"Train","color":"#4b4f57","mode":"tram","arr":["train"],"metro":1,"angle":66.7,"extra":1,"ei":8}},{"type":"Feature","geometry":{"type":"Point","coordinates":[26.020165,43.873104]},"properties":{"lines":"Train","color":"#4b4f57","mode":"tram","arr":["train"],"metro":1,"angle":86,"extra":1,"ei":9}},{"type":"Feature","geometry":{"type":"Point","coordinates":[26.02013,43.871217]},"properties":{"lines":"Train","color":"#4b4f57","mode":"tram","arr":["train"],"metro":1,"angle":-87.8,"extra":1,"ei":10}},{"type":"Feature","geometry":{"type":"Point","coordinates":[26.020031,43.86933]},"properties":{"lines":"Train","color":"#4b4f57","mode":"tram","arr":["train"],"metro":1,"angle":-87.8,"extra":1,"ei":11}},{"type":"Feature","geometry":{"type":"Point","coordinates":[26.019932,43.867442]},"properties":{"lines":"Train","color":"#4b4f57","mode":"tram","arr":["train"],"metro":1,"angle":-88.2,"extra":1,"ei":12}},{"type":"Feature","geometry":{"type":"Point","coordinates":[26.019856,43.865555]},"properties":{"lines":"Train","color":"#4b4f57","mode":"tram","arr":["train"],"metro":1,"angle":-88.3,"extra":1,"ei":13}},{"type":"Feature","geometry":{"type":"Point","coordinates":[26.019766,43.863667]},"properties":{"lines":"Train","color":"#4b4f57","mode":"tram","arr":["train"],"metro":1,"angle":-87.9,"extra":1,"ei":14}},{"type":"Feature","geometry":{"type":"Point","coordinates":[26.019666,43.86178]},"properties":{"lines":"Train","color":"#4b4f57","mode":"tram","arr":["train"],"metro":1,"angle":-87.8,"extra":1,"ei":15}},{"type":"Feature","geometry":{"type":"Point","coordinates":[26.019577,43.859892]},"properties":{"lines":"Train","color":"#4b4f57","mode":"tram","arr":["train"],"metro":1,"angle":-88.2,"extra":1,"ei":16}},{"type":"Feature","geometry":{"type":"Point","coordinates":[26.019479,43.858005]},"properties":{"lines":"Train","color":"#4b4f57","mode":"tram","arr":["train"],"metro":1,"angle":-85.7,"extra":1,"ei":17}},{"type":"Feature","geometry":{"type":"Point","coordinates":[26.018695,43.856227]},"properties":{"lines":"Train","color":"#4b4f57","mode":"tram","arr":["train"],"metro":1,"angle":-57.5,"extra":1,"ei":18}},{"type":"Feature","geometry":{"type":"Point","coordinates":[26.01679,43.854963]},"properties":{"lines":"Train","color":"#4b4f57","mode":"tram","arr":["train"],"metro":1,"angle":-27.7,"extra":1,"ei":19}},{"type":"Feature","geometry":{"type":"Point","coordinates":[26.011652,43.854741]},"properties":{"lines":"Train","color":"#4b4f57","mode":"tram","arr":["train"],"metro":1,"angle":5.4,"extra":1,"ei":20}},{"type":"Feature","geometry":{"type":"Point","coordinates":[26.009052,43.854961]},"properties":{"lines":"Train","color":"#4b4f57","mode":"tram","arr":["train"],"metro":1,"angle":8.5,"extra":1,"ei":21}},{"type":"Feature","geometry":{"type":"Point","coordinates":[26.006528,43.855441]},"properties":{"lines":"Train","color":"#4b4f57","mode":"tram","arr":["train"],"metro":1,"angle":21.1,"extra":1,"ei":22}},{"type":"Feature","geometry":{"type":"Point","coordinates":[26.004103,43.856154]},"properties":{"lines":"Train","color":"#4b4f57","mode":"tram","arr":["train"],"metro":1,"angle":21.9,"extra":1,"ei":23}},{"type":"Feature","geometry":{"type":"Point","coordinates":[26.001675,43.856859]},"properties":{"lines":"Train","color":"#4b4f57","mode":"tram","arr":["train"],"metro":1,"angle":22.2,"extra":1,"ei":24}},{"type":"Feature","geometry":{"type":"Point","coordinates":[25.99925,43.857571]},"properties":{"lines":"Train","color":"#4b4f57","mode":"tram","arr":["train"],"metro":1,"angle":22,"extra":1,"ei":25}},{"type":"Feature","geometry":{"type":"Point","coordinates":[25.996824,43.858281]},"properties":{"lines":"Train","color":"#4b4f57","mode":"tram","arr":["train"],"metro":1,"angle":22.2,"extra":1,"ei":26}},{"type":"Feature","geometry":{"type":"Point","coordinates":[25.994397,43.858989]},"properties":{"lines":"Train","color":"#4b4f57","mode":"tram","arr":["train"],"metro":1,"angle":22.1,"extra":1,"ei":27}},{"type":"Feature","geometry":{"type":"Point","coordinates":[25.99197,43.859698]},"properties":{"lines":"Train","color":"#4b4f57","mode":"tram","arr":["train"],"metro":1,"angle":22.2,"extra":1,"ei":28}},{"type":"Feature","geometry":{"type":"Point","coordinates":[25.989462,43.860192]},"properties":{"lines":"Train","color":"#4b4f57","mode":"tram","arr":["train"],"metro":1,"angle":1.6,"extra":1,"ei":29}},{"type":"Feature","geometry":{"type":"Point","coordinates":[25.98696,43.859727]},"properties":{"lines":"Train","color":"#4b4f57","mode":"tram","arr":["train"],"metro":1,"angle":-29.8,"extra":1,"ei":30}},{"type":"Feature","geometry":{"type":"Point","coordinates":[25.984784,43.858678]},"properties":{"lines":"Train","color":"#4b4f57","mode":"tram","arr":["train"],"metro":1,"angle":-34,"extra":1,"ei":31}},{"type":"Feature","geometry":{"type":"Point","coordinates":[25.982617,43.857618]},"properties":{"lines":"Train","color":"#4b4f57","mode":"tram","arr":["train"],"metro":1,"angle":-34.3,"extra":1,"ei":32}},{"type":"Feature","geometry":{"type":"Point","coordinates":[25.980457,43.856551]},"properties":{"lines":"Train","color":"#4b4f57","mode":"tram","arr":["train"],"metro":1,"angle":-36.9,"extra":1,"ei":33}},{"type":"Feature","geometry":{"type":"Point","coordinates":[25.978596,43.855231]},"properties":{"lines":"Train","color":"#4b4f57","mode":"tram","arr":["train"],"metro":1,"angle":-51.4,"extra":1,"ei":34}},{"type":"Feature","geometry":{"type":"Point","coordinates":[25.976985,43.853743]},"properties":{"lines":"Train","color":"#4b4f57","mode":"tram","arr":["train"],"metro":1,"angle":-52,"extra":1,"ei":35}},{"type":"Feature","geometry":{"type":"Point","coordinates":[25.975281,43.852311]},"properties":{"lines":"Train","color":"#4b4f57","mode":"tram","arr":["train"],"metro":1,"angle":-44.5,"extra":1,"ei":36}},{"type":"Feature","geometry":{"type":"Point","coordinates":[25.973405,43.850994]},"properties":{"lines":"Train","color":"#4b4f57","mode":"tram","arr":["train"],"metro":1,"angle":-44.1,"extra":1,"ei":37}},{"type":"Feature","geometry":{"type":"Point","coordinates":[25.971514,43.849688]},"properties":{"lines":"Train","color":"#4b4f57","mode":"tram","arr":["train"],"metro":1,"angle":-43.7,"extra":1,"ei":38}},{"type":"Feature","geometry":{"type":"Point","coordinates":[25.969633,43.848375]},"properties":{"lines":"Train","color":"#4b4f57","mode":"tram","arr":["train"],"metro":1,"angle":-45.9,"extra":1,"ei":39}},{"type":"Feature","geometry":{"type":"Point","coordinates":[25.961743,43.837288]},"properties":{"lines":"Train","color":"#4b4f57","mode":"tram","arr":["train"],"metro":1,"angle":-62.2,"extra":1,"ei":0}},{"type":"Feature","geometry":{"type":"Point","coordinates":[25.958504,43.834349]},"properties":{"lines":"Train","color":"#4b4f57","mode":"tram","arr":["train"],"metro":1,"angle":-38.1,"extra":1,"ei":1}},{"type":"Feature","geometry":{"type":"Point","coordinates":[25.95641,43.833216]},"properties":{"lines":"Train","color":"#4b4f57","mode":"tram","arr":["train"],"metro":1,"angle":-36.8,"extra":1,"ei":2}}]}