{"type":"FeatureCollection","features":[{"type":"Feature","properties":{"line":"А4","mode":"bus","color":"#4d4aba","oi":0,"n":2,"sw":1},"geometry":{"type":"LineString","coordinates":[[25.974973,43.833155],[25.974962,43.833165]]}},{"type":"Feature","properties":{"line":"А4","mode":"bus","color":"#4d4aba","oi":0.25,"n":2,"sw":1},"geometry":{"type":"LineString","coordinates":[[25.974967,43.833161],[25.974954,43.833173]]}},{"type":"Feature","properties":{"line":"А4","mode":"bus","color":"#4d4aba","oi":0.5,"n":2,"sw":1},"geometry":{"type":"LineString","coordinates":[[25.974958,43.833169],[25.974945,43.833181]]}},{"type":"Feature","properties":{"line":"А4","mode":"bus","color":"#4d4aba","oi":0.5,"n":2,"sw":1},"geometry":{"type":"LineString","coordinates":[[25.97495,43.833177],[25.974937,43.833189]]}},{"type":"Feature","properties":{"line":"А4","mode":"bus","color":"#4d4aba","oi":0.25,"n":2,"sw":1},"geometry":{"type":"LineString","coordinates":[[25.974941,43.833185],[25.974928,43.833197]]}},{"type":"Feature","properties":{"line":"А4","mode":"bus","color":"#4d4aba","oi":0,"n":2,"sw":1},"geometry":{"type":"LineString","coordinates":[[25.974933,43.833193],[25.974922,43.833203]]}},{"type":"Feature","properties":{"line":"А4","mode":"bus","color":"#4d4aba","oi":0.5,"n":2},"geometry":{"type":"LineString","coordinates":[[25.968356,43.84067],[25.968356,43.840669],[25.968434,43.840606],[25.968444,43.840596],[25.968447,43.84059],[25.968444,43.840585],[25.968434,43.840584],[25.968418,43.840585],[25.968289,43.8406],[25.968107,43.840564],[25.967957,43.840604],[25.967818,43.840796],[25.967674,43.840879]]}},{"type":"Feature","properties":{"line":"А4","mode":"bus","color":"#4d4aba","oi":-1,"n":2,"sw":1},"geometry":{"type":"LineString","coordinates":[[25.968067,43.840875],[25.968088,43.840875]]}},{"type":"Feature","properties":{"line":"А4","mode":"bus","color":"#4d4aba","oi":-0.993,"n":2,"sw":1},"geometry":{"type":"LineString","coordinates":[[25.968081,43.840875],[25.968105,43.840875]]}},{"type":"Feature","properties":{"line":"А4","mode":"bus","color":"#4d4aba","oi":-0.973,"n":2,"sw":1},"geometry":{"type":"LineString","coordinates":[[25.968098,43.840875],[25.968122,43.840874]]}},{"type":"Feature","properties":{"line":"А4","mode":"bus","color":"#4d4aba","oi":-0.94,"n":2,"sw":1},"geometry":{"type":"LineString","coordinates":[[25.968115,43.840874],[25.96814,43.840874]]}},{"type":"Feature","properties":{"line":"А4","mode":"bus","color":"#4d4aba","oi":-0.897,"n":2,"sw":1},"geometry":{"type":"LineString","coordinates":[[25.968132,43.840874],[25.968144,43.840874],[25.968156,43.84087]]}},{"type":"Feature","properties":{"line":"А4","mode":"bus","color":"#4d4aba","oi":-0.844,"n":2,"sw":1},"geometry":{"type":"LineString","coordinates":[[25.968149,43.840872],[25.968171,43.840864]]}},{"type":"Feature","properties":{"line":"А4","mode":"bus","color":"#4d4aba","oi":-0.782,"n":2,"sw":1},"geometry":{"type":"LineString","coordinates":[[25.968165,43.840867],[25.968187,43.840859]]}},{"type":"Feature","properties":{"line":"А4","mode":"bus","color":"#4d4aba","oi":-0.713,"n":2,"sw":1},"geometry":{"type":"LineString","coordinates":[[25.96818,43.840861],[25.968202,43.840854]]}},{"type":"Feature","properties":{"line":"А4","mode":"bus","color":"#4d4aba","oi":-0.638,"n":2,"sw":1},"geometry":{"type":"LineString","coordinates":[[25.968196,43.840856],[25.968218,43.840848]]}},{"type":"Feature","properties":{"line":"А4","mode":"bus","color":"#4d4aba","oi":-0.557,"n":2,"sw":1},"geometry":{"type":"LineString","coordinates":[[25.968211,43.840851],[25.968233,43.840843]]}},{"type":"Feature","properties":{"line":"А4","mode":"bus","color":"#4d4aba","oi":-0.472,"n":2,"sw":1},"geometry":{"type":"LineString","coordinates":[[25.968227,43.840845],[25.968247,43.840838],[25.968248,43.840837]]}},{"type":"Feature","properties":{"line":"А4","mode":"bus","color":"#4d4aba","oi":-0.384,"n":2,"sw":1},"geometry":{"type":"LineString","coordinates":[[25.968242,43.84084],[25.968247,43.840838],[25.968255,43.840825]]}},{"type":"Feature","properties":{"line":"А4","mode":"bus","color":"#4d4aba","oi":-0.295,"n":2,"sw":1},"geometry":{"type":"LineString","coordinates":[[25.968252,43.84083],[25.968262,43.840814]]}},{"type":"Feature","properties":{"line":"А4","mode":"bus","color":"#4d4aba","oi":-0.205,"n":2,"sw":1},"geometry":{"type":"LineString","coordinates":[[25.968259,43.840819],[25.96827,43.840803]]}},{"type":"Feature","properties":{"line":"А4","mode":"bus","color":"#4d4aba","oi":-0.116,"n":2,"sw":1},"geometry":{"type":"LineString","coordinates":[[25.968267,43.840808],[25.968277,43.840791]]}},{"type":"Feature","properties":{"line":"А4","mode":"bus","color":"#4d4aba","oi":-0.028,"n":2,"sw":1},"geometry":{"type":"LineString","coordinates":[[25.968274,43.840796],[25.968284,43.84078]]}},{"type":"Feature","properties":{"line":"А4","mode":"bus","color":"#4d4aba","oi":0.057,"n":2,"sw":1},"geometry":{"type":"LineString","coordinates":[[25.968281,43.840785],[25.968292,43.840769]]}},{"type":"Feature","properties":{"line":"А4","mode":"bus","color":"#4d4aba","oi":0.138,"n":2,"sw":1},"geometry":{"type":"LineString","coordinates":[[25.968288,43.840774],[25.968299,43.840758]]}},{"type":"Feature","properties":{"line":"А4","mode":"bus","color":"#4d4aba","oi":0.213,"n":2,"sw":1},"geometry":{"type":"LineString","coordinates":[[25.968296,43.840762],[25.968306,43.840746]]}},{"type":"Feature","properties":{"line":"А4","mode":"bus","color":"#4d4aba","oi":0.282,"n":2,"sw":1},"geometry":{"type":"LineString","coordinates":[[25.968303,43.840751],[25.968313,43.840735]]}},{"type":"Feature","properties":{"line":"А4","mode":"bus","color":"#4d4aba","oi":0.344,"n":2,"sw":1},"geometry":{"type":"LineString","coordinates":[[25.96831,43.84074],[25.968321,43.840724]]}},{"type":"Feature","properties":{"line":"А4","mode":"bus","color":"#4d4aba","oi":0.397,"n":2,"sw":1},"geometry":{"type":"LineString","coordinates":[[25.968318,43.840729],[25.968328,43.840712]]}},{"type":"Feature","properties":{"line":"А4","mode":"bus","color":"#4d4aba","oi":0.44,"n":2,"sw":1},"geometry":{"type":"LineString","coordinates":[[25.968325,43.840717],[25.968335,43.840701]]}},{"type":"Feature","properties":{"line":"А4","mode":"bus","color":"#4d4aba","oi":0.473,"n":2,"sw":1},"geometry":{"type":"LineString","coordinates":[[25.968332,43.840706],[25.968343,43.84069]]}},{"type":"Feature","properties":{"line":"А4","mode":"bus","color":"#4d4aba","oi":0.493,"n":2,"sw":1},"geometry":{"type":"LineString","coordinates":[[25.968339,43.840695],[25.96835,43.840679]]}},{"type":"Feature","properties":{"line":"А4","mode":"bus","color":"#4d4aba","oi":0.5,"n":2,"sw":1},"geometry":{"type":"LineString","coordinates":[[25.968347,43.840683],[25.968356,43.840669],[25.968358,43.840668]]}},{"type":"Feature","properties":{"line":"А4","mode":"bus","color":"#4d4aba","oi":0.5,"n":2},"geometry":{"type":"LineString","coordinates":[[25.974054,43.839817],[25.974983,43.839629],[25.975355,43.839492],[25.97536,43.839489]]}},{"type":"Feature","properties":{"line":"А4","mode":"bus","color":"#4d4aba","oi":0,"n":2,"sw":1},"geometry":{"type":"LineString","coordinates":[[25.973622,43.839905],[25.973669,43.839896]]}},{"type":"Feature","properties":{"line":"А4","mode":"bus","color":"#4d4aba","oi":0.017,"n":2,"sw":1},"geometry":{"type":"LineString","coordinates":[[25.973662,43.839897],[25.973712,43.839887]]}},{"type":"Feature","properties":{"line":"А4","mode":"bus","color":"#4d4aba","oi":0.063,"n":2,"sw":1},"geometry":{"type":"LineString","coordinates":[[25.973705,43.839888],[25.973755,43.839878]]}},{"type":"Feature","properties":{"line":"А4","mode":"bus","color":"#4d4aba","oi":0.13,"n":2,"sw":1},"geometry":{"type":"LineString","coordinates":[[25.973748,43.839879],[25.973798,43.839869]]}},{"type":"Feature","properties":{"line":"А4","mode":"bus","color":"#4d4aba","oi":0.209,"n":2,"sw":1},"geometry":{"type":"LineString","coordinates":[[25.973791,43.839871],[25.973842,43.83986]]}},{"type":"Feature","properties":{"line":"А4","mode":"bus","color":"#4d4aba","oi":0.291,"n":2,"sw":1},"geometry":{"type":"LineString","coordinates":[[25.973834,43.839862],[25.973885,43.839852]]}},{"type":"Feature","properties":{"line":"А4","mode":"bus","color":"#4d4aba","oi":0.37,"n":2,"sw":1},"geometry":{"type":"LineString","coordinates":[[25.973878,43.839853],[25.973928,43.839843]]}},{"type":"Feature","properties":{"line":"А4","mode":"bus","color":"#4d4aba","oi":0.437,"n":2,"sw":1},"geometry":{"type":"LineString","coordinates":[[25.973921,43.839844],[25.973971,43.839834]]}},{"type":"Feature","properties":{"line":"А4","mode":"bus","color":"#4d4aba","oi":0.483,"n":2,"sw":1},"geometry":{"type":"LineString","coordinates":[[25.973964,43.839836],[25.974014,43.839825]]}},{"type":"Feature","properties":{"line":"А4","mode":"bus","color":"#4d4aba","oi":0.5,"n":2,"sw":1},"geometry":{"type":"LineString","coordinates":[[25.974007,43.839827],[25.974058,43.839817]]}},{"type":"Feature","properties":{"line":"А4","mode":"bus","color":"#4d4aba","oi":0.5,"n":2,"sw":1},"geometry":{"type":"LineString","coordinates":[[25.975357,43.839491],[25.975401,43.83947]]}},{"type":"Feature","properties":{"line":"А4","mode":"bus","color":"#4d4aba","oi":0.517,"n":2,"sw":1},"geometry":{"type":"LineString","coordinates":[[25.975395,43.839473],[25.975438,43.839452]]}},{"type":"Feature","properties":{"line":"А4","mode":"bus","color":"#4d4aba","oi":0.563,"n":2,"sw":1},"geometry":{"type":"LineString","coordinates":[[25.975432,43.839455],[25.975476,43.839434]]}},{"type":"Feature","properties":{"line":"А4","mode":"bus","color":"#4d4aba","oi":0.63,"n":2,"sw":1},"geometry":{"type":"LineString","coordinates":[[25.975469,43.839437],[25.975513,43.839416]]}},{"type":"Feature","properties":{"line":"А4","mode":"bus","color":"#4d4aba","oi":0.709,"n":2,"sw":1},"geometry":{"type":"LineString","coordinates":[[25.975507,43.839419],[25.97555,43.839398]]}},{"type":"Feature","properties":{"line":"А4","mode":"bus","color":"#4d4aba","oi":0.791,"n":2,"sw":1},"geometry":{"type":"LineString","coordinates":[[25.975544,43.839401],[25.975588,43.83938]]}},{"type":"Feature","properties":{"line":"А4","mode":"bus","color":"#4d4aba","oi":0.87,"n":2,"sw":1},"geometry":{"type":"LineString","coordinates":[[25.975581,43.839383],[25.975625,43.839362]]}},{"type":"Feature","properties":{"line":"А4","mode":"bus","color":"#4d4aba","oi":0.937,"n":2,"sw":1},"geometry":{"type":"LineString","coordinates":[[25.975619,43.839365],[25.975662,43.839344]]}},{"type":"Feature","properties":{"line":"А4","mode":"bus","color":"#4d4aba","oi":0.983,"n":2,"sw":1},"geometry":{"type":"LineString","coordinates":[[25.975656,43.839347],[25.9757,43.839326]]}},{"type":"Feature","properties":{"line":"А4","mode":"bus","color":"#4d4aba","oi":1,"n":2,"sw":1},"geometry":{"type":"LineString","coordinates":[[25.975694,43.839329],[25.975734,43.83931]]}},{"type":"Feature","properties":{"line":"А4","mode":"bus","color":"#4d4aba","oi":0.5,"n":2},"geometry":{"type":"LineString","coordinates":[[25.970285,43.840327],[25.969071,43.840396],[25.96884,43.840444],[25.968467,43.840579]]}},{"type":"Feature","properties":{"line":"А4","mode":"bus","color":"#4d4aba","oi":0.5,"n":2},"geometry":{"type":"LineString","coordinates":[[25.973176,43.83987],[25.973106,43.839864],[25.971952,43.83953],[25.971677,43.839523],[25.971514,43.839568],[25.970655,43.840166],[25.970454,43.840275],[25.970331,43.840313],[25.970318,43.840317],[25.970311,43.840321],[25.970309,43.840323],[25.970312,43.840325],[25.970321,43.840326],[25.970335,43.840327],[25.970504,43.840325],[25.970685,43.840269],[25.971537,43.839674],[25.971683,43.839606],[25.97176,43.839594],[25.972023,43.839627],[25.973043,43.839924],[25.973182,43.839933]]}},{"type":"Feature","properties":{"line":"А4","mode":"bus","color":"#4d4aba","oi":0,"n":2,"sw":1},"geometry":{"type":"LineString","coordinates":[[25.973622,43.839905],[25.973574,43.839901]]}},{"type":"Feature","properties":{"line":"А4","mode":"bus","color":"#4d4aba","oi":0.017,"n":2,"sw":1},"geometry":{"type":"LineString","coordinates":[[25.973581,43.839902],[25.973529,43.839898]]}},{"type":"Feature","properties":{"line":"А4","mode":"bus","color":"#4d4aba","oi":0.063,"n":2,"sw":1},"geometry":{"type":"LineString","coordinates":[[25.973537,43.839898],[25.973485,43.839894]]}},{"type":"Feature","properties":{"line":"А4","mode":"bus","color":"#4d4aba","oi":0.13,"n":2,"sw":1},"geometry":{"type":"LineString","coordinates":[[25.973492,43.839895],[25.97344,43.839891]]}},{"type":"Feature","properties":{"line":"А4","mode":"bus","color":"#4d4aba","oi":0.209,"n":2,"sw":1},"geometry":{"type":"LineString","coordinates":[[25.973447,43.839891],[25.973395,43.839887]]}},{"type":"Feature","properties":{"line":"А4","mode":"bus","color":"#4d4aba","oi":0.291,"n":2,"sw":1},"geometry":{"type":"LineString","coordinates":[[25.973403,43.839888],[25.973351,43.839883]]}},{"type":"Feature","properties":{"line":"А4","mode":"bus","color":"#4d4aba","oi":0.37,"n":2,"sw":1},"geometry":{"type":"LineString","coordinates":[[25.973358,43.839884],[25.973306,43.83988]]}},{"type":"Feature","properties":{"line":"А4","mode":"bus","color":"#4d4aba","oi":0.437,"n":2,"sw":1},"geometry":{"type":"LineString","coordinates":[[25.973314,43.83988],[25.973262,43.839876]]}},{"type":"Feature","properties":{"line":"А4","mode":"bus","color":"#4d4aba","oi":0.483,"n":2,"sw":1},"geometry":{"type":"LineString","coordinates":[[25.973269,43.839877],[25.973217,43.839873]]}},{"type":"Feature","properties":{"line":"А4","mode":"bus","color":"#4d4aba","oi":0.5,"n":2,"sw":1},"geometry":{"type":"LineString","coordinates":[[25.973224,43.839873],[25.973172,43.839869]]}},{"type":"Feature","properties":{"line":"А4","mode":"bus","color":"#4d4aba","oi":0.5,"n":2,"sw":1},"geometry":{"type":"LineString","coordinates":[[25.973178,43.839932],[25.973231,43.839936]]}},{"type":"Feature","properties":{"line":"А4","mode":"bus","color":"#4d4aba","oi":0.483,"n":2,"sw":1},"geometry":{"type":"LineString","coordinates":[[25.973223,43.839935],[25.973275,43.839938]]}},{"type":"Feature","properties":{"line":"А4","mode":"bus","color":"#4d4aba","oi":0.437,"n":2,"sw":1},"geometry":{"type":"LineString","coordinates":[[25.973268,43.839938],[25.97332,43.839941]]}},{"type":"Feature","properties":{"line":"А4","mode":"bus","color":"#4d4aba","oi":0.37,"n":2,"sw":1},"geometry":{"type":"LineString","coordinates":[[25.973313,43.839941],[25.973365,43.839944]]}},{"type":"Feature","properties":{"line":"А4","mode":"bus","color":"#4d4aba","oi":0.291,"n":2,"sw":1},"geometry":{"type":"LineString","coordinates":[[25.973357,43.839943],[25.973409,43.839947]]}},{"type":"Feature","properties":{"line":"А4","mode":"bus","color":"#4d4aba","oi":0.209,"n":2,"sw":1},"geometry":{"type":"LineString","coordinates":[[25.973402,43.839946],[25.973414,43.839947],[25.973453,43.839939]]}},{"type":"Feature","properties":{"line":"А4","mode":"bus","color":"#4d4aba","oi":0.13,"n":2,"sw":1},"geometry":{"type":"LineString","coordinates":[[25.973446,43.839941],[25.973496,43.83993]]}},{"type":"Feature","properties":{"line":"А4","mode":"bus","color":"#4d4aba","oi":0.063,"n":2,"sw":1},"geometry":{"type":"LineString","coordinates":[[25.973489,43.839932],[25.973539,43.839922]]}},{"type":"Feature","properties":{"line":"А4","mode":"bus","color":"#4d4aba","oi":0.017,"n":2,"sw":1},"geometry":{"type":"LineString","coordinates":[[25.973532,43.839923],[25.973582,43.839913]]}},{"type":"Feature","properties":{"line":"А4","mode":"bus","color":"#4d4aba","oi":0,"n":2,"sw":1},"geometry":{"type":"LineString","coordinates":[[25.973575,43.839914],[25.973622,43.839905]]}},{"type":"Feature","properties":{"line":"А4","mode":"bus","color":"#4d4aba","oi":0,"n":2,"sw":1},"geometry":{"type":"LineString","coordinates":[[25.965383,43.841748],[25.965369,43.841753]]}},{"type":"Feature","properties":{"line":"А4","mode":"bus","color":"#4d4aba","oi":0.052,"n":2,"sw":1},"geometry":{"type":"LineString","coordinates":[[25.965376,43.841751],[25.965358,43.841756]]}},{"type":"Feature","properties":{"line":"А4","mode":"bus","color":"#4d4aba","oi":0.176,"n":2,"sw":1},"geometry":{"type":"LineString","coordinates":[[25.965365,43.841754],[25.965348,43.84176]]}},{"type":"Feature","properties":{"line":"А4","mode":"bus","color":"#4d4aba","oi":0.324,"n":2,"sw":1},"geometry":{"type":"LineString","coordinates":[[25.965354,43.841758],[25.965337,43.841764]]}},{"type":"Feature","properties":{"line":"А4","mode":"bus","color":"#4d4aba","oi":0.448,"n":2,"sw":1},"geometry":{"type":"LineString","coordinates":[[25.965344,43.841762],[25.965326,43.841767]]}},{"type":"Feature","properties":{"line":"А4","mode":"bus","color":"#4d4aba","oi":0.5,"n":2,"sw":1},"geometry":{"type":"LineString","coordinates":[[25.965333,43.841765],[25.965316,43.841771]]}},{"type":"Feature","properties":{"line":"А4","mode":"bus","color":"#4d4aba","oi":0.5,"n":2,"sw":1},"geometry":{"type":"LineString","coordinates":[[25.965322,43.841769],[25.965305,43.841775]]}},{"type":"Feature","properties":{"line":"А4","mode":"bus","color":"#4d4aba","oi":0.448,"n":2,"sw":1},"geometry":{"type":"LineString","coordinates":[[25.965312,43.841773],[25.965294,43.841778]]}},{"type":"Feature","properties":{"line":"А4","mode":"bus","color":"#4d4aba","oi":0.324,"n":2,"sw":1},"geometry":{"type":"LineString","coordinates":[[25.965301,43.841776],[25.965284,43.841782]]}},{"type":"Feature","properties":{"line":"А4","mode":"bus","color":"#4d4aba","oi":0.176,"n":2,"sw":1},"geometry":{"type":"LineString","coordinates":[[25.96529,43.84178],[25.965273,43.841786]]}},{"type":"Feature","properties":{"line":"А4","mode":"bus","color":"#4d4aba","oi":0.052,"n":2,"sw":1},"geometry":{"type":"LineString","coordinates":[[25.96528,43.841784],[25.965262,43.841789]]}},{"type":"Feature","properties":{"line":"А4","mode":"bus","color":"#4d4aba","oi":0,"n":2,"sw":1},"geometry":{"type":"LineString","coordinates":[[25.965269,43.841787],[25.965255,43.841792]]}},{"type":"Feature","properties":{"line":"А4","mode":"bus","color":"#4d4aba","oi":1,"n":3},"geometry":{"type":"LineString","coordinates":[[25.968067,43.840875],[25.967895,43.840849],[25.9673,43.840943],[25.966716,43.840964],[25.96562,43.84107],[25.965592,43.841077],[25.965574,43.84109],[25.965565,43.841111],[25.965533,43.841307],[25.965383,43.841748]]}},{"type":"Feature","properties":{"line":"А4","mode":"bus","color":"#4d4aba","oi":0.5,"n":2},"geometry":{"type":"LineString","coordinates":[[25.969134,43.843789],[25.969395,43.843863],[25.969476,43.843949],[25.969549,43.843977],[25.969671,43.843982],[25.97031,43.844122]]}},{"type":"Feature","properties":{"line":"А4","mode":"bus","color":"#4d4aba","oi":0.5,"n":2},"geometry":{"type":"LineString","coordinates":[[25.971886,43.844516],[25.973948,43.845019],[25.975421,43.845467],[25.977708,43.848053],[25.97796,43.848414],[25.979271,43.849817]]}},{"type":"Feature","properties":{"line":"А4","mode":"bus","color":"#4d4aba","oi":1.5,"n":2,"sw":1},"geometry":{"type":"LineString","coordinates":[[25.971461,43.844412],[25.971488,43.844419]]}},{"type":"Feature","properties":{"line":"А4","mode":"bus","color":"#4d4aba","oi":1.49,"n":2,"sw":1},"geometry":{"type":"LineString","coordinates":[[25.971481,43.844417],[25.971512,43.844424]]}},{"type":"Feature","properties":{"line":"А4","mode":"bus","color":"#4d4aba","oi":1.462,"n":2,"sw":1},"geometry":{"type":"LineString","coordinates":[[25.971505,43.844423],[25.971535,43.84443]]}},{"type":"Feature","properties":{"line":"А4","mode":"bus","color":"#4d4aba","oi":1.418,"n":2,"sw":1},"geometry":{"type":"LineString","coordinates":[[25.971528,43.844428],[25.971559,43.844436]]}},{"type":"Feature","properties":{"line":"А4","mode":"bus","color":"#4d4aba","oi":1.36,"n":2,"sw":1},"geometry":{"type":"LineString","coordinates":[[25.971552,43.844434],[25.971583,43.844442]]}},{"type":"Feature","properties":{"line":"А4","mode":"bus","color":"#4d4aba","oi":1.291,"n":2,"sw":1},"geometry":{"type":"LineString","coordinates":[[25.971576,43.84444],[25.971606,43.844447]]}},{"type":"Feature","properties":{"line":"А4","mode":"bus","color":"#4d4aba","oi":1.214,"n":2,"sw":1},"geometry":{"type":"LineString","coordinates":[[25.971599,43.844446],[25.97163,43.844453]]}},{"type":"Feature","properties":{"line":"А4","mode":"bus","color":"#4d4aba","oi":1.131,"n":2,"sw":1},"geometry":{"type":"LineString","coordinates":[[25.971623,43.844451],[25.971653,43.844459]]}},{"type":"Feature","properties":{"line":"А4","mode":"bus","color":"#4d4aba","oi":1.044,"n":2,"sw":1},"geometry":{"type":"LineString","coordinates":[[25.971646,43.844457],[25.971677,43.844465]]}},{"type":"Feature","properties":{"line":"А4","mode":"bus","color":"#4d4aba","oi":0.956,"n":2,"sw":1},"geometry":{"type":"LineString","coordinates":[[25.97167,43.844463],[25.971701,43.84447]]}},{"type":"Feature","properties":{"line":"А4","mode":"bus","color":"#4d4aba","oi":0.869,"n":2,"sw":1},"geometry":{"type":"LineString","coordinates":[[25.971694,43.844469],[25.971724,43.844476]]}},{"type":"Feature","properties":{"line":"А4","mode":"bus","color":"#4d4aba","oi":0.786,"n":2,"sw":1},"geometry":{"type":"LineString","coordinates":[[25.971717,43.844475],[25.971748,43.844482]]}},{"type":"Feature","properties":{"line":"А4","mode":"bus","color":"#4d4aba","oi":0.709,"n":2,"sw":1},"geometry":{"type":"LineString","coordinates":[[25.971741,43.84448],[25.971771,43.844488]]}},{"type":"Feature","properties":{"line":"А4","mode":"bus","color":"#4d4aba","oi":0.64,"n":2,"sw":1},"geometry":{"type":"LineString","coordinates":[[25.971764,43.844486],[25.971795,43.844494]]}},{"type":"Feature","properties":{"line":"А4","mode":"bus","color":"#4d4aba","oi":0.582,"n":2,"sw":1},"geometry":{"type":"LineString","coordinates":[[25.971788,43.844492],[25.971819,43.844499]]}},{"type":"Feature","properties":{"line":"А4","mode":"bus","color":"#4d4aba","oi":0.538,"n":2,"sw":1},"geometry":{"type":"LineString","coordinates":[[25.971812,43.844498],[25.971842,43.844505]]}},{"type":"Feature","properties":{"line":"А4","mode":"bus","color":"#4d4aba","oi":0.51,"n":2,"sw":1},"geometry":{"type":"LineString","coordinates":[[25.971835,43.844503],[25.971866,43.844511]]}},{"type":"Feature","properties":{"line":"А4","mode":"bus","color":"#4d4aba","oi":0.5,"n":2,"sw":1},"geometry":{"type":"LineString","coordinates":[[25.971859,43.844509],[25.97189,43.844517]]}},{"type":"Feature","properties":{"line":"А4","mode":"bus","color":"#4d4aba","oi":0.5,"n":2},"geometry":{"type":"LineString","coordinates":[[25.979259,43.850125],[25.979294,43.849966]]}},{"type":"Feature","properties":{"line":"А4","mode":"bus","color":"#4d4aba","oi":0,"n":2,"sw":1},"geometry":{"type":"LineString","coordinates":[[25.979189,43.850445],[25.979197,43.85041]]}},{"type":"Feature","properties":{"line":"А4","mode":"bus","color":"#4d4aba","oi":0.017,"n":2,"sw":1},"geometry":{"type":"LineString","coordinates":[[25.979195,43.850416],[25.979204,43.850378]]}},{"type":"Feature","properties":{"line":"А4","mode":"bus","color":"#4d4aba","oi":0.063,"n":2,"sw":1},"geometry":{"type":"LineString","coordinates":[[25.979202,43.850384],[25.979211,43.850346]]}},{"type":"Feature","properties":{"line":"А4","mode":"bus","color":"#4d4aba","oi":0.13,"n":2,"sw":1},"geometry":{"type":"LineString","coordinates":[[25.979209,43.850352],[25.979218,43.850314]]}},{"type":"Feature","properties":{"line":"А4","mode":"bus","color":"#4d4aba","oi":0.209,"n":2,"sw":1},"geometry":{"type":"LineString","coordinates":[[25.979216,43.85032],[25.979225,43.850282]]}},{"type":"Feature","properties":{"line":"А4","mode":"bus","color":"#4d4aba","oi":0.291,"n":2,"sw":1},"geometry":{"type":"LineString","coordinates":[[25.979223,43.850288],[25.979232,43.85025]]}},{"type":"Feature","properties":{"line":"А4","mode":"bus","color":"#4d4aba","oi":0.37,"n":2,"sw":1},"geometry":{"type":"LineString","coordinates":[[25.97923,43.850256],[25.979238,43.850218]]}},{"type":"Feature","properties":{"line":"А4","mode":"bus","color":"#4d4aba","oi":0.437,"n":2,"sw":1},"geometry":{"type":"LineString","coordinates":[[25.979237,43.850224],[25.979245,43.850186]]}},{"type":"Feature","properties":{"line":"А4","mode":"bus","color":"#4d4aba","oi":0.483,"n":2,"sw":1},"geometry":{"type":"LineString","coordinates":[[25.979244,43.850192],[25.979252,43.850154]]}},{"type":"Feature","properties":{"line":"А4","mode":"bus","color":"#4d4aba","oi":0.5,"n":2,"sw":1},"geometry":{"type":"LineString","coordinates":[[25.979251,43.85016],[25.979259,43.850122]]}},{"type":"Feature","properties":{"line":"А4","mode":"bus","color":"#4d4aba","oi":0.5,"n":2,"sw":1},"geometry":{"type":"LineString","coordinates":[[25.979293,43.849968],[25.979296,43.849955],[25.979292,43.849931]]}},{"type":"Feature","properties":{"line":"А4","mode":"bus","color":"#4d4aba","oi":0.483,"n":2,"sw":1},"geometry":{"type":"LineString","coordinates":[[25.979293,43.849936],[25.979286,43.849899]]}},{"type":"Feature","properties":{"line":"А4","mode":"bus","color":"#4d4aba","oi":0.437,"n":2,"sw":1},"geometry":{"type":"LineString","coordinates":[[25.979287,43.849904],[25.97928,43.849867]]}},{"type":"Feature","properties":{"line":"А4","mode":"bus","color":"#4d4aba","oi":0.37,"n":2,"sw":1},"geometry":{"type":"LineString","coordinates":[[25.979281,43.849872],[25.979277,43.849853],[25.979277,43.849841],[25.979279,43.849835]]}},{"type":"Feature","properties":{"line":"А4","mode":"bus","color":"#4d4aba","oi":0.291,"n":2,"sw":1},"geometry":{"type":"LineString","coordinates":[[25.979277,43.84984],[25.979279,43.849834],[25.979284,43.849832],[25.979293,43.849835],[25.979305,43.849843],[25.979313,43.84985]]}},{"type":"Feature","properties":{"line":"А4","mode":"bus","color":"#4d4aba","oi":0.209,"n":2,"sw":1},"geometry":{"type":"LineString","coordinates":[[25.979308,43.849846],[25.979344,43.849873]]}},{"type":"Feature","properties":{"line":"А4","mode":"bus","color":"#4d4aba","oi":0.13,"n":2,"sw":1},"geometry":{"type":"LineString","coordinates":[[25.979339,43.849869],[25.979375,43.849897]]}},{"type":"Feature","properties":{"line":"А4","mode":"bus","color":"#4d4aba","oi":0.063,"n":2,"sw":1},"geometry":{"type":"LineString","coordinates":[[25.979369,43.849893],[25.979376,43.849898],[25.979395,43.849926]]}},{"type":"Feature","properties":{"line":"А4","mode":"bus","color":"#4d4aba","oi":0.017,"n":2,"sw":1},"geometry":{"type":"LineString","coordinates":[[25.979392,43.849921],[25.979415,43.849954]]}},{"type":"Feature","properties":{"line":"А4","mode":"bus","color":"#4d4aba","oi":0,"n":2,"sw":1},"geometry":{"type":"LineString","coordinates":[[25.979412,43.84995],[25.979434,43.849981]]}},{"type":"Feature","properties":{"line":"А4","mode":"bus","color":"#4d4aba","oi":1.5,"n":4},"geometry":{"type":"LineString","coordinates":[[25.965255,43.841792],[25.966231,43.843001],[25.966369,43.84312],[25.966745,43.843322],[25.967008,43.843405],[25.96884,43.843796],[25.968947,43.843807],[25.969134,43.843789],[25.96952,43.843659],[25.969688,43.843649],[25.969787,43.843689],[25.970062,43.843949],[25.97031,43.844122],[25.971461,43.844412]]}},{"type":"Feature","properties":{"line":"А4","mode":"bus","color":"#4d4aba","oi":1,"n":3},"geometry":{"type":"LineString","coordinates":[[26.015565,43.875308],[26.013896,43.874407],[26.013551,43.874273],[26.013065,43.874127],[26.009293,43.873433],[26.009143,43.873385],[26.008822,43.873233],[26.008707,43.873147],[26.008627,43.87313],[26.008543,43.873133],[26.008422,43.873181],[26.000119,43.871693],[25.999505,43.871553],[25.999256,43.871462],[25.998331,43.871036],[25.998161,43.870868],[25.998048,43.870639],[25.997411,43.870334],[25.99725,43.870307],[25.996861,43.870328],[25.996727,43.870292],[25.995395,43.869687],[25.99261,43.86854]]}},{"type":"Feature","properties":{"line":"А4","mode":"bus","color":"#4d4aba","oi":1,"n":3,"sw":1},"geometry":{"type":"LineString","coordinates":[[25.992613,43.868541],[25.992585,43.868529]]}},{"type":"Feature","properties":{"line":"А4","mode":"bus","color":"#4d4aba","oi":0.99,"n":3,"sw":1},"geometry":{"type":"LineString","coordinates":[[25.992591,43.868532],[25.992563,43.86852]]}},{"type":"Feature","properties":{"line":"А4","mode":"bus","color":"#4d4aba","oi":0.962,"n":3,"sw":1},"geometry":{"type":"LineString","coordinates":[[25.99257,43.868523],[25.992541,43.868511]]}},{"type":"Feature","properties":{"line":"А4","mode":"bus","color":"#4d4aba","oi":0.918,"n":3,"sw":1},"geometry":{"type":"LineString","coordinates":[[25.992548,43.868514],[25.99252,43.868503]]}},{"type":"Feature","properties":{"line":"А4","mode":"bus","color":"#4d4aba","oi":0.86,"n":3,"sw":1},"geometry":{"type":"LineString","coordinates":[[25.992526,43.868505],[25.992498,43.868494]]}},{"type":"Feature","properties":{"line":"А4","mode":"bus","color":"#4d4aba","oi":0.791,"n":3,"sw":1},"geometry":{"type":"LineString","coordinates":[[25.992505,43.868496],[25.992477,43.868485]]}},{"type":"Feature","properties":{"line":"А4","mode":"bus","color":"#4d4aba","oi":0.714,"n":3,"sw":1},"geometry":{"type":"LineString","coordinates":[[25.992483,43.868487],[25.992455,43.868476]]}},{"type":"Feature","properties":{"line":"А4","mode":"bus","color":"#4d4aba","oi":0.631,"n":3,"sw":1},"geometry":{"type":"LineString","coordinates":[[25.992461,43.868478],[25.992433,43.868467]]}},{"type":"Feature","properties":{"line":"А4","mode":"bus","color":"#4d4aba","oi":0.544,"n":3,"sw":1},"geometry":{"type":"LineString","coordinates":[[25.99244,43.86847],[25.992412,43.868458]]}},{"type":"Feature","properties":{"line":"А4","mode":"bus","color":"#4d4aba","oi":0.456,"n":3,"sw":1},"geometry":{"type":"LineString","coordinates":[[25.992418,43.868461],[25.99239,43.868449]]}},{"type":"Feature","properties":{"line":"А4","mode":"bus","color":"#4d4aba","oi":0.369,"n":3,"sw":1},"geometry":{"type":"LineString","coordinates":[[25.992396,43.868452],[25.992368,43.86844]]}},{"type":"Feature","properties":{"line":"А4","mode":"bus","color":"#4d4aba","oi":0.286,"n":3,"sw":1},"geometry":{"type":"LineString","coordinates":[[25.992375,43.868443],[25.992347,43.868431]]}},{"type":"Feature","properties":{"line":"А4","mode":"bus","color":"#4d4aba","oi":0.209,"n":3,"sw":1},"geometry":{"type":"LineString","coordinates":[[25.992353,43.868434],[25.992325,43.868422]]}},{"type":"Feature","properties":{"line":"А4","mode":"bus","color":"#4d4aba","oi":0.14,"n":3,"sw":1},"geometry":{"type":"LineString","coordinates":[[25.992331,43.868425],[25.992303,43.868413]]}},{"type":"Feature","properties":{"line":"А4","mode":"bus","color":"#4d4aba","oi":0.082,"n":3,"sw":1},"geometry":{"type":"LineString","coordinates":[[25.99231,43.868416],[25.992282,43.868404]]}},{"type":"Feature","properties":{"line":"А4","mode":"bus","color":"#4d4aba","oi":0.038,"n":3,"sw":1},"geometry":{"type":"LineString","coordinates":[[25.992288,43.868407],[25.99226,43.868395]]}},{"type":"Feature","properties":{"line":"А4","mode":"bus","color":"#4d4aba","oi":0.01,"n":3,"sw":1},"geometry":{"type":"LineString","coordinates":[[25.992267,43.868398],[25.992238,43.868387]]}},{"type":"Feature","properties":{"line":"А4","mode":"bus","color":"#4d4aba","oi":0,"n":3,"sw":1},"geometry":{"type":"LineString","coordinates":[[25.992245,43.868389],[25.99222,43.868379]]}},{"type":"Feature","properties":{"line":"А4","mode":"bus","color":"#4d4aba","oi":1,"n":3},"geometry":{"type":"LineString","coordinates":[[26.016662,43.875977],[26.016463,43.876031],[26.016275,43.876005],[26.016195,43.875967],[26.01609,43.87586],[26.015788,43.875656]]}},{"type":"Feature","properties":{"line":"А4","mode":"bus","color":"#4d4aba","oi":1,"n":3},"geometry":{"type":"LineString","coordinates":[[26.016676,43.875557],[26.016797,43.875694]]}},{"type":"Feature","properties":{"line":"А4","mode":"bus","color":"#4d4aba","oi":0.5,"n":2},"geometry":{"type":"LineString","coordinates":[[26.016286,43.875518],[26.016175,43.875578],[26.016152,43.875585],[26.016127,43.875583],[26.01608,43.87557],[26.01592,43.875489]]}},{"type":"Feature","properties":{"line":"А4","mode":"bus","color":"#4d4aba","oi":0.5,"n":2,"sw":1},"geometry":{"type":"LineString","coordinates":[[26.015923,43.87549],[26.015882,43.875469]]}},{"type":"Feature","properties":{"line":"А4","mode":"bus","color":"#4d4aba","oi":0.517,"n":2,"sw":1},"geometry":{"type":"LineString","coordinates":[[26.015888,43.875472],[26.015846,43.875451]]}},{"type":"Feature","properties":{"line":"А4","mode":"bus","color":"#4d4aba","oi":0.563,"n":2,"sw":1},"geometry":{"type":"LineString","coordinates":[[26.015852,43.875454],[26.015811,43.875433]]}},{"type":"Feature","properties":{"line":"А4","mode":"bus","color":"#4d4aba","oi":0.63,"n":2,"sw":1},"geometry":{"type":"LineString","coordinates":[[26.015817,43.875436],[26.015775,43.875415]]}},{"type":"Feature","properties":{"line":"А4","mode":"bus","color":"#4d4aba","oi":0.709,"n":2,"sw":1},"geometry":{"type":"LineString","coordinates":[[26.015781,43.875418],[26.01574,43.875397]]}},{"type":"Feature","properties":{"line":"А4","mode":"bus","color":"#4d4aba","oi":0.791,"n":2,"sw":1},"geometry":{"type":"LineString","coordinates":[[26.015746,43.8754],[26.015704,43.875379]]}},{"type":"Feature","properties":{"line":"А4","mode":"bus","color":"#4d4aba","oi":0.87,"n":2,"sw":1},"geometry":{"type":"LineString","coordinates":[[26.01571,43.875382],[26.015669,43.875361]]}},{"type":"Feature","properties":{"line":"А4","mode":"bus","color":"#4d4aba","oi":0.937,"n":2,"sw":1},"geometry":{"type":"LineString","coordinates":[[26.015675,43.875364],[26.015633,43.875343]]}},{"type":"Feature","properties":{"line":"А4","mode":"bus","color":"#4d4aba","oi":0.983,"n":2,"sw":1},"geometry":{"type":"LineString","coordinates":[[26.015639,43.875346],[26.015597,43.875325]]}},{"type":"Feature","properties":{"line":"А4","mode":"bus","color":"#4d4aba","oi":1,"n":2,"sw":1},"geometry":{"type":"LineString","coordinates":[[26.015604,43.875328],[26.015565,43.875308]]}},{"type":"Feature","properties":{"line":"А4","mode":"bus","color":"#4d4aba","oi":0,"n":2,"sw":1},"geometry":{"type":"LineString","coordinates":[[26.016797,43.875694],[26.016796,43.875712]]}},{"type":"Feature","properties":{"line":"А4","mode":"bus","color":"#4d4aba","oi":0.017,"n":2,"sw":1},"geometry":{"type":"LineString","coordinates":[[26.016796,43.875707],[26.016795,43.875728]]}},{"type":"Feature","properties":{"line":"А4","mode":"bus","color":"#4d4aba","oi":0.063,"n":2,"sw":1},"geometry":{"type":"LineString","coordinates":[[26.016796,43.875723],[26.016794,43.875744]]}},{"type":"Feature","properties":{"line":"А4","mode":"bus","color":"#4d4aba","oi":0.13,"n":2,"sw":1},"geometry":{"type":"LineString","coordinates":[[26.016795,43.875738],[26.016794,43.875759]]}},{"type":"Feature","properties":{"line":"А4","mode":"bus","color":"#4d4aba","oi":0.209,"n":2,"sw":1},"geometry":{"type":"LineString","coordinates":[[26.016794,43.875754],[26.016793,43.875775]]}},{"type":"Feature","properties":{"line":"А4","mode":"bus","color":"#4d4aba","oi":0.291,"n":2,"sw":1},"geometry":{"type":"LineString","coordinates":[[26.016793,43.875769],[26.016792,43.875791]]}},{"type":"Feature","properties":{"line":"А4","mode":"bus","color":"#4d4aba","oi":0.37,"n":2,"sw":1},"geometry":{"type":"LineString","coordinates":[[26.016792,43.875785],[26.016791,43.875806]]}},{"type":"Feature","properties":{"line":"А4","mode":"bus","color":"#4d4aba","oi":0.437,"n":2,"sw":1},"geometry":{"type":"LineString","coordinates":[[26.016792,43.875801],[26.01679,43.875822]]}},{"type":"Feature","properties":{"line":"А4","mode":"bus","color":"#4d4aba","oi":0.483,"n":2,"sw":1},"geometry":{"type":"LineString","coordinates":[[26.016791,43.875816],[26.01679,43.875837]]}},{"type":"Feature","properties":{"line":"А4","mode":"bus","color":"#4d4aba","oi":0.5,"n":2,"sw":1},"geometry":{"type":"LineString","coordinates":[[26.01679,43.875832],[26.016789,43.875851],[26.016787,43.875853]]}},{"type":"Feature","properties":{"line":"А4","mode":"bus","color":"#4d4aba","oi":0.5,"n":2,"sw":1},"geometry":{"type":"LineString","coordinates":[[26.016789,43.875848],[26.016789,43.875851],[26.016775,43.875865]]}},{"type":"Feature","properties":{"line":"А4","mode":"bus","color":"#4d4aba","oi":0.483,"n":2,"sw":1},"geometry":{"type":"LineString","coordinates":[[26.016779,43.875861],[26.016762,43.875878]]}},{"type":"Feature","properties":{"line":"А4","mode":"bus","color":"#4d4aba","oi":0.437,"n":2,"sw":1},"geometry":{"type":"LineString","coordinates":[[26.016766,43.875874],[26.016749,43.875891]]}},{"type":"Feature","properties":{"line":"А4","mode":"bus","color":"#4d4aba","oi":0.37,"n":2,"sw":1},"geometry":{"type":"LineString","coordinates":[[26.016753,43.875886],[26.016736,43.875903]]}},{"type":"Feature","properties":{"line":"А4","mode":"bus","color":"#4d4aba","oi":0.291,"n":2,"sw":1},"geometry":{"type":"LineString","coordinates":[[26.016741,43.875899],[26.016724,43.875916]]}},{"type":"Feature","properties":{"line":"А4","mode":"bus","color":"#4d4aba","oi":0.209,"n":2,"sw":1},"geometry":{"type":"LineString","coordinates":[[26.016728,43.875912],[26.016711,43.875929]]}},{"type":"Feature","properties":{"line":"А4","mode":"bus","color":"#4d4aba","oi":0.13,"n":2,"sw":1},"geometry":{"type":"LineString","coordinates":[[26.016715,43.875924],[26.016698,43.875941]]}},{"type":"Feature","properties":{"line":"А4","mode":"bus","color":"#4d4aba","oi":0.063,"n":2,"sw":1},"geometry":{"type":"LineString","coordinates":[[26.016702,43.875937],[26.016685,43.875954]]}},{"type":"Feature","properties":{"line":"А4","mode":"bus","color":"#4d4aba","oi":0.017,"n":2,"sw":1},"geometry":{"type":"LineString","coordinates":[[26.01669,43.87595],[26.016673,43.875967]]}},{"type":"Feature","properties":{"line":"А4","mode":"bus","color":"#4d4aba","oi":0,"n":2,"sw":1},"geometry":{"type":"LineString","coordinates":[[26.016677,43.875962],[26.016662,43.875977]]}},{"type":"Feature","properties":{"line":"А4","mode":"bus","color":"#4d4aba","oi":0.5,"n":2},"geometry":{"type":"LineString","coordinates":[[26.015173,43.862445],[26.016241,43.873522],[26.01615,43.874357],[26.016187,43.87454],[26.016509,43.875257]]}},{"type":"Feature","properties":{"line":"А4","mode":"bus","color":"#4d4aba","oi":0.5,"n":2,"sw":1},"geometry":{"type":"LineString","coordinates":[[26.016508,43.875255],[26.016524,43.87529]]}},{"type":"Feature","properties":{"line":"А4","mode":"bus","color":"#4d4aba","oi":0.517,"n":2,"sw":1},"geometry":{"type":"LineString","coordinates":[[26.016522,43.875285],[26.016538,43.875321]]}},{"type":"Feature","properties":{"line":"А4","mode":"bus","color":"#4d4aba","oi":0.563,"n":2,"sw":1},"geometry":{"type":"LineString","coordinates":[[26.016535,43.875316],[26.016552,43.875352]]}},{"type":"Feature","properties":{"line":"А4","mode":"bus","color":"#4d4aba","oi":0.63,"n":2,"sw":1},"geometry":{"type":"LineString","coordinates":[[26.016549,43.875347],[26.016565,43.875383]]}},{"type":"Feature","properties":{"line":"А4","mode":"bus","color":"#4d4aba","oi":0.709,"n":2,"sw":1},"geometry":{"type":"LineString","coordinates":[[26.016563,43.875378],[26.016574,43.875402],[26.016581,43.875413]]}},{"type":"Feature","properties":{"line":"А4","mode":"bus","color":"#4d4aba","oi":0.791,"n":2,"sw":1},"geometry":{"type":"LineString","coordinates":[[26.016578,43.875408],[26.016601,43.875442]]}},{"type":"Feature","properties":{"line":"А4","mode":"bus","color":"#4d4aba","oi":0.87,"n":2,"sw":1},"geometry":{"type":"LineString","coordinates":[[26.016597,43.875438],[26.01662,43.875472]]}},{"type":"Feature","properties":{"line":"А4","mode":"bus","color":"#4d4aba","oi":0.937,"n":2,"sw":1},"geometry":{"type":"LineString","coordinates":[[26.016617,43.875467],[26.016639,43.875501]]}},{"type":"Feature","properties":{"line":"А4","mode":"bus","color":"#4d4aba","oi":0.983,"n":2,"sw":1},"geometry":{"type":"LineString","coordinates":[[26.016636,43.875496],[26.016658,43.87553]]}},{"type":"Feature","properties":{"line":"А4","mode":"bus","color":"#4d4aba","oi":1,"n":2,"sw":1},"geometry":{"type":"LineString","coordinates":[[26.016655,43.875525],[26.016676,43.875557]]}},{"type":"Feature","properties":{"line":"А4","mode":"bus","color":"#4d4aba","oi":1,"n":2,"sw":1},"geometry":{"type":"LineString","coordinates":[[26.015788,43.875656],[26.015771,43.87564]]}},{"type":"Feature","properties":{"line":"А4","mode":"bus","color":"#4d4aba","oi":0.983,"n":2,"sw":1},"geometry":{"type":"LineString","coordinates":[[26.015775,43.875644],[26.015756,43.875626]]}},{"type":"Feature","properties":{"line":"А4","mode":"bus","color":"#4d4aba","oi":0.937,"n":2,"sw":1},"geometry":{"type":"LineString","coordinates":[[26.01576,43.87563],[26.01574,43.875612]]}},{"type":"Feature","properties":{"line":"А4","mode":"bus","color":"#4d4aba","oi":0.87,"n":2,"sw":1},"geometry":{"type":"LineString","coordinates":[[26.015745,43.875617],[26.015725,43.875599]]}},{"type":"Feature","properties":{"line":"А4","mode":"bus","color":"#4d4aba","oi":0.791,"n":2,"sw":1},"geometry":{"type":"LineString","coordinates":[[26.01573,43.875603],[26.01571,43.875585]]}},{"type":"Feature","properties":{"line":"А4","mode":"bus","color":"#4d4aba","oi":0.709,"n":2,"sw":1},"geometry":{"type":"LineString","coordinates":[[26.015715,43.875589],[26.015695,43.875571]]}},{"type":"Feature","properties":{"line":"А4","mode":"bus","color":"#4d4aba","oi":0.63,"n":2,"sw":1},"geometry":{"type":"LineString","coordinates":[[26.0157,43.875575],[26.01568,43.875557]]}},{"type":"Feature","properties":{"line":"А4","mode":"bus","color":"#4d4aba","oi":0.563,"n":2,"sw":1},"geometry":{"type":"LineString","coordinates":[[26.015685,43.875561],[26.015665,43.875543]]}},{"type":"Feature","properties":{"line":"А4","mode":"bus","color":"#4d4aba","oi":0.517,"n":2,"sw":1},"geometry":{"type":"LineString","coordinates":[[26.01567,43.875548],[26.01565,43.87553]]}},{"type":"Feature","properties":{"line":"А4","mode":"bus","color":"#4d4aba","oi":0.5,"n":2,"sw":1},"geometry":{"type":"LineString","coordinates":[[26.015655,43.875534],[26.015635,43.875516]]}},{"type":"Feature","properties":{"line":"А4","mode":"bus","color":"#4d4aba","oi":0.5,"n":2,"sw":1},"geometry":{"type":"LineString","coordinates":[[26.01564,43.87552],[26.015627,43.875508]]}},{"type":"Feature","properties":{"line":"А4","mode":"bus","color":"#4d4aba","oi":0.51,"n":2,"sw":1},"geometry":{"type":"LineString","coordinates":[[26.015631,43.875512],[26.015618,43.8755]]}},{"type":"Feature","properties":{"line":"А4","mode":"bus","color":"#4d4aba","oi":0.538,"n":2,"sw":1},"geometry":{"type":"LineString","coordinates":[[26.015623,43.875505],[26.01561,43.875493]]}},{"type":"Feature","properties":{"line":"А4","mode":"bus","color":"#4d4aba","oi":0.582,"n":2,"sw":1},"geometry":{"type":"LineString","coordinates":[[26.015614,43.875497],[26.015601,43.875485]]}},{"type":"Feature","properties":{"line":"А4","mode":"bus","color":"#4d4aba","oi":0.64,"n":2,"sw":1},"geometry":{"type":"LineString","coordinates":[[26.015606,43.875489],[26.015593,43.875477]]}},{"type":"Feature","properties":{"line":"А4","mode":"bus","color":"#4d4aba","oi":0.709,"n":2,"sw":1},"geometry":{"type":"LineString","coordinates":[[26.015598,43.875482],[26.015585,43.87547]]}},{"type":"Feature","properties":{"line":"А4","mode":"bus","color":"#4d4aba","oi":0.786,"n":2,"sw":1},"geometry":{"type":"LineString","coordinates":[[26.015589,43.875474],[26.015576,43.875462]]}},{"type":"Feature","properties":{"line":"А4","mode":"bus","color":"#4d4aba","oi":0.869,"n":2,"sw":1},"geometry":{"type":"LineString","coordinates":[[26.015581,43.875466],[26.015572,43.875458],[26.015567,43.875455]]}},{"type":"Feature","properties":{"line":"А4","mode":"bus","color":"#4d4aba","oi":0.956,"n":2,"sw":1},"geometry":{"type":"LineString","coordinates":[[26.015573,43.875459],[26.015572,43.875458],[26.015557,43.875449]]}},{"type":"Feature","properties":{"line":"А4","mode":"bus","color":"#4d4aba","oi":1.044,"n":2,"sw":1},"geometry":{"type":"LineString","coordinates":[[26.015562,43.875452],[26.015546,43.875442]]}},{"type":"Feature","properties":{"line":"А4","mode":"bus","color":"#4d4aba","oi":1.131,"n":2,"sw":1},"geometry":{"type":"LineString","coordinates":[[26.015552,43.875446],[26.015536,43.875436]]}},{"type":"Feature","properties":{"line":"А4","mode":"bus","color":"#4d4aba","oi":1.214,"n":2,"sw":1},"geometry":{"type":"LineString","coordinates":[[26.015542,43.87544],[26.015525,43.87543]]}},{"type":"Feature","properties":{"line":"А4","mode":"bus","color":"#4d4aba","oi":1.291,"n":2,"sw":1},"geometry":{"type":"LineString","coordinates":[[26.015531,43.875433],[26.015515,43.875424]]}},{"type":"Feature","properties":{"line":"А4","mode":"bus","color":"#4d4aba","oi":1.36,"n":2,"sw":1},"geometry":{"type":"LineString","coordinates":[[26.015521,43.875427],[26.015505,43.875417]]}},{"type":"Feature","properties":{"line":"А4","mode":"bus","color":"#4d4aba","oi":1.418,"n":2,"sw":1},"geometry":{"type":"LineString","coordinates":[[26.01551,43.875421],[26.015494,43.875411]]}},{"type":"Feature","properties":{"line":"А4","mode":"bus","color":"#4d4aba","oi":1.462,"n":2,"sw":1},"geometry":{"type":"LineString","coordinates":[[26.0155,43.875415],[26.015484,43.875405]]}},{"type":"Feature","properties":{"line":"А4","mode":"bus","color":"#4d4aba","oi":1.49,"n":2,"sw":1},"geometry":{"type":"LineString","coordinates":[[26.01549,43.875408],[26.015474,43.875399]]}},{"type":"Feature","properties":{"line":"А4","mode":"bus","color":"#4d4aba","oi":1.5,"n":2,"sw":1},"geometry":{"type":"LineString","coordinates":[[26.015479,43.875402],[26.015466,43.875394]]}},{"type":"Feature","properties":{"line":"А4","mode":"bus","color":"#4d4aba","oi":1.5,"n":4},"geometry":{"type":"LineString","coordinates":[[26.015466,43.875394],[26.013972,43.874587],[26.013564,43.874414],[26.01298,43.874238],[26.009257,43.873553],[26.008755,43.873443],[26.008657,43.873479],[26.008564,43.873483],[26.008404,43.873418],[26.008356,43.873346],[26.007928,43.87321],[25.999947,43.871799],[25.999485,43.871689],[25.999179,43.871579],[25.998308,43.871189],[25.994368,43.869384],[25.992529,43.868645]]}},{"type":"Feature","properties":{"line":"А4","mode":"bus","color":"#4d4aba","oi":1.5,"n":4,"sw":1},"geometry":{"type":"LineString","coordinates":[[25.992532,43.868646],[25.992511,43.868637]]}},{"type":"Feature","properties":{"line":"А4","mode":"bus","color":"#4d4aba","oi":1.493,"n":4,"sw":1},"geometry":{"type":"LineString","coordinates":[[25.992517,43.86864],[25.992496,43.868631]]}},{"type":"Feature","properties":{"line":"А4","mode":"bus","color":"#4d4aba","oi":1.473,"n":4,"sw":1},"geometry":{"type":"LineString","coordinates":[[25.992502,43.868634],[25.99248,43.868625]]}},{"type":"Feature","properties":{"line":"А4","mode":"bus","color":"#4d4aba","oi":1.44,"n":4,"sw":1},"geometry":{"type":"LineString","coordinates":[[25.992487,43.868628],[25.992465,43.868619]]}},{"type":"Feature","properties":{"line":"А4","mode":"bus","color":"#4d4aba","oi":1.397,"n":4,"sw":1},"geometry":{"type":"LineString","coordinates":[[25.992472,43.868622],[25.99245,43.868613]]}},{"type":"Feature","properties":{"line":"А4","mode":"bus","color":"#4d4aba","oi":1.344,"n":4,"sw":1},"geometry":{"type":"LineString","coordinates":[[25.992457,43.868616],[25.992435,43.868607]]}},{"type":"Feature","properties":{"line":"А4","mode":"bus","color":"#4d4aba","oi":1.282,"n":4,"sw":1},"geometry":{"type":"LineString","coordinates":[[25.992442,43.86861],[25.99242,43.868601]]}},{"type":"Feature","properties":{"line":"А4","mode":"bus","color":"#4d4aba","oi":1.213,"n":4,"sw":1},"geometry":{"type":"LineString","coordinates":[[25.992427,43.868603],[25.992405,43.868595]]}},{"type":"Feature","properties":{"line":"А4","mode":"bus","color":"#4d4aba","oi":1.138,"n":4,"sw":1},"geometry":{"type":"LineString","coordinates":[[25.992412,43.868597],[25.99239,43.868589]]}},{"type":"Feature","properties":{"line":"А4","mode":"bus","color":"#4d4aba","oi":1.057,"n":4,"sw":1},"geometry":{"type":"LineString","coordinates":[[25.992397,43.868591],[25.992375,43.868583]]}},{"type":"Feature","properties":{"line":"А4","mode":"bus","color":"#4d4aba","oi":0.972,"n":4,"sw":1},"geometry":{"type":"LineString","coordinates":[[25.992381,43.868585],[25.99236,43.868577]]}},{"type":"Feature","properties":{"line":"А4","mode":"bus","color":"#4d4aba","oi":0.884,"n":4,"sw":1},"geometry":{"type":"LineString","coordinates":[[25.992366,43.868579],[25.992345,43.868571]]}},{"type":"Feature","properties":{"line":"А4","mode":"bus","color":"#4d4aba","oi":0.795,"n":4,"sw":1},"geometry":{"type":"LineString","coordinates":[[25.992351,43.868573],[25.99233,43.868564]]}},{"type":"Feature","properties":{"line":"А4","mode":"bus","color":"#4d4aba","oi":0.705,"n":4,"sw":1},"geometry":{"type":"LineString","coordinates":[[25.992336,43.868567],[25.992315,43.868558]]}},{"type":"Feature","properties":{"line":"А4","mode":"bus","color":"#4d4aba","oi":0.616,"n":4,"sw":1},"geometry":{"type":"LineString","coordinates":[[25.992321,43.868561],[25.9923,43.868552]]}},{"type":"Feature","properties":{"line":"А4","mode":"bus","color":"#4d4aba","oi":0.528,"n":4,"sw":1},"geometry":{"type":"LineString","coordinates":[[25.992306,43.868555],[25.992284,43.868546]]}},{"type":"Feature","properties":{"line":"А4","mode":"bus","color":"#4d4aba","oi":0.443,"n":4,"sw":1},"geometry":{"type":"LineString","coordinates":[[25.992291,43.868549],[25.992269,43.86854]]}},{"type":"Feature","properties":{"line":"А4","mode":"bus","color":"#4d4aba","oi":0.362,"n":4,"sw":1},"geometry":{"type":"LineString","coordinates":[[25.992276,43.868543],[25.992254,43.868534]]}},{"type":"Feature","properties":{"line":"А4","mode":"bus","color":"#4d4aba","oi":0.287,"n":4,"sw":1},"geometry":{"type":"LineString","coordinates":[[25.992261,43.868537],[25.992239,43.868528]]}},{"type":"Feature","properties":{"line":"А4","mode":"bus","color":"#4d4aba","oi":0.218,"n":4,"sw":1},"geometry":{"type":"LineString","coordinates":[[25.992246,43.868531],[25.992224,43.868522]]}},{"type":"Feature","properties":{"line":"А4","mode":"bus","color":"#4d4aba","oi":0.156,"n":4,"sw":1},"geometry":{"type":"LineString","coordinates":[[25.992231,43.868525],[25.992209,43.868516]]}},{"type":"Feature","properties":{"line":"А4","mode":"bus","color":"#4d4aba","oi":0.103,"n":4,"sw":1},"geometry":{"type":"LineString","coordinates":[[25.992216,43.868519],[25.992194,43.86851]]}},{"type":"Feature","properties":{"line":"А4","mode":"bus","color":"#4d4aba","oi":0.06,"n":4,"sw":1},"geometry":{"type":"LineString","coordinates":[[25.992201,43.868513],[25.992179,43.868504]]}},{"type":"Feature","properties":{"line":"А4","mode":"bus","color":"#4d4aba","oi":0.027,"n":4,"sw":1},"geometry":{"type":"LineString","coordinates":[[25.992185,43.868506],[25.992164,43.868498]]}},{"type":"Feature","properties":{"line":"А4","mode":"bus","color":"#4d4aba","oi":0.007,"n":4,"sw":1},"geometry":{"type":"LineString","coordinates":[[25.99217,43.8685],[25.992149,43.868492]]}},{"type":"Feature","properties":{"line":"А4","mode":"bus","color":"#4d4aba","oi":0,"n":4,"sw":1},"geometry":{"type":"LineString","coordinates":[[25.992155,43.868494],[25.992137,43.868487]]}},{"type":"Feature","properties":{"line":"А4","mode":"bus","color":"#4d4aba","oi":0,"n":1},"geometry":{"type":"LineString","coordinates":[[25.977308,43.832163],[25.977112,43.832194]]}},{"type":"Feature","properties":{"line":"А4","mode":"bus","color":"#4d4aba","oi":0,"n":1},"geometry":{"type":"LineString","coordinates":[[26.014674,43.8614],[26.015237,43.867323],[26.015605,43.870854],[26.015886,43.874062],[26.016071,43.874713],[26.016323,43.875319],[26.016332,43.875425],[26.016286,43.875518]]}},{"type":"Feature","properties":{"line":"А4","mode":"bus","color":"#4d4aba","oi":0,"n":1},"geometry":{"type":"LineString","coordinates":[[25.973094,43.859395],[25.973814,43.858652]]}},{"type":"Feature","properties":{"line":"А4","mode":"bus","color":"#4d4aba","oi":1.5,"n":4},"geometry":{"type":"LineString","coordinates":[[25.967551,43.824873],[25.967718,43.824945]]}},{"type":"Feature","properties":{"line":"А4","mode":"bus","color":"#4d4aba","oi":0,"n":4,"sw":1},"geometry":{"type":"LineString","coordinates":[[25.967167,43.824706],[25.967185,43.824714]]}},{"type":"Feature","properties":{"line":"А4","mode":"bus","color":"#4d4aba","oi":0.007,"n":4,"sw":1},"geometry":{"type":"LineString","coordinates":[[25.967179,43.824711],[25.9672,43.82472]]}},{"type":"Feature","properties":{"line":"А4","mode":"bus","color":"#4d4aba","oi":0.027,"n":4,"sw":1},"geometry":{"type":"LineString","coordinates":[[25.967193,43.824717],[25.967215,43.824727]]}},{"type":"Feature","properties":{"line":"А4","mode":"bus","color":"#4d4aba","oi":0.06,"n":4,"sw":1},"geometry":{"type":"LineString","coordinates":[[25.967208,43.824724],[25.967229,43.824733]]}},{"type":"Feature","properties":{"line":"А4","mode":"bus","color":"#4d4aba","oi":0.103,"n":4,"sw":1},"geometry":{"type":"LineString","coordinates":[[25.967223,43.82473],[25.967244,43.824739]]}},{"type":"Feature","properties":{"line":"А4","mode":"bus","color":"#4d4aba","oi":0.156,"n":4,"sw":1},"geometry":{"type":"LineString","coordinates":[[25.967238,43.824737],[25.967259,43.824746]]}},{"type":"Feature","properties":{"line":"А4","mode":"bus","color":"#4d4aba","oi":0.218,"n":4,"sw":1},"geometry":{"type":"LineString","coordinates":[[25.967253,43.824743],[25.967274,43.824752]]}},{"type":"Feature","properties":{"line":"А4","mode":"bus","color":"#4d4aba","oi":0.287,"n":4,"sw":1},"geometry":{"type":"LineString","coordinates":[[25.967267,43.82475],[25.967289,43.824759]]}},{"type":"Feature","properties":{"line":"А4","mode":"bus","color":"#4d4aba","oi":0.362,"n":4,"sw":1},"geometry":{"type":"LineString","coordinates":[[25.967282,43.824756],[25.967303,43.824765]]}},{"type":"Feature","properties":{"line":"А4","mode":"bus","color":"#4d4aba","oi":0.443,"n":4,"sw":1},"geometry":{"type":"LineString","coordinates":[[25.967297,43.824762],[25.967318,43.824772]]}},{"type":"Feature","properties":{"line":"А4","mode":"bus","color":"#4d4aba","oi":0.528,"n":4,"sw":1},"geometry":{"type":"LineString","coordinates":[[25.967312,43.824769],[25.967333,43.824778]]}},{"type":"Feature","properties":{"line":"А4","mode":"bus","color":"#4d4aba","oi":0.616,"n":4,"sw":1},"geometry":{"type":"LineString","coordinates":[[25.967326,43.824775],[25.967348,43.824784]]}},{"type":"Feature","properties":{"line":"А4","mode":"bus","color":"#4d4aba","oi":0.705,"n":4,"sw":1},"geometry":{"type":"LineString","coordinates":[[25.967341,43.824782],[25.967362,43.824791]]}},{"type":"Feature","properties":{"line":"А4","mode":"bus","color":"#4d4aba","oi":0.795,"n":4,"sw":1},"geometry":{"type":"LineString","coordinates":[[25.967356,43.824788],[25.967377,43.824797]]}},{"type":"Feature","properties":{"line":"А4","mode":"bus","color":"#4d4aba","oi":0.884,"n":4,"sw":1},"geometry":{"type":"LineString","coordinates":[[25.967371,43.824795],[25.967392,43.824804]]}},{"type":"Feature","properties":{"line":"А4","mode":"bus","color":"#4d4aba","oi":0.972,"n":4,"sw":1},"geometry":{"type":"LineString","coordinates":[[25.967386,43.824801],[25.967407,43.82481]]}},{"type":"Feature","properties":{"line":"А4","mode":"bus","color":"#4d4aba","oi":1.057,"n":4,"sw":1},"geometry":{"type":"LineString","coordinates":[[25.9674,43.824807],[25.967422,43.824817]]}},{"type":"Feature","properties":{"line":"А4","mode":"bus","color":"#4d4aba","oi":1.138,"n":4,"sw":1},"geometry":{"type":"LineString","coordinates":[[25.967415,43.824814],[25.967436,43.824823]]}},{"type":"Feature","properties":{"line":"А4","mode":"bus","color":"#4d4aba","oi":1.213,"n":4,"sw":1},"geometry":{"type":"LineString","coordinates":[[25.96743,43.82482],[25.967451,43.824829]]}},{"type":"Feature","properties":{"line":"А4","mode":"bus","color":"#4d4aba","oi":1.282,"n":4,"sw":1},"geometry":{"type":"LineString","coordinates":[[25.967445,43.824827],[25.967466,43.824836]]}},{"type":"Feature","properties":{"line":"А4","mode":"bus","color":"#4d4aba","oi":1.344,"n":4,"sw":1},"geometry":{"type":"LineString","coordinates":[[25.96746,43.824833],[25.967481,43.824842]]}},{"type":"Feature","properties":{"line":"А4","mode":"bus","color":"#4d4aba","oi":1.397,"n":4,"sw":1},"geometry":{"type":"LineString","coordinates":[[25.967474,43.824839],[25.967496,43.824849]]}},{"type":"Feature","properties":{"line":"А4","mode":"bus","color":"#4d4aba","oi":1.44,"n":4,"sw":1},"geometry":{"type":"LineString","coordinates":[[25.967489,43.824846],[25.96751,43.824855]]}},{"type":"Feature","properties":{"line":"А4","mode":"bus","color":"#4d4aba","oi":1.473,"n":4,"sw":1},"geometry":{"type":"LineString","coordinates":[[25.967504,43.824852],[25.967525,43.824861]]}},{"type":"Feature","properties":{"line":"А4","mode":"bus","color":"#4d4aba","oi":1.493,"n":4,"sw":1},"geometry":{"type":"LineString","coordinates":[[25.967519,43.824859],[25.96754,43.824868]]}},{"type":"Feature","properties":{"line":"А4","mode":"bus","color":"#4d4aba","oi":1.5,"n":4,"sw":1},"geometry":{"type":"LineString","coordinates":[[25.967533,43.824865],[25.967555,43.824874]]}},{"type":"Feature","properties":{"line":"А4","mode":"bus","color":"#4d4aba","oi":1.5,"n":4,"sw":1},"geometry":{"type":"LineString","coordinates":[[25.967714,43.824944],[25.967736,43.824953]]}},{"type":"Feature","properties":{"line":"А4","mode":"bus","color":"#4d4aba","oi":1.493,"n":4,"sw":1},"geometry":{"type":"LineString","coordinates":[[25.967729,43.82495],[25.96775,43.824959]]}},{"type":"Feature","properties":{"line":"А4","mode":"bus","color":"#4d4aba","oi":1.473,"n":4,"sw":1},"geometry":{"type":"LineString","coordinates":[[25.967744,43.824957],[25.967765,43.824966]]}},{"type":"Feature","properties":{"line":"А4","mode":"bus","color":"#4d4aba","oi":1.44,"n":4,"sw":1},"geometry":{"type":"LineString","coordinates":[[25.967759,43.824963],[25.96778,43.824972]]}},{"type":"Feature","properties":{"line":"А4","mode":"bus","color":"#4d4aba","oi":1.397,"n":4,"sw":1},"geometry":{"type":"LineString","coordinates":[[25.967773,43.824969],[25.967795,43.824979]]}},{"type":"Feature","properties":{"line":"А4","mode":"bus","color":"#4d4aba","oi":1.344,"n":4,"sw":1},"geometry":{"type":"LineString","coordinates":[[25.967788,43.824976],[25.967809,43.824985]]}},{"type":"Feature","properties":{"line":"А4","mode":"bus","color":"#4d4aba","oi":1.282,"n":4,"sw":1},"geometry":{"type":"LineString","coordinates":[[25.967803,43.824982],[25.967824,43.824991]]}},{"type":"Feature","properties":{"line":"А4","mode":"bus","color":"#4d4aba","oi":1.213,"n":4,"sw":1},"geometry":{"type":"LineString","coordinates":[[25.967818,43.824989],[25.967839,43.824998]]}},{"type":"Feature","properties":{"line":"А4","mode":"bus","color":"#4d4aba","oi":1.138,"n":4,"sw":1},"geometry":{"type":"LineString","coordinates":[[25.967833,43.824995],[25.967854,43.825004]]}},{"type":"Feature","properties":{"line":"А4","mode":"bus","color":"#4d4aba","oi":1.057,"n":4,"sw":1},"geometry":{"type":"LineString","coordinates":[[25.967847,43.825001],[25.967869,43.825011]]}},{"type":"Feature","properties":{"line":"А4","mode":"bus","color":"#4d4aba","oi":0.972,"n":4,"sw":1},"geometry":{"type":"LineString","coordinates":[[25.967862,43.825008],[25.967883,43.825017]]}},{"type":"Feature","properties":{"line":"А4","mode":"bus","color":"#4d4aba","oi":0.884,"n":4,"sw":1},"geometry":{"type":"LineString","coordinates":[[25.967877,43.825014],[25.967898,43.825023]]}},{"type":"Feature","properties":{"line":"А4","mode":"bus","color":"#4d4aba","oi":0.795,"n":4,"sw":1},"geometry":{"type":"LineString","coordinates":[[25.967892,43.825021],[25.967913,43.82503]]}},{"type":"Feature","properties":{"line":"А4","mode":"bus","color":"#4d4aba","oi":0.705,"n":4,"sw":1},"geometry":{"type":"LineString","coordinates":[[25.967907,43.825027],[25.967928,43.825036]]}},{"type":"Feature","properties":{"line":"А4","mode":"bus","color":"#4d4aba","oi":0.616,"n":4,"sw":1},"geometry":{"type":"LineString","coordinates":[[25.967921,43.825034],[25.967943,43.825043]]}},{"type":"Feature","properties":{"line":"А4","mode":"bus","color":"#4d4aba","oi":0.528,"n":4,"sw":1},"geometry":{"type":"LineString","coordinates":[[25.967936,43.82504],[25.967957,43.825049]]}},{"type":"Feature","properties":{"line":"А4","mode":"bus","color":"#4d4aba","oi":0.443,"n":4,"sw":1},"geometry":{"type":"LineString","coordinates":[[25.967951,43.825046],[25.967972,43.825056]]}},{"type":"Feature","properties":{"line":"А4","mode":"bus","color":"#4d4aba","oi":0.362,"n":4,"sw":1},"geometry":{"type":"LineString","coordinates":[[25.967966,43.825053],[25.967987,43.825062]]}},{"type":"Feature","properties":{"line":"А4","mode":"bus","color":"#4d4aba","oi":0.287,"n":4,"sw":1},"geometry":{"type":"LineString","coordinates":[[25.96798,43.825059],[25.968002,43.825068]]}},{"type":"Feature","properties":{"line":"А4","mode":"bus","color":"#4d4aba","oi":0.218,"n":4,"sw":1},"geometry":{"type":"LineString","coordinates":[[25.967995,43.825066],[25.968016,43.825075]]}},{"type":"Feature","properties":{"line":"А4","mode":"bus","color":"#4d4aba","oi":0.156,"n":4,"sw":1},"geometry":{"type":"LineString","coordinates":[[25.96801,43.825072],[25.968031,43.825081]]}},{"type":"Feature","properties":{"line":"А4","mode":"bus","color":"#4d4aba","oi":0.103,"n":4,"sw":1},"geometry":{"type":"LineString","coordinates":[[25.968025,43.825079],[25.968046,43.825088]]}},{"type":"Feature","properties":{"line":"А4","mode":"bus","color":"#4d4aba","oi":0.06,"n":4,"sw":1},"geometry":{"type":"LineString","coordinates":[[25.96804,43.825085],[25.968061,43.825094]]}},{"type":"Feature","properties":{"line":"А4","mode":"bus","color":"#4d4aba","oi":0.027,"n":4,"sw":1},"geometry":{"type":"LineString","coordinates":[[25.968054,43.825091],[25.968076,43.825101]]}},{"type":"Feature","properties":{"line":"А4","mode":"bus","color":"#4d4aba","oi":0.007,"n":4,"sw":1},"geometry":{"type":"LineString","coordinates":[[25.968069,43.825098],[25.96809,43.825107]]}},{"type":"Feature","properties":{"line":"А4","mode":"bus","color":"#4d4aba","oi":0,"n":4,"sw":1},"geometry":{"type":"LineString","coordinates":[[25.968084,43.825104],[25.968102,43.825112]]}},{"type":"Feature","properties":{"line":"А4","mode":"bus","color":"#4d4aba","oi":1,"n":3},"geometry":{"type":"LineString","coordinates":[[25.974796,43.833476],[25.974907,43.833407]]}},{"type":"Feature","properties":{"line":"А4","mode":"bus","color":"#4d4aba","oi":1,"n":3,"sw":1},"geometry":{"type":"LineString","coordinates":[[25.974904,43.833409],[25.974918,43.8334]]}},{"type":"Feature","properties":{"line":"А4","mode":"bus","color":"#4d4aba","oi":0.98,"n":3,"sw":1},"geometry":{"type":"LineString","coordinates":[[25.974912,43.833403],[25.974926,43.833395]]}},{"type":"Feature","properties":{"line":"А4","mode":"bus","color":"#4d4aba","oi":0.926,"n":3,"sw":1},"geometry":{"type":"LineString","coordinates":[[25.974921,43.833398],[25.974935,43.833389]]}},{"type":"Feature","properties":{"line":"А4","mode":"bus","color":"#4d4aba","oi":0.844,"n":3,"sw":1},"geometry":{"type":"LineString","coordinates":[[25.974929,43.833393],[25.974943,43.833384]]}},{"type":"Feature","properties":{"line":"А4","mode":"bus","color":"#4d4aba","oi":0.741,"n":3,"sw":1},"geometry":{"type":"LineString","coordinates":[[25.974938,43.833388],[25.974952,43.833379]]}},{"type":"Feature","properties":{"line":"А4","mode":"bus","color":"#4d4aba","oi":0.624,"n":3,"sw":1},"geometry":{"type":"LineString","coordinates":[[25.974946,43.833382],[25.97496,43.833373]]}},{"type":"Feature","properties":{"line":"А4","mode":"bus","color":"#4d4aba","oi":0.5,"n":3,"sw":1},"geometry":{"type":"LineString","coordinates":[[25.974955,43.833377],[25.974969,43.833368]]}},{"type":"Feature","properties":{"line":"А4","mode":"bus","color":"#4d4aba","oi":0.376,"n":3,"sw":1},"geometry":{"type":"LineString","coordinates":[[25.974963,43.833372],[25.974977,43.833363]]}},{"type":"Feature","properties":{"line":"А4","mode":"bus","color":"#4d4aba","oi":0.259,"n":3,"sw":1},"geometry":{"type":"LineString","coordinates":[[25.974972,43.833366],[25.974986,43.833357]]}},{"type":"Feature","properties":{"line":"А4","mode":"bus","color":"#4d4aba","oi":0.156,"n":3,"sw":1},"geometry":{"type":"LineString","coordinates":[[25.97498,43.833361],[25.974994,43.833352]]}},{"type":"Feature","properties":{"line":"А4","mode":"bus","color":"#4d4aba","oi":0.074,"n":3,"sw":1},"geometry":{"type":"LineString","coordinates":[[25.974989,43.833356],[25.975003,43.833347]]}},{"type":"Feature","properties":{"line":"А4","mode":"bus","color":"#4d4aba","oi":0.02,"n":3,"sw":1},"geometry":{"type":"LineString","coordinates":[[25.974997,43.83335],[25.975011,43.833342]]}},{"type":"Feature","properties":{"line":"А4","mode":"bus","color":"#4d4aba","oi":0,"n":3,"sw":1},"geometry":{"type":"LineString","coordinates":[[25.975006,43.833345],[25.975017,43.833338]]}},{"type":"Feature","properties":{"line":"А4","mode":"bus","color":"#4d4aba","oi":1,"n":3},"geometry":{"type":"LineString","coordinates":[[25.975734,43.83931],[25.97673,43.838919],[25.976747,43.83891],[25.976755,43.838899],[25.976753,43.838888],[25.976741,43.838875],[25.97664,43.83879],[25.976313,43.838683]]}},{"type":"Feature","properties":{"line":"А4","mode":"bus","color":"#4d4aba","oi":1,"n":3},"geometry":{"type":"LineString","coordinates":[[25.976522,43.838989],[25.976566,43.838918],[25.976555,43.838848],[25.976515,43.838801],[25.976313,43.838683],[25.975458,43.838351],[25.974528,43.837921],[25.974305,43.837782],[25.973991,43.837502],[25.973839,43.83733],[25.973669,43.837022],[25.973618,43.836753],[25.973615,43.836442],[25.973657,43.835218],[25.973734,43.834836],[25.973999,43.834255],[25.974149,43.834054],[25.974581,43.833646],[25.974686,43.833563]]}},{"type":"Feature","properties":{"line":"А4","mode":"bus","color":"#4d4aba","oi":1,"n":3,"sw":1},"geometry":{"type":"LineString","coordinates":[[25.974684,43.833565],[25.974705,43.833548]]}},{"type":"Feature","properties":{"line":"А4","mode":"bus","color":"#4d4aba","oi":0.99,"n":3,"sw":1},"geometry":{"type":"LineString","coordinates":[[25.9747,43.833552],[25.974722,43.833534]]}},{"type":"Feature","properties":{"line":"А4","mode":"bus","color":"#4d4aba","oi":0.962,"n":3,"sw":1},"geometry":{"type":"LineString","coordinates":[[25.974717,43.833538],[25.974739,43.833521]]}},{"type":"Feature","properties":{"line":"А4","mode":"bus","color":"#4d4aba","oi":0.918,"n":3,"sw":1},"geometry":{"type":"LineString","coordinates":[[25.974734,43.833525],[25.974756,43.833508]]}},{"type":"Feature","properties":{"line":"А4","mode":"bus","color":"#4d4aba","oi":0.86,"n":3,"sw":1},"geometry":{"type":"LineString","coordinates":[[25.974751,43.833512],[25.974773,43.833494]]}},{"type":"Feature","properties":{"line":"А4","mode":"bus","color":"#4d4aba","oi":0.791,"n":3,"sw":1},"geometry":{"type":"LineString","coordinates":[[25.974768,43.833498],[25.974789,43.833481]]}},{"type":"Feature","properties":{"line":"А4","mode":"bus","color":"#4d4aba","oi":0.714,"n":3,"sw":1},"geometry":{"type":"LineString","coordinates":[[25.974784,43.833485],[25.974796,43.833476],[25.974804,43.833466]]}},{"type":"Feature","properties":{"line":"А4","mode":"bus","color":"#4d4aba","oi":0.631,"n":3,"sw":1},"geometry":{"type":"LineString","coordinates":[[25.9748,43.833471],[25.974816,43.833451]]}},{"type":"Feature","properties":{"line":"А4","mode":"bus","color":"#4d4aba","oi":0.544,"n":3,"sw":1},"geometry":{"type":"LineString","coordinates":[[25.974812,43.833456],[25.974828,43.833435]]}},{"type":"Feature","properties":{"line":"А4","mode":"bus","color":"#4d4aba","oi":0.456,"n":3,"sw":1},"geometry":{"type":"LineString","coordinates":[[25.974825,43.83344],[25.974841,43.83342]]}},{"type":"Feature","properties":{"line":"А4","mode":"bus","color":"#4d4aba","oi":0.369,"n":3,"sw":1},"geometry":{"type":"LineString","coordinates":[[25.974837,43.833424],[25.974853,43.833404]]}},{"type":"Feature","properties":{"line":"А4","mode":"bus","color":"#4d4aba","oi":0.286,"n":3,"sw":1},"geometry":{"type":"LineString","coordinates":[[25.974849,43.833409],[25.974866,43.833388]]}},{"type":"Feature","properties":{"line":"А4","mode":"bus","color":"#4d4aba","oi":0.209,"n":3,"sw":1},"geometry":{"type":"LineString","coordinates":[[25.974862,43.833393],[25.974878,43.833373]]}},{"type":"Feature","properties":{"line":"А4","mode":"bus","color":"#4d4aba","oi":0.14,"n":3,"sw":1},"geometry":{"type":"LineString","coordinates":[[25.974874,43.833377],[25.97489,43.833357]]}},{"type":"Feature","properties":{"line":"А4","mode":"bus","color":"#4d4aba","oi":0.082,"n":3,"sw":1},"geometry":{"type":"LineString","coordinates":[[25.974887,43.833362],[25.974903,43.833342]]}},{"type":"Feature","properties":{"line":"А4","mode":"bus","color":"#4d4aba","oi":0.038,"n":3,"sw":1},"geometry":{"type":"LineString","coordinates":[[25.974899,43.833346],[25.974915,43.833326]]}},{"type":"Feature","properties":{"line":"А4","mode":"bus","color":"#4d4aba","oi":0.01,"n":3,"sw":1},"geometry":{"type":"LineString","coordinates":[[25.974911,43.833331],[25.974927,43.83331]]}},{"type":"Feature","properties":{"line":"А4","mode":"bus","color":"#4d4aba","oi":0,"n":3,"sw":1},"geometry":{"type":"LineString","coordinates":[[25.974924,43.833315],[25.974938,43.833297]]}},{"type":"Feature","properties":{"line":"А4","mode":"bus","color":"#4d4aba","oi":1,"n":3},"geometry":{"type":"LineString","coordinates":[[25.979434,43.849981],[25.979367,43.850289]]}},{"type":"Feature","properties":{"line":"А4","mode":"bus","color":"#4d4aba","oi":1,"n":3,"sw":1},"geometry":{"type":"LineString","coordinates":[[25.979367,43.850286],[25.979362,43.850309]]}},{"type":"Feature","properties":{"line":"А4","mode":"bus","color":"#4d4aba","oi":0.99,"n":3,"sw":1},"geometry":{"type":"LineString","coordinates":[[25.979363,43.850303],[25.979358,43.850326]]}},{"type":"Feature","properties":{"line":"А4","mode":"bus","color":"#4d4aba","oi":0.962,"n":3,"sw":1},"geometry":{"type":"LineString","coordinates":[[25.97936,43.850321],[25.979355,43.850343]]}},{"type":"Feature","properties":{"line":"А4","mode":"bus","color":"#4d4aba","oi":0.918,"n":3,"sw":1},"geometry":{"type":"LineString","coordinates":[[25.979356,43.850338],[25.979351,43.85036]]}},{"type":"Feature","properties":{"line":"А4","mode":"bus","color":"#4d4aba","oi":0.86,"n":3,"sw":1},"geometry":{"type":"LineString","coordinates":[[25.979352,43.850355],[25.979347,43.850377]]}},{"type":"Feature","properties":{"line":"А4","mode":"bus","color":"#4d4aba","oi":0.791,"n":3,"sw":1},"geometry":{"type":"LineString","coordinates":[[25.979348,43.850372],[25.979343,43.850394]]}},{"type":"Feature","properties":{"line":"А4","mode":"bus","color":"#4d4aba","oi":0.714,"n":3,"sw":1},"geometry":{"type":"LineString","coordinates":[[25.979345,43.850389],[25.97934,43.850411]]}},{"type":"Feature","properties":{"line":"А4","mode":"bus","color":"#4d4aba","oi":0.631,"n":3,"sw":1},"geometry":{"type":"LineString","coordinates":[[25.979341,43.850406],[25.979336,43.850429]]}},{"type":"Feature","properties":{"line":"А4","mode":"bus","color":"#4d4aba","oi":0.544,"n":3,"sw":1},"geometry":{"type":"LineString","coordinates":[[25.979337,43.850423],[25.979332,43.850446]]}},{"type":"Feature","properties":{"line":"А4","mode":"bus","color":"#4d4aba","oi":0.456,"n":3,"sw":1},"geometry":{"type":"LineString","coordinates":[[25.979333,43.85044],[25.979328,43.850463]]}},{"type":"Feature","properties":{"line":"А4","mode":"bus","color":"#4d4aba","oi":0.369,"n":3,"sw":1},"geometry":{"type":"LineString","coordinates":[[25.97933,43.850457],[25.979325,43.85048]]}},{"type":"Feature","properties":{"line":"А4","mode":"bus","color":"#4d4aba","oi":0.286,"n":3,"sw":1},"geometry":{"type":"LineString","coordinates":[[25.979326,43.850475],[25.979321,43.850497]]}},{"type":"Feature","properties":{"line":"А4","mode":"bus","color":"#4d4aba","oi":0.209,"n":3,"sw":1},"geometry":{"type":"LineString","coordinates":[[25.979322,43.850492],[25.979317,43.850514]]}},{"type":"Feature","properties":{"line":"А4","mode":"bus","color":"#4d4aba","oi":0.14,"n":3,"sw":1},"geometry":{"type":"LineString","coordinates":[[25.979318,43.850509],[25.979313,43.850531]]}},{"type":"Feature","properties":{"line":"А4","mode":"bus","color":"#4d4aba","oi":0.082,"n":3,"sw":1},"geometry":{"type":"LineString","coordinates":[[25.979315,43.850526],[25.97931,43.850548]]}},{"type":"Feature","properties":{"line":"А4","mode":"bus","color":"#4d4aba","oi":0.038,"n":3,"sw":1},"geometry":{"type":"LineString","coordinates":[[25.979311,43.850543],[25.979306,43.850565]]}},{"type":"Feature","properties":{"line":"А4","mode":"bus","color":"#4d4aba","oi":0.01,"n":3,"sw":1},"geometry":{"type":"LineString","coordinates":[[25.979307,43.85056],[25.979302,43.850583]]}},{"type":"Feature","properties":{"line":"А4","mode":"bus","color":"#4d4aba","oi":0,"n":3,"sw":1},"geometry":{"type":"LineString","coordinates":[[25.979303,43.850577],[25.979299,43.850597]]}},{"type":"Feature","properties":{"line":"А30","mode":"bus","color":"#cf8a11","oi":0,"n":2,"sw":1},"geometry":{"type":"LineString","coordinates":[[25.974973,43.833155],[25.974962,43.833165]]}},{"type":"Feature","properties":{"line":"А30","mode":"bus","color":"#cf8a11","oi":-0.25,"n":2,"sw":1},"geometry":{"type":"LineString","coordinates":[[25.974967,43.833161],[25.974954,43.833173]]}},{"type":"Feature","properties":{"line":"А30","mode":"bus","color":"#cf8a11","oi":-0.5,"n":2,"sw":1},"geometry":{"type":"LineString","coordinates":[[25.974958,43.833169],[25.974945,43.833181]]}},{"type":"Feature","properties":{"line":"А30","mode":"bus","color":"#cf8a11","oi":-0.5,"n":2,"sw":1},"geometry":{"type":"LineString","coordinates":[[25.97495,43.833177],[25.974937,43.833189]]}},{"type":"Feature","properties":{"line":"А30","mode":"bus","color":"#cf8a11","oi":-0.25,"n":2,"sw":1},"geometry":{"type":"LineString","coordinates":[[25.974941,43.833185],[25.974928,43.833197]]}},{"type":"Feature","properties":{"line":"А30","mode":"bus","color":"#cf8a11","oi":0,"n":2,"sw":1},"geometry":{"type":"LineString","coordinates":[[25.974933,43.833193],[25.974922,43.833203]]}},{"type":"Feature","properties":{"line":"А30","mode":"bus","color":"#cf8a11","oi":-0.5,"n":2},"geometry":{"type":"LineString","coordinates":[[25.968356,43.84067],[25.968356,43.840669],[25.968434,43.840606],[25.968444,43.840596],[25.968447,43.84059],[25.968444,43.840585],[25.968434,43.840584],[25.968418,43.840585],[25.968289,43.8406],[25.968107,43.840564],[25.967957,43.840604],[25.967818,43.840796],[25.967674,43.840879]]}},{"type":"Feature","properties":{"line":"А30","mode":"bus","color":"#cf8a11","oi":0,"n":2,"sw":1},"geometry":{"type":"LineString","coordinates":[[25.968067,43.840875],[25.968116,43.840874]]}},{"type":"Feature","properties":{"line":"А30","mode":"bus","color":"#cf8a11","oi":-0.017,"n":2,"sw":1},"geometry":{"type":"LineString","coordinates":[[25.968108,43.840874],[25.968144,43.840874],[25.968159,43.840869]]}},{"type":"Feature","properties":{"line":"А30","mode":"bus","color":"#cf8a11","oi":-0.063,"n":2,"sw":1},"geometry":{"type":"LineString","coordinates":[[25.968152,43.840871],[25.968199,43.840855]]}},{"type":"Feature","properties":{"line":"А30","mode":"bus","color":"#cf8a11","oi":-0.13,"n":2,"sw":1},"geometry":{"type":"LineString","coordinates":[[25.968192,43.840857],[25.96824,43.840841]]}},{"type":"Feature","properties":{"line":"А30","mode":"bus","color":"#cf8a11","oi":-0.209,"n":2,"sw":1},"geometry":{"type":"LineString","coordinates":[[25.968233,43.840843],[25.968247,43.840838],[25.968262,43.840814]]}},{"type":"Feature","properties":{"line":"А30","mode":"bus","color":"#cf8a11","oi":-0.291,"n":2,"sw":1},"geometry":{"type":"LineString","coordinates":[[25.968259,43.840819],[25.968281,43.840785]]}},{"type":"Feature","properties":{"line":"А30","mode":"bus","color":"#cf8a11","oi":-0.37,"n":2,"sw":1},"geometry":{"type":"LineString","coordinates":[[25.968278,43.84079],[25.9683,43.840755]]}},{"type":"Feature","properties":{"line":"А30","mode":"bus","color":"#cf8a11","oi":-0.437,"n":2,"sw":1},"geometry":{"type":"LineString","coordinates":[[25.968297,43.84076],[25.968319,43.840726]]}},{"type":"Feature","properties":{"line":"А30","mode":"bus","color":"#cf8a11","oi":-0.483,"n":2,"sw":1},"geometry":{"type":"LineString","coordinates":[[25.968316,43.840731],[25.968338,43.840697]]}},{"type":"Feature","properties":{"line":"А30","mode":"bus","color":"#cf8a11","oi":-0.5,"n":2,"sw":1},"geometry":{"type":"LineString","coordinates":[[25.968335,43.840701],[25.968356,43.840669],[25.968358,43.840668]]}},{"type":"Feature","properties":{"line":"А30","mode":"bus","color":"#cf8a11","oi":-0.5,"n":2},"geometry":{"type":"LineString","coordinates":[[25.974054,43.839817],[25.974983,43.839629],[25.975355,43.839492],[25.97536,43.839489]]}},{"type":"Feature","properties":{"line":"А30","mode":"bus","color":"#cf8a11","oi":0,"n":2,"sw":1},"geometry":{"type":"LineString","coordinates":[[25.973622,43.839905],[25.973669,43.839896]]}},{"type":"Feature","properties":{"line":"А30","mode":"bus","color":"#cf8a11","oi":-0.017,"n":2,"sw":1},"geometry":{"type":"LineString","coordinates":[[25.973662,43.839897],[25.973712,43.839887]]}},{"type":"Feature","properties":{"line":"А30","mode":"bus","color":"#cf8a11","oi":-0.063,"n":2,"sw":1},"geometry":{"type":"LineString","coordinates":[[25.973705,43.839888],[25.973755,43.839878]]}},{"type":"Feature","properties":{"line":"А30","mode":"bus","color":"#cf8a11","oi":-0.13,"n":2,"sw":1},"geometry":{"type":"LineString","coordinates":[[25.973748,43.839879],[25.973798,43.839869]]}},{"type":"Feature","properties":{"line":"А30","mode":"bus","color":"#cf8a11","oi":-0.209,"n":2,"sw":1},"geometry":{"type":"LineString","coordinates":[[25.973791,43.839871],[25.973842,43.83986]]}},{"type":"Feature","properties":{"line":"А30","mode":"bus","color":"#cf8a11","oi":-0.291,"n":2,"sw":1},"geometry":{"type":"LineString","coordinates":[[25.973834,43.839862],[25.973885,43.839852]]}},{"type":"Feature","properties":{"line":"А30","mode":"bus","color":"#cf8a11","oi":-0.37,"n":2,"sw":1},"geometry":{"type":"LineString","coordinates":[[25.973878,43.839853],[25.973928,43.839843]]}},{"type":"Feature","properties":{"line":"А30","mode":"bus","color":"#cf8a11","oi":-0.437,"n":2,"sw":1},"geometry":{"type":"LineString","coordinates":[[25.973921,43.839844],[25.973971,43.839834]]}},{"type":"Feature","properties":{"line":"А30","mode":"bus","color":"#cf8a11","oi":-0.483,"n":2,"sw":1},"geometry":{"type":"LineString","coordinates":[[25.973964,43.839836],[25.974014,43.839825]]}},{"type":"Feature","properties":{"line":"А30","mode":"bus","color":"#cf8a11","oi":-0.5,"n":2,"sw":1},"geometry":{"type":"LineString","coordinates":[[25.974007,43.839827],[25.974058,43.839817]]}},{"type":"Feature","properties":{"line":"А30","mode":"bus","color":"#cf8a11","oi":-0.5,"n":2,"sw":1},"geometry":{"type":"LineString","coordinates":[[25.975357,43.839491],[25.975401,43.83947]]}},{"type":"Feature","properties":{"line":"А30","mode":"bus","color":"#cf8a11","oi":-0.517,"n":2,"sw":1},"geometry":{"type":"LineString","coordinates":[[25.975395,43.839473],[25.975438,43.839452]]}},{"type":"Feature","properties":{"line":"А30","mode":"bus","color":"#cf8a11","oi":-0.563,"n":2,"sw":1},"geometry":{"type":"LineString","coordinates":[[25.975432,43.839455],[25.975476,43.839434]]}},{"type":"Feature","properties":{"line":"А30","mode":"bus","color":"#cf8a11","oi":-0.63,"n":2,"sw":1},"geometry":{"type":"LineString","coordinates":[[25.975469,43.839437],[25.975513,43.839416]]}},{"type":"Feature","properties":{"line":"А30","mode":"bus","color":"#cf8a11","oi":-0.709,"n":2,"sw":1},"geometry":{"type":"LineString","coordinates":[[25.975507,43.839419],[25.97555,43.839398]]}},{"type":"Feature","properties":{"line":"А30","mode":"bus","color":"#cf8a11","oi":-0.791,"n":2,"sw":1},"geometry":{"type":"LineString","coordinates":[[25.975544,43.839401],[25.975588,43.83938]]}},{"type":"Feature","properties":{"line":"А30","mode":"bus","color":"#cf8a11","oi":-0.87,"n":2,"sw":1},"geometry":{"type":"LineString","coordinates":[[25.975581,43.839383],[25.975625,43.839362]]}},{"type":"Feature","properties":{"line":"А30","mode":"bus","color":"#cf8a11","oi":-0.937,"n":2,"sw":1},"geometry":{"type":"LineString","coordinates":[[25.975619,43.839365],[25.975662,43.839344]]}},{"type":"Feature","properties":{"line":"А30","mode":"bus","color":"#cf8a11","oi":-0.983,"n":2,"sw":1},"geometry":{"type":"LineString","coordinates":[[25.975656,43.839347],[25.9757,43.839326]]}},{"type":"Feature","properties":{"line":"А30","mode":"bus","color":"#cf8a11","oi":-1,"n":2,"sw":1},"geometry":{"type":"LineString","coordinates":[[25.975694,43.839329],[25.975734,43.83931]]}},{"type":"Feature","properties":{"line":"А30","mode":"bus","color":"#cf8a11","oi":-0.5,"n":2},"geometry":{"type":"LineString","coordinates":[[25.970285,43.840327],[25.969071,43.840396],[25.96884,43.840444],[25.968467,43.840579]]}},{"type":"Feature","properties":{"line":"А30","mode":"bus","color":"#cf8a11","oi":-0.5,"n":2},"geometry":{"type":"LineString","coordinates":[[25.973176,43.83987],[25.973106,43.839864],[25.971952,43.83953],[25.971677,43.839523],[25.971514,43.839568],[25.970655,43.840166],[25.970454,43.840275],[25.970331,43.840313],[25.970318,43.840317],[25.970311,43.840321],[25.970309,43.840323],[25.970312,43.840325],[25.970321,43.840326],[25.970335,43.840327],[25.970504,43.840325],[25.970685,43.840269],[25.971537,43.839674],[25.971683,43.839606],[25.97176,43.839594],[25.972023,43.839627],[25.973043,43.839924],[25.973182,43.839933]]}},{"type":"Feature","properties":{"line":"А30","mode":"bus","color":"#cf8a11","oi":0,"n":2,"sw":1},"geometry":{"type":"LineString","coordinates":[[25.973622,43.839905],[25.973574,43.839901]]}},{"type":"Feature","properties":{"line":"А30","mode":"bus","color":"#cf8a11","oi":-0.017,"n":2,"sw":1},"geometry":{"type":"LineString","coordinates":[[25.973581,43.839902],[25.973529,43.839898]]}},{"type":"Feature","properties":{"line":"А30","mode":"bus","color":"#cf8a11","oi":-0.063,"n":2,"sw":1},"geometry":{"type":"LineString","coordinates":[[25.973537,43.839898],[25.973485,43.839894]]}},{"type":"Feature","properties":{"line":"А30","mode":"bus","color":"#cf8a11","oi":-0.13,"n":2,"sw":1},"geometry":{"type":"LineString","coordinates":[[25.973492,43.839895],[25.97344,43.839891]]}},{"type":"Feature","properties":{"line":"А30","mode":"bus","color":"#cf8a11","oi":-0.209,"n":2,"sw":1},"geometry":{"type":"LineString","coordinates":[[25.973447,43.839891],[25.973395,43.839887]]}},{"type":"Feature","properties":{"line":"А30","mode":"bus","color":"#cf8a11","oi":-0.291,"n":2,"sw":1},"geometry":{"type":"LineString","coordinates":[[25.973403,43.839888],[25.973351,43.839883]]}},{"type":"Feature","properties":{"line":"А30","mode":"bus","color":"#cf8a11","oi":-0.37,"n":2,"sw":1},"geometry":{"type":"LineString","coordinates":[[25.973358,43.839884],[25.973306,43.83988]]}},{"type":"Feature","properties":{"line":"А30","mode":"bus","color":"#cf8a11","oi":-0.437,"n":2,"sw":1},"geometry":{"type":"LineString","coordinates":[[25.973314,43.83988],[25.973262,43.839876]]}},{"type":"Feature","properties":{"line":"А30","mode":"bus","color":"#cf8a11","oi":-0.483,"n":2,"sw":1},"geometry":{"type":"LineString","coordinates":[[25.973269,43.839877],[25.973217,43.839873]]}},{"type":"Feature","properties":{"line":"А30","mode":"bus","color":"#cf8a11","oi":-0.5,"n":2,"sw":1},"geometry":{"type":"LineString","coordinates":[[25.973224,43.839873],[25.973172,43.839869]]}},{"type":"Feature","properties":{"line":"А30","mode":"bus","color":"#cf8a11","oi":-0.5,"n":2,"sw":1},"geometry":{"type":"LineString","coordinates":[[25.973178,43.839932],[25.973231,43.839936]]}},{"type":"Feature","properties":{"line":"А30","mode":"bus","color":"#cf8a11","oi":-0.483,"n":2,"sw":1},"geometry":{"type":"LineString","coordinates":[[25.973223,43.839935],[25.973275,43.839938]]}},{"type":"Feature","properties":{"line":"А30","mode":"bus","color":"#cf8a11","oi":-0.437,"n":2,"sw":1},"geometry":{"type":"LineString","coordinates":[[25.973268,43.839938],[25.97332,43.839941]]}},{"type":"Feature","properties":{"line":"А30","mode":"bus","color":"#cf8a11","oi":-0.37,"n":2,"sw":1},"geometry":{"type":"LineString","coordinates":[[25.973313,43.839941],[25.973365,43.839944]]}},{"type":"Feature","properties":{"line":"А30","mode":"bus","color":"#cf8a11","oi":-0.291,"n":2,"sw":1},"geometry":{"type":"LineString","coordinates":[[25.973357,43.839943],[25.973409,43.839947]]}},{"type":"Feature","properties":{"line":"А30","mode":"bus","color":"#cf8a11","oi":-0.209,"n":2,"sw":1},"geometry":{"type":"LineString","coordinates":[[25.973402,43.839946],[25.973414,43.839947],[25.973453,43.839939]]}},{"type":"Feature","properties":{"line":"А30","mode":"bus","color":"#cf8a11","oi":-0.13,"n":2,"sw":1},"geometry":{"type":"LineString","coordinates":[[25.973446,43.839941],[25.973496,43.83993]]}},{"type":"Feature","properties":{"line":"А30","mode":"bus","color":"#cf8a11","oi":-0.063,"n":2,"sw":1},"geometry":{"type":"LineString","coordinates":[[25.973489,43.839932],[25.973539,43.839922]]}},{"type":"Feature","properties":{"line":"А30","mode":"bus","color":"#cf8a11","oi":-0.017,"n":2,"sw":1},"geometry":{"type":"LineString","coordinates":[[25.973532,43.839923],[25.973582,43.839913]]}},{"type":"Feature","properties":{"line":"А30","mode":"bus","color":"#cf8a11","oi":0,"n":2,"sw":1},"geometry":{"type":"LineString","coordinates":[[25.973575,43.839914],[25.973622,43.839905]]}},{"type":"Feature","properties":{"line":"А30","mode":"bus","color":"#cf8a11","oi":0,"n":2,"sw":1},"geometry":{"type":"LineString","coordinates":[[25.965383,43.841748],[25.965369,43.841753]]}},{"type":"Feature","properties":{"line":"А30","mode":"bus","color":"#cf8a11","oi":-0.052,"n":2,"sw":1},"geometry":{"type":"LineString","coordinates":[[25.965376,43.841751],[25.965358,43.841756]]}},{"type":"Feature","properties":{"line":"А30","mode":"bus","color":"#cf8a11","oi":-0.176,"n":2,"sw":1},"geometry":{"type":"LineString","coordinates":[[25.965365,43.841754],[25.965348,43.84176]]}},{"type":"Feature","properties":{"line":"А30","mode":"bus","color":"#cf8a11","oi":-0.324,"n":2,"sw":1},"geometry":{"type":"LineString","coordinates":[[25.965354,43.841758],[25.965337,43.841764]]}},{"type":"Feature","properties":{"line":"А30","mode":"bus","color":"#cf8a11","oi":-0.448,"n":2,"sw":1},"geometry":{"type":"LineString","coordinates":[[25.965344,43.841762],[25.965326,43.841767]]}},{"type":"Feature","properties":{"line":"А30","mode":"bus","color":"#cf8a11","oi":-0.5,"n":2,"sw":1},"geometry":{"type":"LineString","coordinates":[[25.965333,43.841765],[25.965316,43.841771]]}},{"type":"Feature","properties":{"line":"А30","mode":"bus","color":"#cf8a11","oi":-0.5,"n":2,"sw":1},"geometry":{"type":"LineString","coordinates":[[25.965322,43.841769],[25.965305,43.841775]]}},{"type":"Feature","properties":{"line":"А30","mode":"bus","color":"#cf8a11","oi":-0.448,"n":2,"sw":1},"geometry":{"type":"LineString","coordinates":[[25.965312,43.841773],[25.965294,43.841778]]}},{"type":"Feature","properties":{"line":"А30","mode":"bus","color":"#cf8a11","oi":-0.324,"n":2,"sw":1},"geometry":{"type":"LineString","coordinates":[[25.965301,43.841776],[25.965284,43.841782]]}},{"type":"Feature","properties":{"line":"А30","mode":"bus","color":"#cf8a11","oi":-0.176,"n":2,"sw":1},"geometry":{"type":"LineString","coordinates":[[25.96529,43.84178],[25.965273,43.841786]]}},{"type":"Feature","properties":{"line":"А30","mode":"bus","color":"#cf8a11","oi":-0.052,"n":2,"sw":1},"geometry":{"type":"LineString","coordinates":[[25.96528,43.841784],[25.965262,43.841789]]}},{"type":"Feature","properties":{"line":"А30","mode":"bus","color":"#cf8a11","oi":0,"n":2,"sw":1},"geometry":{"type":"LineString","coordinates":[[25.965269,43.841787],[25.965255,43.841792]]}},{"type":"Feature","properties":{"line":"А30","mode":"bus","color":"#cf8a11","oi":-1,"n":3},"geometry":{"type":"LineString","coordinates":[[25.967628,43.840891],[25.9673,43.840943],[25.966716,43.840964],[25.96562,43.84107],[25.965592,43.841077],[25.965574,43.84109],[25.965565,43.841111],[25.965533,43.841307],[25.965383,43.841748]]}},{"type":"Feature","properties":{"line":"А30","mode":"bus","color":"#cf8a11","oi":0,"n":3,"sw":1},"geometry":{"type":"LineString","coordinates":[[25.968067,43.840875],[25.968039,43.840871]]}},{"type":"Feature","properties":{"line":"А30","mode":"bus","color":"#cf8a11","oi":-0.01,"n":3,"sw":1},"geometry":{"type":"LineString","coordinates":[[25.968046,43.840872],[25.968015,43.840867]]}},{"type":"Feature","properties":{"line":"А30","mode":"bus","color":"#cf8a11","oi":-0.038,"n":3,"sw":1},"geometry":{"type":"LineString","coordinates":[[25.968022,43.840868],[25.96799,43.840863]]}},{"type":"Feature","properties":{"line":"А30","mode":"bus","color":"#cf8a11","oi":-0.082,"n":3,"sw":1},"geometry":{"type":"LineString","coordinates":[[25.967997,43.840864],[25.967966,43.84086]]}},{"type":"Feature","properties":{"line":"А30","mode":"bus","color":"#cf8a11","oi":-0.14,"n":3,"sw":1},"geometry":{"type":"LineString","coordinates":[[25.967973,43.840861],[25.967941,43.840856]]}},{"type":"Feature","properties":{"line":"А30","mode":"bus","color":"#cf8a11","oi":-0.209,"n":3,"sw":1},"geometry":{"type":"LineString","coordinates":[[25.967949,43.840857],[25.967917,43.840852]]}},{"type":"Feature","properties":{"line":"А30","mode":"bus","color":"#cf8a11","oi":-0.286,"n":3,"sw":1},"geometry":{"type":"LineString","coordinates":[[25.967924,43.840853],[25.967895,43.840849],[25.967893,43.840849]]}},{"type":"Feature","properties":{"line":"А30","mode":"bus","color":"#cf8a11","oi":-0.369,"n":3,"sw":1},"geometry":{"type":"LineString","coordinates":[[25.9679,43.84085],[25.967895,43.840849],[25.967868,43.840853]]}},{"type":"Feature","properties":{"line":"А30","mode":"bus","color":"#cf8a11","oi":-0.456,"n":3,"sw":1},"geometry":{"type":"LineString","coordinates":[[25.967876,43.840852],[25.967844,43.840857]]}},{"type":"Feature","properties":{"line":"А30","mode":"bus","color":"#cf8a11","oi":-0.544,"n":3,"sw":1},"geometry":{"type":"LineString","coordinates":[[25.967851,43.840856],[25.96782,43.840861]]}},{"type":"Feature","properties":{"line":"А30","mode":"bus","color":"#cf8a11","oi":-0.631,"n":3,"sw":1},"geometry":{"type":"LineString","coordinates":[[25.967827,43.84086],[25.967795,43.840865]]}},{"type":"Feature","properties":{"line":"А30","mode":"bus","color":"#cf8a11","oi":-0.714,"n":3,"sw":1},"geometry":{"type":"LineString","coordinates":[[25.967802,43.840864],[25.967771,43.840869]]}},{"type":"Feature","properties":{"line":"А30","mode":"bus","color":"#cf8a11","oi":-0.791,"n":3,"sw":1},"geometry":{"type":"LineString","coordinates":[[25.967778,43.840867],[25.967746,43.840872]]}},{"type":"Feature","properties":{"line":"А30","mode":"bus","color":"#cf8a11","oi":-0.86,"n":3,"sw":1},"geometry":{"type":"LineString","coordinates":[[25.967754,43.840871],[25.967722,43.840876]]}},{"type":"Feature","properties":{"line":"А30","mode":"bus","color":"#cf8a11","oi":-0.918,"n":3,"sw":1},"geometry":{"type":"LineString","coordinates":[[25.967729,43.840875],[25.967698,43.84088]]}},{"type":"Feature","properties":{"line":"А30","mode":"bus","color":"#cf8a11","oi":-0.962,"n":3,"sw":1},"geometry":{"type":"LineString","coordinates":[[25.967705,43.840879],[25.967673,43.840884]]}},{"type":"Feature","properties":{"line":"А30","mode":"bus","color":"#cf8a11","oi":-0.99,"n":3,"sw":1},"geometry":{"type":"LineString","coordinates":[[25.967681,43.840883],[25.967649,43.840888]]}},{"type":"Feature","properties":{"line":"А30","mode":"bus","color":"#cf8a11","oi":-1,"n":3,"sw":1},"geometry":{"type":"LineString","coordinates":[[25.967656,43.840887],[25.967625,43.840892]]}},{"type":"Feature","properties":{"line":"А30","mode":"bus","color":"#cf8a11","oi":-1.5,"n":4},"geometry":{"type":"LineString","coordinates":[[25.965255,43.841792],[25.966231,43.843001],[25.966369,43.84312],[25.966745,43.843322],[25.967008,43.843405],[25.96884,43.843796],[25.968947,43.843807],[25.969134,43.843789],[25.96952,43.843659],[25.969688,43.843649],[25.969787,43.843689],[25.970062,43.843949],[25.97031,43.844122],[25.971461,43.844412]]}},{"type":"Feature","properties":{"line":"А30","mode":"bus","color":"#cf8a11","oi":0,"n":1},"geometry":{"type":"LineString","coordinates":[[25.95865,43.850223],[25.95766,43.851413],[25.957117,43.852006],[25.956318,43.85263],[25.956185,43.852695],[25.956037,43.852735],[25.95585,43.852745],[25.953025,43.852775],[25.95295,43.852741],[25.952918,43.852733],[25.952885,43.852737],[25.952821,43.852755],[25.952721,43.852733],[25.952663,43.852675],[25.952679,43.852578]]}},{"type":"Feature","properties":{"line":"А30","mode":"bus","color":"#cf8a11","oi":0,"n":1},"geometry":{"type":"LineString","coordinates":[[25.982096,43.844958],[25.98067,43.8472],[25.979571,43.849673]]}},{"type":"Feature","properties":{"line":"А30","mode":"bus","color":"#cf8a11","oi":0,"n":1,"sw":1},"geometry":{"type":"LineString","coordinates":[[25.979572,43.84967],[25.979562,43.849692]]}},{"type":"Feature","properties":{"line":"А30","mode":"bus","color":"#cf8a11","oi":-0.01,"n":1,"sw":1},"geometry":{"type":"LineString","coordinates":[[25.979565,43.849687],[25.979555,43.849709]]}},{"type":"Feature","properties":{"line":"А30","mode":"bus","color":"#cf8a11","oi":-0.038,"n":1,"sw":1},"geometry":{"type":"LineString","coordinates":[[25.979557,43.849704],[25.979547,43.849727]]}},{"type":"Feature","properties":{"line":"А30","mode":"bus","color":"#cf8a11","oi":-0.082,"n":1,"sw":1},"geometry":{"type":"LineString","coordinates":[[25.979549,43.849721],[25.979539,43.849744]]}},{"type":"Feature","properties":{"line":"А30","mode":"bus","color":"#cf8a11","oi":-0.14,"n":1,"sw":1},"geometry":{"type":"LineString","coordinates":[[25.979542,43.849739],[25.979532,43.849761]]}},{"type":"Feature","properties":{"line":"А30","mode":"bus","color":"#cf8a11","oi":-0.209,"n":1,"sw":1},"geometry":{"type":"LineString","coordinates":[[25.979534,43.849756],[25.979524,43.849778]]}},{"type":"Feature","properties":{"line":"А30","mode":"bus","color":"#cf8a11","oi":-0.286,"n":1,"sw":1},"geometry":{"type":"LineString","coordinates":[[25.979527,43.849773],[25.979517,43.849795]]}},{"type":"Feature","properties":{"line":"А30","mode":"bus","color":"#cf8a11","oi":-0.369,"n":1,"sw":1},"geometry":{"type":"LineString","coordinates":[[25.979519,43.84979],[25.979509,43.849812]]}},{"type":"Feature","properties":{"line":"А30","mode":"bus","color":"#cf8a11","oi":-0.456,"n":1,"sw":1},"geometry":{"type":"LineString","coordinates":[[25.979511,43.849807],[25.979501,43.849829]]}},{"type":"Feature","properties":{"line":"А30","mode":"bus","color":"#cf8a11","oi":-0.544,"n":1,"sw":1},"geometry":{"type":"LineString","coordinates":[[25.979504,43.849824],[25.979494,43.849846]]}},{"type":"Feature","properties":{"line":"А30","mode":"bus","color":"#cf8a11","oi":-0.631,"n":1,"sw":1},"geometry":{"type":"LineString","coordinates":[[25.979496,43.849841],[25.979486,43.849864]]}},{"type":"Feature","properties":{"line":"А30","mode":"bus","color":"#cf8a11","oi":-0.714,"n":1,"sw":1},"geometry":{"type":"LineString","coordinates":[[25.979488,43.849858],[25.979479,43.849881]]}},{"type":"Feature","properties":{"line":"А30","mode":"bus","color":"#cf8a11","oi":-0.791,"n":1,"sw":1},"geometry":{"type":"LineString","coordinates":[[25.979481,43.849876],[25.979471,43.849898]]}},{"type":"Feature","properties":{"line":"А30","mode":"bus","color":"#cf8a11","oi":-0.86,"n":1,"sw":1},"geometry":{"type":"LineString","coordinates":[[25.979473,43.849893],[25.979463,43.849915]]}},{"type":"Feature","properties":{"line":"А30","mode":"bus","color":"#cf8a11","oi":-0.918,"n":1,"sw":1},"geometry":{"type":"LineString","coordinates":[[25.979466,43.84991],[25.979456,43.849932]]}},{"type":"Feature","properties":{"line":"А30","mode":"bus","color":"#cf8a11","oi":-0.962,"n":1,"sw":1},"geometry":{"type":"LineString","coordinates":[[25.979458,43.849927],[25.979448,43.849949]]}},{"type":"Feature","properties":{"line":"А30","mode":"bus","color":"#cf8a11","oi":-0.99,"n":1,"sw":1},"geometry":{"type":"LineString","coordinates":[[25.97945,43.849944],[25.97944,43.849966]]}},{"type":"Feature","properties":{"line":"А30","mode":"bus","color":"#cf8a11","oi":-1,"n":1,"sw":1},"geometry":{"type":"LineString","coordinates":[[25.979443,43.849961],[25.979434,43.849981]]}},{"type":"Feature","properties":{"line":"А30","mode":"bus","color":"#cf8a11","oi":0,"n":1},"geometry":{"type":"LineString","coordinates":[[25.961044,43.852882],[25.960723,43.852811],[25.959982,43.8525],[25.958697,43.851928],[25.95766,43.851413]]}},{"type":"Feature","properties":{"line":"А30","mode":"bus","color":"#cf8a11","oi":-0.5,"n":2},"geometry":{"type":"LineString","coordinates":[[25.952679,43.852578],[25.95274,43.852537],[25.952822,43.852524],[25.952921,43.852553],[25.953594,43.852531],[25.955847,43.852528],[25.955994,43.85251],[25.956047,43.852485],[25.956065,43.852479],[25.956083,43.85248],[25.9561,43.852488],[25.956318,43.85263]]}},{"type":"Feature","properties":{"line":"А30","mode":"bus","color":"#cf8a11","oi":-1,"n":3},"geometry":{"type":"LineString","coordinates":[[25.974796,43.833476],[25.974907,43.833407]]}},{"type":"Feature","properties":{"line":"А30","mode":"bus","color":"#cf8a11","oi":-1,"n":3,"sw":1},"geometry":{"type":"LineString","coordinates":[[25.974904,43.833409],[25.974918,43.8334]]}},{"type":"Feature","properties":{"line":"А30","mode":"bus","color":"#cf8a11","oi":-0.98,"n":3,"sw":1},"geometry":{"type":"LineString","coordinates":[[25.974912,43.833403],[25.974926,43.833395]]}},{"type":"Feature","properties":{"line":"А30","mode":"bus","color":"#cf8a11","oi":-0.926,"n":3,"sw":1},"geometry":{"type":"LineString","coordinates":[[25.974921,43.833398],[25.974935,43.833389]]}},{"type":"Feature","properties":{"line":"А30","mode":"bus","color":"#cf8a11","oi":-0.844,"n":3,"sw":1},"geometry":{"type":"LineString","coordinates":[[25.974929,43.833393],[25.974943,43.833384]]}},{"type":"Feature","properties":{"line":"А30","mode":"bus","color":"#cf8a11","oi":-0.741,"n":3,"sw":1},"geometry":{"type":"LineString","coordinates":[[25.974938,43.833388],[25.974952,43.833379]]}},{"type":"Feature","properties":{"line":"А30","mode":"bus","color":"#cf8a11","oi":-0.624,"n":3,"sw":1},"geometry":{"type":"LineString","coordinates":[[25.974946,43.833382],[25.97496,43.833373]]}},{"type":"Feature","properties":{"line":"А30","mode":"bus","color":"#cf8a11","oi":-0.5,"n":3,"sw":1},"geometry":{"type":"LineString","coordinates":[[25.974955,43.833377],[25.974969,43.833368]]}},{"type":"Feature","properties":{"line":"А30","mode":"bus","color":"#cf8a11","oi":-0.376,"n":3,"sw":1},"geometry":{"type":"LineString","coordinates":[[25.974963,43.833372],[25.974977,43.833363]]}},{"type":"Feature","properties":{"line":"А30","mode":"bus","color":"#cf8a11","oi":-0.259,"n":3,"sw":1},"geometry":{"type":"LineString","coordinates":[[25.974972,43.833366],[25.974986,43.833357]]}},{"type":"Feature","properties":{"line":"А30","mode":"bus","color":"#cf8a11","oi":-0.156,"n":3,"sw":1},"geometry":{"type":"LineString","coordinates":[[25.97498,43.833361],[25.974994,43.833352]]}},{"type":"Feature","properties":{"line":"А30","mode":"bus","color":"#cf8a11","oi":-0.074,"n":3,"sw":1},"geometry":{"type":"LineString","coordinates":[[25.974989,43.833356],[25.975003,43.833347]]}},{"type":"Feature","properties":{"line":"А30","mode":"bus","color":"#cf8a11","oi":-0.02,"n":3,"sw":1},"geometry":{"type":"LineString","coordinates":[[25.974997,43.83335],[25.975011,43.833342]]}},{"type":"Feature","properties":{"line":"А30","mode":"bus","color":"#cf8a11","oi":0,"n":3,"sw":1},"geometry":{"type":"LineString","coordinates":[[25.975006,43.833345],[25.975017,43.833338]]}},{"type":"Feature","properties":{"line":"А30","mode":"bus","color":"#cf8a11","oi":-1,"n":3},"geometry":{"type":"LineString","coordinates":[[25.975734,43.83931],[25.97673,43.838919],[25.976747,43.83891],[25.976755,43.838899],[25.976753,43.838888],[25.976741,43.838875],[25.97664,43.83879],[25.976313,43.838683]]}},{"type":"Feature","properties":{"line":"А30","mode":"bus","color":"#cf8a11","oi":-1,"n":3},"geometry":{"type":"LineString","coordinates":[[25.976522,43.838989],[25.976566,43.838918],[25.976555,43.838848],[25.976515,43.838801],[25.976313,43.838683],[25.975458,43.838351],[25.974528,43.837921],[25.974305,43.837782],[25.973991,43.837502],[25.973839,43.83733],[25.973669,43.837022],[25.973618,43.836753],[25.973615,43.836442],[25.973657,43.835218],[25.973734,43.834836],[25.973999,43.834255],[25.974149,43.834054],[25.974581,43.833646],[25.974686,43.833563]]}},{"type":"Feature","properties":{"line":"А30","mode":"bus","color":"#cf8a11","oi":-1,"n":3,"sw":1},"geometry":{"type":"LineString","coordinates":[[25.974684,43.833565],[25.974705,43.833548]]}},{"type":"Feature","properties":{"line":"А30","mode":"bus","color":"#cf8a11","oi":-0.99,"n":3,"sw":1},"geometry":{"type":"LineString","coordinates":[[25.9747,43.833552],[25.974722,43.833534]]}},{"type":"Feature","properties":{"line":"А30","mode":"bus","color":"#cf8a11","oi":-0.962,"n":3,"sw":1},"geometry":{"type":"LineString","coordinates":[[25.974717,43.833538],[25.974739,43.833521]]}},{"type":"Feature","properties":{"line":"А30","mode":"bus","color":"#cf8a11","oi":-0.918,"n":3,"sw":1},"geometry":{"type":"LineString","coordinates":[[25.974734,43.833525],[25.974756,43.833508]]}},{"type":"Feature","properties":{"line":"А30","mode":"bus","color":"#cf8a11","oi":-0.86,"n":3,"sw":1},"geometry":{"type":"LineString","coordinates":[[25.974751,43.833512],[25.974773,43.833494]]}},{"type":"Feature","properties":{"line":"А30","mode":"bus","color":"#cf8a11","oi":-0.791,"n":3,"sw":1},"geometry":{"type":"LineString","coordinates":[[25.974768,43.833498],[25.974789,43.833481]]}},{"type":"Feature","properties":{"line":"А30","mode":"bus","color":"#cf8a11","oi":-0.714,"n":3,"sw":1},"geometry":{"type":"LineString","coordinates":[[25.974784,43.833485],[25.974796,43.833476],[25.974804,43.833466]]}},{"type":"Feature","properties":{"line":"А30","mode":"bus","color":"#cf8a11","oi":-0.631,"n":3,"sw":1},"geometry":{"type":"LineString","coordinates":[[25.9748,43.833471],[25.974816,43.833451]]}},{"type":"Feature","properties":{"line":"А30","mode":"bus","color":"#cf8a11","oi":-0.544,"n":3,"sw":1},"geometry":{"type":"LineString","coordinates":[[25.974812,43.833456],[25.974828,43.833435]]}},{"type":"Feature","properties":{"line":"А30","mode":"bus","color":"#cf8a11","oi":-0.456,"n":3,"sw":1},"geometry":{"type":"LineString","coordinates":[[25.974825,43.83344],[25.974841,43.83342]]}},{"type":"Feature","properties":{"line":"А30","mode":"bus","color":"#cf8a11","oi":-0.369,"n":3,"sw":1},"geometry":{"type":"LineString","coordinates":[[25.974837,43.833424],[25.974853,43.833404]]}},{"type":"Feature","properties":{"line":"А30","mode":"bus","color":"#cf8a11","oi":-0.286,"n":3,"sw":1},"geometry":{"type":"LineString","coordinates":[[25.974849,43.833409],[25.974866,43.833388]]}},{"type":"Feature","properties":{"line":"А30","mode":"bus","color":"#cf8a11","oi":-0.209,"n":3,"sw":1},"geometry":{"type":"LineString","coordinates":[[25.974862,43.833393],[25.974878,43.833373]]}},{"type":"Feature","properties":{"line":"А30","mode":"bus","color":"#cf8a11","oi":-0.14,"n":3,"sw":1},"geometry":{"type":"LineString","coordinates":[[25.974874,43.833377],[25.97489,43.833357]]}},{"type":"Feature","properties":{"line":"А30","mode":"bus","color":"#cf8a11","oi":-0.082,"n":3,"sw":1},"geometry":{"type":"LineString","coordinates":[[25.974887,43.833362],[25.974903,43.833342]]}},{"type":"Feature","properties":{"line":"А30","mode":"bus","color":"#cf8a11","oi":-0.038,"n":3,"sw":1},"geometry":{"type":"LineString","coordinates":[[25.974899,43.833346],[25.974915,43.833326]]}},{"type":"Feature","properties":{"line":"А30","mode":"bus","color":"#cf8a11","oi":-0.01,"n":3,"sw":1},"geometry":{"type":"LineString","coordinates":[[25.974911,43.833331],[25.974927,43.83331]]}},{"type":"Feature","properties":{"line":"А30","mode":"bus","color":"#cf8a11","oi":0,"n":3,"sw":1},"geometry":{"type":"LineString","coordinates":[[25.974924,43.833315],[25.974938,43.833297]]}},{"type":"Feature","properties":{"line":"А30","mode":"bus","color":"#cf8a11","oi":-1,"n":3},"geometry":{"type":"LineString","coordinates":[[25.979434,43.849981],[25.979367,43.850289]]}},{"type":"Feature","properties":{"line":"А30","mode":"bus","color":"#cf8a11","oi":-1,"n":3,"sw":1},"geometry":{"type":"LineString","coordinates":[[25.979367,43.850286],[25.979362,43.850309]]}},{"type":"Feature","properties":{"line":"А30","mode":"bus","color":"#cf8a11","oi":-0.99,"n":3,"sw":1},"geometry":{"type":"LineString","coordinates":[[25.979363,43.850303],[25.979358,43.850326]]}},{"type":"Feature","properties":{"line":"А30","mode":"bus","color":"#cf8a11","oi":-0.962,"n":3,"sw":1},"geometry":{"type":"LineString","coordinates":[[25.97936,43.850321],[25.979355,43.850343]]}},{"type":"Feature","properties":{"line":"А30","mode":"bus","color":"#cf8a11","oi":-0.918,"n":3,"sw":1},"geometry":{"type":"LineString","coordinates":[[25.979356,43.850338],[25.979351,43.85036]]}},{"type":"Feature","properties":{"line":"А30","mode":"bus","color":"#cf8a11","oi":-0.86,"n":3,"sw":1},"geometry":{"type":"LineString","coordinates":[[25.979352,43.850355],[25.979347,43.850377]]}},{"type":"Feature","properties":{"line":"А30","mode":"bus","color":"#cf8a11","oi":-0.791,"n":3,"sw":1},"geometry":{"type":"LineString","coordinates":[[25.979348,43.850372],[25.979343,43.850394]]}},{"type":"Feature","properties":{"line":"А30","mode":"bus","color":"#cf8a11","oi":-0.714,"n":3,"sw":1},"geometry":{"type":"LineString","coordinates":[[25.979345,43.850389],[25.97934,43.850411]]}},{"type":"Feature","properties":{"line":"А30","mode":"bus","color":"#cf8a11","oi":-0.631,"n":3,"sw":1},"geometry":{"type":"LineString","coordinates":[[25.979341,43.850406],[25.979336,43.850429]]}},{"type":"Feature","properties":{"line":"А30","mode":"bus","color":"#cf8a11","oi":-0.544,"n":3,"sw":1},"geometry":{"type":"LineString","coordinates":[[25.979337,43.850423],[25.979332,43.850446]]}},{"type":"Feature","properties":{"line":"А30","mode":"bus","color":"#cf8a11","oi":-0.456,"n":3,"sw":1},"geometry":{"type":"LineString","coordinates":[[25.979333,43.85044],[25.979328,43.850463]]}},{"type":"Feature","properties":{"line":"А30","mode":"bus","color":"#cf8a11","oi":-0.369,"n":3,"sw":1},"geometry":{"type":"LineString","coordinates":[[25.97933,43.850457],[25.979325,43.85048]]}},{"type":"Feature","properties":{"line":"А30","mode":"bus","color":"#cf8a11","oi":-0.286,"n":3,"sw":1},"geometry":{"type":"LineString","coordinates":[[25.979326,43.850475],[25.979321,43.850497]]}},{"type":"Feature","properties":{"line":"А30","mode":"bus","color":"#cf8a11","oi":-0.209,"n":3,"sw":1},"geometry":{"type":"LineString","coordinates":[[25.979322,43.850492],[25.979317,43.850514]]}},{"type":"Feature","properties":{"line":"А30","mode":"bus","color":"#cf8a11","oi":-0.14,"n":3,"sw":1},"geometry":{"type":"LineString","coordinates":[[25.979318,43.850509],[25.979313,43.850531]]}},{"type":"Feature","properties":{"line":"А30","mode":"bus","color":"#cf8a11","oi":-0.082,"n":3,"sw":1},"geometry":{"type":"LineString","coordinates":[[25.979315,43.850526],[25.97931,43.850548]]}},{"type":"Feature","properties":{"line":"А30","mode":"bus","color":"#cf8a11","oi":-0.038,"n":3,"sw":1},"geometry":{"type":"LineString","coordinates":[[25.979311,43.850543],[25.979306,43.850565]]}},{"type":"Feature","properties":{"line":"А30","mode":"bus","color":"#cf8a11","oi":-0.01,"n":3,"sw":1},"geometry":{"type":"LineString","coordinates":[[25.979307,43.85056],[25.979302,43.850583]]}},{"type":"Feature","properties":{"line":"А30","mode":"bus","color":"#cf8a11","oi":0,"n":3,"sw":1},"geometry":{"type":"LineString","coordinates":[[25.979303,43.850577],[25.979299,43.850597]]}},{"type":"Feature","properties":{"line":"А30","mode":"bus","color":"#cf8a11","oi":-1,"n":3},"geometry":{"type":"LineString","coordinates":[[25.982202,43.850776],[25.982271,43.850728]]}},{"type":"Feature","properties":{"line":"А30","mode":"bus","color":"#cf8a11","oi":0,"n":3,"sw":1},"geometry":{"type":"LineString","coordinates":[[25.982132,43.850824],[25.982143,43.850816]]}},{"type":"Feature","properties":{"line":"А30","mode":"bus","color":"#cf8a11","oi":-0.055,"n":3,"sw":1},"geometry":{"type":"LineString","coordinates":[[25.982138,43.85082],[25.982152,43.85081]]}},{"type":"Feature","properties":{"line":"А30","mode":"bus","color":"#cf8a11","oi":-0.198,"n":3,"sw":1},"geometry":{"type":"LineString","coordinates":[[25.982147,43.850814],[25.982161,43.850804]]}},{"type":"Feature","properties":{"line":"А30","mode":"bus","color":"#cf8a11","oi":-0.394,"n":3,"sw":1},"geometry":{"type":"LineString","coordinates":[[25.982155,43.850808],[25.982169,43.850798]]}},{"type":"Feature","properties":{"line":"А30","mode":"bus","color":"#cf8a11","oi":-0.606,"n":3,"sw":1},"geometry":{"type":"LineString","coordinates":[[25.982164,43.850802],[25.982178,43.850792]]}},{"type":"Feature","properties":{"line":"А30","mode":"bus","color":"#cf8a11","oi":-0.802,"n":3,"sw":1},"geometry":{"type":"LineString","coordinates":[[25.982173,43.850796],[25.982187,43.850786]]}},{"type":"Feature","properties":{"line":"А30","mode":"bus","color":"#cf8a11","oi":-0.945,"n":3,"sw":1},"geometry":{"type":"LineString","coordinates":[[25.982181,43.85079],[25.982196,43.85078]]}},{"type":"Feature","properties":{"line":"А30","mode":"bus","color":"#cf8a11","oi":-1,"n":3,"sw":1},"geometry":{"type":"LineString","coordinates":[[25.98219,43.850784],[25.982204,43.850774]]}},{"type":"Feature","properties":{"line":"А30","mode":"bus","color":"#cf8a11","oi":-0.5,"n":2},"geometry":{"type":"LineString","coordinates":[[25.982344,43.850408],[25.982568,43.849425],[25.982875,43.8478],[25.982947,43.847559],[25.983091,43.847244],[25.983561,43.846693],[25.984182,43.845848],[25.98419,43.845828],[25.984183,43.845811],[25.984162,43.845798],[25.983193,43.845389],[25.982096,43.844958],[25.981731,43.844836],[25.980614,43.844533],[25.978075,43.843959],[25.975807,43.843267],[25.973665,43.842316],[25.97293,43.842043],[25.971391,43.84157],[25.97006,43.841293],[25.969436,43.841227],[25.969207,43.841258],[25.968529,43.841483],[25.968508,43.841487],[25.968491,43.841486],[25.968477,43.841478],[25.968466,43.841464],[25.968298,43.84115]]}},{"type":"Feature","properties":{"line":"А30","mode":"bus","color":"#cf8a11","oi":0,"n":2,"sw":1},"geometry":{"type":"LineString","coordinates":[[25.982271,43.850728],[25.982279,43.850693]]}},{"type":"Feature","properties":{"line":"А30","mode":"bus","color":"#cf8a11","oi":-0.017,"n":2,"sw":1},"geometry":{"type":"LineString","coordinates":[[25.982278,43.850699],[25.982286,43.850661]]}},{"type":"Feature","properties":{"line":"А30","mode":"bus","color":"#cf8a11","oi":-0.063,"n":2,"sw":1},"geometry":{"type":"LineString","coordinates":[[25.982285,43.850667],[25.982293,43.850629]]}},{"type":"Feature","properties":{"line":"А30","mode":"bus","color":"#cf8a11","oi":-0.13,"n":2,"sw":1},"geometry":{"type":"LineString","coordinates":[[25.982292,43.850635],[25.982301,43.850597]]}},{"type":"Feature","properties":{"line":"А30","mode":"bus","color":"#cf8a11","oi":-0.209,"n":2,"sw":1},"geometry":{"type":"LineString","coordinates":[[25.9823,43.850603],[25.982308,43.850566]]}},{"type":"Feature","properties":{"line":"А30","mode":"bus","color":"#cf8a11","oi":-0.291,"n":2,"sw":1},"geometry":{"type":"LineString","coordinates":[[25.982307,43.850571],[25.982315,43.850534]]}},{"type":"Feature","properties":{"line":"А30","mode":"bus","color":"#cf8a11","oi":-0.37,"n":2,"sw":1},"geometry":{"type":"LineString","coordinates":[[25.982314,43.850539],[25.982323,43.850502]]}},{"type":"Feature","properties":{"line":"А30","mode":"bus","color":"#cf8a11","oi":-0.437,"n":2,"sw":1},"geometry":{"type":"LineString","coordinates":[[25.982321,43.850507],[25.98233,43.85047]]}},{"type":"Feature","properties":{"line":"А30","mode":"bus","color":"#cf8a11","oi":-0.483,"n":2,"sw":1},"geometry":{"type":"LineString","coordinates":[[25.982329,43.850475],[25.982337,43.850438]]}},{"type":"Feature","properties":{"line":"А30","mode":"bus","color":"#cf8a11","oi":-0.5,"n":2,"sw":1},"geometry":{"type":"LineString","coordinates":[[25.982336,43.850443],[25.982344,43.850406]]}},{"type":"Feature","properties":{"line":"А30","mode":"bus","color":"#cf8a11","oi":-0.5,"n":2,"sw":1},"geometry":{"type":"LineString","coordinates":[[25.968299,43.841153],[25.96828,43.841117]]}},{"type":"Feature","properties":{"line":"А30","mode":"bus","color":"#cf8a11","oi":-0.483,"n":2,"sw":1},"geometry":{"type":"LineString","coordinates":[[25.968283,43.841122],[25.968264,43.841087]]}},{"type":"Feature","properties":{"line":"А30","mode":"bus","color":"#cf8a11","oi":-0.437,"n":2,"sw":1},"geometry":{"type":"LineString","coordinates":[[25.968267,43.841092],[25.968248,43.841057]]}},{"type":"Feature","properties":{"line":"А30","mode":"bus","color":"#cf8a11","oi":-0.37,"n":2,"sw":1},"geometry":{"type":"LineString","coordinates":[[25.968251,43.841062],[25.968246,43.841053],[25.968223,43.84103]]}},{"type":"Feature","properties":{"line":"А30","mode":"bus","color":"#cf8a11","oi":-0.291,"n":2,"sw":1},"geometry":{"type":"LineString","coordinates":[[25.968227,43.841034],[25.968197,43.841004]]}},{"type":"Feature","properties":{"line":"А30","mode":"bus","color":"#cf8a11","oi":-0.209,"n":2,"sw":1},"geometry":{"type":"LineString","coordinates":[[25.968201,43.841008],[25.96817,43.840978]]}},{"type":"Feature","properties":{"line":"А30","mode":"bus","color":"#cf8a11","oi":-0.13,"n":2,"sw":1},"geometry":{"type":"LineString","coordinates":[[25.968175,43.840982],[25.968144,43.840951]]}},{"type":"Feature","properties":{"line":"А30","mode":"bus","color":"#cf8a11","oi":-0.063,"n":2,"sw":1},"geometry":{"type":"LineString","coordinates":[[25.968148,43.840956],[25.968118,43.840925]]}},{"type":"Feature","properties":{"line":"А30","mode":"bus","color":"#cf8a11","oi":-0.017,"n":2,"sw":1},"geometry":{"type":"LineString","coordinates":[[25.968122,43.84093],[25.968091,43.840899]]}},{"type":"Feature","properties":{"line":"А30","mode":"bus","color":"#cf8a11","oi":0,"n":2,"sw":1},"geometry":{"type":"LineString","coordinates":[[25.968096,43.840903],[25.968067,43.840875]]}},{"type":"Feature","properties":{"line":"А30","mode":"bus","color":"#cf8a11","oi":-0.5,"n":2},"geometry":{"type":"LineString","coordinates":[[25.971644,43.844116],[25.97293,43.842043],[25.973282,43.841578],[25.9733,43.841562],[25.973323,43.841557],[25.97335,43.841563],[25.975706,43.842492],[25.976806,43.842896],[25.976816,43.842902],[25.976822,43.842909],[25.976825,43.842918],[25.976826,43.842945],[25.976476,43.843482]]}},{"type":"Feature","properties":{"line":"А30","mode":"bus","color":"#cf8a11","oi":0,"n":2,"sw":1},"geometry":{"type":"LineString","coordinates":[[25.971461,43.844412],[25.971481,43.84438]]}},{"type":"Feature","properties":{"line":"А30","mode":"bus","color":"#cf8a11","oi":-0.017,"n":2,"sw":1},"geometry":{"type":"LineString","coordinates":[[25.971478,43.844385],[25.971499,43.84435]]}},{"type":"Feature","properties":{"line":"А30","mode":"bus","color":"#cf8a11","oi":-0.063,"n":2,"sw":1},"geometry":{"type":"LineString","coordinates":[[25.971496,43.844355],[25.971518,43.844321]]}},{"type":"Feature","properties":{"line":"А30","mode":"bus","color":"#cf8a11","oi":-0.13,"n":2,"sw":1},"geometry":{"type":"LineString","coordinates":[[25.971514,43.844326],[25.971536,43.844291]]}},{"type":"Feature","properties":{"line":"А30","mode":"bus","color":"#cf8a11","oi":-0.209,"n":2,"sw":1},"geometry":{"type":"LineString","coordinates":[[25.971533,43.844296],[25.971554,43.844262]]}},{"type":"Feature","properties":{"line":"А30","mode":"bus","color":"#cf8a11","oi":-0.291,"n":2,"sw":1},"geometry":{"type":"LineString","coordinates":[[25.971551,43.844267],[25.971573,43.844232]]}},{"type":"Feature","properties":{"line":"А30","mode":"bus","color":"#cf8a11","oi":-0.37,"n":2,"sw":1},"geometry":{"type":"LineString","coordinates":[[25.971569,43.844237],[25.971591,43.844203]]}},{"type":"Feature","properties":{"line":"А30","mode":"bus","color":"#cf8a11","oi":-0.437,"n":2,"sw":1},"geometry":{"type":"LineString","coordinates":[[25.971588,43.844208],[25.971609,43.844173]]}},{"type":"Feature","properties":{"line":"А30","mode":"bus","color":"#cf8a11","oi":-0.483,"n":2,"sw":1},"geometry":{"type":"LineString","coordinates":[[25.971606,43.844178],[25.971628,43.844143]]}},{"type":"Feature","properties":{"line":"А30","mode":"bus","color":"#cf8a11","oi":-0.5,"n":2,"sw":1},"geometry":{"type":"LineString","coordinates":[[25.971624,43.844148],[25.971646,43.844114]]}},{"type":"Feature","properties":{"line":"А5","mode":"bus","color":"#119efc","oi":0,"n":3},"geometry":{"type":"LineString","coordinates":[[25.968067,43.840875],[25.967895,43.840849],[25.9673,43.840943],[25.966716,43.840964],[25.96562,43.84107],[25.965592,43.841077],[25.965574,43.84109],[25.965565,43.841111],[25.965533,43.841307],[25.965383,43.841748]]}},{"type":"Feature","properties":{"line":"А5","mode":"bus","color":"#119efc","oi":0.5,"n":4},"geometry":{"type":"LineString","coordinates":[[25.965255,43.841792],[25.966231,43.843001],[25.966369,43.84312],[25.966745,43.843322],[25.967008,43.843405],[25.96884,43.843796],[25.968947,43.843807],[25.969134,43.843789],[25.96952,43.843659],[25.969688,43.843649],[25.969787,43.843689],[25.970062,43.843949],[25.97031,43.844122],[25.971414,43.8444],[25.971442,43.844403],[25.971465,43.844396],[25.971481,43.844379],[25.97293,43.842043],[25.973282,43.841578],[25.9733,43.841562],[25.973323,43.841557],[25.97335,43.841563],[25.975706,43.842492],[25.976806,43.842896],[25.976816,43.842902],[25.976822,43.842909],[25.976825,43.842918],[25.976826,43.842945],[25.976476,43.843482]]}},{"type":"Feature","properties":{"line":"А5","mode":"bus","color":"#119efc","oi":0.5,"n":4},"geometry":{"type":"LineString","coordinates":[[25.954982,43.833997],[25.955107,43.833873]]}},{"type":"Feature","properties":{"line":"А5","mode":"bus","color":"#119efc","oi":0.5,"n":4,"sw":1},"geometry":{"type":"LineString","coordinates":[[25.955105,43.833875],[25.955122,43.833858]]}},{"type":"Feature","properties":{"line":"А5","mode":"bus","color":"#119efc","oi":0.483,"n":4,"sw":1},"geometry":{"type":"LineString","coordinates":[[25.955117,43.833862],[25.955134,43.833845]]}},{"type":"Feature","properties":{"line":"А5","mode":"bus","color":"#119efc","oi":0.437,"n":4,"sw":1},"geometry":{"type":"LineString","coordinates":[[25.95513,43.83385],[25.955147,43.833833]]}},{"type":"Feature","properties":{"line":"А5","mode":"bus","color":"#119efc","oi":0.37,"n":4,"sw":1},"geometry":{"type":"LineString","coordinates":[[25.955142,43.833837],[25.955159,43.833821]]}},{"type":"Feature","properties":{"line":"А5","mode":"bus","color":"#119efc","oi":0.291,"n":4,"sw":1},"geometry":{"type":"LineString","coordinates":[[25.955155,43.833825],[25.955172,43.833808]]}},{"type":"Feature","properties":{"line":"А5","mode":"bus","color":"#119efc","oi":0.209,"n":4,"sw":1},"geometry":{"type":"LineString","coordinates":[[25.955167,43.833812],[25.955184,43.833796]]}},{"type":"Feature","properties":{"line":"А5","mode":"bus","color":"#119efc","oi":0.13,"n":4,"sw":1},"geometry":{"type":"LineString","coordinates":[[25.95518,43.8338],[25.955197,43.833783]]}},{"type":"Feature","properties":{"line":"А5","mode":"bus","color":"#119efc","oi":0.063,"n":4,"sw":1},"geometry":{"type":"LineString","coordinates":[[25.955192,43.833788],[25.955209,43.833771]]}},{"type":"Feature","properties":{"line":"А5","mode":"bus","color":"#119efc","oi":0.017,"n":4,"sw":1},"geometry":{"type":"LineString","coordinates":[[25.955205,43.833775],[25.955222,43.833758]]}},{"type":"Feature","properties":{"line":"А5","mode":"bus","color":"#119efc","oi":0,"n":4,"sw":1},"geometry":{"type":"LineString","coordinates":[[25.955217,43.833763],[25.955232,43.833748]]}},{"type":"Feature","properties":{"line":"А5","mode":"bus","color":"#119efc","oi":0,"n":3},"geometry":{"type":"LineString","coordinates":[[25.951452,43.837352],[25.954711,43.834255]]}},{"type":"Feature","properties":{"line":"А5","mode":"bus","color":"#119efc","oi":0,"n":3,"sw":1},"geometry":{"type":"LineString","coordinates":[[25.954708,43.834257],[25.95474,43.834227]]}},{"type":"Feature","properties":{"line":"А5","mode":"bus","color":"#119efc","oi":0.017,"n":3,"sw":1},"geometry":{"type":"LineString","coordinates":[[25.954735,43.834231],[25.954767,43.834201]]}},{"type":"Feature","properties":{"line":"А5","mode":"bus","color":"#119efc","oi":0.063,"n":3,"sw":1},"geometry":{"type":"LineString","coordinates":[[25.954763,43.834206],[25.954794,43.834175]]}},{"type":"Feature","properties":{"line":"А5","mode":"bus","color":"#119efc","oi":0.13,"n":3,"sw":1},"geometry":{"type":"LineString","coordinates":[[25.95479,43.83418],[25.954821,43.83415]]}},{"type":"Feature","properties":{"line":"А5","mode":"bus","color":"#119efc","oi":0.209,"n":3,"sw":1},"geometry":{"type":"LineString","coordinates":[[25.954817,43.834154],[25.954849,43.834124]]}},{"type":"Feature","properties":{"line":"А5","mode":"bus","color":"#119efc","oi":0.291,"n":3,"sw":1},"geometry":{"type":"LineString","coordinates":[[25.954844,43.834128],[25.954876,43.834098]]}},{"type":"Feature","properties":{"line":"А5","mode":"bus","color":"#119efc","oi":0.37,"n":3,"sw":1},"geometry":{"type":"LineString","coordinates":[[25.954871,43.834102],[25.954903,43.834072]]}},{"type":"Feature","properties":{"line":"А5","mode":"bus","color":"#119efc","oi":0.437,"n":3,"sw":1},"geometry":{"type":"LineString","coordinates":[[25.954898,43.834077],[25.95493,43.834046]]}},{"type":"Feature","properties":{"line":"А5","mode":"bus","color":"#119efc","oi":0.483,"n":3,"sw":1},"geometry":{"type":"LineString","coordinates":[[25.954925,43.834051],[25.954957,43.834021]]}},{"type":"Feature","properties":{"line":"А5","mode":"bus","color":"#119efc","oi":0.5,"n":3,"sw":1},"geometry":{"type":"LineString","coordinates":[[25.954953,43.834025],[25.954982,43.833997]]}},{"type":"Feature","properties":{"line":"А5","mode":"bus","color":"#119efc","oi":0,"n":1},"geometry":{"type":"LineString","coordinates":[[25.950401,43.831751],[25.950219,43.833078],[25.950057,43.834745],[25.949801,43.835741],[25.949282,43.837185]]}},{"type":"Feature","properties":{"line":"А5","mode":"bus","color":"#119efc","oi":0,"n":1},"geometry":{"type":"LineString","coordinates":[[25.982271,43.850728],[25.991305,43.851876]]}},{"type":"Feature","properties":{"line":"А5","mode":"bus","color":"#119efc","oi":0,"n":1},"geometry":{"type":"LineString","coordinates":[[25.991309,43.852136],[25.99133,43.852025],[25.991305,43.851876],[25.991626,43.850597],[25.991837,43.850246],[25.992397,43.849463]]}},{"type":"Feature","properties":{"line":"А5","mode":"bus","color":"#119efc","oi":0,"n":1},"geometry":{"type":"LineString","coordinates":[[25.951154,43.831863],[25.950873,43.831769],[25.950417,43.831659]]}},{"type":"Feature","properties":{"line":"А5","mode":"bus","color":"#119efc","oi":1,"n":3},"geometry":{"type":"LineString","coordinates":[[25.982202,43.850776],[25.982271,43.850728]]}},{"type":"Feature","properties":{"line":"А5","mode":"bus","color":"#119efc","oi":0,"n":3,"sw":1},"geometry":{"type":"LineString","coordinates":[[25.982132,43.850824],[25.982143,43.850816]]}},{"type":"Feature","properties":{"line":"А5","mode":"bus","color":"#119efc","oi":0.055,"n":3,"sw":1},"geometry":{"type":"LineString","coordinates":[[25.982138,43.85082],[25.982152,43.85081]]}},{"type":"Feature","properties":{"line":"А5","mode":"bus","color":"#119efc","oi":0.198,"n":3,"sw":1},"geometry":{"type":"LineString","coordinates":[[25.982147,43.850814],[25.982161,43.850804]]}},{"type":"Feature","properties":{"line":"А5","mode":"bus","color":"#119efc","oi":0.394,"n":3,"sw":1},"geometry":{"type":"LineString","coordinates":[[25.982155,43.850808],[25.982169,43.850798]]}},{"type":"Feature","properties":{"line":"А5","mode":"bus","color":"#119efc","oi":0.606,"n":3,"sw":1},"geometry":{"type":"LineString","coordinates":[[25.982164,43.850802],[25.982178,43.850792]]}},{"type":"Feature","properties":{"line":"А5","mode":"bus","color":"#119efc","oi":0.802,"n":3,"sw":1},"geometry":{"type":"LineString","coordinates":[[25.982173,43.850796],[25.982187,43.850786]]}},{"type":"Feature","properties":{"line":"А5","mode":"bus","color":"#119efc","oi":0.945,"n":3,"sw":1},"geometry":{"type":"LineString","coordinates":[[25.982181,43.85079],[25.982196,43.85078]]}},{"type":"Feature","properties":{"line":"А5","mode":"bus","color":"#119efc","oi":1,"n":3,"sw":1},"geometry":{"type":"LineString","coordinates":[[25.98219,43.850784],[25.982204,43.850774]]}},{"type":"Feature","properties":{"line":"А5","mode":"bus","color":"#119efc","oi":0.5,"n":2},"geometry":{"type":"LineString","coordinates":[[25.984205,43.845816],[25.98595,43.84676],[25.986337,43.846947],[25.987198,43.847303],[25.988748,43.848127],[25.992397,43.849463]]}},{"type":"Feature","properties":{"line":"А5","mode":"bus","color":"#119efc","oi":0.5,"n":2},"geometry":{"type":"LineString","coordinates":[[25.983818,43.845653],[25.983193,43.845389],[25.982096,43.844958],[25.981731,43.844836],[25.980614,43.844533],[25.978075,43.843959],[25.975807,43.843267],[25.973665,43.842316],[25.97293,43.842043],[25.971391,43.84157],[25.97006,43.841293],[25.969436,43.841227],[25.969207,43.841258],[25.968529,43.841483],[25.968508,43.841487],[25.968491,43.841486],[25.968477,43.841478],[25.968466,43.841464],[25.968298,43.84115]]}},{"type":"Feature","properties":{"line":"А5","mode":"bus","color":"#119efc","oi":-0.5,"n":2,"sw":1},"geometry":{"type":"LineString","coordinates":[[25.984205,43.845816],[25.98418,43.845806]]}},{"type":"Feature","properties":{"line":"А5","mode":"bus","color":"#119efc","oi":-0.49,"n":2,"sw":1},"geometry":{"type":"LineString","coordinates":[[25.984187,43.845808],[25.984159,43.845796]]}},{"type":"Feature","properties":{"line":"А5","mode":"bus","color":"#119efc","oi":-0.462,"n":2,"sw":1},"geometry":{"type":"LineString","coordinates":[[25.984165,43.845799],[25.984137,43.845787]]}},{"type":"Feature","properties":{"line":"А5","mode":"bus","color":"#119efc","oi":-0.418,"n":2,"sw":1},"geometry":{"type":"LineString","coordinates":[[25.984144,43.84579],[25.984116,43.845778]]}},{"type":"Feature","properties":{"line":"А5","mode":"bus","color":"#119efc","oi":-0.36,"n":2,"sw":1},"geometry":{"type":"LineString","coordinates":[[25.984122,43.845781],[25.984094,43.845769]]}},{"type":"Feature","properties":{"line":"А5","mode":"bus","color":"#119efc","oi":-0.291,"n":2,"sw":1},"geometry":{"type":"LineString","coordinates":[[25.984101,43.845772],[25.984073,43.84576]]}},{"type":"Feature","properties":{"line":"А5","mode":"bus","color":"#119efc","oi":-0.214,"n":2,"sw":1},"geometry":{"type":"LineString","coordinates":[[25.984079,43.845763],[25.984051,43.845751]]}},{"type":"Feature","properties":{"line":"А5","mode":"bus","color":"#119efc","oi":-0.131,"n":2,"sw":1},"geometry":{"type":"LineString","coordinates":[[25.984058,43.845754],[25.98403,43.845742]]}},{"type":"Feature","properties":{"line":"А5","mode":"bus","color":"#119efc","oi":-0.044,"n":2,"sw":1},"geometry":{"type":"LineString","coordinates":[[25.984036,43.845745],[25.984008,43.845733]]}},{"type":"Feature","properties":{"line":"А5","mode":"bus","color":"#119efc","oi":0.044,"n":2,"sw":1},"geometry":{"type":"LineString","coordinates":[[25.984015,43.845736],[25.983987,43.845724]]}},{"type":"Feature","properties":{"line":"А5","mode":"bus","color":"#119efc","oi":0.131,"n":2,"sw":1},"geometry":{"type":"LineString","coordinates":[[25.983993,43.845727],[25.983965,43.845715]]}},{"type":"Feature","properties":{"line":"А5","mode":"bus","color":"#119efc","oi":0.214,"n":2,"sw":1},"geometry":{"type":"LineString","coordinates":[[25.983972,43.845717],[25.983944,43.845706]]}},{"type":"Feature","properties":{"line":"А5","mode":"bus","color":"#119efc","oi":0.291,"n":2,"sw":1},"geometry":{"type":"LineString","coordinates":[[25.98395,43.845708],[25.983922,43.845697]]}},{"type":"Feature","properties":{"line":"А5","mode":"bus","color":"#119efc","oi":0.36,"n":2,"sw":1},"geometry":{"type":"LineString","coordinates":[[25.983928,43.845699],[25.983901,43.845688]]}},{"type":"Feature","properties":{"line":"А5","mode":"bus","color":"#119efc","oi":0.418,"n":2,"sw":1},"geometry":{"type":"LineString","coordinates":[[25.983907,43.84569],[25.983879,43.845678]]}},{"type":"Feature","properties":{"line":"А5","mode":"bus","color":"#119efc","oi":0.462,"n":2,"sw":1},"geometry":{"type":"LineString","coordinates":[[25.983885,43.845681],[25.983857,43.845669]]}},{"type":"Feature","properties":{"line":"А5","mode":"bus","color":"#119efc","oi":0.49,"n":2,"sw":1},"geometry":{"type":"LineString","coordinates":[[25.983864,43.845672],[25.983836,43.84566]]}},{"type":"Feature","properties":{"line":"А5","mode":"bus","color":"#119efc","oi":0.5,"n":2,"sw":1},"geometry":{"type":"LineString","coordinates":[[25.983842,43.845663],[25.983814,43.845651]]}},{"type":"Feature","properties":{"line":"А5","mode":"bus","color":"#119efc","oi":0.5,"n":2,"sw":1},"geometry":{"type":"LineString","coordinates":[[25.968299,43.841153],[25.96828,43.841117]]}},{"type":"Feature","properties":{"line":"А5","mode":"bus","color":"#119efc","oi":0.483,"n":2,"sw":1},"geometry":{"type":"LineString","coordinates":[[25.968283,43.841122],[25.968264,43.841087]]}},{"type":"Feature","properties":{"line":"А5","mode":"bus","color":"#119efc","oi":0.437,"n":2,"sw":1},"geometry":{"type":"LineString","coordinates":[[25.968267,43.841092],[25.968248,43.841057]]}},{"type":"Feature","properties":{"line":"А5","mode":"bus","color":"#119efc","oi":0.37,"n":2,"sw":1},"geometry":{"type":"LineString","coordinates":[[25.968251,43.841062],[25.968246,43.841053],[25.968223,43.84103]]}},{"type":"Feature","properties":{"line":"А5","mode":"bus","color":"#119efc","oi":0.291,"n":2,"sw":1},"geometry":{"type":"LineString","coordinates":[[25.968227,43.841034],[25.968197,43.841004]]}},{"type":"Feature","properties":{"line":"А5","mode":"bus","color":"#119efc","oi":0.209,"n":2,"sw":1},"geometry":{"type":"LineString","coordinates":[[25.968201,43.841008],[25.96817,43.840978]]}},{"type":"Feature","properties":{"line":"А5","mode":"bus","color":"#119efc","oi":0.13,"n":2,"sw":1},"geometry":{"type":"LineString","coordinates":[[25.968175,43.840982],[25.968144,43.840951]]}},{"type":"Feature","properties":{"line":"А5","mode":"bus","color":"#119efc","oi":0.063,"n":2,"sw":1},"geometry":{"type":"LineString","coordinates":[[25.968148,43.840956],[25.968118,43.840925]]}},{"type":"Feature","properties":{"line":"А5","mode":"bus","color":"#119efc","oi":0.017,"n":2,"sw":1},"geometry":{"type":"LineString","coordinates":[[25.968122,43.84093],[25.968091,43.840899]]}},{"type":"Feature","properties":{"line":"А5","mode":"bus","color":"#119efc","oi":0,"n":2,"sw":1},"geometry":{"type":"LineString","coordinates":[[25.968096,43.840903],[25.968067,43.840875]]}},{"type":"Feature","properties":{"line":"А19","mode":"bus","color":"#19a9a8","oi":-0.5,"n":2},"geometry":{"type":"LineString","coordinates":[[25.969134,43.843789],[25.969395,43.843863],[25.969476,43.843949],[25.969549,43.843977],[25.969671,43.843982],[25.97031,43.844122]]}},{"type":"Feature","properties":{"line":"А19","mode":"bus","color":"#19a9a8","oi":-0.5,"n":2},"geometry":{"type":"LineString","coordinates":[[25.965255,43.841792],[25.966231,43.843001],[25.966369,43.84312],[25.966745,43.843322],[25.967008,43.843405],[25.96884,43.843796],[25.968947,43.843807],[25.969134,43.843789],[25.96952,43.843659],[25.969688,43.843649],[25.969787,43.843689],[25.970062,43.843949],[25.97031,43.844122],[25.971461,43.844412],[25.973948,43.845019],[25.975421,43.845467],[25.977708,43.848053],[25.97796,43.848414],[25.979271,43.849817]]}},{"type":"Feature","properties":{"line":"А19","mode":"bus","color":"#19a9a8","oi":-0.5,"n":2},"geometry":{"type":"LineString","coordinates":[[25.979259,43.850125],[25.979294,43.849966]]}},{"type":"Feature","properties":{"line":"А19","mode":"bus","color":"#19a9a8","oi":0,"n":2,"sw":1},"geometry":{"type":"LineString","coordinates":[[25.979189,43.850445],[25.979197,43.85041]]}},{"type":"Feature","properties":{"line":"А19","mode":"bus","color":"#19a9a8","oi":-0.017,"n":2,"sw":1},"geometry":{"type":"LineString","coordinates":[[25.979195,43.850416],[25.979204,43.850378]]}},{"type":"Feature","properties":{"line":"А19","mode":"bus","color":"#19a9a8","oi":-0.063,"n":2,"sw":1},"geometry":{"type":"LineString","coordinates":[[25.979202,43.850384],[25.979211,43.850346]]}},{"type":"Feature","properties":{"line":"А19","mode":"bus","color":"#19a9a8","oi":-0.13,"n":2,"sw":1},"geometry":{"type":"LineString","coordinates":[[25.979209,43.850352],[25.979218,43.850314]]}},{"type":"Feature","properties":{"line":"А19","mode":"bus","color":"#19a9a8","oi":-0.209,"n":2,"sw":1},"geometry":{"type":"LineString","coordinates":[[25.979216,43.85032],[25.979225,43.850282]]}},{"type":"Feature","properties":{"line":"А19","mode":"bus","color":"#19a9a8","oi":-0.291,"n":2,"sw":1},"geometry":{"type":"LineString","coordinates":[[25.979223,43.850288],[25.979232,43.85025]]}},{"type":"Feature","properties":{"line":"А19","mode":"bus","color":"#19a9a8","oi":-0.37,"n":2,"sw":1},"geometry":{"type":"LineString","coordinates":[[25.97923,43.850256],[25.979238,43.850218]]}},{"type":"Feature","properties":{"line":"А19","mode":"bus","color":"#19a9a8","oi":-0.437,"n":2,"sw":1},"geometry":{"type":"LineString","coordinates":[[25.979237,43.850224],[25.979245,43.850186]]}},{"type":"Feature","properties":{"line":"А19","mode":"bus","color":"#19a9a8","oi":-0.483,"n":2,"sw":1},"geometry":{"type":"LineString","coordinates":[[25.979244,43.850192],[25.979252,43.850154]]}},{"type":"Feature","properties":{"line":"А19","mode":"bus","color":"#19a9a8","oi":-0.5,"n":2,"sw":1},"geometry":{"type":"LineString","coordinates":[[25.979251,43.85016],[25.979259,43.850122]]}},{"type":"Feature","properties":{"line":"А19","mode":"bus","color":"#19a9a8","oi":-0.5,"n":2,"sw":1},"geometry":{"type":"LineString","coordinates":[[25.979293,43.849968],[25.979296,43.849955],[25.979292,43.849931]]}},{"type":"Feature","properties":{"line":"А19","mode":"bus","color":"#19a9a8","oi":-0.483,"n":2,"sw":1},"geometry":{"type":"LineString","coordinates":[[25.979293,43.849936],[25.979286,43.849899]]}},{"type":"Feature","properties":{"line":"А19","mode":"bus","color":"#19a9a8","oi":-0.437,"n":2,"sw":1},"geometry":{"type":"LineString","coordinates":[[25.979287,43.849904],[25.97928,43.849867]]}},{"type":"Feature","properties":{"line":"А19","mode":"bus","color":"#19a9a8","oi":-0.37,"n":2,"sw":1},"geometry":{"type":"LineString","coordinates":[[25.979281,43.849872],[25.979277,43.849853],[25.979277,43.849841],[25.979279,43.849835]]}},{"type":"Feature","properties":{"line":"А19","mode":"bus","color":"#19a9a8","oi":-0.291,"n":2,"sw":1},"geometry":{"type":"LineString","coordinates":[[25.979277,43.84984],[25.979279,43.849834],[25.979284,43.849832],[25.979293,43.849835],[25.979305,43.849843],[25.979313,43.84985]]}},{"type":"Feature","properties":{"line":"А19","mode":"bus","color":"#19a9a8","oi":-0.209,"n":2,"sw":1},"geometry":{"type":"LineString","coordinates":[[25.979308,43.849846],[25.979344,43.849873]]}},{"type":"Feature","properties":{"line":"А19","mode":"bus","color":"#19a9a8","oi":-0.13,"n":2,"sw":1},"geometry":{"type":"LineString","coordinates":[[25.979339,43.849869],[25.979375,43.849897]]}},{"type":"Feature","properties":{"line":"А19","mode":"bus","color":"#19a9a8","oi":-0.063,"n":2,"sw":1},"geometry":{"type":"LineString","coordinates":[[25.979369,43.849893],[25.979376,43.849898],[25.979395,43.849926]]}},{"type":"Feature","properties":{"line":"А19","mode":"bus","color":"#19a9a8","oi":-0.017,"n":2,"sw":1},"geometry":{"type":"LineString","coordinates":[[25.979392,43.849921],[25.979415,43.849954]]}},{"type":"Feature","properties":{"line":"А19","mode":"bus","color":"#19a9a8","oi":0,"n":2,"sw":1},"geometry":{"type":"LineString","coordinates":[[25.979412,43.84995],[25.979434,43.849981]]}},{"type":"Feature","properties":{"line":"А19","mode":"bus","color":"#19a9a8","oi":-1.5,"n":4},"geometry":{"type":"LineString","coordinates":[[25.927946,43.814602],[25.928029,43.814678],[25.928093,43.814701],[25.928237,43.814702],[25.928314,43.814679],[25.92842,43.814599],[25.928452,43.814542],[25.928448,43.814325],[25.928448,43.814315],[25.928449,43.814309],[25.928451,43.814307],[25.928454,43.814308],[25.928457,43.814314],[25.928462,43.814323],[25.929027,43.815632],[25.929692,43.816947],[25.930051,43.817769],[25.930905,43.819557],[25.931048,43.819931],[25.931195,43.820454],[25.931449,43.820912],[25.93173,43.821299],[25.932157,43.821771],[25.932206,43.821813]]}},{"type":"Feature","properties":{"line":"А19","mode":"bus","color":"#19a9a8","oi":-1.5,"n":4,"sw":1},"geometry":{"type":"LineString","coordinates":[[25.932204,43.821811],[25.93222,43.821825]]}},{"type":"Feature","properties":{"line":"А19","mode":"bus","color":"#19a9a8","oi":-1.493,"n":4,"sw":1},"geometry":{"type":"LineString","coordinates":[[25.932215,43.821821],[25.932231,43.821834]]}},{"type":"Feature","properties":{"line":"А19","mode":"bus","color":"#19a9a8","oi":-1.473,"n":4,"sw":1},"geometry":{"type":"LineString","coordinates":[[25.932226,43.82183],[25.932242,43.821844]]}},{"type":"Feature","properties":{"line":"А19","mode":"bus","color":"#19a9a8","oi":-1.44,"n":4,"sw":1},"geometry":{"type":"LineString","coordinates":[[25.932237,43.82184],[25.932253,43.821853]]}},{"type":"Feature","properties":{"line":"А19","mode":"bus","color":"#19a9a8","oi":-1.397,"n":4,"sw":1},"geometry":{"type":"LineString","coordinates":[[25.932249,43.821849],[25.932265,43.821863]]}},{"type":"Feature","properties":{"line":"А19","mode":"bus","color":"#19a9a8","oi":-1.344,"n":4,"sw":1},"geometry":{"type":"LineString","coordinates":[[25.93226,43.821859],[25.932276,43.821872]]}},{"type":"Feature","properties":{"line":"А19","mode":"bus","color":"#19a9a8","oi":-1.282,"n":4,"sw":1},"geometry":{"type":"LineString","coordinates":[[25.932271,43.821868],[25.932287,43.821882]]}},{"type":"Feature","properties":{"line":"А19","mode":"bus","color":"#19a9a8","oi":-1.213,"n":4,"sw":1},"geometry":{"type":"LineString","coordinates":[[25.932282,43.821878],[25.932298,43.821891]]}},{"type":"Feature","properties":{"line":"А19","mode":"bus","color":"#19a9a8","oi":-1.138,"n":4,"sw":1},"geometry":{"type":"LineString","coordinates":[[25.932293,43.821887],[25.932305,43.821897],[25.932308,43.821901]]}},{"type":"Feature","properties":{"line":"А19","mode":"bus","color":"#19a9a8","oi":-1.057,"n":4,"sw":1},"geometry":{"type":"LineString","coordinates":[[25.932304,43.821897],[25.932305,43.821897],[25.932316,43.821912]]}},{"type":"Feature","properties":{"line":"А19","mode":"bus","color":"#19a9a8","oi":-0.972,"n":4,"sw":1},"geometry":{"type":"LineString","coordinates":[[25.932313,43.821908],[25.932324,43.821923]]}},{"type":"Feature","properties":{"line":"А19","mode":"bus","color":"#19a9a8","oi":-0.884,"n":4,"sw":1},"geometry":{"type":"LineString","coordinates":[[25.93232,43.821919],[25.932332,43.821934]]}},{"type":"Feature","properties":{"line":"А19","mode":"bus","color":"#19a9a8","oi":-0.795,"n":4,"sw":1},"geometry":{"type":"LineString","coordinates":[[25.932328,43.82193],[25.93234,43.821946]]}},{"type":"Feature","properties":{"line":"А19","mode":"bus","color":"#19a9a8","oi":-0.705,"n":4,"sw":1},"geometry":{"type":"LineString","coordinates":[[25.932336,43.821941],[25.932348,43.821957]]}},{"type":"Feature","properties":{"line":"А19","mode":"bus","color":"#19a9a8","oi":-0.616,"n":4,"sw":1},"geometry":{"type":"LineString","coordinates":[[25.932344,43.821952],[25.932356,43.821968]]}},{"type":"Feature","properties":{"line":"А19","mode":"bus","color":"#19a9a8","oi":-0.528,"n":4,"sw":1},"geometry":{"type":"LineString","coordinates":[[25.932352,43.821963],[25.932363,43.821979]]}},{"type":"Feature","properties":{"line":"А19","mode":"bus","color":"#19a9a8","oi":-0.443,"n":4,"sw":1},"geometry":{"type":"LineString","coordinates":[[25.93236,43.821974],[25.932371,43.82199]]}},{"type":"Feature","properties":{"line":"А19","mode":"bus","color":"#19a9a8","oi":-0.362,"n":4,"sw":1},"geometry":{"type":"LineString","coordinates":[[25.932368,43.821985],[25.932379,43.822001]]}},{"type":"Feature","properties":{"line":"А19","mode":"bus","color":"#19a9a8","oi":-0.287,"n":4,"sw":1},"geometry":{"type":"LineString","coordinates":[[25.932376,43.821996],[25.932387,43.822012]]}},{"type":"Feature","properties":{"line":"А19","mode":"bus","color":"#19a9a8","oi":-0.218,"n":4,"sw":1},"geometry":{"type":"LineString","coordinates":[[25.932384,43.822007],[25.932395,43.822023]]}},{"type":"Feature","properties":{"line":"А19","mode":"bus","color":"#19a9a8","oi":-0.156,"n":4,"sw":1},"geometry":{"type":"LineString","coordinates":[[25.932392,43.822018],[25.932403,43.822034]]}},{"type":"Feature","properties":{"line":"А19","mode":"bus","color":"#19a9a8","oi":-0.103,"n":4,"sw":1},"geometry":{"type":"LineString","coordinates":[[25.9324,43.822029],[25.932411,43.822045]]}},{"type":"Feature","properties":{"line":"А19","mode":"bus","color":"#19a9a8","oi":-0.06,"n":4,"sw":1},"geometry":{"type":"LineString","coordinates":[[25.932408,43.82204],[25.932419,43.822056]]}},{"type":"Feature","properties":{"line":"А19","mode":"bus","color":"#19a9a8","oi":-0.027,"n":4,"sw":1},"geometry":{"type":"LineString","coordinates":[[25.932416,43.822051],[25.932427,43.822067]]}},{"type":"Feature","properties":{"line":"А19","mode":"bus","color":"#19a9a8","oi":-0.007,"n":4,"sw":1},"geometry":{"type":"LineString","coordinates":[[25.932423,43.822062],[25.932435,43.822078]]}},{"type":"Feature","properties":{"line":"А19","mode":"bus","color":"#19a9a8","oi":0,"n":4,"sw":1},"geometry":{"type":"LineString","coordinates":[[25.932431,43.822074],[25.932441,43.822087]]}},{"type":"Feature","properties":{"line":"А19","mode":"bus","color":"#19a9a8","oi":-1,"n":3},"geometry":{"type":"LineString","coordinates":[[25.927961,43.813209],[25.928447,43.814289]]}},{"type":"Feature","properties":{"line":"А19","mode":"bus","color":"#19a9a8","oi":-1,"n":3},"geometry":{"type":"LineString","coordinates":[[25.932305,43.821897],[25.932183,43.8216],[25.932,43.820941],[25.931668,43.820417],[25.931223,43.819915],[25.931041,43.819611],[25.93099,43.819162],[25.931023,43.818874],[25.931086,43.818707],[25.93128,43.818411],[25.931535,43.818154],[25.931912,43.817962],[25.932109,43.817922],[25.932264,43.817936],[25.93235,43.81797],[25.932467,43.818099],[25.932484,43.818168],[25.932452,43.81829],[25.932319,43.818404],[25.932113,43.818442],[25.931906,43.818413],[25.931674,43.818279],[25.931176,43.817918],[25.930532,43.817307],[25.93019,43.816869],[25.929797,43.816283],[25.928404,43.813161]]}},{"type":"Feature","properties":{"line":"А19","mode":"bus","color":"#19a9a8","oi":0,"n":3},"geometry":{"type":"LineString","coordinates":[[25.979434,43.849981],[25.979299,43.850597]]}},{"type":"Feature","properties":{"line":"А19","mode":"bus","color":"#19a9a8","oi":0,"n":1},"geometry":{"type":"LineString","coordinates":[[25.95977,43.847045],[25.958183,43.846812],[25.956565,43.846719],[25.95428,43.846496]]}},{"type":"Feature","properties":{"line":"А19","mode":"bus","color":"#19a9a8","oi":0,"n":1,"sw":1},"geometry":{"type":"LineString","coordinates":[[25.954283,43.846497],[25.954231,43.846492]]}},{"type":"Feature","properties":{"line":"А19","mode":"bus","color":"#19a9a8","oi":0.017,"n":1,"sw":1},"geometry":{"type":"LineString","coordinates":[[25.954239,43.846492],[25.954187,43.846487]]}},{"type":"Feature","properties":{"line":"А19","mode":"bus","color":"#19a9a8","oi":0.063,"n":1,"sw":1},"geometry":{"type":"LineString","coordinates":[[25.954194,43.846488],[25.954143,43.846483]]}},{"type":"Feature","properties":{"line":"А19","mode":"bus","color":"#19a9a8","oi":0.13,"n":1,"sw":1},"geometry":{"type":"LineString","coordinates":[[25.95415,43.846484],[25.954098,43.846479]]}},{"type":"Feature","properties":{"line":"А19","mode":"bus","color":"#19a9a8","oi":0.209,"n":1,"sw":1},"geometry":{"type":"LineString","coordinates":[[25.954105,43.846479],[25.954054,43.846474]]}},{"type":"Feature","properties":{"line":"А19","mode":"bus","color":"#19a9a8","oi":0.291,"n":1,"sw":1},"geometry":{"type":"LineString","coordinates":[[25.954061,43.846475],[25.954009,43.84647]]}},{"type":"Feature","properties":{"line":"А19","mode":"bus","color":"#19a9a8","oi":0.37,"n":1,"sw":1},"geometry":{"type":"LineString","coordinates":[[25.954017,43.846471],[25.953965,43.846466]]}},{"type":"Feature","properties":{"line":"А19","mode":"bus","color":"#19a9a8","oi":0.437,"n":1,"sw":1},"geometry":{"type":"LineString","coordinates":[[25.953972,43.846466],[25.95392,43.846461]]}},{"type":"Feature","properties":{"line":"А19","mode":"bus","color":"#19a9a8","oi":0.483,"n":1,"sw":1},"geometry":{"type":"LineString","coordinates":[[25.953928,43.846462],[25.953876,43.846457]]}},{"type":"Feature","properties":{"line":"А19","mode":"bus","color":"#19a9a8","oi":0.5,"n":1,"sw":1},"geometry":{"type":"LineString","coordinates":[[25.953883,43.846458],[25.953835,43.846453]]}},{"type":"Feature","properties":{"line":"А19","mode":"bus","color":"#19a9a8","oi":0,"n":1},"geometry":{"type":"LineString","coordinates":[[25.9499,43.846363],[25.949115,43.845219],[25.94894,43.845089],[25.948578,43.844879],[25.947743,43.844566],[25.947675,43.84448],[25.94767,43.844446],[25.947992,43.843942],[25.947997,43.843928],[25.947994,43.843915],[25.947982,43.843904],[25.947936,43.843873],[25.947888,43.843745],[25.947715,43.842702],[25.947727,43.842144],[25.947836,43.842003]]}},{"type":"Feature","properties":{"line":"А19","mode":"bus","color":"#19a9a8","oi":0,"n":1},"geometry":{"type":"LineString","coordinates":[[25.92813,43.812998],[25.928095,43.813005],[25.92806,43.813018],[25.928027,43.813038],[25.928009,43.813066],[25.927961,43.813209]]}},{"type":"Feature","properties":{"line":"А19","mode":"bus","color":"#19a9a8","oi":-1,"n":1,"sw":1},"geometry":{"type":"LineString","coordinates":[[25.928404,43.813161],[25.928388,43.813148]]}},{"type":"Feature","properties":{"line":"А19","mode":"bus","color":"#19a9a8","oi":-0.99,"n":1,"sw":1},"geometry":{"type":"LineString","coordinates":[[25.928393,43.813152],[25.928374,43.813137]]}},{"type":"Feature","properties":{"line":"А19","mode":"bus","color":"#19a9a8","oi":-0.962,"n":1,"sw":1},"geometry":{"type":"LineString","coordinates":[[25.928379,43.813141],[25.928361,43.813126]]}},{"type":"Feature","properties":{"line":"А19","mode":"bus","color":"#19a9a8","oi":-0.918,"n":1,"sw":1},"geometry":{"type":"LineString","coordinates":[[25.928366,43.81313],[25.928347,43.813115]]}},{"type":"Feature","properties":{"line":"А19","mode":"bus","color":"#19a9a8","oi":-0.86,"n":1,"sw":1},"geometry":{"type":"LineString","coordinates":[[25.928352,43.813119],[25.928334,43.813105]]}},{"type":"Feature","properties":{"line":"А19","mode":"bus","color":"#19a9a8","oi":-0.791,"n":1,"sw":1},"geometry":{"type":"LineString","coordinates":[[25.928339,43.813109],[25.92832,43.813094]]}},{"type":"Feature","properties":{"line":"А19","mode":"bus","color":"#19a9a8","oi":-0.714,"n":1,"sw":1},"geometry":{"type":"LineString","coordinates":[[25.928325,43.813098],[25.928307,43.813083]]}},{"type":"Feature","properties":{"line":"А19","mode":"bus","color":"#19a9a8","oi":-0.631,"n":1,"sw":1},"geometry":{"type":"LineString","coordinates":[[25.928312,43.813087],[25.928293,43.813072]]}},{"type":"Feature","properties":{"line":"А19","mode":"bus","color":"#19a9a8","oi":-0.544,"n":1,"sw":1},"geometry":{"type":"LineString","coordinates":[[25.928298,43.813076],[25.92828,43.813061]]}},{"type":"Feature","properties":{"line":"А19","mode":"bus","color":"#19a9a8","oi":-0.456,"n":1,"sw":1},"geometry":{"type":"LineString","coordinates":[[25.928285,43.813065],[25.928266,43.81305]]}},{"type":"Feature","properties":{"line":"А19","mode":"bus","color":"#19a9a8","oi":-0.369,"n":1,"sw":1},"geometry":{"type":"LineString","coordinates":[[25.928271,43.813054],[25.928252,43.813039]]}},{"type":"Feature","properties":{"line":"А19","mode":"bus","color":"#19a9a8","oi":-0.286,"n":1,"sw":1},"geometry":{"type":"LineString","coordinates":[[25.928257,43.813043],[25.928246,43.813034],[25.928237,43.81303]]}},{"type":"Feature","properties":{"line":"А19","mode":"bus","color":"#19a9a8","oi":-0.209,"n":1,"sw":1},"geometry":{"type":"LineString","coordinates":[[25.928243,43.813033],[25.928219,43.813023]]}},{"type":"Feature","properties":{"line":"А19","mode":"bus","color":"#19a9a8","oi":-0.14,"n":1,"sw":1},"geometry":{"type":"LineString","coordinates":[[25.928226,43.813026],[25.928201,43.813016]]}},{"type":"Feature","properties":{"line":"А19","mode":"bus","color":"#19a9a8","oi":-0.082,"n":1,"sw":1},"geometry":{"type":"LineString","coordinates":[[25.928208,43.813019],[25.928184,43.813009]]}},{"type":"Feature","properties":{"line":"А19","mode":"bus","color":"#19a9a8","oi":-0.038,"n":1,"sw":1},"geometry":{"type":"LineString","coordinates":[[25.92819,43.813012],[25.928173,43.813005],[25.928165,43.813003]]}},{"type":"Feature","properties":{"line":"А19","mode":"bus","color":"#19a9a8","oi":-0.01,"n":1,"sw":1},"geometry":{"type":"LineString","coordinates":[[25.928172,43.813005],[25.928146,43.812999]]}},{"type":"Feature","properties":{"line":"А19","mode":"bus","color":"#19a9a8","oi":0,"n":1,"sw":1},"geometry":{"type":"LineString","coordinates":[[25.928153,43.813001],[25.928134,43.812997],[25.928126,43.812998]]}},{"type":"Feature","properties":{"line":"А19","mode":"bus","color":"#19a9a8","oi":0,"n":1},"geometry":{"type":"LineString","coordinates":[[25.947956,43.840711],[25.947648,43.840967]]}},{"type":"Feature","properties":{"line":"А19","mode":"bus","color":"#19a9a8","oi":0.5,"n":2},"geometry":{"type":"LineString","coordinates":[[25.953835,43.846453],[25.9499,43.846363]]}},{"type":"Feature","properties":{"line":"А11","mode":"bus","color":"#b0045c","oi":0,"n":3},"geometry":{"type":"LineString","coordinates":[[26.015565,43.875308],[26.013896,43.874407],[26.013551,43.874273],[26.013065,43.874127],[26.009293,43.873433],[26.009143,43.873385],[26.008822,43.873233],[26.008707,43.873147],[26.008627,43.87313],[26.008543,43.873133],[26.008422,43.873181],[26.000119,43.871693],[25.999505,43.871553],[25.999256,43.871462],[25.998331,43.871036],[25.998161,43.870868],[25.998048,43.870639],[25.997411,43.870334],[25.99725,43.870307],[25.996861,43.870328],[25.996727,43.870292],[25.995395,43.869687],[25.99222,43.868379]]}},{"type":"Feature","properties":{"line":"А11","mode":"bus","color":"#b0045c","oi":0.5,"n":4},"geometry":{"type":"LineString","coordinates":[[26.015466,43.875394],[26.013972,43.874587],[26.013564,43.874414],[26.01298,43.874238],[26.009257,43.873553],[26.008755,43.873443],[26.008657,43.873479],[26.008564,43.873483],[26.008404,43.873418],[26.008356,43.873346],[26.007928,43.87321],[25.999947,43.871799],[25.999485,43.871689],[25.999179,43.871579],[25.998308,43.871189],[25.994368,43.869384],[25.992529,43.868645]]}},{"type":"Feature","properties":{"line":"А11","mode":"bus","color":"#b0045c","oi":0.5,"n":4,"sw":1},"geometry":{"type":"LineString","coordinates":[[25.992532,43.868646],[25.992487,43.868628]]}},{"type":"Feature","properties":{"line":"А11","mode":"bus","color":"#b0045c","oi":0.483,"n":4,"sw":1},"geometry":{"type":"LineString","coordinates":[[25.992493,43.86863],[25.992447,43.868612]]}},{"type":"Feature","properties":{"line":"А11","mode":"bus","color":"#b0045c","oi":0.437,"n":4,"sw":1},"geometry":{"type":"LineString","coordinates":[[25.992454,43.868614],[25.992408,43.868596]]}},{"type":"Feature","properties":{"line":"А11","mode":"bus","color":"#b0045c","oi":0.37,"n":4,"sw":1},"geometry":{"type":"LineString","coordinates":[[25.992415,43.868599],[25.992369,43.86858]]}},{"type":"Feature","properties":{"line":"А11","mode":"bus","color":"#b0045c","oi":0.291,"n":4,"sw":1},"geometry":{"type":"LineString","coordinates":[[25.992375,43.868583],[25.99233,43.868564]]}},{"type":"Feature","properties":{"line":"А11","mode":"bus","color":"#b0045c","oi":0.209,"n":4,"sw":1},"geometry":{"type":"LineString","coordinates":[[25.992336,43.868567],[25.992291,43.868549]]}},{"type":"Feature","properties":{"line":"А11","mode":"bus","color":"#b0045c","oi":0.13,"n":4,"sw":1},"geometry":{"type":"LineString","coordinates":[[25.992297,43.868551],[25.992251,43.868533]]}},{"type":"Feature","properties":{"line":"А11","mode":"bus","color":"#b0045c","oi":0.063,"n":4,"sw":1},"geometry":{"type":"LineString","coordinates":[[25.992258,43.868536],[25.992212,43.868517]]}},{"type":"Feature","properties":{"line":"А11","mode":"bus","color":"#b0045c","oi":0.017,"n":4,"sw":1},"geometry":{"type":"LineString","coordinates":[[25.992219,43.86852],[25.992173,43.868501]]}},{"type":"Feature","properties":{"line":"А11","mode":"bus","color":"#b0045c","oi":0,"n":4,"sw":1},"geometry":{"type":"LineString","coordinates":[[25.992179,43.868504],[25.992137,43.868487]]}},{"type":"Feature","properties":{"line":"А11","mode":"bus","color":"#b0045c","oi":0.5,"n":4},"geometry":{"type":"LineString","coordinates":[[25.960623,43.829828],[25.959827,43.83032],[25.957293,43.831972]]}},{"type":"Feature","properties":{"line":"А11","mode":"bus","color":"#b0045c","oi":0.5,"n":4,"sw":1},"geometry":{"type":"LineString","coordinates":[[25.957296,43.83197],[25.957257,43.831995]]}},{"type":"Feature","properties":{"line":"А11","mode":"bus","color":"#b0045c","oi":0.483,"n":4,"sw":1},"geometry":{"type":"LineString","coordinates":[[25.957262,43.831992],[25.957224,43.832017]]}},{"type":"Feature","properties":{"line":"А11","mode":"bus","color":"#b0045c","oi":0.437,"n":4,"sw":1},"geometry":{"type":"LineString","coordinates":[[25.957229,43.832014],[25.95719,43.832039]]}},{"type":"Feature","properties":{"line":"А11","mode":"bus","color":"#b0045c","oi":0.37,"n":4,"sw":1},"geometry":{"type":"LineString","coordinates":[[25.957196,43.832035],[25.957157,43.832061]]}},{"type":"Feature","properties":{"line":"А11","mode":"bus","color":"#b0045c","oi":0.291,"n":4,"sw":1},"geometry":{"type":"LineString","coordinates":[[25.957163,43.832057],[25.957124,43.832082]]}},{"type":"Feature","properties":{"line":"А11","mode":"bus","color":"#b0045c","oi":0.209,"n":4,"sw":1},"geometry":{"type":"LineString","coordinates":[[25.957129,43.832079],[25.95709,43.832104]]}},{"type":"Feature","properties":{"line":"А11","mode":"bus","color":"#b0045c","oi":0.13,"n":4,"sw":1},"geometry":{"type":"LineString","coordinates":[[25.957096,43.8321],[25.957057,43.832126]]}},{"type":"Feature","properties":{"line":"А11","mode":"bus","color":"#b0045c","oi":0.063,"n":4,"sw":1},"geometry":{"type":"LineString","coordinates":[[25.957063,43.832122],[25.957024,43.832147]]}},{"type":"Feature","properties":{"line":"А11","mode":"bus","color":"#b0045c","oi":0.017,"n":4,"sw":1},"geometry":{"type":"LineString","coordinates":[[25.957029,43.832144],[25.956991,43.832169]]}},{"type":"Feature","properties":{"line":"А11","mode":"bus","color":"#b0045c","oi":0,"n":4,"sw":1},"geometry":{"type":"LineString","coordinates":[[25.956996,43.832165],[25.95696,43.832189]]}},{"type":"Feature","properties":{"line":"А11","mode":"bus","color":"#b0045c","oi":0,"n":3},"geometry":{"type":"LineString","coordinates":[[25.965831,43.83557],[25.966117,43.835419],[25.966236,43.835393],[25.96636,43.835406],[25.966487,43.835463],[25.967062,43.835923],[25.967117,43.836016],[25.967132,43.836127],[25.967047,43.836275],[25.966922,43.836348],[25.966807,43.836374],[25.966672,43.836373],[25.966564,43.836344],[25.965239,43.835284],[25.964733,43.834976],[25.964327,43.83478],[25.963745,43.834556],[25.960851,43.833602],[25.958616,43.832814],[25.95696,43.832189]]}},{"type":"Feature","properties":{"line":"А11","mode":"bus","color":"#b0045c","oi":0,"n":3},"geometry":{"type":"LineString","coordinates":[[25.951643,43.830296],[25.95189,43.830409],[25.954529,43.831407],[25.955555,43.831773],[25.959019,43.833127],[25.960744,43.833721],[25.963448,43.834593],[25.964325,43.834923],[25.965012,43.835297],[25.965343,43.835528],[25.965718,43.835859],[25.966024,43.836309],[25.966445,43.836764],[25.966438,43.836874],[25.966369,43.836966],[25.966269,43.837004],[25.966045,43.836981],[25.965965,43.836932],[25.965241,43.836222],[25.965236,43.836028],[25.96551,43.835772]]}},{"type":"Feature","properties":{"line":"А11","mode":"bus","color":"#b0045c","oi":0.5,"n":3,"sw":1},"geometry":{"type":"LineString","coordinates":[[25.951264,43.830122],[25.951305,43.830141]]}},{"type":"Feature","properties":{"line":"А11","mode":"bus","color":"#b0045c","oi":0.483,"n":3,"sw":1},"geometry":{"type":"LineString","coordinates":[[25.951299,43.830138],[25.951343,43.830158]]}},{"type":"Feature","properties":{"line":"А11","mode":"bus","color":"#b0045c","oi":0.437,"n":3,"sw":1},"geometry":{"type":"LineString","coordinates":[[25.951337,43.830155],[25.951381,43.830176]]}},{"type":"Feature","properties":{"line":"А11","mode":"bus","color":"#b0045c","oi":0.37,"n":3,"sw":1},"geometry":{"type":"LineString","coordinates":[[25.951374,43.830173],[25.951419,43.830193]]}},{"type":"Feature","properties":{"line":"А11","mode":"bus","color":"#b0045c","oi":0.291,"n":3,"sw":1},"geometry":{"type":"LineString","coordinates":[[25.951412,43.83019],[25.951457,43.83021]]}},{"type":"Feature","properties":{"line":"А11","mode":"bus","color":"#b0045c","oi":0.209,"n":3,"sw":1},"geometry":{"type":"LineString","coordinates":[[25.95145,43.830207],[25.951494,43.830228]]}},{"type":"Feature","properties":{"line":"А11","mode":"bus","color":"#b0045c","oi":0.13,"n":3,"sw":1},"geometry":{"type":"LineString","coordinates":[[25.951488,43.830225],[25.951532,43.830245]]}},{"type":"Feature","properties":{"line":"А11","mode":"bus","color":"#b0045c","oi":0.063,"n":3,"sw":1},"geometry":{"type":"LineString","coordinates":[[25.951526,43.830242],[25.95157,43.830262]]}},{"type":"Feature","properties":{"line":"А11","mode":"bus","color":"#b0045c","oi":0.017,"n":3,"sw":1},"geometry":{"type":"LineString","coordinates":[[25.951564,43.830259],[25.951608,43.83028]]}},{"type":"Feature","properties":{"line":"А11","mode":"bus","color":"#b0045c","oi":0,"n":3,"sw":1},"geometry":{"type":"LineString","coordinates":[[25.951602,43.830277],[25.951646,43.830297]]}},{"type":"Feature","properties":{"line":"А11","mode":"bus","color":"#b0045c","oi":0,"n":3},"geometry":{"type":"LineString","coordinates":[[25.94761,43.827897],[25.947417,43.827882],[25.947387,43.827884],[25.947361,43.827897],[25.947318,43.827929],[25.947294,43.828031],[25.947351,43.828135]]}},{"type":"Feature","properties":{"line":"А11","mode":"bus","color":"#b0045c","oi":0.5,"n":4},"geometry":{"type":"LineString","coordinates":[[25.947351,43.828135],[25.949019,43.828997],[25.949903,43.829493],[25.951264,43.830122]]}},{"type":"Feature","properties":{"line":"А11","mode":"bus","color":"#b0045c","oi":0.5,"n":4},"geometry":{"type":"LineString","coordinates":[[25.950879,43.831607],[25.950762,43.831499],[25.950426,43.831135],[25.949632,43.830127],[25.949535,43.829945],[25.949476,43.829604],[25.949444,43.82871],[25.949547,43.82858],[25.949716,43.82852],[25.949811,43.828517],[25.949902,43.828536],[25.950257,43.828746],[25.950306,43.828942],[25.950285,43.828997],[25.950267,43.829022],[25.950236,43.829041],[25.950052,43.829114],[25.949896,43.829117],[25.949061,43.828653],[25.94761,43.827897]]}},{"type":"Feature","properties":{"line":"А11","mode":"bus","color":"#b0045c","oi":0,"n":4,"sw":1},"geometry":{"type":"LineString","coordinates":[[25.951154,43.831863],[25.951124,43.831835]]}},{"type":"Feature","properties":{"line":"А11","mode":"bus","color":"#b0045c","oi":0.017,"n":4,"sw":1},"geometry":{"type":"LineString","coordinates":[[25.951129,43.83184],[25.951097,43.83181]]}},{"type":"Feature","properties":{"line":"А11","mode":"bus","color":"#b0045c","oi":0.063,"n":4,"sw":1},"geometry":{"type":"LineString","coordinates":[[25.951101,43.831814],[25.951069,43.831784]]}},{"type":"Feature","properties":{"line":"А11","mode":"bus","color":"#b0045c","oi":0.13,"n":4,"sw":1},"geometry":{"type":"LineString","coordinates":[[25.951074,43.831788],[25.951042,43.831759]]}},{"type":"Feature","properties":{"line":"А11","mode":"bus","color":"#b0045c","oi":0.209,"n":4,"sw":1},"geometry":{"type":"LineString","coordinates":[[25.951046,43.831763],[25.951014,43.831733]]}},{"type":"Feature","properties":{"line":"А11","mode":"bus","color":"#b0045c","oi":0.291,"n":4,"sw":1},"geometry":{"type":"LineString","coordinates":[[25.951019,43.831737],[25.950986,43.831707]]}},{"type":"Feature","properties":{"line":"А11","mode":"bus","color":"#b0045c","oi":0.37,"n":4,"sw":1},"geometry":{"type":"LineString","coordinates":[[25.950991,43.831712],[25.950959,43.831682]]}},{"type":"Feature","properties":{"line":"А11","mode":"bus","color":"#b0045c","oi":0.437,"n":4,"sw":1},"geometry":{"type":"LineString","coordinates":[[25.950964,43.831686],[25.950931,43.831656]]}},{"type":"Feature","properties":{"line":"А11","mode":"bus","color":"#b0045c","oi":0.483,"n":4,"sw":1},"geometry":{"type":"LineString","coordinates":[[25.950936,43.831661],[25.950904,43.831631]]}},{"type":"Feature","properties":{"line":"А11","mode":"bus","color":"#b0045c","oi":0.5,"n":4,"sw":1},"geometry":{"type":"LineString","coordinates":[[25.950908,43.831635],[25.950876,43.831605]]}},{"type":"Feature","properties":{"line":"А11","mode":"bus","color":"#b0045c","oi":0,"n":1},"geometry":{"type":"LineString","coordinates":[[25.955346,43.833812],[25.955232,43.833748]]}},{"type":"Feature","properties":{"line":"А11","mode":"bus","color":"#b0045c","oi":0.5,"n":1,"sw":1},"geometry":{"type":"LineString","coordinates":[[25.955461,43.833875],[25.955447,43.833867]]}},{"type":"Feature","properties":{"line":"А11","mode":"bus","color":"#b0045c","oi":0.483,"n":1,"sw":1},"geometry":{"type":"LineString","coordinates":[[25.955453,43.83387],[25.955435,43.833861]]}},{"type":"Feature","properties":{"line":"А11","mode":"bus","color":"#b0045c","oi":0.437,"n":1,"sw":1},"geometry":{"type":"LineString","coordinates":[[25.955441,43.833864],[25.955424,43.833854]]}},{"type":"Feature","properties":{"line":"А11","mode":"bus","color":"#b0045c","oi":0.37,"n":1,"sw":1},"geometry":{"type":"LineString","coordinates":[[25.95543,43.833858],[25.955412,43.833848]]}},{"type":"Feature","properties":{"line":"А11","mode":"bus","color":"#b0045c","oi":0.291,"n":1,"sw":1},"geometry":{"type":"LineString","coordinates":[[25.955418,43.833851],[25.955401,43.833842]]}},{"type":"Feature","properties":{"line":"А11","mode":"bus","color":"#b0045c","oi":0.209,"n":1,"sw":1},"geometry":{"type":"LineString","coordinates":[[25.955407,43.833845],[25.955389,43.833835]]}},{"type":"Feature","properties":{"line":"А11","mode":"bus","color":"#b0045c","oi":0.13,"n":1,"sw":1},"geometry":{"type":"LineString","coordinates":[[25.955395,43.833839],[25.955378,43.833829]]}},{"type":"Feature","properties":{"line":"А11","mode":"bus","color":"#b0045c","oi":0.063,"n":1,"sw":1},"geometry":{"type":"LineString","coordinates":[[25.955384,43.833832],[25.955366,43.833823]]}},{"type":"Feature","properties":{"line":"А11","mode":"bus","color":"#b0045c","oi":0.017,"n":1,"sw":1},"geometry":{"type":"LineString","coordinates":[[25.955372,43.833826],[25.955355,43.833816]]}},{"type":"Feature","properties":{"line":"А11","mode":"bus","color":"#b0045c","oi":0,"n":1,"sw":1},"geometry":{"type":"LineString","coordinates":[[25.955361,43.833819],[25.955344,43.83381]]}},{"type":"Feature","properties":{"line":"А11","mode":"bus","color":"#b0045c","oi":0,"n":1},"geometry":{"type":"LineString","coordinates":[[25.95343,43.827033],[25.953881,43.827185],[25.956126,43.827774],[25.95878,43.828734],[25.958953,43.828732],[25.958999,43.828737],[25.959039,43.828756],[25.960005,43.829437],[25.960623,43.829828]]}},{"type":"Feature","properties":{"line":"А11","mode":"bus","color":"#b0045c","oi":0,"n":1},"geometry":{"type":"LineString","coordinates":[[25.955819,43.83474],[25.955916,43.834307],[25.955868,43.834092]]}},{"type":"Feature","properties":{"line":"А11","mode":"bus","color":"#b0045c","oi":1.5,"n":4},"geometry":{"type":"LineString","coordinates":[[25.951469,43.829898],[25.951195,43.829769],[25.95096,43.829613],[25.950536,43.829386],[25.950478,43.829311],[25.950451,43.829174],[25.95046,43.828875],[25.950436,43.82873],[25.950369,43.828641],[25.949714,43.828256],[25.949458,43.828269],[25.949413,43.828278],[25.949377,43.8283],[25.949316,43.828355],[25.949344,43.828668],[25.949336,43.829586],[25.949401,43.829945],[25.949576,43.830269],[25.949906,43.830636],[25.950358,43.831244],[25.950384,43.831337]]}},{"type":"Feature","properties":{"line":"А11","mode":"bus","color":"#b0045c","oi":1.5,"n":4,"sw":1},"geometry":{"type":"LineString","coordinates":[[25.950383,43.831334],[25.950388,43.831352]]}},{"type":"Feature","properties":{"line":"А11","mode":"bus","color":"#b0045c","oi":1.493,"n":4,"sw":1},"geometry":{"type":"LineString","coordinates":[[25.950387,43.831347],[25.950392,43.831364]]}},{"type":"Feature","properties":{"line":"А11","mode":"bus","color":"#b0045c","oi":1.473,"n":4,"sw":1},"geometry":{"type":"LineString","coordinates":[[25.95039,43.831359],[25.950395,43.831376]]}},{"type":"Feature","properties":{"line":"А11","mode":"bus","color":"#b0045c","oi":1.44,"n":4,"sw":1},"geometry":{"type":"LineString","coordinates":[[25.950394,43.831371],[25.950399,43.831389]]}},{"type":"Feature","properties":{"line":"А11","mode":"bus","color":"#b0045c","oi":1.397,"n":4,"sw":1},"geometry":{"type":"LineString","coordinates":[[25.950397,43.831383],[25.950402,43.831401]]}},{"type":"Feature","properties":{"line":"А11","mode":"bus","color":"#b0045c","oi":1.344,"n":4,"sw":1},"geometry":{"type":"LineString","coordinates":[[25.950401,43.831395],[25.950406,43.831413]]}},{"type":"Feature","properties":{"line":"А11","mode":"bus","color":"#b0045c","oi":1.282,"n":4,"sw":1},"geometry":{"type":"LineString","coordinates":[[25.950404,43.831408],[25.950409,43.831425]]}},{"type":"Feature","properties":{"line":"А11","mode":"bus","color":"#b0045c","oi":1.213,"n":4,"sw":1},"geometry":{"type":"LineString","coordinates":[[25.950408,43.83142],[25.950411,43.831432],[25.950411,43.831437]]}},{"type":"Feature","properties":{"line":"А11","mode":"bus","color":"#b0045c","oi":1.138,"n":4,"sw":1},"geometry":{"type":"LineString","coordinates":[[25.950411,43.831432],[25.950411,43.83145]]}},{"type":"Feature","properties":{"line":"А11","mode":"bus","color":"#b0045c","oi":1.057,"n":4,"sw":1},"geometry":{"type":"LineString","coordinates":[[25.950411,43.831445],[25.950412,43.831462]]}},{"type":"Feature","properties":{"line":"А11","mode":"bus","color":"#b0045c","oi":0.972,"n":4,"sw":1},"geometry":{"type":"LineString","coordinates":[[25.950412,43.831457],[25.950412,43.831475]]}},{"type":"Feature","properties":{"line":"А11","mode":"bus","color":"#b0045c","oi":0.884,"n":4,"sw":1},"geometry":{"type":"LineString","coordinates":[[25.950412,43.831469],[25.950412,43.831487]]}},{"type":"Feature","properties":{"line":"А11","mode":"bus","color":"#b0045c","oi":0.795,"n":4,"sw":1},"geometry":{"type":"LineString","coordinates":[[25.950412,43.831482],[25.950413,43.8315]]}},{"type":"Feature","properties":{"line":"А11","mode":"bus","color":"#b0045c","oi":0.705,"n":4,"sw":1},"geometry":{"type":"LineString","coordinates":[[25.950413,43.831494],[25.950413,43.831512]]}},{"type":"Feature","properties":{"line":"А11","mode":"bus","color":"#b0045c","oi":0.616,"n":4,"sw":1},"geometry":{"type":"LineString","coordinates":[[25.950413,43.831507],[25.950413,43.831525]]}},{"type":"Feature","properties":{"line":"А11","mode":"bus","color":"#b0045c","oi":0.528,"n":4,"sw":1},"geometry":{"type":"LineString","coordinates":[[25.950413,43.831519],[25.950414,43.831537]]}},{"type":"Feature","properties":{"line":"А11","mode":"bus","color":"#b0045c","oi":0.443,"n":4,"sw":1},"geometry":{"type":"LineString","coordinates":[[25.950414,43.831532],[25.950414,43.83155]]}},{"type":"Feature","properties":{"line":"А11","mode":"bus","color":"#b0045c","oi":0.362,"n":4,"sw":1},"geometry":{"type":"LineString","coordinates":[[25.950414,43.831544],[25.950414,43.831562]]}},{"type":"Feature","properties":{"line":"А11","mode":"bus","color":"#b0045c","oi":0.287,"n":4,"sw":1},"geometry":{"type":"LineString","coordinates":[[25.950414,43.831557],[25.950415,43.831575]]}},{"type":"Feature","properties":{"line":"А11","mode":"bus","color":"#b0045c","oi":0.218,"n":4,"sw":1},"geometry":{"type":"LineString","coordinates":[[25.950415,43.831569],[25.950415,43.831587]]}},{"type":"Feature","properties":{"line":"А11","mode":"bus","color":"#b0045c","oi":0.156,"n":4,"sw":1},"geometry":{"type":"LineString","coordinates":[[25.950415,43.831582],[25.950415,43.831599]]}},{"type":"Feature","properties":{"line":"А11","mode":"bus","color":"#b0045c","oi":0.103,"n":4,"sw":1},"geometry":{"type":"LineString","coordinates":[[25.950415,43.831594],[25.950416,43.831612]]}},{"type":"Feature","properties":{"line":"А11","mode":"bus","color":"#b0045c","oi":0.06,"n":4,"sw":1},"geometry":{"type":"LineString","coordinates":[[25.950416,43.831606],[25.950416,43.831624]]}},{"type":"Feature","properties":{"line":"А11","mode":"bus","color":"#b0045c","oi":0.027,"n":4,"sw":1},"geometry":{"type":"LineString","coordinates":[[25.950416,43.831619],[25.950416,43.831637]]}},{"type":"Feature","properties":{"line":"А11","mode":"bus","color":"#b0045c","oi":0.007,"n":4,"sw":1},"geometry":{"type":"LineString","coordinates":[[25.950416,43.831631],[25.950417,43.831649]]}},{"type":"Feature","properties":{"line":"А11","mode":"bus","color":"#b0045c","oi":0,"n":4,"sw":1},"geometry":{"type":"LineString","coordinates":[[25.950417,43.831644],[25.950417,43.831659]]}},{"type":"Feature","properties":{"line":"А11","mode":"bus","color":"#b0045c","oi":1.5,"n":4},"geometry":{"type":"LineString","coordinates":[[25.950819,43.831869],[25.951181,43.831972],[25.952114,43.832322],[25.953023,43.832707],[25.953523,43.832951],[25.954373,43.833414],[25.954623,43.833629],[25.954881,43.833933],[25.955707,43.83442]]}},{"type":"Feature","properties":{"line":"А11","mode":"bus","color":"#b0045c","oi":0,"n":4,"sw":1},"geometry":{"type":"LineString","coordinates":[[25.950401,43.831751],[25.950421,43.831757]]}},{"type":"Feature","properties":{"line":"А11","mode":"bus","color":"#b0045c","oi":0.007,"n":4,"sw":1},"geometry":{"type":"LineString","coordinates":[[25.950414,43.831755],[25.950437,43.831761]]}},{"type":"Feature","properties":{"line":"А11","mode":"bus","color":"#b0045c","oi":0.027,"n":4,"sw":1},"geometry":{"type":"LineString","coordinates":[[25.95043,43.831759],[25.950453,43.831766]]}},{"type":"Feature","properties":{"line":"А11","mode":"bus","color":"#b0045c","oi":0.06,"n":4,"sw":1},"geometry":{"type":"LineString","coordinates":[[25.950446,43.831764],[25.950469,43.83177]]}},{"type":"Feature","properties":{"line":"А11","mode":"bus","color":"#b0045c","oi":0.103,"n":4,"sw":1},"geometry":{"type":"LineString","coordinates":[[25.950462,43.831768],[25.950485,43.831775]]}},{"type":"Feature","properties":{"line":"А11","mode":"bus","color":"#b0045c","oi":0.156,"n":4,"sw":1},"geometry":{"type":"LineString","coordinates":[[25.950478,43.831773],[25.950501,43.831779]]}},{"type":"Feature","properties":{"line":"А11","mode":"bus","color":"#b0045c","oi":0.218,"n":4,"sw":1},"geometry":{"type":"LineString","coordinates":[[25.950494,43.831777],[25.950517,43.831784]]}},{"type":"Feature","properties":{"line":"А11","mode":"bus","color":"#b0045c","oi":0.287,"n":4,"sw":1},"geometry":{"type":"LineString","coordinates":[[25.95051,43.831782],[25.950533,43.831788]]}},{"type":"Feature","properties":{"line":"А11","mode":"bus","color":"#b0045c","oi":0.362,"n":4,"sw":1},"geometry":{"type":"LineString","coordinates":[[25.950526,43.831786],[25.950549,43.831793]]}},{"type":"Feature","properties":{"line":"А11","mode":"bus","color":"#b0045c","oi":0.443,"n":4,"sw":1},"geometry":{"type":"LineString","coordinates":[[25.950542,43.831791],[25.950565,43.831797]]}},{"type":"Feature","properties":{"line":"А11","mode":"bus","color":"#b0045c","oi":0.528,"n":4,"sw":1},"geometry":{"type":"LineString","coordinates":[[25.950558,43.831796],[25.950581,43.831802]]}},{"type":"Feature","properties":{"line":"А11","mode":"bus","color":"#b0045c","oi":0.616,"n":4,"sw":1},"geometry":{"type":"LineString","coordinates":[[25.950574,43.8318],[25.950597,43.831807]]}},{"type":"Feature","properties":{"line":"А11","mode":"bus","color":"#b0045c","oi":0.705,"n":4,"sw":1},"geometry":{"type":"LineString","coordinates":[[25.95059,43.831805],[25.950613,43.831811]]}},{"type":"Feature","properties":{"line":"А11","mode":"bus","color":"#b0045c","oi":0.795,"n":4,"sw":1},"geometry":{"type":"LineString","coordinates":[[25.950606,43.831809],[25.950629,43.831816]]}},{"type":"Feature","properties":{"line":"А11","mode":"bus","color":"#b0045c","oi":0.884,"n":4,"sw":1},"geometry":{"type":"LineString","coordinates":[[25.950622,43.831814],[25.950645,43.83182]]}},{"type":"Feature","properties":{"line":"А11","mode":"bus","color":"#b0045c","oi":0.972,"n":4,"sw":1},"geometry":{"type":"LineString","coordinates":[[25.950638,43.831818],[25.950661,43.831825]]}},{"type":"Feature","properties":{"line":"А11","mode":"bus","color":"#b0045c","oi":1.057,"n":4,"sw":1},"geometry":{"type":"LineString","coordinates":[[25.950655,43.831823],[25.950678,43.831829]]}},{"type":"Feature","properties":{"line":"А11","mode":"bus","color":"#b0045c","oi":1.138,"n":4,"sw":1},"geometry":{"type":"LineString","coordinates":[[25.950671,43.831827],[25.950694,43.831834]]}},{"type":"Feature","properties":{"line":"А11","mode":"bus","color":"#b0045c","oi":1.213,"n":4,"sw":1},"geometry":{"type":"LineString","coordinates":[[25.950687,43.831832],[25.95071,43.831838]]}},{"type":"Feature","properties":{"line":"А11","mode":"bus","color":"#b0045c","oi":1.282,"n":4,"sw":1},"geometry":{"type":"LineString","coordinates":[[25.950703,43.831836],[25.950726,43.831843]]}},{"type":"Feature","properties":{"line":"А11","mode":"bus","color":"#b0045c","oi":1.344,"n":4,"sw":1},"geometry":{"type":"LineString","coordinates":[[25.950719,43.831841],[25.950742,43.831848]]}},{"type":"Feature","properties":{"line":"А11","mode":"bus","color":"#b0045c","oi":1.397,"n":4,"sw":1},"geometry":{"type":"LineString","coordinates":[[25.950735,43.831846],[25.950758,43.831852]]}},{"type":"Feature","properties":{"line":"А11","mode":"bus","color":"#b0045c","oi":1.44,"n":4,"sw":1},"geometry":{"type":"LineString","coordinates":[[25.950751,43.83185],[25.950774,43.831857]]}},{"type":"Feature","properties":{"line":"А11","mode":"bus","color":"#b0045c","oi":1.473,"n":4,"sw":1},"geometry":{"type":"LineString","coordinates":[[25.950767,43.831855],[25.95079,43.831861]]}},{"type":"Feature","properties":{"line":"А11","mode":"bus","color":"#b0045c","oi":1.493,"n":4,"sw":1},"geometry":{"type":"LineString","coordinates":[[25.950783,43.831859],[25.950806,43.831866]]}},{"type":"Feature","properties":{"line":"А11","mode":"bus","color":"#b0045c","oi":1.5,"n":4,"sw":1},"geometry":{"type":"LineString","coordinates":[[25.950799,43.831864],[25.950822,43.83187]]}},{"type":"Feature","properties":{"line":"А11","mode":"bus","color":"#b0045c","oi":1.5,"n":4},"geometry":{"type":"LineString","coordinates":[[25.954721,43.841147],[25.954386,43.843169],[25.954138,43.844497]]}},{"type":"Feature","properties":{"line":"А11","mode":"bus","color":"#b0045c","oi":0,"n":4,"sw":1},"geometry":{"type":"LineString","coordinates":[[25.954774,43.840825],[25.954772,43.84084]]}},{"type":"Feature","properties":{"line":"А11","mode":"bus","color":"#b0045c","oi":0.007,"n":4,"sw":1},"geometry":{"type":"LineString","coordinates":[[25.954772,43.840835],[25.954769,43.840852]]}},{"type":"Feature","properties":{"line":"А11","mode":"bus","color":"#b0045c","oi":0.027,"n":4,"sw":1},"geometry":{"type":"LineString","coordinates":[[25.95477,43.840847],[25.954767,43.840865]]}},{"type":"Feature","properties":{"line":"А11","mode":"bus","color":"#b0045c","oi":0.06,"n":4,"sw":1},"geometry":{"type":"LineString","coordinates":[[25.954768,43.840859],[25.954765,43.840877]]}},{"type":"Feature","properties":{"line":"А11","mode":"bus","color":"#b0045c","oi":0.103,"n":4,"sw":1},"geometry":{"type":"LineString","coordinates":[[25.954766,43.840872],[25.954763,43.84089]]}},{"type":"Feature","properties":{"line":"А11","mode":"bus","color":"#b0045c","oi":0.156,"n":4,"sw":1},"geometry":{"type":"LineString","coordinates":[[25.954764,43.840884],[25.954761,43.840902]]}},{"type":"Feature","properties":{"line":"А11","mode":"bus","color":"#b0045c","oi":0.218,"n":4,"sw":1},"geometry":{"type":"LineString","coordinates":[[25.954762,43.840897],[25.954759,43.840914]]}},{"type":"Feature","properties":{"line":"А11","mode":"bus","color":"#b0045c","oi":0.287,"n":4,"sw":1},"geometry":{"type":"LineString","coordinates":[[25.95476,43.840909],[25.954757,43.840927]]}},{"type":"Feature","properties":{"line":"А11","mode":"bus","color":"#b0045c","oi":0.362,"n":4,"sw":1},"geometry":{"type":"LineString","coordinates":[[25.954758,43.840921],[25.954755,43.840939]]}},{"type":"Feature","properties":{"line":"А11","mode":"bus","color":"#b0045c","oi":0.443,"n":4,"sw":1},"geometry":{"type":"LineString","coordinates":[[25.954756,43.840934],[25.954753,43.840951]]}},{"type":"Feature","properties":{"line":"А11","mode":"bus","color":"#b0045c","oi":0.528,"n":4,"sw":1},"geometry":{"type":"LineString","coordinates":[[25.954754,43.840946],[25.954751,43.840964]]}},{"type":"Feature","properties":{"line":"А11","mode":"bus","color":"#b0045c","oi":0.616,"n":4,"sw":1},"geometry":{"type":"LineString","coordinates":[[25.954752,43.840958],[25.954749,43.840976]]}},{"type":"Feature","properties":{"line":"А11","mode":"bus","color":"#b0045c","oi":0.705,"n":4,"sw":1},"geometry":{"type":"LineString","coordinates":[[25.95475,43.840971],[25.954747,43.840989]]}},{"type":"Feature","properties":{"line":"А11","mode":"bus","color":"#b0045c","oi":0.795,"n":4,"sw":1},"geometry":{"type":"LineString","coordinates":[[25.954748,43.840983],[25.954745,43.841001]]}},{"type":"Feature","properties":{"line":"А11","mode":"bus","color":"#b0045c","oi":0.884,"n":4,"sw":1},"geometry":{"type":"LineString","coordinates":[[25.954746,43.840996],[25.954743,43.841013]]}},{"type":"Feature","properties":{"line":"А11","mode":"bus","color":"#b0045c","oi":0.972,"n":4,"sw":1},"geometry":{"type":"LineString","coordinates":[[25.954744,43.841008],[25.954741,43.841026]]}},{"type":"Feature","properties":{"line":"А11","mode":"bus","color":"#b0045c","oi":1.057,"n":4,"sw":1},"geometry":{"type":"LineString","coordinates":[[25.954742,43.84102],[25.954739,43.841038]]}},{"type":"Feature","properties":{"line":"А11","mode":"bus","color":"#b0045c","oi":1.138,"n":4,"sw":1},"geometry":{"type":"LineString","coordinates":[[25.95474,43.841033],[25.954737,43.84105]]}},{"type":"Feature","properties":{"line":"А11","mode":"bus","color":"#b0045c","oi":1.213,"n":4,"sw":1},"geometry":{"type":"LineString","coordinates":[[25.954738,43.841045],[25.954735,43.841063]]}},{"type":"Feature","properties":{"line":"А11","mode":"bus","color":"#b0045c","oi":1.282,"n":4,"sw":1},"geometry":{"type":"LineString","coordinates":[[25.954736,43.841057],[25.954733,43.841075]]}},{"type":"Feature","properties":{"line":"А11","mode":"bus","color":"#b0045c","oi":1.344,"n":4,"sw":1},"geometry":{"type":"LineString","coordinates":[[25.954733,43.84107],[25.954731,43.841087]]}},{"type":"Feature","properties":{"line":"А11","mode":"bus","color":"#b0045c","oi":1.397,"n":4,"sw":1},"geometry":{"type":"LineString","coordinates":[[25.954731,43.841082],[25.954729,43.8411]]}},{"type":"Feature","properties":{"line":"А11","mode":"bus","color":"#b0045c","oi":1.44,"n":4,"sw":1},"geometry":{"type":"LineString","coordinates":[[25.954729,43.841094],[25.954726,43.841112]]}},{"type":"Feature","properties":{"line":"А11","mode":"bus","color":"#b0045c","oi":1.473,"n":4,"sw":1},"geometry":{"type":"LineString","coordinates":[[25.954727,43.841107],[25.954724,43.841125]]}},{"type":"Feature","properties":{"line":"А11","mode":"bus","color":"#b0045c","oi":1.493,"n":4,"sw":1},"geometry":{"type":"LineString","coordinates":[[25.954725,43.841119],[25.954722,43.841137]]}},{"type":"Feature","properties":{"line":"А11","mode":"bus","color":"#b0045c","oi":1.5,"n":4,"sw":1},"geometry":{"type":"LineString","coordinates":[[25.954723,43.841132],[25.95472,43.841149]]}},{"type":"Feature","properties":{"line":"А11","mode":"bus","color":"#b0045c","oi":1.5,"n":4,"sw":1},"geometry":{"type":"LineString","coordinates":[[25.954138,43.844494],[25.954135,43.844512]]}},{"type":"Feature","properties":{"line":"А11","mode":"bus","color":"#b0045c","oi":1.493,"n":4,"sw":1},"geometry":{"type":"LineString","coordinates":[[25.954136,43.844507],[25.954133,43.844524]]}},{"type":"Feature","properties":{"line":"А11","mode":"bus","color":"#b0045c","oi":1.473,"n":4,"sw":1},"geometry":{"type":"LineString","coordinates":[[25.954134,43.844519],[25.954131,43.844537]]}},{"type":"Feature","properties":{"line":"А11","mode":"bus","color":"#b0045c","oi":1.44,"n":4,"sw":1},"geometry":{"type":"LineString","coordinates":[[25.954132,43.844531],[25.954128,43.844549]]}},{"type":"Feature","properties":{"line":"А11","mode":"bus","color":"#b0045c","oi":1.397,"n":4,"sw":1},"geometry":{"type":"LineString","coordinates":[[25.954129,43.844544],[25.954126,43.844561]]}},{"type":"Feature","properties":{"line":"А11","mode":"bus","color":"#b0045c","oi":1.344,"n":4,"sw":1},"geometry":{"type":"LineString","coordinates":[[25.954127,43.844556],[25.954124,43.844574]]}},{"type":"Feature","properties":{"line":"А11","mode":"bus","color":"#b0045c","oi":1.282,"n":4,"sw":1},"geometry":{"type":"LineString","coordinates":[[25.954125,43.844568],[25.954121,43.844586]]}},{"type":"Feature","properties":{"line":"А11","mode":"bus","color":"#b0045c","oi":1.213,"n":4,"sw":1},"geometry":{"type":"LineString","coordinates":[[25.954122,43.844581],[25.954119,43.844598]]}},{"type":"Feature","properties":{"line":"А11","mode":"bus","color":"#b0045c","oi":1.138,"n":4,"sw":1},"geometry":{"type":"LineString","coordinates":[[25.95412,43.844593],[25.954117,43.844611]]}},{"type":"Feature","properties":{"line":"А11","mode":"bus","color":"#b0045c","oi":1.057,"n":4,"sw":1},"geometry":{"type":"LineString","coordinates":[[25.954118,43.844605],[25.954114,43.844623]]}},{"type":"Feature","properties":{"line":"А11","mode":"bus","color":"#b0045c","oi":0.972,"n":4,"sw":1},"geometry":{"type":"LineString","coordinates":[[25.954115,43.844618],[25.954112,43.844635]]}},{"type":"Feature","properties":{"line":"А11","mode":"bus","color":"#b0045c","oi":0.884,"n":4,"sw":1},"geometry":{"type":"LineString","coordinates":[[25.954113,43.84463],[25.95411,43.844648]]}},{"type":"Feature","properties":{"line":"А11","mode":"bus","color":"#b0045c","oi":0.795,"n":4,"sw":1},"geometry":{"type":"LineString","coordinates":[[25.954111,43.844642],[25.954107,43.84466]]}},{"type":"Feature","properties":{"line":"А11","mode":"bus","color":"#b0045c","oi":0.705,"n":4,"sw":1},"geometry":{"type":"LineString","coordinates":[[25.954108,43.844655],[25.954105,43.844673]]}},{"type":"Feature","properties":{"line":"А11","mode":"bus","color":"#b0045c","oi":0.616,"n":4,"sw":1},"geometry":{"type":"LineString","coordinates":[[25.954106,43.844667],[25.954103,43.844685]]}},{"type":"Feature","properties":{"line":"А11","mode":"bus","color":"#b0045c","oi":0.528,"n":4,"sw":1},"geometry":{"type":"LineString","coordinates":[[25.954104,43.84468],[25.954101,43.844697]]}},{"type":"Feature","properties":{"line":"А11","mode":"bus","color":"#b0045c","oi":0.443,"n":4,"sw":1},"geometry":{"type":"LineString","coordinates":[[25.954102,43.844692],[25.954098,43.84471]]}},{"type":"Feature","properties":{"line":"А11","mode":"bus","color":"#b0045c","oi":0.362,"n":4,"sw":1},"geometry":{"type":"LineString","coordinates":[[25.954099,43.844704],[25.954096,43.844722]]}},{"type":"Feature","properties":{"line":"А11","mode":"bus","color":"#b0045c","oi":0.287,"n":4,"sw":1},"geometry":{"type":"LineString","coordinates":[[25.954097,43.844717],[25.954094,43.844734]]}},{"type":"Feature","properties":{"line":"А11","mode":"bus","color":"#b0045c","oi":0.218,"n":4,"sw":1},"geometry":{"type":"LineString","coordinates":[[25.954095,43.844729],[25.954091,43.844747]]}},{"type":"Feature","properties":{"line":"А11","mode":"bus","color":"#b0045c","oi":0.156,"n":4,"sw":1},"geometry":{"type":"LineString","coordinates":[[25.954092,43.844741],[25.954089,43.844759]]}},{"type":"Feature","properties":{"line":"А11","mode":"bus","color":"#b0045c","oi":0.103,"n":4,"sw":1},"geometry":{"type":"LineString","coordinates":[[25.95409,43.844754],[25.954087,43.844771]]}},{"type":"Feature","properties":{"line":"А11","mode":"bus","color":"#b0045c","oi":0.06,"n":4,"sw":1},"geometry":{"type":"LineString","coordinates":[[25.954088,43.844766],[25.954084,43.844784]]}},{"type":"Feature","properties":{"line":"А11","mode":"bus","color":"#b0045c","oi":0.027,"n":4,"sw":1},"geometry":{"type":"LineString","coordinates":[[25.954085,43.844778],[25.954082,43.844796]]}},{"type":"Feature","properties":{"line":"А11","mode":"bus","color":"#b0045c","oi":0.007,"n":4,"sw":1},"geometry":{"type":"LineString","coordinates":[[25.954083,43.844791],[25.95408,43.844808]]}},{"type":"Feature","properties":{"line":"А11","mode":"bus","color":"#b0045c","oi":0,"n":4,"sw":1},"geometry":{"type":"LineString","coordinates":[[25.954081,43.844803],[25.954078,43.844818]]}},{"type":"Feature","properties":{"line":"А11","mode":"bus","color":"#b0045c","oi":1.5,"n":4},"geometry":{"type":"LineString","coordinates":[[25.955127,43.838724],[25.955378,43.837085],[25.955759,43.835061]]}},{"type":"Feature","properties":{"line":"А11","mode":"bus","color":"#b0045c","oi":0,"n":4,"sw":1},"geometry":{"type":"LineString","coordinates":[[25.955078,43.839046],[25.95508,43.839031]]}},{"type":"Feature","properties":{"line":"А11","mode":"bus","color":"#b0045c","oi":0.007,"n":4,"sw":1},"geometry":{"type":"LineString","coordinates":[[25.955079,43.839036],[25.955082,43.839019]]}},{"type":"Feature","properties":{"line":"А11","mode":"bus","color":"#b0045c","oi":0.027,"n":4,"sw":1},"geometry":{"type":"LineString","coordinates":[[25.955081,43.839024],[25.955084,43.839006]]}},{"type":"Feature","properties":{"line":"А11","mode":"bus","color":"#b0045c","oi":0.06,"n":4,"sw":1},"geometry":{"type":"LineString","coordinates":[[25.955083,43.839012],[25.955086,43.838994]]}},{"type":"Feature","properties":{"line":"А11","mode":"bus","color":"#b0045c","oi":0.103,"n":4,"sw":1},"geometry":{"type":"LineString","coordinates":[[25.955085,43.838999],[25.955088,43.838981]]}},{"type":"Feature","properties":{"line":"А11","mode":"bus","color":"#b0045c","oi":0.156,"n":4,"sw":1},"geometry":{"type":"LineString","coordinates":[[25.955087,43.838987],[25.95509,43.838969]]}},{"type":"Feature","properties":{"line":"А11","mode":"bus","color":"#b0045c","oi":0.218,"n":4,"sw":1},"geometry":{"type":"LineString","coordinates":[[25.955089,43.838974],[25.955092,43.838957]]}},{"type":"Feature","properties":{"line":"А11","mode":"bus","color":"#b0045c","oi":0.287,"n":4,"sw":1},"geometry":{"type":"LineString","coordinates":[[25.955091,43.838962],[25.955094,43.838944]]}},{"type":"Feature","properties":{"line":"А11","mode":"bus","color":"#b0045c","oi":0.362,"n":4,"sw":1},"geometry":{"type":"LineString","coordinates":[[25.955093,43.83895],[25.955095,43.838932]]}},{"type":"Feature","properties":{"line":"А11","mode":"bus","color":"#b0045c","oi":0.443,"n":4,"sw":1},"geometry":{"type":"LineString","coordinates":[[25.955095,43.838937],[25.955097,43.838919]]}},{"type":"Feature","properties":{"line":"А11","mode":"bus","color":"#b0045c","oi":0.528,"n":4,"sw":1},"geometry":{"type":"LineString","coordinates":[[25.955097,43.838925],[25.955099,43.838907]]}},{"type":"Feature","properties":{"line":"А11","mode":"bus","color":"#b0045c","oi":0.616,"n":4,"sw":1},"geometry":{"type":"LineString","coordinates":[[25.955098,43.838912],[25.955101,43.838895]]}},{"type":"Feature","properties":{"line":"А11","mode":"bus","color":"#b0045c","oi":0.705,"n":4,"sw":1},"geometry":{"type":"LineString","coordinates":[[25.9551,43.8389],[25.955103,43.838882]]}},{"type":"Feature","properties":{"line":"А11","mode":"bus","color":"#b0045c","oi":0.795,"n":4,"sw":1},"geometry":{"type":"LineString","coordinates":[[25.955102,43.838888],[25.955105,43.83887]]}},{"type":"Feature","properties":{"line":"А11","mode":"bus","color":"#b0045c","oi":0.884,"n":4,"sw":1},"geometry":{"type":"LineString","coordinates":[[25.955104,43.838875],[25.955107,43.838858]]}},{"type":"Feature","properties":{"line":"А11","mode":"bus","color":"#b0045c","oi":0.972,"n":4,"sw":1},"geometry":{"type":"LineString","coordinates":[[25.955106,43.838863],[25.955109,43.838845]]}},{"type":"Feature","properties":{"line":"А11","mode":"bus","color":"#b0045c","oi":1.057,"n":4,"sw":1},"geometry":{"type":"LineString","coordinates":[[25.955108,43.838851],[25.955111,43.838833]]}},{"type":"Feature","properties":{"line":"А11","mode":"bus","color":"#b0045c","oi":1.138,"n":4,"sw":1},"geometry":{"type":"LineString","coordinates":[[25.95511,43.838838],[25.955113,43.83882]]}},{"type":"Feature","properties":{"line":"А11","mode":"bus","color":"#b0045c","oi":1.213,"n":4,"sw":1},"geometry":{"type":"LineString","coordinates":[[25.955112,43.838826],[25.955114,43.838808]]}},{"type":"Feature","properties":{"line":"А11","mode":"bus","color":"#b0045c","oi":1.282,"n":4,"sw":1},"geometry":{"type":"LineString","coordinates":[[25.955114,43.838813],[25.955116,43.838796]]}},{"type":"Feature","properties":{"line":"А11","mode":"bus","color":"#b0045c","oi":1.344,"n":4,"sw":1},"geometry":{"type":"LineString","coordinates":[[25.955115,43.838801],[25.955118,43.838783]]}},{"type":"Feature","properties":{"line":"А11","mode":"bus","color":"#b0045c","oi":1.397,"n":4,"sw":1},"geometry":{"type":"LineString","coordinates":[[25.955117,43.838789],[25.95512,43.838771]]}},{"type":"Feature","properties":{"line":"А11","mode":"bus","color":"#b0045c","oi":1.44,"n":4,"sw":1},"geometry":{"type":"LineString","coordinates":[[25.955119,43.838776],[25.955122,43.838758]]}},{"type":"Feature","properties":{"line":"А11","mode":"bus","color":"#b0045c","oi":1.473,"n":4,"sw":1},"geometry":{"type":"LineString","coordinates":[[25.955121,43.838764],[25.955124,43.838746]]}},{"type":"Feature","properties":{"line":"А11","mode":"bus","color":"#b0045c","oi":1.493,"n":4,"sw":1},"geometry":{"type":"LineString","coordinates":[[25.955123,43.838751],[25.955126,43.838734]]}},{"type":"Feature","properties":{"line":"А11","mode":"bus","color":"#b0045c","oi":1.5,"n":4,"sw":1},"geometry":{"type":"LineString","coordinates":[[25.955125,43.838739],[25.955128,43.838721]]}},{"type":"Feature","properties":{"line":"А11","mode":"bus","color":"#b0045c","oi":1.5,"n":4,"sw":1},"geometry":{"type":"LineString","coordinates":[[25.955758,43.835064],[25.955761,43.835046]]}},{"type":"Feature","properties":{"line":"А11","mode":"bus","color":"#b0045c","oi":1.493,"n":4,"sw":1},"geometry":{"type":"LineString","coordinates":[[25.95576,43.835051],[25.955764,43.835034]]}},{"type":"Feature","properties":{"line":"А11","mode":"bus","color":"#b0045c","oi":1.473,"n":4,"sw":1},"geometry":{"type":"LineString","coordinates":[[25.955763,43.835039],[25.955766,43.835021]]}},{"type":"Feature","properties":{"line":"А11","mode":"bus","color":"#b0045c","oi":1.44,"n":4,"sw":1},"geometry":{"type":"LineString","coordinates":[[25.955765,43.835027],[25.955768,43.835009]]}},{"type":"Feature","properties":{"line":"А11","mode":"bus","color":"#b0045c","oi":1.397,"n":4,"sw":1},"geometry":{"type":"LineString","coordinates":[[25.955767,43.835014],[25.955771,43.834997]]}},{"type":"Feature","properties":{"line":"А11","mode":"bus","color":"#b0045c","oi":1.344,"n":4,"sw":1},"geometry":{"type":"LineString","coordinates":[[25.95577,43.835002],[25.955773,43.834984]]}},{"type":"Feature","properties":{"line":"А11","mode":"bus","color":"#b0045c","oi":1.282,"n":4,"sw":1},"geometry":{"type":"LineString","coordinates":[[25.955772,43.83499],[25.955775,43.834972]]}},{"type":"Feature","properties":{"line":"А11","mode":"bus","color":"#b0045c","oi":1.213,"n":4,"sw":1},"geometry":{"type":"LineString","coordinates":[[25.955774,43.834977],[25.955778,43.83496]]}},{"type":"Feature","properties":{"line":"А11","mode":"bus","color":"#b0045c","oi":1.138,"n":4,"sw":1},"geometry":{"type":"LineString","coordinates":[[25.955777,43.834965],[25.95578,43.834947]]}},{"type":"Feature","properties":{"line":"А11","mode":"bus","color":"#b0045c","oi":1.057,"n":4,"sw":1},"geometry":{"type":"LineString","coordinates":[[25.955779,43.834953],[25.955782,43.834935]]}},{"type":"Feature","properties":{"line":"А11","mode":"bus","color":"#b0045c","oi":0.972,"n":4,"sw":1},"geometry":{"type":"LineString","coordinates":[[25.955781,43.83494],[25.955785,43.834923]]}},{"type":"Feature","properties":{"line":"А11","mode":"bus","color":"#b0045c","oi":0.884,"n":4,"sw":1},"geometry":{"type":"LineString","coordinates":[[25.955784,43.834928],[25.955787,43.83491]]}},{"type":"Feature","properties":{"line":"А11","mode":"bus","color":"#b0045c","oi":0.795,"n":4,"sw":1},"geometry":{"type":"LineString","coordinates":[[25.955786,43.834916],[25.955789,43.834898]]}},{"type":"Feature","properties":{"line":"А11","mode":"bus","color":"#b0045c","oi":0.705,"n":4,"sw":1},"geometry":{"type":"LineString","coordinates":[[25.955788,43.834903],[25.955792,43.834885]]}},{"type":"Feature","properties":{"line":"А11","mode":"bus","color":"#b0045c","oi":0.616,"n":4,"sw":1},"geometry":{"type":"LineString","coordinates":[[25.955791,43.834891],[25.955794,43.834873]]}},{"type":"Feature","properties":{"line":"А11","mode":"bus","color":"#b0045c","oi":0.528,"n":4,"sw":1},"geometry":{"type":"LineString","coordinates":[[25.955793,43.834878],[25.955796,43.834861]]}},{"type":"Feature","properties":{"line":"А11","mode":"bus","color":"#b0045c","oi":0.443,"n":4,"sw":1},"geometry":{"type":"LineString","coordinates":[[25.955795,43.834866],[25.955799,43.834848]]}},{"type":"Feature","properties":{"line":"А11","mode":"bus","color":"#b0045c","oi":0.362,"n":4,"sw":1},"geometry":{"type":"LineString","coordinates":[[25.955798,43.834854],[25.955801,43.834836]]}},{"type":"Feature","properties":{"line":"А11","mode":"bus","color":"#b0045c","oi":0.287,"n":4,"sw":1},"geometry":{"type":"LineString","coordinates":[[25.9558,43.834841],[25.955803,43.834824]]}},{"type":"Feature","properties":{"line":"А11","mode":"bus","color":"#b0045c","oi":0.218,"n":4,"sw":1},"geometry":{"type":"LineString","coordinates":[[25.955802,43.834829],[25.955806,43.834811]]}},{"type":"Feature","properties":{"line":"А11","mode":"bus","color":"#b0045c","oi":0.156,"n":4,"sw":1},"geometry":{"type":"LineString","coordinates":[[25.955805,43.834817],[25.955808,43.834799]]}},{"type":"Feature","properties":{"line":"А11","mode":"bus","color":"#b0045c","oi":0.103,"n":4,"sw":1},"geometry":{"type":"LineString","coordinates":[[25.955807,43.834804],[25.95581,43.834787]]}},{"type":"Feature","properties":{"line":"А11","mode":"bus","color":"#b0045c","oi":0.06,"n":4,"sw":1},"geometry":{"type":"LineString","coordinates":[[25.955809,43.834792],[25.955813,43.834774]]}},{"type":"Feature","properties":{"line":"А11","mode":"bus","color":"#b0045c","oi":0.027,"n":4,"sw":1},"geometry":{"type":"LineString","coordinates":[[25.955812,43.83478],[25.955815,43.834762]]}},{"type":"Feature","properties":{"line":"А11","mode":"bus","color":"#b0045c","oi":0.007,"n":4,"sw":1},"geometry":{"type":"LineString","coordinates":[[25.955814,43.834767],[25.955817,43.83475]]}},{"type":"Feature","properties":{"line":"А11","mode":"bus","color":"#b0045c","oi":0,"n":4,"sw":1},"geometry":{"type":"LineString","coordinates":[[25.955816,43.834755],[25.955819,43.83474]]}},{"type":"Feature","properties":{"line":"А11","mode":"bus","color":"#b0045c","oi":0.5,"n":2},"geometry":{"type":"LineString","coordinates":[[25.955868,43.834092],[25.955461,43.833875]]}},{"type":"Feature","properties":{"line":"А11","mode":"bus","color":"#b0045c","oi":0,"n":4,"sw":1},"geometry":{"type":"LineString","coordinates":[[25.973814,43.858652],[25.973828,43.858658]]}},{"type":"Feature","properties":{"line":"А11","mode":"bus","color":"#b0045c","oi":0.389,"n":4,"sw":1},"geometry":{"type":"LineString","coordinates":[[25.973822,43.858655],[25.973839,43.858663]]}},{"type":"Feature","properties":{"line":"А11","mode":"bus","color":"#b0045c","oi":1.111,"n":4,"sw":1},"geometry":{"type":"LineString","coordinates":[[25.973832,43.85866],[25.973849,43.858668]]}},{"type":"Feature","properties":{"line":"А11","mode":"bus","color":"#b0045c","oi":1.5,"n":4,"sw":1},"geometry":{"type":"LineString","coordinates":[[25.973843,43.858665],[25.97386,43.858672]]}},{"type":"Feature","properties":{"line":"А11","mode":"bus","color":"#b0045c","oi":1.5,"n":4,"sw":1},"geometry":{"type":"LineString","coordinates":[[25.973854,43.85867],[25.973871,43.858677]]}},{"type":"Feature","properties":{"line":"А11","mode":"bus","color":"#b0045c","oi":1.111,"n":4,"sw":1},"geometry":{"type":"LineString","coordinates":[[25.973865,43.858674],[25.973882,43.858682]]}},{"type":"Feature","properties":{"line":"А11","mode":"bus","color":"#b0045c","oi":0.389,"n":4,"sw":1},"geometry":{"type":"LineString","coordinates":[[25.973875,43.858679],[25.973892,43.858687]]}},{"type":"Feature","properties":{"line":"А11","mode":"bus","color":"#b0045c","oi":0,"n":4,"sw":1},"geometry":{"type":"LineString","coordinates":[[25.973886,43.858684],[25.9739,43.85869]]}},{"type":"Feature","properties":{"line":"А11","mode":"bus","color":"#b0045c","oi":0,"n":3,"sw":1},"geometry":{"type":"LineString","coordinates":[[25.955707,43.83442],[25.955713,43.834431]]}},{"type":"Feature","properties":{"line":"А11","mode":"bus","color":"#b0045c","oi":0.01,"n":3,"sw":1},"geometry":{"type":"LineString","coordinates":[[25.95571,43.834426],[25.955718,43.83444]]}},{"type":"Feature","properties":{"line":"А11","mode":"bus","color":"#b0045c","oi":0.038,"n":3,"sw":1},"geometry":{"type":"LineString","coordinates":[[25.955715,43.834435],[25.955723,43.834448]]}},{"type":"Feature","properties":{"line":"А11","mode":"bus","color":"#b0045c","oi":0.082,"n":3,"sw":1},"geometry":{"type":"LineString","coordinates":[[25.95572,43.834443],[25.955727,43.834457]]}},{"type":"Feature","properties":{"line":"А11","mode":"bus","color":"#b0045c","oi":0.14,"n":3,"sw":1},"geometry":{"type":"LineString","coordinates":[[25.955725,43.834452],[25.955732,43.834465]]}},{"type":"Feature","properties":{"line":"А11","mode":"bus","color":"#b0045c","oi":0.209,"n":3,"sw":1},"geometry":{"type":"LineString","coordinates":[[25.955729,43.83446],[25.955737,43.834474]]}},{"type":"Feature","properties":{"line":"А11","mode":"bus","color":"#b0045c","oi":0.286,"n":3,"sw":1},"geometry":{"type":"LineString","coordinates":[[25.955734,43.834469],[25.955742,43.834483]]}},{"type":"Feature","properties":{"line":"А11","mode":"bus","color":"#b0045c","oi":0.369,"n":3,"sw":1},"geometry":{"type":"LineString","coordinates":[[25.955739,43.834477],[25.955746,43.834491]]}},{"type":"Feature","properties":{"line":"А11","mode":"bus","color":"#b0045c","oi":0.456,"n":3,"sw":1},"geometry":{"type":"LineString","coordinates":[[25.955744,43.834486],[25.955751,43.8345]]}},{"type":"Feature","properties":{"line":"А11","mode":"bus","color":"#b0045c","oi":0.544,"n":3,"sw":1},"geometry":{"type":"LineString","coordinates":[[25.955748,43.834495],[25.955756,43.834508]]}},{"type":"Feature","properties":{"line":"А11","mode":"bus","color":"#b0045c","oi":0.631,"n":3,"sw":1},"geometry":{"type":"LineString","coordinates":[[25.955753,43.834503],[25.955761,43.834517]]}},{"type":"Feature","properties":{"line":"А11","mode":"bus","color":"#b0045c","oi":0.714,"n":3,"sw":1},"geometry":{"type":"LineString","coordinates":[[25.955758,43.834512],[25.955765,43.834525]]}},{"type":"Feature","properties":{"line":"А11","mode":"bus","color":"#b0045c","oi":0.791,"n":3,"sw":1},"geometry":{"type":"LineString","coordinates":[[25.955762,43.83452],[25.95577,43.834534]]}},{"type":"Feature","properties":{"line":"А11","mode":"bus","color":"#b0045c","oi":0.86,"n":3,"sw":1},"geometry":{"type":"LineString","coordinates":[[25.955767,43.834529],[25.955775,43.834542]]}},{"type":"Feature","properties":{"line":"А11","mode":"bus","color":"#b0045c","oi":0.918,"n":3,"sw":1},"geometry":{"type":"LineString","coordinates":[[25.955772,43.834537],[25.955779,43.834551]]}},{"type":"Feature","properties":{"line":"А11","mode":"bus","color":"#b0045c","oi":0.962,"n":3,"sw":1},"geometry":{"type":"LineString","coordinates":[[25.955777,43.834546],[25.95578,43.834552],[25.955782,43.83456]]}},{"type":"Feature","properties":{"line":"А11","mode":"bus","color":"#b0045c","oi":0.99,"n":3,"sw":1},"geometry":{"type":"LineString","coordinates":[[25.955781,43.834555],[25.955784,43.834569]]}},{"type":"Feature","properties":{"line":"А11","mode":"bus","color":"#b0045c","oi":1,"n":3,"sw":1},"geometry":{"type":"LineString","coordinates":[[25.955782,43.834564],[25.955785,43.834578]]}},{"type":"Feature","properties":{"line":"А11","mode":"bus","color":"#b0045c","oi":1,"n":3,"sw":1},"geometry":{"type":"LineString","coordinates":[[25.955784,43.834573],[25.955787,43.834588]]}},{"type":"Feature","properties":{"line":"А11","mode":"bus","color":"#b0045c","oi":0.99,"n":3,"sw":1},"geometry":{"type":"LineString","coordinates":[[25.955786,43.834582],[25.955789,43.834597]]}},{"type":"Feature","properties":{"line":"А11","mode":"bus","color":"#b0045c","oi":0.962,"n":3,"sw":1},"geometry":{"type":"LineString","coordinates":[[25.955788,43.834591],[25.955791,43.834606]]}},{"type":"Feature","properties":{"line":"А11","mode":"bus","color":"#b0045c","oi":0.918,"n":3,"sw":1},"geometry":{"type":"LineString","coordinates":[[25.95579,43.8346],[25.955793,43.834615]]}},{"type":"Feature","properties":{"line":"А11","mode":"bus","color":"#b0045c","oi":0.86,"n":3,"sw":1},"geometry":{"type":"LineString","coordinates":[[25.955792,43.83461],[25.955795,43.834624]]}},{"type":"Feature","properties":{"line":"А11","mode":"bus","color":"#b0045c","oi":0.791,"n":3,"sw":1},"geometry":{"type":"LineString","coordinates":[[25.955794,43.834619],[25.955797,43.834633]]}},{"type":"Feature","properties":{"line":"А11","mode":"bus","color":"#b0045c","oi":0.714,"n":3,"sw":1},"geometry":{"type":"LineString","coordinates":[[25.955796,43.834628],[25.955799,43.834642]]}},{"type":"Feature","properties":{"line":"А11","mode":"bus","color":"#b0045c","oi":0.631,"n":3,"sw":1},"geometry":{"type":"LineString","coordinates":[[25.955798,43.834637],[25.955801,43.834651]]}},{"type":"Feature","properties":{"line":"А11","mode":"bus","color":"#b0045c","oi":0.544,"n":3,"sw":1},"geometry":{"type":"LineString","coordinates":[[25.9558,43.834646],[25.955803,43.834661]]}},{"type":"Feature","properties":{"line":"А11","mode":"bus","color":"#b0045c","oi":0.456,"n":3,"sw":1},"geometry":{"type":"LineString","coordinates":[[25.955801,43.834655],[25.955804,43.83467]]}},{"type":"Feature","properties":{"line":"А11","mode":"bus","color":"#b0045c","oi":0.369,"n":3,"sw":1},"geometry":{"type":"LineString","coordinates":[[25.955803,43.834664],[25.955806,43.834679]]}},{"type":"Feature","properties":{"line":"А11","mode":"bus","color":"#b0045c","oi":0.286,"n":3,"sw":1},"geometry":{"type":"LineString","coordinates":[[25.955805,43.834673],[25.955808,43.834688]]}},{"type":"Feature","properties":{"line":"А11","mode":"bus","color":"#b0045c","oi":0.209,"n":3,"sw":1},"geometry":{"type":"LineString","coordinates":[[25.955807,43.834683],[25.95581,43.834697]]}},{"type":"Feature","properties":{"line":"А11","mode":"bus","color":"#b0045c","oi":0.14,"n":3,"sw":1},"geometry":{"type":"LineString","coordinates":[[25.955809,43.834692],[25.955812,43.834706]]}},{"type":"Feature","properties":{"line":"А11","mode":"bus","color":"#b0045c","oi":0.082,"n":3,"sw":1},"geometry":{"type":"LineString","coordinates":[[25.955811,43.834701],[25.955814,43.834715]]}},{"type":"Feature","properties":{"line":"А11","mode":"bus","color":"#b0045c","oi":0.038,"n":3,"sw":1},"geometry":{"type":"LineString","coordinates":[[25.955813,43.83471],[25.955816,43.834724]]}},{"type":"Feature","properties":{"line":"А11","mode":"bus","color":"#b0045c","oi":0.01,"n":3,"sw":1},"geometry":{"type":"LineString","coordinates":[[25.955815,43.834719],[25.955818,43.834734]]}},{"type":"Feature","properties":{"line":"А11","mode":"bus","color":"#b0045c","oi":0,"n":3,"sw":1},"geometry":{"type":"LineString","coordinates":[[25.955817,43.834728],[25.955819,43.83474]]}},{"type":"Feature","properties":{"line":"А11","mode":"bus","color":"#b0045c","oi":1,"n":3},"geometry":{"type":"LineString","coordinates":[[25.95656,43.832042],[25.955579,43.83168],[25.953139,43.830701],[25.951842,43.830078]]}},{"type":"Feature","properties":{"line":"А11","mode":"bus","color":"#b0045c","oi":0,"n":3,"sw":1},"geometry":{"type":"LineString","coordinates":[[25.95696,43.832189],[25.956934,43.83218]]}},{"type":"Feature","properties":{"line":"А11","mode":"bus","color":"#b0045c","oi":0.01,"n":3,"sw":1},"geometry":{"type":"LineString","coordinates":[[25.956941,43.832182],[25.956912,43.832171]]}},{"type":"Feature","properties":{"line":"А11","mode":"bus","color":"#b0045c","oi":0.038,"n":3,"sw":1},"geometry":{"type":"LineString","coordinates":[[25.956919,43.832174],[25.95689,43.832163]]}},{"type":"Feature","properties":{"line":"А11","mode":"bus","color":"#b0045c","oi":0.082,"n":3,"sw":1},"geometry":{"type":"LineString","coordinates":[[25.956897,43.832166],[25.956868,43.832155]]}},{"type":"Feature","properties":{"line":"А11","mode":"bus","color":"#b0045c","oi":0.14,"n":3,"sw":1},"geometry":{"type":"LineString","coordinates":[[25.956875,43.832157],[25.956846,43.832147]]}},{"type":"Feature","properties":{"line":"А11","mode":"bus","color":"#b0045c","oi":0.209,"n":3,"sw":1},"geometry":{"type":"LineString","coordinates":[[25.956852,43.832149],[25.956823,43.832139]]}},{"type":"Feature","properties":{"line":"А11","mode":"bus","color":"#b0045c","oi":0.286,"n":3,"sw":1},"geometry":{"type":"LineString","coordinates":[[25.95683,43.832141],[25.956801,43.83213]]}},{"type":"Feature","properties":{"line":"А11","mode":"bus","color":"#b0045c","oi":0.369,"n":3,"sw":1},"geometry":{"type":"LineString","coordinates":[[25.956808,43.832133],[25.956779,43.832122]]}},{"type":"Feature","properties":{"line":"А11","mode":"bus","color":"#b0045c","oi":0.456,"n":3,"sw":1},"geometry":{"type":"LineString","coordinates":[[25.956786,43.832125],[25.956757,43.832114]]}},{"type":"Feature","properties":{"line":"А11","mode":"bus","color":"#b0045c","oi":0.544,"n":3,"sw":1},"geometry":{"type":"LineString","coordinates":[[25.956764,43.832117],[25.956735,43.832106]]}},{"type":"Feature","properties":{"line":"А11","mode":"bus","color":"#b0045c","oi":0.631,"n":3,"sw":1},"geometry":{"type":"LineString","coordinates":[[25.956741,43.832108],[25.956712,43.832098]]}},{"type":"Feature","properties":{"line":"А11","mode":"bus","color":"#b0045c","oi":0.714,"n":3,"sw":1},"geometry":{"type":"LineString","coordinates":[[25.956719,43.8321],[25.95669,43.83209]]}},{"type":"Feature","properties":{"line":"А11","mode":"bus","color":"#b0045c","oi":0.791,"n":3,"sw":1},"geometry":{"type":"LineString","coordinates":[[25.956697,43.832092],[25.956668,43.832081]]}},{"type":"Feature","properties":{"line":"А11","mode":"bus","color":"#b0045c","oi":0.86,"n":3,"sw":1},"geometry":{"type":"LineString","coordinates":[[25.956675,43.832084],[25.956646,43.832073]]}},{"type":"Feature","properties":{"line":"А11","mode":"bus","color":"#b0045c","oi":0.918,"n":3,"sw":1},"geometry":{"type":"LineString","coordinates":[[25.956653,43.832076],[25.956624,43.832065]]}},{"type":"Feature","properties":{"line":"А11","mode":"bus","color":"#b0045c","oi":0.962,"n":3,"sw":1},"geometry":{"type":"LineString","coordinates":[[25.95663,43.832067],[25.956601,43.832057]]}},{"type":"Feature","properties":{"line":"А11","mode":"bus","color":"#b0045c","oi":0.99,"n":3,"sw":1},"geometry":{"type":"LineString","coordinates":[[25.956608,43.832059],[25.956579,43.832049]]}},{"type":"Feature","properties":{"line":"А11","mode":"bus","color":"#b0045c","oi":1,"n":3,"sw":1},"geometry":{"type":"LineString","coordinates":[[25.956586,43.832051],[25.956557,43.83204]]}},{"type":"Feature","properties":{"line":"А11","mode":"bus","color":"#b0045c","oi":1,"n":3,"sw":1},"geometry":{"type":"LineString","coordinates":[[25.951846,43.830079],[25.951802,43.830058]]}},{"type":"Feature","properties":{"line":"А11","mode":"bus","color":"#b0045c","oi":1.017,"n":3,"sw":1},"geometry":{"type":"LineString","coordinates":[[25.951808,43.830061],[25.951765,43.83004]]}},{"type":"Feature","properties":{"line":"А11","mode":"bus","color":"#b0045c","oi":1.063,"n":3,"sw":1},"geometry":{"type":"LineString","coordinates":[[25.951771,43.830043],[25.951727,43.830022]]}},{"type":"Feature","properties":{"line":"А11","mode":"bus","color":"#b0045c","oi":1.13,"n":3,"sw":1},"geometry":{"type":"LineString","coordinates":[[25.951734,43.830025],[25.95169,43.830004]]}},{"type":"Feature","properties":{"line":"А11","mode":"bus","color":"#b0045c","oi":1.209,"n":3,"sw":1},"geometry":{"type":"LineString","coordinates":[[25.951696,43.830007],[25.951653,43.829986]]}},{"type":"Feature","properties":{"line":"А11","mode":"bus","color":"#b0045c","oi":1.291,"n":3,"sw":1},"geometry":{"type":"LineString","coordinates":[[25.951659,43.829989],[25.951615,43.829968]]}},{"type":"Feature","properties":{"line":"А11","mode":"bus","color":"#b0045c","oi":1.37,"n":3,"sw":1},"geometry":{"type":"LineString","coordinates":[[25.951621,43.829971],[25.951578,43.82995]]}},{"type":"Feature","properties":{"line":"А11","mode":"bus","color":"#b0045c","oi":1.437,"n":3,"sw":1},"geometry":{"type":"LineString","coordinates":[[25.951584,43.829953],[25.951541,43.829932]]}},{"type":"Feature","properties":{"line":"А11","mode":"bus","color":"#b0045c","oi":1.483,"n":3,"sw":1},"geometry":{"type":"LineString","coordinates":[[25.951547,43.829935],[25.951503,43.829914]]}},{"type":"Feature","properties":{"line":"А11","mode":"bus","color":"#b0045c","oi":1.5,"n":3,"sw":1},"geometry":{"type":"LineString","coordinates":[[25.951509,43.829917],[25.951469,43.829898]]}},{"type":"Feature","properties":{"line":"А28","mode":"bus","color":"#119efc","oi":-1,"n":3},"geometry":{"type":"LineString","coordinates":[[26.015565,43.875308],[26.013896,43.874407],[26.013551,43.874273],[26.013065,43.874127],[26.009293,43.873433],[26.009143,43.873385],[26.008822,43.873233],[26.008707,43.873147],[26.008627,43.87313],[26.008543,43.873133],[26.008422,43.873181],[26.000119,43.871693],[25.999505,43.871553],[25.999256,43.871462],[25.998331,43.871036],[25.998161,43.870868],[25.998048,43.870639],[25.997411,43.870334],[25.99725,43.870307],[25.996861,43.870328],[25.996727,43.870292],[25.995395,43.869687],[25.99261,43.86854]]}},{"type":"Feature","properties":{"line":"А28","mode":"bus","color":"#119efc","oi":-1,"n":3,"sw":1},"geometry":{"type":"LineString","coordinates":[[25.992613,43.868541],[25.992585,43.868529]]}},{"type":"Feature","properties":{"line":"А28","mode":"bus","color":"#119efc","oi":-0.99,"n":3,"sw":1},"geometry":{"type":"LineString","coordinates":[[25.992591,43.868532],[25.992563,43.86852]]}},{"type":"Feature","properties":{"line":"А28","mode":"bus","color":"#119efc","oi":-0.962,"n":3,"sw":1},"geometry":{"type":"LineString","coordinates":[[25.99257,43.868523],[25.992541,43.868511]]}},{"type":"Feature","properties":{"line":"А28","mode":"bus","color":"#119efc","oi":-0.918,"n":3,"sw":1},"geometry":{"type":"LineString","coordinates":[[25.992548,43.868514],[25.99252,43.868503]]}},{"type":"Feature","properties":{"line":"А28","mode":"bus","color":"#119efc","oi":-0.86,"n":3,"sw":1},"geometry":{"type":"LineString","coordinates":[[25.992526,43.868505],[25.992498,43.868494]]}},{"type":"Feature","properties":{"line":"А28","mode":"bus","color":"#119efc","oi":-0.791,"n":3,"sw":1},"geometry":{"type":"LineString","coordinates":[[25.992505,43.868496],[25.992477,43.868485]]}},{"type":"Feature","properties":{"line":"А28","mode":"bus","color":"#119efc","oi":-0.714,"n":3,"sw":1},"geometry":{"type":"LineString","coordinates":[[25.992483,43.868487],[25.992455,43.868476]]}},{"type":"Feature","properties":{"line":"А28","mode":"bus","color":"#119efc","oi":-0.631,"n":3,"sw":1},"geometry":{"type":"LineString","coordinates":[[25.992461,43.868478],[25.992433,43.868467]]}},{"type":"Feature","properties":{"line":"А28","mode":"bus","color":"#119efc","oi":-0.544,"n":3,"sw":1},"geometry":{"type":"LineString","coordinates":[[25.99244,43.86847],[25.992412,43.868458]]}},{"type":"Feature","properties":{"line":"А28","mode":"bus","color":"#119efc","oi":-0.456,"n":3,"sw":1},"geometry":{"type":"LineString","coordinates":[[25.992418,43.868461],[25.99239,43.868449]]}},{"type":"Feature","properties":{"line":"А28","mode":"bus","color":"#119efc","oi":-0.369,"n":3,"sw":1},"geometry":{"type":"LineString","coordinates":[[25.992396,43.868452],[25.992368,43.86844]]}},{"type":"Feature","properties":{"line":"А28","mode":"bus","color":"#119efc","oi":-0.286,"n":3,"sw":1},"geometry":{"type":"LineString","coordinates":[[25.992375,43.868443],[25.992347,43.868431]]}},{"type":"Feature","properties":{"line":"А28","mode":"bus","color":"#119efc","oi":-0.209,"n":3,"sw":1},"geometry":{"type":"LineString","coordinates":[[25.992353,43.868434],[25.992325,43.868422]]}},{"type":"Feature","properties":{"line":"А28","mode":"bus","color":"#119efc","oi":-0.14,"n":3,"sw":1},"geometry":{"type":"LineString","coordinates":[[25.992331,43.868425],[25.992303,43.868413]]}},{"type":"Feature","properties":{"line":"А28","mode":"bus","color":"#119efc","oi":-0.082,"n":3,"sw":1},"geometry":{"type":"LineString","coordinates":[[25.99231,43.868416],[25.992282,43.868404]]}},{"type":"Feature","properties":{"line":"А28","mode":"bus","color":"#119efc","oi":-0.038,"n":3,"sw":1},"geometry":{"type":"LineString","coordinates":[[25.992288,43.868407],[25.99226,43.868395]]}},{"type":"Feature","properties":{"line":"А28","mode":"bus","color":"#119efc","oi":-0.01,"n":3,"sw":1},"geometry":{"type":"LineString","coordinates":[[25.992267,43.868398],[25.992238,43.868387]]}},{"type":"Feature","properties":{"line":"А28","mode":"bus","color":"#119efc","oi":0,"n":3,"sw":1},"geometry":{"type":"LineString","coordinates":[[25.992245,43.868389],[25.99222,43.868379]]}},{"type":"Feature","properties":{"line":"А28","mode":"bus","color":"#119efc","oi":-1,"n":3},"geometry":{"type":"LineString","coordinates":[[26.016662,43.875977],[26.016463,43.876031],[26.016275,43.876005],[26.016195,43.875967],[26.01609,43.87586],[26.015788,43.875656]]}},{"type":"Feature","properties":{"line":"А28","mode":"bus","color":"#119efc","oi":-1,"n":3},"geometry":{"type":"LineString","coordinates":[[26.016676,43.875557],[26.016797,43.875694]]}},{"type":"Feature","properties":{"line":"А28","mode":"bus","color":"#119efc","oi":-0.5,"n":2},"geometry":{"type":"LineString","coordinates":[[26.016286,43.875518],[26.016175,43.875578],[26.016152,43.875585],[26.016127,43.875583],[26.01608,43.87557],[26.01592,43.875489]]}},{"type":"Feature","properties":{"line":"А28","mode":"bus","color":"#119efc","oi":-0.5,"n":2,"sw":1},"geometry":{"type":"LineString","coordinates":[[26.015923,43.87549],[26.015882,43.875469]]}},{"type":"Feature","properties":{"line":"А28","mode":"bus","color":"#119efc","oi":-0.517,"n":2,"sw":1},"geometry":{"type":"LineString","coordinates":[[26.015888,43.875472],[26.015846,43.875451]]}},{"type":"Feature","properties":{"line":"А28","mode":"bus","color":"#119efc","oi":-0.563,"n":2,"sw":1},"geometry":{"type":"LineString","coordinates":[[26.015852,43.875454],[26.015811,43.875433]]}},{"type":"Feature","properties":{"line":"А28","mode":"bus","color":"#119efc","oi":-0.63,"n":2,"sw":1},"geometry":{"type":"LineString","coordinates":[[26.015817,43.875436],[26.015775,43.875415]]}},{"type":"Feature","properties":{"line":"А28","mode":"bus","color":"#119efc","oi":-0.709,"n":2,"sw":1},"geometry":{"type":"LineString","coordinates":[[26.015781,43.875418],[26.01574,43.875397]]}},{"type":"Feature","properties":{"line":"А28","mode":"bus","color":"#119efc","oi":-0.791,"n":2,"sw":1},"geometry":{"type":"LineString","coordinates":[[26.015746,43.8754],[26.015704,43.875379]]}},{"type":"Feature","properties":{"line":"А28","mode":"bus","color":"#119efc","oi":-0.87,"n":2,"sw":1},"geometry":{"type":"LineString","coordinates":[[26.01571,43.875382],[26.015669,43.875361]]}},{"type":"Feature","properties":{"line":"А28","mode":"bus","color":"#119efc","oi":-0.937,"n":2,"sw":1},"geometry":{"type":"LineString","coordinates":[[26.015675,43.875364],[26.015633,43.875343]]}},{"type":"Feature","properties":{"line":"А28","mode":"bus","color":"#119efc","oi":-0.983,"n":2,"sw":1},"geometry":{"type":"LineString","coordinates":[[26.015639,43.875346],[26.015597,43.875325]]}},{"type":"Feature","properties":{"line":"А28","mode":"bus","color":"#119efc","oi":-1,"n":2,"sw":1},"geometry":{"type":"LineString","coordinates":[[26.015604,43.875328],[26.015565,43.875308]]}},{"type":"Feature","properties":{"line":"А28","mode":"bus","color":"#119efc","oi":0,"n":1},"geometry":{"type":"LineString","coordinates":[[26.016286,43.875518],[26.016488,43.875497],[26.016676,43.875557]]}},{"type":"Feature","properties":{"line":"А28","mode":"bus","color":"#119efc","oi":0,"n":1},"geometry":{"type":"LineString","coordinates":[[26.01704,43.875966],[26.0175,43.876658],[26.017746,43.876897],[26.022508,43.880145],[26.022727,43.880255],[26.022787,43.880258],[26.023113,43.8801],[26.023346,43.880054],[26.023359,43.880052],[26.023368,43.880051],[26.023371,43.880052],[26.02337,43.880054],[26.023363,43.880058],[26.023352,43.880064],[26.023204,43.88013],[26.023114,43.880201],[26.022981,43.880408],[26.022967,43.880487],[26.022906,43.880553],[26.022754,43.880599],[26.0226,43.880565],[26.022512,43.880473],[26.022509,43.88039],[26.0224,43.880304],[26.019694,43.878386],[26.017901,43.877226],[26.017477,43.876832],[26.017019,43.876126]]}},{"type":"Feature","properties":{"line":"А28","mode":"bus","color":"#119efc","oi":-1,"n":1,"sw":1},"geometry":{"type":"LineString","coordinates":[[26.016797,43.875694],[26.016813,43.875711]]}},{"type":"Feature","properties":{"line":"А28","mode":"bus","color":"#119efc","oi":-0.99,"n":1,"sw":1},"geometry":{"type":"LineString","coordinates":[[26.016809,43.875707],[26.016827,43.875726]]}},{"type":"Feature","properties":{"line":"А28","mode":"bus","color":"#119efc","oi":-0.962,"n":1,"sw":1},"geometry":{"type":"LineString","coordinates":[[26.016823,43.875722],[26.016841,43.875741]]}},{"type":"Feature","properties":{"line":"А28","mode":"bus","color":"#119efc","oi":-0.918,"n":1,"sw":1},"geometry":{"type":"LineString","coordinates":[[26.016837,43.875737],[26.016855,43.875756]]}},{"type":"Feature","properties":{"line":"А28","mode":"bus","color":"#119efc","oi":-0.86,"n":1,"sw":1},"geometry":{"type":"LineString","coordinates":[[26.01685,43.875752],[26.016868,43.875771]]}},{"type":"Feature","properties":{"line":"А28","mode":"bus","color":"#119efc","oi":-0.791,"n":1,"sw":1},"geometry":{"type":"LineString","coordinates":[[26.016864,43.875766],[26.016882,43.875786]]}},{"type":"Feature","properties":{"line":"А28","mode":"bus","color":"#119efc","oi":-0.714,"n":1,"sw":1},"geometry":{"type":"LineString","coordinates":[[26.016878,43.875781],[26.016896,43.875801]]}},{"type":"Feature","properties":{"line":"А28","mode":"bus","color":"#119efc","oi":-0.631,"n":1,"sw":1},"geometry":{"type":"LineString","coordinates":[[26.016892,43.875796],[26.01691,43.875816]]}},{"type":"Feature","properties":{"line":"А28","mode":"bus","color":"#119efc","oi":-0.544,"n":1,"sw":1},"geometry":{"type":"LineString","coordinates":[[26.016906,43.875811],[26.016924,43.875831]]}},{"type":"Feature","properties":{"line":"А28","mode":"bus","color":"#119efc","oi":-0.456,"n":1,"sw":1},"geometry":{"type":"LineString","coordinates":[[26.01692,43.875826],[26.016938,43.875846]]}},{"type":"Feature","properties":{"line":"А28","mode":"bus","color":"#119efc","oi":-0.369,"n":1,"sw":1},"geometry":{"type":"LineString","coordinates":[[26.016934,43.875841],[26.016952,43.875861]]}},{"type":"Feature","properties":{"line":"А28","mode":"bus","color":"#119efc","oi":-0.286,"n":1,"sw":1},"geometry":{"type":"LineString","coordinates":[[26.016948,43.875856],[26.016966,43.875876]]}},{"type":"Feature","properties":{"line":"А28","mode":"bus","color":"#119efc","oi":-0.209,"n":1,"sw":1},"geometry":{"type":"LineString","coordinates":[[26.016961,43.875871],[26.01698,43.875891]]}},{"type":"Feature","properties":{"line":"А28","mode":"bus","color":"#119efc","oi":-0.14,"n":1,"sw":1},"geometry":{"type":"LineString","coordinates":[[26.016975,43.875886],[26.016993,43.875906]]}},{"type":"Feature","properties":{"line":"А28","mode":"bus","color":"#119efc","oi":-0.082,"n":1,"sw":1},"geometry":{"type":"LineString","coordinates":[[26.016989,43.875901],[26.017007,43.87592]]}},{"type":"Feature","properties":{"line":"А28","mode":"bus","color":"#119efc","oi":-0.038,"n":1,"sw":1},"geometry":{"type":"LineString","coordinates":[[26.017003,43.875916],[26.017018,43.875932],[26.01702,43.875936]]}},{"type":"Feature","properties":{"line":"А28","mode":"bus","color":"#119efc","oi":-0.01,"n":1,"sw":1},"geometry":{"type":"LineString","coordinates":[[26.017017,43.875931],[26.017018,43.875932],[26.017031,43.875952]]}},{"type":"Feature","properties":{"line":"А28","mode":"bus","color":"#119efc","oi":0,"n":1,"sw":1},"geometry":{"type":"LineString","coordinates":[[26.017028,43.875947],[26.017042,43.875968]]}},{"type":"Feature","properties":{"line":"А28","mode":"bus","color":"#119efc","oi":0,"n":1,"sw":1},"geometry":{"type":"LineString","coordinates":[[26.017021,43.876128],[26.017007,43.876107]]}},{"type":"Feature","properties":{"line":"А28","mode":"bus","color":"#119efc","oi":-0.01,"n":1,"sw":1},"geometry":{"type":"LineString","coordinates":[[26.01701,43.876112],[26.016996,43.876091]]}},{"type":"Feature","properties":{"line":"А28","mode":"bus","color":"#119efc","oi":-0.038,"n":1,"sw":1},"geometry":{"type":"LineString","coordinates":[[26.016999,43.876096],[26.016986,43.876075]]}},{"type":"Feature","properties":{"line":"А28","mode":"bus","color":"#119efc","oi":-0.082,"n":1,"sw":1},"geometry":{"type":"LineString","coordinates":[[26.016989,43.87608],[26.016984,43.876072],[26.016968,43.876062]]}},{"type":"Feature","properties":{"line":"А28","mode":"bus","color":"#119efc","oi":-0.14,"n":1,"sw":1},"geometry":{"type":"LineString","coordinates":[[26.016974,43.876066],[26.016949,43.876051]]}},{"type":"Feature","properties":{"line":"А28","mode":"bus","color":"#119efc","oi":-0.209,"n":1,"sw":1},"geometry":{"type":"LineString","coordinates":[[26.016955,43.876054],[26.01693,43.876039]]}},{"type":"Feature","properties":{"line":"А28","mode":"bus","color":"#119efc","oi":-0.286,"n":1,"sw":1},"geometry":{"type":"LineString","coordinates":[[26.016936,43.876043],[26.016911,43.876027]]}},{"type":"Feature","properties":{"line":"А28","mode":"bus","color":"#119efc","oi":-0.369,"n":1,"sw":1},"geometry":{"type":"LineString","coordinates":[[26.016917,43.876031],[26.016892,43.876016]]}},{"type":"Feature","properties":{"line":"А28","mode":"bus","color":"#119efc","oi":-0.456,"n":1,"sw":1},"geometry":{"type":"LineString","coordinates":[[26.016898,43.876019],[26.016873,43.876004]]}},{"type":"Feature","properties":{"line":"А28","mode":"bus","color":"#119efc","oi":-0.544,"n":1,"sw":1},"geometry":{"type":"LineString","coordinates":[[26.016879,43.876008],[26.016854,43.875993]]}},{"type":"Feature","properties":{"line":"А28","mode":"bus","color":"#119efc","oi":-0.631,"n":1,"sw":1},"geometry":{"type":"LineString","coordinates":[[26.01686,43.875996],[26.016843,43.875986],[26.016832,43.875985]]}},{"type":"Feature","properties":{"line":"А28","mode":"bus","color":"#119efc","oi":-0.714,"n":1,"sw":1},"geometry":{"type":"LineString","coordinates":[[26.01684,43.875986],[26.016807,43.875984]]}},{"type":"Feature","properties":{"line":"А28","mode":"bus","color":"#119efc","oi":-0.791,"n":1,"sw":1},"geometry":{"type":"LineString","coordinates":[[26.016815,43.875985],[26.016783,43.875983]]}},{"type":"Feature","properties":{"line":"А28","mode":"bus","color":"#119efc","oi":-0.86,"n":1,"sw":1},"geometry":{"type":"LineString","coordinates":[[26.01679,43.875983],[26.016758,43.875982]]}},{"type":"Feature","properties":{"line":"А28","mode":"bus","color":"#119efc","oi":-0.918,"n":1,"sw":1},"geometry":{"type":"LineString","coordinates":[[26.016765,43.875982],[26.016733,43.875981]]}},{"type":"Feature","properties":{"line":"А28","mode":"bus","color":"#119efc","oi":-0.962,"n":1,"sw":1},"geometry":{"type":"LineString","coordinates":[[26.01674,43.875981],[26.016708,43.875979]]}},{"type":"Feature","properties":{"line":"А28","mode":"bus","color":"#119efc","oi":-0.99,"n":1,"sw":1},"geometry":{"type":"LineString","coordinates":[[26.016715,43.87598],[26.016683,43.875978]]}},{"type":"Feature","properties":{"line":"А28","mode":"bus","color":"#119efc","oi":-1,"n":1,"sw":1},"geometry":{"type":"LineString","coordinates":[[26.016691,43.875978],[26.016662,43.875977]]}},{"type":"Feature","properties":{"line":"А28","mode":"bus","color":"#119efc","oi":0,"n":1},"geometry":{"type":"LineString","coordinates":[[26.038483,43.870291],[26.037488,43.871427],[26.036591,43.872387],[26.035712,43.873023],[26.033828,43.874313],[26.028714,43.877711],[26.025891,43.879451],[26.025305,43.8797],[26.023981,43.879973],[26.023394,43.880045]]}},{"type":"Feature","properties":{"line":"А28","mode":"bus","color":"#119efc","oi":0,"n":1},"geometry":{"type":"LineString","coordinates":[[26.015788,43.875656],[26.01567,43.875678],[26.015646,43.875679],[26.015625,43.875671],[26.015589,43.875648],[26.015468,43.875482],[26.015466,43.875394]]}},{"type":"Feature","properties":{"line":"А28","mode":"bus","color":"#119efc","oi":-1.5,"n":4},"geometry":{"type":"LineString","coordinates":[[26.015466,43.875394],[26.013972,43.874587],[26.013564,43.874414],[26.01298,43.874238],[26.009257,43.873553],[26.008755,43.873443],[26.008657,43.873479],[26.008564,43.873483],[26.008404,43.873418],[26.008356,43.873346],[26.007928,43.87321],[25.999947,43.871799],[25.999485,43.871689],[25.999179,43.871579],[25.998308,43.871189],[25.994368,43.869384],[25.992529,43.868645]]}},{"type":"Feature","properties":{"line":"А28","mode":"bus","color":"#119efc","oi":-1.5,"n":4,"sw":1},"geometry":{"type":"LineString","coordinates":[[25.992532,43.868646],[25.992511,43.868637]]}},{"type":"Feature","properties":{"line":"А28","mode":"bus","color":"#119efc","oi":-1.493,"n":4,"sw":1},"geometry":{"type":"LineString","coordinates":[[25.992517,43.86864],[25.992496,43.868631]]}},{"type":"Feature","properties":{"line":"А28","mode":"bus","color":"#119efc","oi":-1.473,"n":4,"sw":1},"geometry":{"type":"LineString","coordinates":[[25.992502,43.868634],[25.99248,43.868625]]}},{"type":"Feature","properties":{"line":"А28","mode":"bus","color":"#119efc","oi":-1.44,"n":4,"sw":1},"geometry":{"type":"LineString","coordinates":[[25.992487,43.868628],[25.992465,43.868619]]}},{"type":"Feature","properties":{"line":"А28","mode":"bus","color":"#119efc","oi":-1.397,"n":4,"sw":1},"geometry":{"type":"LineString","coordinates":[[25.992472,43.868622],[25.99245,43.868613]]}},{"type":"Feature","properties":{"line":"А28","mode":"bus","color":"#119efc","oi":-1.344,"n":4,"sw":1},"geometry":{"type":"LineString","coordinates":[[25.992457,43.868616],[25.992435,43.868607]]}},{"type":"Feature","properties":{"line":"А28","mode":"bus","color":"#119efc","oi":-1.282,"n":4,"sw":1},"geometry":{"type":"LineString","coordinates":[[25.992442,43.86861],[25.99242,43.868601]]}},{"type":"Feature","properties":{"line":"А28","mode":"bus","color":"#119efc","oi":-1.213,"n":4,"sw":1},"geometry":{"type":"LineString","coordinates":[[25.992427,43.868603],[25.992405,43.868595]]}},{"type":"Feature","properties":{"line":"А28","mode":"bus","color":"#119efc","oi":-1.138,"n":4,"sw":1},"geometry":{"type":"LineString","coordinates":[[25.992412,43.868597],[25.99239,43.868589]]}},{"type":"Feature","properties":{"line":"А28","mode":"bus","color":"#119efc","oi":-1.057,"n":4,"sw":1},"geometry":{"type":"LineString","coordinates":[[25.992397,43.868591],[25.992375,43.868583]]}},{"type":"Feature","properties":{"line":"А28","mode":"bus","color":"#119efc","oi":-0.972,"n":4,"sw":1},"geometry":{"type":"LineString","coordinates":[[25.992381,43.868585],[25.99236,43.868577]]}},{"type":"Feature","properties":{"line":"А28","mode":"bus","color":"#119efc","oi":-0.884,"n":4,"sw":1},"geometry":{"type":"LineString","coordinates":[[25.992366,43.868579],[25.992345,43.868571]]}},{"type":"Feature","properties":{"line":"А28","mode":"bus","color":"#119efc","oi":-0.795,"n":4,"sw":1},"geometry":{"type":"LineString","coordinates":[[25.992351,43.868573],[25.99233,43.868564]]}},{"type":"Feature","properties":{"line":"А28","mode":"bus","color":"#119efc","oi":-0.705,"n":4,"sw":1},"geometry":{"type":"LineString","coordinates":[[25.992336,43.868567],[25.992315,43.868558]]}},{"type":"Feature","properties":{"line":"А28","mode":"bus","color":"#119efc","oi":-0.616,"n":4,"sw":1},"geometry":{"type":"LineString","coordinates":[[25.992321,43.868561],[25.9923,43.868552]]}},{"type":"Feature","properties":{"line":"А28","mode":"bus","color":"#119efc","oi":-0.528,"n":4,"sw":1},"geometry":{"type":"LineString","coordinates":[[25.992306,43.868555],[25.992284,43.868546]]}},{"type":"Feature","properties":{"line":"А28","mode":"bus","color":"#119efc","oi":-0.443,"n":4,"sw":1},"geometry":{"type":"LineString","coordinates":[[25.992291,43.868549],[25.992269,43.86854]]}},{"type":"Feature","properties":{"line":"А28","mode":"bus","color":"#119efc","oi":-0.362,"n":4,"sw":1},"geometry":{"type":"LineString","coordinates":[[25.992276,43.868543],[25.992254,43.868534]]}},{"type":"Feature","properties":{"line":"А28","mode":"bus","color":"#119efc","oi":-0.287,"n":4,"sw":1},"geometry":{"type":"LineString","coordinates":[[25.992261,43.868537],[25.992239,43.868528]]}},{"type":"Feature","properties":{"line":"А28","mode":"bus","color":"#119efc","oi":-0.218,"n":4,"sw":1},"geometry":{"type":"LineString","coordinates":[[25.992246,43.868531],[25.992224,43.868522]]}},{"type":"Feature","properties":{"line":"А28","mode":"bus","color":"#119efc","oi":-0.156,"n":4,"sw":1},"geometry":{"type":"LineString","coordinates":[[25.992231,43.868525],[25.992209,43.868516]]}},{"type":"Feature","properties":{"line":"А28","mode":"bus","color":"#119efc","oi":-0.103,"n":4,"sw":1},"geometry":{"type":"LineString","coordinates":[[25.992216,43.868519],[25.992194,43.86851]]}},{"type":"Feature","properties":{"line":"А28","mode":"bus","color":"#119efc","oi":-0.06,"n":4,"sw":1},"geometry":{"type":"LineString","coordinates":[[25.992201,43.868513],[25.992179,43.868504]]}},{"type":"Feature","properties":{"line":"А28","mode":"bus","color":"#119efc","oi":-0.027,"n":4,"sw":1},"geometry":{"type":"LineString","coordinates":[[25.992185,43.868506],[25.992164,43.868498]]}},{"type":"Feature","properties":{"line":"А28","mode":"bus","color":"#119efc","oi":-0.007,"n":4,"sw":1},"geometry":{"type":"LineString","coordinates":[[25.99217,43.8685],[25.992149,43.868492]]}},{"type":"Feature","properties":{"line":"А28","mode":"bus","color":"#119efc","oi":0,"n":4,"sw":1},"geometry":{"type":"LineString","coordinates":[[25.992155,43.868494],[25.992137,43.868487]]}},{"type":"Feature","properties":{"line":"А28","mode":"bus","color":"#119efc","oi":-0.5,"n":4},"geometry":{"type":"LineString","coordinates":[[25.967551,43.824873],[25.967718,43.824945]]}},{"type":"Feature","properties":{"line":"А28","mode":"bus","color":"#119efc","oi":0,"n":4,"sw":1},"geometry":{"type":"LineString","coordinates":[[25.967167,43.824706],[25.967209,43.824724]]}},{"type":"Feature","properties":{"line":"А28","mode":"bus","color":"#119efc","oi":-0.017,"n":4,"sw":1},"geometry":{"type":"LineString","coordinates":[[25.967202,43.824721],[25.967247,43.824741]]}},{"type":"Feature","properties":{"line":"А28","mode":"bus","color":"#119efc","oi":-0.063,"n":4,"sw":1},"geometry":{"type":"LineString","coordinates":[[25.967241,43.824738],[25.967286,43.824757]]}},{"type":"Feature","properties":{"line":"А28","mode":"bus","color":"#119efc","oi":-0.13,"n":4,"sw":1},"geometry":{"type":"LineString","coordinates":[[25.967279,43.824755],[25.967324,43.824774]]}},{"type":"Feature","properties":{"line":"А28","mode":"bus","color":"#119efc","oi":-0.209,"n":4,"sw":1},"geometry":{"type":"LineString","coordinates":[[25.967318,43.824771],[25.967362,43.824791]]}},{"type":"Feature","properties":{"line":"А28","mode":"bus","color":"#119efc","oi":-0.291,"n":4,"sw":1},"geometry":{"type":"LineString","coordinates":[[25.967356,43.824788],[25.967401,43.824808]]}},{"type":"Feature","properties":{"line":"А28","mode":"bus","color":"#119efc","oi":-0.37,"n":4,"sw":1},"geometry":{"type":"LineString","coordinates":[[25.967394,43.824805],[25.967439,43.824824]]}},{"type":"Feature","properties":{"line":"А28","mode":"bus","color":"#119efc","oi":-0.437,"n":4,"sw":1},"geometry":{"type":"LineString","coordinates":[[25.967433,43.824821],[25.967478,43.824841]]}},{"type":"Feature","properties":{"line":"А28","mode":"bus","color":"#119efc","oi":-0.483,"n":4,"sw":1},"geometry":{"type":"LineString","coordinates":[[25.967471,43.824838],[25.967516,43.824858]]}},{"type":"Feature","properties":{"line":"А28","mode":"bus","color":"#119efc","oi":-0.5,"n":4,"sw":1},"geometry":{"type":"LineString","coordinates":[[25.96751,43.824855],[25.967555,43.824874]]}},{"type":"Feature","properties":{"line":"А28","mode":"bus","color":"#119efc","oi":-0.5,"n":4,"sw":1},"geometry":{"type":"LineString","coordinates":[[25.967714,43.824944],[25.967759,43.824963]]}},{"type":"Feature","properties":{"line":"А28","mode":"bus","color":"#119efc","oi":-0.483,"n":4,"sw":1},"geometry":{"type":"LineString","coordinates":[[25.967753,43.82496],[25.967798,43.82498]]}},{"type":"Feature","properties":{"line":"А28","mode":"bus","color":"#119efc","oi":-0.437,"n":4,"sw":1},"geometry":{"type":"LineString","coordinates":[[25.967791,43.824977],[25.967836,43.824997]]}},{"type":"Feature","properties":{"line":"А28","mode":"bus","color":"#119efc","oi":-0.37,"n":4,"sw":1},"geometry":{"type":"LineString","coordinates":[[25.96783,43.824994],[25.967875,43.825013]]}},{"type":"Feature","properties":{"line":"А28","mode":"bus","color":"#119efc","oi":-0.291,"n":4,"sw":1},"geometry":{"type":"LineString","coordinates":[[25.967868,43.82501],[25.967913,43.82503]]}},{"type":"Feature","properties":{"line":"А28","mode":"bus","color":"#119efc","oi":-0.209,"n":4,"sw":1},"geometry":{"type":"LineString","coordinates":[[25.967907,43.825027],[25.967951,43.825047]]}},{"type":"Feature","properties":{"line":"А28","mode":"bus","color":"#119efc","oi":-0.13,"n":4,"sw":1},"geometry":{"type":"LineString","coordinates":[[25.967945,43.825044],[25.96799,43.825063]]}},{"type":"Feature","properties":{"line":"А28","mode":"bus","color":"#119efc","oi":-0.063,"n":4,"sw":1},"geometry":{"type":"LineString","coordinates":[[25.967983,43.825061],[25.968028,43.82508]]}},{"type":"Feature","properties":{"line":"А28","mode":"bus","color":"#119efc","oi":-0.017,"n":4,"sw":1},"geometry":{"type":"LineString","coordinates":[[25.968022,43.825077],[25.968067,43.825097]]}},{"type":"Feature","properties":{"line":"А28","mode":"bus","color":"#119efc","oi":0,"n":4,"sw":1},"geometry":{"type":"LineString","coordinates":[[25.96806,43.825094],[25.968102,43.825112]]}},{"type":"Feature","properties":{"line":"А28","mode":"bus","color":"#119efc","oi":0,"n":4,"sw":1},"geometry":{"type":"LineString","coordinates":[[25.973814,43.858652],[25.973828,43.858658]]}},{"type":"Feature","properties":{"line":"А28","mode":"bus","color":"#119efc","oi":0.13,"n":4,"sw":1},"geometry":{"type":"LineString","coordinates":[[25.973822,43.858655],[25.973839,43.858663]]}},{"type":"Feature","properties":{"line":"А28","mode":"bus","color":"#119efc","oi":0.37,"n":4,"sw":1},"geometry":{"type":"LineString","coordinates":[[25.973832,43.85866],[25.973849,43.858668]]}},{"type":"Feature","properties":{"line":"А28","mode":"bus","color":"#119efc","oi":0.5,"n":4,"sw":1},"geometry":{"type":"LineString","coordinates":[[25.973843,43.858665],[25.97386,43.858672]]}},{"type":"Feature","properties":{"line":"А28","mode":"bus","color":"#119efc","oi":0.5,"n":4,"sw":1},"geometry":{"type":"LineString","coordinates":[[25.973854,43.85867],[25.973871,43.858677]]}},{"type":"Feature","properties":{"line":"А28","mode":"bus","color":"#119efc","oi":0.37,"n":4,"sw":1},"geometry":{"type":"LineString","coordinates":[[25.973865,43.858674],[25.973882,43.858682]]}},{"type":"Feature","properties":{"line":"А28","mode":"bus","color":"#119efc","oi":0.13,"n":4,"sw":1},"geometry":{"type":"LineString","coordinates":[[25.973875,43.858679],[25.973892,43.858687]]}},{"type":"Feature","properties":{"line":"А28","mode":"bus","color":"#119efc","oi":0,"n":4,"sw":1},"geometry":{"type":"LineString","coordinates":[[25.973886,43.858684],[25.9739,43.85869]]}},{"type":"Feature","properties":{"line":"А28","mode":"bus","color":"#119efc","oi":1.5,"n":4},"geometry":{"type":"LineString","coordinates":[[25.968691,43.831264],[25.969911,43.832017],[25.970033,43.832111]]}},{"type":"Feature","properties":{"line":"А28","mode":"bus","color":"#119efc","oi":0,"n":4,"sw":1},"geometry":{"type":"LineString","coordinates":[[25.96835,43.831053],[25.968366,43.831063]]}},{"type":"Feature","properties":{"line":"А28","mode":"bus","color":"#119efc","oi":0.007,"n":4,"sw":1},"geometry":{"type":"LineString","coordinates":[[25.96836,43.831059],[25.968379,43.831071]]}},{"type":"Feature","properties":{"line":"А28","mode":"bus","color":"#119efc","oi":0.027,"n":4,"sw":1},"geometry":{"type":"LineString","coordinates":[[25.968373,43.831067],[25.968392,43.831079]]}},{"type":"Feature","properties":{"line":"А28","mode":"bus","color":"#119efc","oi":0.06,"n":4,"sw":1},"geometry":{"type":"LineString","coordinates":[[25.968386,43.831076],[25.968405,43.831087]]}},{"type":"Feature","properties":{"line":"А28","mode":"bus","color":"#119efc","oi":0.103,"n":4,"sw":1},"geometry":{"type":"LineString","coordinates":[[25.9684,43.831084],[25.968418,43.831095]]}},{"type":"Feature","properties":{"line":"А28","mode":"bus","color":"#119efc","oi":0.156,"n":4,"sw":1},"geometry":{"type":"LineString","coordinates":[[25.968413,43.831092],[25.968432,43.831103]]}},{"type":"Feature","properties":{"line":"А28","mode":"bus","color":"#119efc","oi":0.218,"n":4,"sw":1},"geometry":{"type":"LineString","coordinates":[[25.968426,43.8311],[25.968445,43.831111]]}},{"type":"Feature","properties":{"line":"А28","mode":"bus","color":"#119efc","oi":0.287,"n":4,"sw":1},"geometry":{"type":"LineString","coordinates":[[25.968439,43.831108],[25.968458,43.83112]]}},{"type":"Feature","properties":{"line":"А28","mode":"bus","color":"#119efc","oi":0.362,"n":4,"sw":1},"geometry":{"type":"LineString","coordinates":[[25.968452,43.831116],[25.968471,43.831128]]}},{"type":"Feature","properties":{"line":"А28","mode":"bus","color":"#119efc","oi":0.443,"n":4,"sw":1},"geometry":{"type":"LineString","coordinates":[[25.968465,43.831124],[25.968484,43.831136]]}},{"type":"Feature","properties":{"line":"А28","mode":"bus","color":"#119efc","oi":0.528,"n":4,"sw":1},"geometry":{"type":"LineString","coordinates":[[25.968478,43.831132],[25.968497,43.831144]]}},{"type":"Feature","properties":{"line":"А28","mode":"bus","color":"#119efc","oi":0.616,"n":4,"sw":1},"geometry":{"type":"LineString","coordinates":[[25.968491,43.83114],[25.96851,43.831152]]}},{"type":"Feature","properties":{"line":"А28","mode":"bus","color":"#119efc","oi":0.705,"n":4,"sw":1},"geometry":{"type":"LineString","coordinates":[[25.968505,43.831148],[25.968523,43.83116]]}},{"type":"Feature","properties":{"line":"А28","mode":"bus","color":"#119efc","oi":0.795,"n":4,"sw":1},"geometry":{"type":"LineString","coordinates":[[25.968518,43.831157],[25.968536,43.831168]]}},{"type":"Feature","properties":{"line":"А28","mode":"bus","color":"#119efc","oi":0.884,"n":4,"sw":1},"geometry":{"type":"LineString","coordinates":[[25.968531,43.831165],[25.96855,43.831176]]}},{"type":"Feature","properties":{"line":"А28","mode":"bus","color":"#119efc","oi":0.972,"n":4,"sw":1},"geometry":{"type":"LineString","coordinates":[[25.968544,43.831173],[25.968563,43.831184]]}},{"type":"Feature","properties":{"line":"А28","mode":"bus","color":"#119efc","oi":1.057,"n":4,"sw":1},"geometry":{"type":"LineString","coordinates":[[25.968557,43.831181],[25.968576,43.831192]]}},{"type":"Feature","properties":{"line":"А28","mode":"bus","color":"#119efc","oi":1.138,"n":4,"sw":1},"geometry":{"type":"LineString","coordinates":[[25.96857,43.831189],[25.968589,43.831201]]}},{"type":"Feature","properties":{"line":"А28","mode":"bus","color":"#119efc","oi":1.213,"n":4,"sw":1},"geometry":{"type":"LineString","coordinates":[[25.968583,43.831197],[25.968602,43.831209]]}},{"type":"Feature","properties":{"line":"А28","mode":"bus","color":"#119efc","oi":1.282,"n":4,"sw":1},"geometry":{"type":"LineString","coordinates":[[25.968596,43.831205],[25.968615,43.831217]]}},{"type":"Feature","properties":{"line":"А28","mode":"bus","color":"#119efc","oi":1.344,"n":4,"sw":1},"geometry":{"type":"LineString","coordinates":[[25.968609,43.831213],[25.968628,43.831225]]}},{"type":"Feature","properties":{"line":"А28","mode":"bus","color":"#119efc","oi":1.397,"n":4,"sw":1},"geometry":{"type":"LineString","coordinates":[[25.968623,43.831221],[25.968641,43.831233]]}},{"type":"Feature","properties":{"line":"А28","mode":"bus","color":"#119efc","oi":1.44,"n":4,"sw":1},"geometry":{"type":"LineString","coordinates":[[25.968636,43.831229],[25.968654,43.831241]]}},{"type":"Feature","properties":{"line":"А28","mode":"bus","color":"#119efc","oi":1.473,"n":4,"sw":1},"geometry":{"type":"LineString","coordinates":[[25.968649,43.831238],[25.968668,43.831249]]}},{"type":"Feature","properties":{"line":"А28","mode":"bus","color":"#119efc","oi":1.493,"n":4,"sw":1},"geometry":{"type":"LineString","coordinates":[[25.968662,43.831246],[25.968681,43.831257]]}},{"type":"Feature","properties":{"line":"А28","mode":"bus","color":"#119efc","oi":1.5,"n":4,"sw":1},"geometry":{"type":"LineString","coordinates":[[25.968675,43.831254],[25.968694,43.831265]]}},{"type":"Feature","properties":{"line":"А28","mode":"bus","color":"#119efc","oi":1.5,"n":4,"sw":1},"geometry":{"type":"LineString","coordinates":[[25.97003,43.832109],[25.970047,43.832122]]}},{"type":"Feature","properties":{"line":"А28","mode":"bus","color":"#119efc","oi":1.493,"n":4,"sw":1},"geometry":{"type":"LineString","coordinates":[[25.970042,43.832118],[25.970059,43.832131]]}},{"type":"Feature","properties":{"line":"А28","mode":"bus","color":"#119efc","oi":1.473,"n":4,"sw":1},"geometry":{"type":"LineString","coordinates":[[25.970054,43.832127],[25.970071,43.83214]]}},{"type":"Feature","properties":{"line":"А28","mode":"bus","color":"#119efc","oi":1.44,"n":4,"sw":1},"geometry":{"type":"LineString","coordinates":[[25.970066,43.832136],[25.970083,43.832149]]}},{"type":"Feature","properties":{"line":"А28","mode":"bus","color":"#119efc","oi":1.397,"n":4,"sw":1},"geometry":{"type":"LineString","coordinates":[[25.970078,43.832145],[25.970095,43.832158]]}},{"type":"Feature","properties":{"line":"А28","mode":"bus","color":"#119efc","oi":1.344,"n":4,"sw":1},"geometry":{"type":"LineString","coordinates":[[25.970089,43.832154],[25.970106,43.832167]]}},{"type":"Feature","properties":{"line":"А28","mode":"bus","color":"#119efc","oi":1.282,"n":4,"sw":1},"geometry":{"type":"LineString","coordinates":[[25.970101,43.832163],[25.970118,43.832176]]}},{"type":"Feature","properties":{"line":"А28","mode":"bus","color":"#119efc","oi":1.213,"n":4,"sw":1},"geometry":{"type":"LineString","coordinates":[[25.970113,43.832172],[25.97013,43.832185]]}},{"type":"Feature","properties":{"line":"А28","mode":"bus","color":"#119efc","oi":1.138,"n":4,"sw":1},"geometry":{"type":"LineString","coordinates":[[25.970125,43.832182],[25.970142,43.832195]]}},{"type":"Feature","properties":{"line":"А28","mode":"bus","color":"#119efc","oi":1.057,"n":4,"sw":1},"geometry":{"type":"LineString","coordinates":[[25.970137,43.832191],[25.970154,43.832204]]}},{"type":"Feature","properties":{"line":"А28","mode":"bus","color":"#119efc","oi":0.972,"n":4,"sw":1},"geometry":{"type":"LineString","coordinates":[[25.970148,43.8322],[25.970165,43.832213]]}},{"type":"Feature","properties":{"line":"А28","mode":"bus","color":"#119efc","oi":0.884,"n":4,"sw":1},"geometry":{"type":"LineString","coordinates":[[25.97016,43.832209],[25.970177,43.832222]]}},{"type":"Feature","properties":{"line":"А28","mode":"bus","color":"#119efc","oi":0.795,"n":4,"sw":1},"geometry":{"type":"LineString","coordinates":[[25.970172,43.832218],[25.970189,43.832231]]}},{"type":"Feature","properties":{"line":"А28","mode":"bus","color":"#119efc","oi":0.705,"n":4,"sw":1},"geometry":{"type":"LineString","coordinates":[[25.970184,43.832227],[25.970201,43.83224]]}},{"type":"Feature","properties":{"line":"А28","mode":"bus","color":"#119efc","oi":0.616,"n":4,"sw":1},"geometry":{"type":"LineString","coordinates":[[25.970196,43.832236],[25.970213,43.832249]]}},{"type":"Feature","properties":{"line":"А28","mode":"bus","color":"#119efc","oi":0.528,"n":4,"sw":1},"geometry":{"type":"LineString","coordinates":[[25.970208,43.832245],[25.970224,43.832258]]}},{"type":"Feature","properties":{"line":"А28","mode":"bus","color":"#119efc","oi":0.443,"n":4,"sw":1},"geometry":{"type":"LineString","coordinates":[[25.970219,43.832254],[25.970236,43.832267]]}},{"type":"Feature","properties":{"line":"А28","mode":"bus","color":"#119efc","oi":0.362,"n":4,"sw":1},"geometry":{"type":"LineString","coordinates":[[25.970231,43.832263],[25.970248,43.832276]]}},{"type":"Feature","properties":{"line":"А28","mode":"bus","color":"#119efc","oi":0.287,"n":4,"sw":1},"geometry":{"type":"LineString","coordinates":[[25.970243,43.832272],[25.97026,43.832285]]}},{"type":"Feature","properties":{"line":"А28","mode":"bus","color":"#119efc","oi":0.218,"n":4,"sw":1},"geometry":{"type":"LineString","coordinates":[[25.970255,43.832281],[25.970272,43.832294]]}},{"type":"Feature","properties":{"line":"А28","mode":"bus","color":"#119efc","oi":0.156,"n":4,"sw":1},"geometry":{"type":"LineString","coordinates":[[25.970267,43.832291],[25.970284,43.832304]]}},{"type":"Feature","properties":{"line":"А28","mode":"bus","color":"#119efc","oi":0.103,"n":4,"sw":1},"geometry":{"type":"LineString","coordinates":[[25.970278,43.8323],[25.970295,43.832313]]}},{"type":"Feature","properties":{"line":"А28","mode":"bus","color":"#119efc","oi":0.06,"n":4,"sw":1},"geometry":{"type":"LineString","coordinates":[[25.97029,43.832309],[25.970307,43.832322]]}},{"type":"Feature","properties":{"line":"А28","mode":"bus","color":"#119efc","oi":0.027,"n":4,"sw":1},"geometry":{"type":"LineString","coordinates":[[25.970302,43.832318],[25.970319,43.832331]]}},{"type":"Feature","properties":{"line":"А28","mode":"bus","color":"#119efc","oi":0.007,"n":4,"sw":1},"geometry":{"type":"LineString","coordinates":[[25.970314,43.832327],[25.970331,43.83234]]}},{"type":"Feature","properties":{"line":"А28","mode":"bus","color":"#119efc","oi":0,"n":4,"sw":1},"geometry":{"type":"LineString","coordinates":[[25.970326,43.832336],[25.97034,43.832347]]}},{"type":"Feature","properties":{"line":"А12","mode":"bus","color":"#5d8606","oi":0,"n":3},"geometry":{"type":"LineString","coordinates":[[26.016662,43.875977],[26.016463,43.876031],[26.016275,43.876005],[26.016195,43.875967],[26.01609,43.87586],[26.015788,43.875656]]}},{"type":"Feature","properties":{"line":"А12","mode":"bus","color":"#5d8606","oi":0,"n":3},"geometry":{"type":"LineString","coordinates":[[26.016676,43.875557],[26.016797,43.875694]]}},{"type":"Feature","properties":{"line":"А12","mode":"bus","color":"#5d8606","oi":0,"n":2,"sw":1},"geometry":{"type":"LineString","coordinates":[[26.016797,43.875694],[26.016796,43.875712]]}},{"type":"Feature","properties":{"line":"А12","mode":"bus","color":"#5d8606","oi":-0.017,"n":2,"sw":1},"geometry":{"type":"LineString","coordinates":[[26.016796,43.875707],[26.016795,43.875728]]}},{"type":"Feature","properties":{"line":"А12","mode":"bus","color":"#5d8606","oi":-0.063,"n":2,"sw":1},"geometry":{"type":"LineString","coordinates":[[26.016796,43.875723],[26.016794,43.875744]]}},{"type":"Feature","properties":{"line":"А12","mode":"bus","color":"#5d8606","oi":-0.13,"n":2,"sw":1},"geometry":{"type":"LineString","coordinates":[[26.016795,43.875738],[26.016794,43.875759]]}},{"type":"Feature","properties":{"line":"А12","mode":"bus","color":"#5d8606","oi":-0.209,"n":2,"sw":1},"geometry":{"type":"LineString","coordinates":[[26.016794,43.875754],[26.016793,43.875775]]}},{"type":"Feature","properties":{"line":"А12","mode":"bus","color":"#5d8606","oi":-0.291,"n":2,"sw":1},"geometry":{"type":"LineString","coordinates":[[26.016793,43.875769],[26.016792,43.875791]]}},{"type":"Feature","properties":{"line":"А12","mode":"bus","color":"#5d8606","oi":-0.37,"n":2,"sw":1},"geometry":{"type":"LineString","coordinates":[[26.016792,43.875785],[26.016791,43.875806]]}},{"type":"Feature","properties":{"line":"А12","mode":"bus","color":"#5d8606","oi":-0.437,"n":2,"sw":1},"geometry":{"type":"LineString","coordinates":[[26.016792,43.875801],[26.01679,43.875822]]}},{"type":"Feature","properties":{"line":"А12","mode":"bus","color":"#5d8606","oi":-0.483,"n":2,"sw":1},"geometry":{"type":"LineString","coordinates":[[26.016791,43.875816],[26.01679,43.875837]]}},{"type":"Feature","properties":{"line":"А12","mode":"bus","color":"#5d8606","oi":-0.5,"n":2,"sw":1},"geometry":{"type":"LineString","coordinates":[[26.01679,43.875832],[26.016789,43.875851],[26.016787,43.875853]]}},{"type":"Feature","properties":{"line":"А12","mode":"bus","color":"#5d8606","oi":-0.5,"n":2,"sw":1},"geometry":{"type":"LineString","coordinates":[[26.016789,43.875848],[26.016789,43.875851],[26.016775,43.875865]]}},{"type":"Feature","properties":{"line":"А12","mode":"bus","color":"#5d8606","oi":-0.483,"n":2,"sw":1},"geometry":{"type":"LineString","coordinates":[[26.016779,43.875861],[26.016762,43.875878]]}},{"type":"Feature","properties":{"line":"А12","mode":"bus","color":"#5d8606","oi":-0.437,"n":2,"sw":1},"geometry":{"type":"LineString","coordinates":[[26.016766,43.875874],[26.016749,43.875891]]}},{"type":"Feature","properties":{"line":"А12","mode":"bus","color":"#5d8606","oi":-0.37,"n":2,"sw":1},"geometry":{"type":"LineString","coordinates":[[26.016753,43.875886],[26.016736,43.875903]]}},{"type":"Feature","properties":{"line":"А12","mode":"bus","color":"#5d8606","oi":-0.291,"n":2,"sw":1},"geometry":{"type":"LineString","coordinates":[[26.016741,43.875899],[26.016724,43.875916]]}},{"type":"Feature","properties":{"line":"А12","mode":"bus","color":"#5d8606","oi":-0.209,"n":2,"sw":1},"geometry":{"type":"LineString","coordinates":[[26.016728,43.875912],[26.016711,43.875929]]}},{"type":"Feature","properties":{"line":"А12","mode":"bus","color":"#5d8606","oi":-0.13,"n":2,"sw":1},"geometry":{"type":"LineString","coordinates":[[26.016715,43.875924],[26.016698,43.875941]]}},{"type":"Feature","properties":{"line":"А12","mode":"bus","color":"#5d8606","oi":-0.063,"n":2,"sw":1},"geometry":{"type":"LineString","coordinates":[[26.016702,43.875937],[26.016685,43.875954]]}},{"type":"Feature","properties":{"line":"А12","mode":"bus","color":"#5d8606","oi":-0.017,"n":2,"sw":1},"geometry":{"type":"LineString","coordinates":[[26.01669,43.87595],[26.016673,43.875967]]}},{"type":"Feature","properties":{"line":"А12","mode":"bus","color":"#5d8606","oi":0,"n":2,"sw":1},"geometry":{"type":"LineString","coordinates":[[26.016677,43.875962],[26.016662,43.875977]]}},{"type":"Feature","properties":{"line":"А12","mode":"bus","color":"#5d8606","oi":-0.5,"n":2},"geometry":{"type":"LineString","coordinates":[[26.015173,43.862445],[26.016241,43.873522],[26.01615,43.874357],[26.016187,43.87454],[26.016509,43.875257]]}},{"type":"Feature","properties":{"line":"А12","mode":"bus","color":"#5d8606","oi":-0.5,"n":2,"sw":1},"geometry":{"type":"LineString","coordinates":[[26.016508,43.875255],[26.016524,43.87529]]}},{"type":"Feature","properties":{"line":"А12","mode":"bus","color":"#5d8606","oi":-0.483,"n":2,"sw":1},"geometry":{"type":"LineString","coordinates":[[26.016522,43.875285],[26.016538,43.875321]]}},{"type":"Feature","properties":{"line":"А12","mode":"bus","color":"#5d8606","oi":-0.437,"n":2,"sw":1},"geometry":{"type":"LineString","coordinates":[[26.016535,43.875316],[26.016552,43.875352]]}},{"type":"Feature","properties":{"line":"А12","mode":"bus","color":"#5d8606","oi":-0.37,"n":2,"sw":1},"geometry":{"type":"LineString","coordinates":[[26.016549,43.875347],[26.016565,43.875383]]}},{"type":"Feature","properties":{"line":"А12","mode":"bus","color":"#5d8606","oi":-0.291,"n":2,"sw":1},"geometry":{"type":"LineString","coordinates":[[26.016563,43.875378],[26.016574,43.875402],[26.016581,43.875413]]}},{"type":"Feature","properties":{"line":"А12","mode":"bus","color":"#5d8606","oi":-0.209,"n":2,"sw":1},"geometry":{"type":"LineString","coordinates":[[26.016578,43.875408],[26.016601,43.875442]]}},{"type":"Feature","properties":{"line":"А12","mode":"bus","color":"#5d8606","oi":-0.13,"n":2,"sw":1},"geometry":{"type":"LineString","coordinates":[[26.016597,43.875438],[26.01662,43.875472]]}},{"type":"Feature","properties":{"line":"А12","mode":"bus","color":"#5d8606","oi":-0.063,"n":2,"sw":1},"geometry":{"type":"LineString","coordinates":[[26.016617,43.875467],[26.016639,43.875501]]}},{"type":"Feature","properties":{"line":"А12","mode":"bus","color":"#5d8606","oi":-0.017,"n":2,"sw":1},"geometry":{"type":"LineString","coordinates":[[26.016636,43.875496],[26.016658,43.87553]]}},{"type":"Feature","properties":{"line":"А12","mode":"bus","color":"#5d8606","oi":0,"n":2,"sw":1},"geometry":{"type":"LineString","coordinates":[[26.016655,43.875525],[26.016676,43.875557]]}},{"type":"Feature","properties":{"line":"А12","mode":"bus","color":"#5d8606","oi":-0.5,"n":2},"geometry":{"type":"LineString","coordinates":[[26.015496,43.875412],[26.015466,43.875394],[26.013972,43.874587],[26.013564,43.874414],[26.01298,43.874238],[26.009257,43.873553],[26.008755,43.873443],[26.008657,43.873479],[26.008564,43.873483],[26.008404,43.873418],[26.008356,43.873346],[26.007928,43.87321],[25.999947,43.871799],[25.999485,43.871689],[25.999179,43.871579],[25.998308,43.871189],[25.994368,43.869384],[25.992137,43.868487]]}},{"type":"Feature","properties":{"line":"А12","mode":"bus","color":"#5d8606","oi":0,"n":2,"sw":1},"geometry":{"type":"LineString","coordinates":[[26.015788,43.875656],[26.015758,43.875628]]}},{"type":"Feature","properties":{"line":"А12","mode":"bus","color":"#5d8606","oi":-0.017,"n":2,"sw":1},"geometry":{"type":"LineString","coordinates":[[26.015763,43.875633],[26.01573,43.875603]]}},{"type":"Feature","properties":{"line":"А12","mode":"bus","color":"#5d8606","oi":-0.063,"n":2,"sw":1},"geometry":{"type":"LineString","coordinates":[[26.015735,43.875607],[26.015702,43.875578]]}},{"type":"Feature","properties":{"line":"А12","mode":"bus","color":"#5d8606","oi":-0.13,"n":2,"sw":1},"geometry":{"type":"LineString","coordinates":[[26.015707,43.875582],[26.015675,43.875552]]}},{"type":"Feature","properties":{"line":"А12","mode":"bus","color":"#5d8606","oi":-0.209,"n":2,"sw":1},"geometry":{"type":"LineString","coordinates":[[26.015679,43.875556],[26.015647,43.875527]]}},{"type":"Feature","properties":{"line":"А12","mode":"bus","color":"#5d8606","oi":-0.291,"n":2,"sw":1},"geometry":{"type":"LineString","coordinates":[[26.015652,43.875531],[26.015619,43.875501]]}},{"type":"Feature","properties":{"line":"А12","mode":"bus","color":"#5d8606","oi":-0.37,"n":2,"sw":1},"geometry":{"type":"LineString","coordinates":[[26.015624,43.875505],[26.015591,43.875476]]}},{"type":"Feature","properties":{"line":"А12","mode":"bus","color":"#5d8606","oi":-0.437,"n":2,"sw":1},"geometry":{"type":"LineString","coordinates":[[26.015596,43.87548],[26.015572,43.875458],[26.015562,43.875452]]}},{"type":"Feature","properties":{"line":"А12","mode":"bus","color":"#5d8606","oi":-0.483,"n":2,"sw":1},"geometry":{"type":"LineString","coordinates":[[26.015567,43.875455],[26.015527,43.875431]]}},{"type":"Feature","properties":{"line":"А12","mode":"bus","color":"#5d8606","oi":-0.5,"n":2,"sw":1},"geometry":{"type":"LineString","coordinates":[[26.015533,43.875434],[26.015493,43.87541]]}},{"type":"Feature","properties":{"line":"А12","mode":"bus","color":"#5d8606","oi":0,"n":1},"geometry":{"type":"LineString","coordinates":[[26.00493,43.853729],[26.005582,43.853777],[26.00585,43.853736],[26.006176,43.853619],[26.006391,43.853605],[26.00659,43.853666],[26.006847,43.853917],[26.007035,43.853979],[26.009586,43.85438],[26.010379,43.85444],[26.010593,43.854409],[26.010826,43.854328],[26.011012,43.854199],[26.011163,43.854022],[26.01123,43.853848],[26.011229,43.853636],[26.011129,43.853406],[26.011016,43.853285],[26.010777,43.853148],[26.010473,43.853073],[26.010226,43.853075],[26.010004,43.853119],[26.009828,43.853204],[26.009651,43.853376],[26.009582,43.853573],[26.009612,43.853783],[26.009743,43.853969],[26.009998,43.854203],[26.012255,43.855861],[26.013433,43.856769],[26.013839,43.857155],[26.014167,43.857535],[26.014618,43.858309],[26.014839,43.859117],[26.015026,43.860727],[26.015145,43.862122]]}},{"type":"Feature","properties":{"line":"А12","mode":"bus","color":"#5d8606","oi":1.5,"n":1,"sw":1},"geometry":{"type":"LineString","coordinates":[[26.004484,43.853696],[26.004505,43.853698]]}},{"type":"Feature","properties":{"line":"А12","mode":"bus","color":"#5d8606","oi":1.493,"n":1,"sw":1},"geometry":{"type":"LineString","coordinates":[[26.004497,43.853697],[26.004522,43.853699]]}},{"type":"Feature","properties":{"line":"А12","mode":"bus","color":"#5d8606","oi":1.473,"n":1,"sw":1},"geometry":{"type":"LineString","coordinates":[[26.004515,43.853698],[26.004539,43.8537]]}},{"type":"Feature","properties":{"line":"А12","mode":"bus","color":"#5d8606","oi":1.44,"n":1,"sw":1},"geometry":{"type":"LineString","coordinates":[[26.004532,43.8537],[26.004556,43.853701]]}},{"type":"Feature","properties":{"line":"А12","mode":"bus","color":"#5d8606","oi":1.397,"n":1,"sw":1},"geometry":{"type":"LineString","coordinates":[[26.004549,43.853701],[26.004574,43.853703]]}},{"type":"Feature","properties":{"line":"А12","mode":"bus","color":"#5d8606","oi":1.344,"n":1,"sw":1},"geometry":{"type":"LineString","coordinates":[[26.004566,43.853702],[26.004591,43.853704]]}},{"type":"Feature","properties":{"line":"А12","mode":"bus","color":"#5d8606","oi":1.282,"n":1,"sw":1},"geometry":{"type":"LineString","coordinates":[[26.004583,43.853703],[26.004608,43.853705]]}},{"type":"Feature","properties":{"line":"А12","mode":"bus","color":"#5d8606","oi":1.213,"n":1,"sw":1},"geometry":{"type":"LineString","coordinates":[[26.0046,43.853705],[26.004625,43.853706]]}},{"type":"Feature","properties":{"line":"А12","mode":"bus","color":"#5d8606","oi":1.138,"n":1,"sw":1},"geometry":{"type":"LineString","coordinates":[[26.004618,43.853706],[26.004642,43.853708]]}},{"type":"Feature","properties":{"line":"А12","mode":"bus","color":"#5d8606","oi":1.057,"n":1,"sw":1},"geometry":{"type":"LineString","coordinates":[[26.004635,43.853707],[26.004659,43.853709]]}},{"type":"Feature","properties":{"line":"А12","mode":"bus","color":"#5d8606","oi":0.972,"n":1,"sw":1},"geometry":{"type":"LineString","coordinates":[[26.004652,43.853708],[26.004677,43.85371]]}},{"type":"Feature","properties":{"line":"А12","mode":"bus","color":"#5d8606","oi":0.884,"n":1,"sw":1},"geometry":{"type":"LineString","coordinates":[[26.004669,43.85371],[26.004694,43.853711]]}},{"type":"Feature","properties":{"line":"А12","mode":"bus","color":"#5d8606","oi":0.795,"n":1,"sw":1},"geometry":{"type":"LineString","coordinates":[[26.004686,43.853711],[26.004711,43.853713]]}},{"type":"Feature","properties":{"line":"А12","mode":"bus","color":"#5d8606","oi":0.705,"n":1,"sw":1},"geometry":{"type":"LineString","coordinates":[[26.004703,43.853712],[26.004728,43.853714]]}},{"type":"Feature","properties":{"line":"А12","mode":"bus","color":"#5d8606","oi":0.616,"n":1,"sw":1},"geometry":{"type":"LineString","coordinates":[[26.004721,43.853713],[26.004745,43.853715]]}},{"type":"Feature","properties":{"line":"А12","mode":"bus","color":"#5d8606","oi":0.528,"n":1,"sw":1},"geometry":{"type":"LineString","coordinates":[[26.004738,43.853715],[26.004762,43.853717]]}},{"type":"Feature","properties":{"line":"А12","mode":"bus","color":"#5d8606","oi":0.443,"n":1,"sw":1},"geometry":{"type":"LineString","coordinates":[[26.004755,43.853716],[26.00478,43.853718]]}},{"type":"Feature","properties":{"line":"А12","mode":"bus","color":"#5d8606","oi":0.362,"n":1,"sw":1},"geometry":{"type":"LineString","coordinates":[[26.004772,43.853717],[26.004797,43.853719]]}},{"type":"Feature","properties":{"line":"А12","mode":"bus","color":"#5d8606","oi":0.287,"n":1,"sw":1},"geometry":{"type":"LineString","coordinates":[[26.004789,43.853719],[26.004814,43.85372]]}},{"type":"Feature","properties":{"line":"А12","mode":"bus","color":"#5d8606","oi":0.218,"n":1,"sw":1},"geometry":{"type":"LineString","coordinates":[[26.004806,43.85372],[26.004831,43.853722]]}},{"type":"Feature","properties":{"line":"А12","mode":"bus","color":"#5d8606","oi":0.156,"n":1,"sw":1},"geometry":{"type":"LineString","coordinates":[[26.004824,43.853721],[26.004848,43.853723]]}},{"type":"Feature","properties":{"line":"А12","mode":"bus","color":"#5d8606","oi":0.103,"n":1,"sw":1},"geometry":{"type":"LineString","coordinates":[[26.004841,43.853722],[26.004865,43.853724]]}},{"type":"Feature","properties":{"line":"А12","mode":"bus","color":"#5d8606","oi":0.06,"n":1,"sw":1},"geometry":{"type":"LineString","coordinates":[[26.004858,43.853724],[26.004883,43.853725]]}},{"type":"Feature","properties":{"line":"А12","mode":"bus","color":"#5d8606","oi":0.027,"n":1,"sw":1},"geometry":{"type":"LineString","coordinates":[[26.004875,43.853725],[26.0049,43.853727]]}},{"type":"Feature","properties":{"line":"А12","mode":"bus","color":"#5d8606","oi":0.007,"n":1,"sw":1},"geometry":{"type":"LineString","coordinates":[[26.004892,43.853726],[26.004917,43.853728]]}},{"type":"Feature","properties":{"line":"А12","mode":"bus","color":"#5d8606","oi":0,"n":1,"sw":1},"geometry":{"type":"LineString","coordinates":[[26.004909,43.853727],[26.004934,43.853729]]}},{"type":"Feature","properties":{"line":"А12","mode":"bus","color":"#5d8606","oi":0,"n":1,"sw":1},"geometry":{"type":"LineString","coordinates":[[26.015145,43.862119],[26.015148,43.862157]]}},{"type":"Feature","properties":{"line":"А12","mode":"bus","color":"#5d8606","oi":-0.017,"n":1,"sw":1},"geometry":{"type":"LineString","coordinates":[[26.015148,43.862151],[26.015151,43.862189]]}},{"type":"Feature","properties":{"line":"А12","mode":"bus","color":"#5d8606","oi":-0.063,"n":1,"sw":1},"geometry":{"type":"LineString","coordinates":[[26.015151,43.862184],[26.015154,43.862221]]}},{"type":"Feature","properties":{"line":"А12","mode":"bus","color":"#5d8606","oi":-0.13,"n":1,"sw":1},"geometry":{"type":"LineString","coordinates":[[26.015153,43.862216],[26.015157,43.862254]]}},{"type":"Feature","properties":{"line":"А12","mode":"bus","color":"#5d8606","oi":-0.209,"n":1,"sw":1},"geometry":{"type":"LineString","coordinates":[[26.015156,43.862248],[26.015159,43.862286]]}},{"type":"Feature","properties":{"line":"А12","mode":"bus","color":"#5d8606","oi":-0.291,"n":1,"sw":1},"geometry":{"type":"LineString","coordinates":[[26.015159,43.862281],[26.015162,43.862318]]}},{"type":"Feature","properties":{"line":"А12","mode":"bus","color":"#5d8606","oi":-0.37,"n":1,"sw":1},"geometry":{"type":"LineString","coordinates":[[26.015162,43.862313],[26.015165,43.862351]]}},{"type":"Feature","properties":{"line":"А12","mode":"bus","color":"#5d8606","oi":-0.437,"n":1,"sw":1},"geometry":{"type":"LineString","coordinates":[[26.015164,43.862345],[26.015168,43.862383]]}},{"type":"Feature","properties":{"line":"А12","mode":"bus","color":"#5d8606","oi":-0.483,"n":1,"sw":1},"geometry":{"type":"LineString","coordinates":[[26.015167,43.862378],[26.01517,43.862415]]}},{"type":"Feature","properties":{"line":"А12","mode":"bus","color":"#5d8606","oi":-0.5,"n":1,"sw":1},"geometry":{"type":"LineString","coordinates":[[26.01517,43.86241],[26.015173,43.862445]]}},{"type":"Feature","properties":{"line":"А12","mode":"bus","color":"#5d8606","oi":0.5,"n":4},"geometry":{"type":"LineString","coordinates":[[25.954721,43.841147],[25.954386,43.843169],[25.954138,43.844497]]}},{"type":"Feature","properties":{"line":"А12","mode":"bus","color":"#5d8606","oi":0,"n":4,"sw":1},"geometry":{"type":"LineString","coordinates":[[25.954774,43.840825],[25.954768,43.84086]]}},{"type":"Feature","properties":{"line":"А12","mode":"bus","color":"#5d8606","oi":0.017,"n":4,"sw":1},"geometry":{"type":"LineString","coordinates":[[25.954769,43.840854],[25.954763,43.840892]]}},{"type":"Feature","properties":{"line":"А12","mode":"bus","color":"#5d8606","oi":0.063,"n":4,"sw":1},"geometry":{"type":"LineString","coordinates":[[25.954764,43.840887],[25.954758,43.840924]]}},{"type":"Feature","properties":{"line":"А12","mode":"bus","color":"#5d8606","oi":0.13,"n":4,"sw":1},"geometry":{"type":"LineString","coordinates":[[25.954758,43.840919],[25.954752,43.840956]]}},{"type":"Feature","properties":{"line":"А12","mode":"bus","color":"#5d8606","oi":0.209,"n":4,"sw":1},"geometry":{"type":"LineString","coordinates":[[25.954753,43.840951],[25.954747,43.840989]]}},{"type":"Feature","properties":{"line":"А12","mode":"bus","color":"#5d8606","oi":0.291,"n":4,"sw":1},"geometry":{"type":"LineString","coordinates":[[25.954748,43.840983],[25.954742,43.841021]]}},{"type":"Feature","properties":{"line":"А12","mode":"bus","color":"#5d8606","oi":0.37,"n":4,"sw":1},"geometry":{"type":"LineString","coordinates":[[25.954742,43.841015],[25.954736,43.841053]]}},{"type":"Feature","properties":{"line":"А12","mode":"bus","color":"#5d8606","oi":0.437,"n":4,"sw":1},"geometry":{"type":"LineString","coordinates":[[25.954737,43.841047],[25.954731,43.841085]]}},{"type":"Feature","properties":{"line":"А12","mode":"bus","color":"#5d8606","oi":0.483,"n":4,"sw":1},"geometry":{"type":"LineString","coordinates":[[25.954732,43.84108],[25.954726,43.841117]]}},{"type":"Feature","properties":{"line":"А12","mode":"bus","color":"#5d8606","oi":0.5,"n":4,"sw":1},"geometry":{"type":"LineString","coordinates":[[25.954727,43.841112],[25.95472,43.841149]]}},{"type":"Feature","properties":{"line":"А12","mode":"bus","color":"#5d8606","oi":0.5,"n":4,"sw":1},"geometry":{"type":"LineString","coordinates":[[25.954138,43.844494],[25.954131,43.844532]]}},{"type":"Feature","properties":{"line":"А12","mode":"bus","color":"#5d8606","oi":0.483,"n":4,"sw":1},"geometry":{"type":"LineString","coordinates":[[25.954132,43.844526],[25.954125,43.844564]]}},{"type":"Feature","properties":{"line":"А12","mode":"bus","color":"#5d8606","oi":0.437,"n":4,"sw":1},"geometry":{"type":"LineString","coordinates":[[25.954126,43.844558],[25.954119,43.844596]]}},{"type":"Feature","properties":{"line":"А12","mode":"bus","color":"#5d8606","oi":0.37,"n":4,"sw":1},"geometry":{"type":"LineString","coordinates":[[25.95412,43.844591],[25.954113,43.844628]]}},{"type":"Feature","properties":{"line":"А12","mode":"bus","color":"#5d8606","oi":0.291,"n":4,"sw":1},"geometry":{"type":"LineString","coordinates":[[25.954114,43.844623],[25.954107,43.84466]]}},{"type":"Feature","properties":{"line":"А12","mode":"bus","color":"#5d8606","oi":0.209,"n":4,"sw":1},"geometry":{"type":"LineString","coordinates":[[25.954108,43.844655],[25.954101,43.844692]]}},{"type":"Feature","properties":{"line":"А12","mode":"bus","color":"#5d8606","oi":0.13,"n":4,"sw":1},"geometry":{"type":"LineString","coordinates":[[25.954102,43.844687],[25.954095,43.844724]]}},{"type":"Feature","properties":{"line":"А12","mode":"bus","color":"#5d8606","oi":0.063,"n":4,"sw":1},"geometry":{"type":"LineString","coordinates":[[25.954096,43.844719],[25.954089,43.844756]]}},{"type":"Feature","properties":{"line":"А12","mode":"bus","color":"#5d8606","oi":0.017,"n":4,"sw":1},"geometry":{"type":"LineString","coordinates":[[25.95409,43.844751],[25.954083,43.844789]]}},{"type":"Feature","properties":{"line":"А12","mode":"bus","color":"#5d8606","oi":0,"n":4,"sw":1},"geometry":{"type":"LineString","coordinates":[[25.954084,43.844783],[25.954078,43.844818]]}},{"type":"Feature","properties":{"line":"А12","mode":"bus","color":"#5d8606","oi":0.5,"n":4},"geometry":{"type":"LineString","coordinates":[[25.955127,43.838724],[25.955378,43.837085],[25.955819,43.83474]]}},{"type":"Feature","properties":{"line":"А12","mode":"bus","color":"#5d8606","oi":0,"n":4,"sw":1},"geometry":{"type":"LineString","coordinates":[[25.955078,43.839046],[25.955083,43.839011]]}},{"type":"Feature","properties":{"line":"А12","mode":"bus","color":"#5d8606","oi":0.017,"n":4,"sw":1},"geometry":{"type":"LineString","coordinates":[[25.955083,43.839016],[25.955088,43.838979]]}},{"type":"Feature","properties":{"line":"А12","mode":"bus","color":"#5d8606","oi":0.063,"n":4,"sw":1},"geometry":{"type":"LineString","coordinates":[[25.955087,43.838984],[25.955093,43.838947]]}},{"type":"Feature","properties":{"line":"А12","mode":"bus","color":"#5d8606","oi":0.13,"n":4,"sw":1},"geometry":{"type":"LineString","coordinates":[[25.955092,43.838952],[25.955098,43.838915]]}},{"type":"Feature","properties":{"line":"А12","mode":"bus","color":"#5d8606","oi":0.209,"n":4,"sw":1},"geometry":{"type":"LineString","coordinates":[[25.955097,43.83892],[25.955103,43.838882]]}},{"type":"Feature","properties":{"line":"А12","mode":"bus","color":"#5d8606","oi":0.291,"n":4,"sw":1},"geometry":{"type":"LineString","coordinates":[[25.955102,43.838888],[25.955108,43.83885]]}},{"type":"Feature","properties":{"line":"А12","mode":"bus","color":"#5d8606","oi":0.37,"n":4,"sw":1},"geometry":{"type":"LineString","coordinates":[[25.955107,43.838855],[25.955113,43.838818]]}},{"type":"Feature","properties":{"line":"А12","mode":"bus","color":"#5d8606","oi":0.437,"n":4,"sw":1},"geometry":{"type":"LineString","coordinates":[[25.955112,43.838823],[25.955118,43.838786]]}},{"type":"Feature","properties":{"line":"А12","mode":"bus","color":"#5d8606","oi":0.483,"n":4,"sw":1},"geometry":{"type":"LineString","coordinates":[[25.955117,43.838791],[25.955123,43.838754]]}},{"type":"Feature","properties":{"line":"А12","mode":"bus","color":"#5d8606","oi":0.5,"n":4,"sw":1},"geometry":{"type":"LineString","coordinates":[[25.955122,43.838759],[25.955128,43.838721]]}},{"type":"Feature","properties":{"line":"А12","mode":"bus","color":"#5d8606","oi":1.5,"n":4},"geometry":{"type":"LineString","coordinates":[[25.998344,43.85292],[26.00204,43.85341],[26.004484,43.853696]]}},{"type":"Feature","properties":{"line":"А12","mode":"bus","color":"#5d8606","oi":0,"n":4,"sw":1},"geometry":{"type":"LineString","coordinates":[[25.997903,43.852861],[25.997924,43.852864]]}},{"type":"Feature","properties":{"line":"А12","mode":"bus","color":"#5d8606","oi":0.007,"n":4,"sw":1},"geometry":{"type":"LineString","coordinates":[[25.997916,43.852863],[25.997941,43.852866]]}},{"type":"Feature","properties":{"line":"А12","mode":"bus","color":"#5d8606","oi":0.027,"n":4,"sw":1},"geometry":{"type":"LineString","coordinates":[[25.997933,43.852865],[25.997958,43.852868]]}},{"type":"Feature","properties":{"line":"А12","mode":"bus","color":"#5d8606","oi":0.06,"n":4,"sw":1},"geometry":{"type":"LineString","coordinates":[[25.99795,43.852867],[25.997975,43.85287]]}},{"type":"Feature","properties":{"line":"А12","mode":"bus","color":"#5d8606","oi":0.103,"n":4,"sw":1},"geometry":{"type":"LineString","coordinates":[[25.997967,43.85287],[25.997992,43.852873]]}},{"type":"Feature","properties":{"line":"А12","mode":"bus","color":"#5d8606","oi":0.156,"n":4,"sw":1},"geometry":{"type":"LineString","coordinates":[[25.997984,43.852872],[25.998009,43.852875]]}},{"type":"Feature","properties":{"line":"А12","mode":"bus","color":"#5d8606","oi":0.218,"n":4,"sw":1},"geometry":{"type":"LineString","coordinates":[[25.998001,43.852874],[25.998025,43.852877]]}},{"type":"Feature","properties":{"line":"А12","mode":"bus","color":"#5d8606","oi":0.287,"n":4,"sw":1},"geometry":{"type":"LineString","coordinates":[[25.998018,43.852876],[25.998042,43.85288]]}},{"type":"Feature","properties":{"line":"А12","mode":"bus","color":"#5d8606","oi":0.362,"n":4,"sw":1},"geometry":{"type":"LineString","coordinates":[[25.998035,43.852879],[25.998059,43.852882]]}},{"type":"Feature","properties":{"line":"А12","mode":"bus","color":"#5d8606","oi":0.443,"n":4,"sw":1},"geometry":{"type":"LineString","coordinates":[[25.998052,43.852881],[25.998076,43.852884]]}},{"type":"Feature","properties":{"line":"А12","mode":"bus","color":"#5d8606","oi":0.528,"n":4,"sw":1},"geometry":{"type":"LineString","coordinates":[[25.998069,43.852883],[25.998093,43.852886]]}},{"type":"Feature","properties":{"line":"А12","mode":"bus","color":"#5d8606","oi":0.616,"n":4,"sw":1},"geometry":{"type":"LineString","coordinates":[[25.998086,43.852885],[25.99811,43.852889]]}},{"type":"Feature","properties":{"line":"А12","mode":"bus","color":"#5d8606","oi":0.705,"n":4,"sw":1},"geometry":{"type":"LineString","coordinates":[[25.998103,43.852888],[25.998127,43.852891]]}},{"type":"Feature","properties":{"line":"А12","mode":"bus","color":"#5d8606","oi":0.795,"n":4,"sw":1},"geometry":{"type":"LineString","coordinates":[[25.99812,43.85289],[25.998144,43.852893]]}},{"type":"Feature","properties":{"line":"А12","mode":"bus","color":"#5d8606","oi":0.884,"n":4,"sw":1},"geometry":{"type":"LineString","coordinates":[[25.998137,43.852892],[25.998161,43.852895]]}},{"type":"Feature","properties":{"line":"А12","mode":"bus","color":"#5d8606","oi":0.972,"n":4,"sw":1},"geometry":{"type":"LineString","coordinates":[[25.998154,43.852894],[25.998178,43.852898]]}},{"type":"Feature","properties":{"line":"А12","mode":"bus","color":"#5d8606","oi":1.057,"n":4,"sw":1},"geometry":{"type":"LineString","coordinates":[[25.998171,43.852897],[25.998195,43.8529]]}},{"type":"Feature","properties":{"line":"А12","mode":"bus","color":"#5d8606","oi":1.138,"n":4,"sw":1},"geometry":{"type":"LineString","coordinates":[[25.998188,43.852899],[25.998212,43.852902]]}},{"type":"Feature","properties":{"line":"А12","mode":"bus","color":"#5d8606","oi":1.213,"n":4,"sw":1},"geometry":{"type":"LineString","coordinates":[[25.998205,43.852901],[25.998229,43.852904]]}},{"type":"Feature","properties":{"line":"А12","mode":"bus","color":"#5d8606","oi":1.282,"n":4,"sw":1},"geometry":{"type":"LineString","coordinates":[[25.998222,43.852903],[25.998246,43.852907]]}},{"type":"Feature","properties":{"line":"А12","mode":"bus","color":"#5d8606","oi":1.344,"n":4,"sw":1},"geometry":{"type":"LineString","coordinates":[[25.998239,43.852906],[25.998263,43.852909]]}},{"type":"Feature","properties":{"line":"А12","mode":"bus","color":"#5d8606","oi":1.397,"n":4,"sw":1},"geometry":{"type":"LineString","coordinates":[[25.998256,43.852908],[25.99828,43.852911]]}},{"type":"Feature","properties":{"line":"А12","mode":"bus","color":"#5d8606","oi":1.44,"n":4,"sw":1},"geometry":{"type":"LineString","coordinates":[[25.998273,43.85291],[25.998297,43.852913]]}},{"type":"Feature","properties":{"line":"А12","mode":"bus","color":"#5d8606","oi":1.473,"n":4,"sw":1},"geometry":{"type":"LineString","coordinates":[[25.99829,43.852912],[25.998314,43.852916]]}},{"type":"Feature","properties":{"line":"А12","mode":"bus","color":"#5d8606","oi":1.493,"n":4,"sw":1},"geometry":{"type":"LineString","coordinates":[[25.998307,43.852915],[25.998331,43.852918]]}},{"type":"Feature","properties":{"line":"А12","mode":"bus","color":"#5d8606","oi":1.5,"n":4,"sw":1},"geometry":{"type":"LineString","coordinates":[[25.998324,43.852917],[25.998348,43.85292]]}},{"type":"Feature","properties":{"line":"А12","mode":"bus","color":"#5d8606","oi":1.5,"n":4},"geometry":{"type":"LineString","coordinates":[[25.998306,43.853048],[26.002354,43.85358]]}},{"type":"Feature","properties":{"line":"А12","mode":"bus","color":"#5d8606","oi":0,"n":4,"sw":1},"geometry":{"type":"LineString","coordinates":[[25.997865,43.85299],[25.997886,43.852993]]}},{"type":"Feature","properties":{"line":"А12","mode":"bus","color":"#5d8606","oi":0.007,"n":4,"sw":1},"geometry":{"type":"LineString","coordinates":[[25.997878,43.852992],[25.997903,43.852995]]}},{"type":"Feature","properties":{"line":"А12","mode":"bus","color":"#5d8606","oi":0.027,"n":4,"sw":1},"geometry":{"type":"LineString","coordinates":[[25.997895,43.852994],[25.99792,43.852997]]}},{"type":"Feature","properties":{"line":"А12","mode":"bus","color":"#5d8606","oi":0.06,"n":4,"sw":1},"geometry":{"type":"LineString","coordinates":[[25.997912,43.852996],[25.997937,43.852999]]}},{"type":"Feature","properties":{"line":"А12","mode":"bus","color":"#5d8606","oi":0.103,"n":4,"sw":1},"geometry":{"type":"LineString","coordinates":[[25.997929,43.852998],[25.997954,43.853002]]}},{"type":"Feature","properties":{"line":"А12","mode":"bus","color":"#5d8606","oi":0.156,"n":4,"sw":1},"geometry":{"type":"LineString","coordinates":[[25.997946,43.853001],[25.997971,43.853004]]}},{"type":"Feature","properties":{"line":"А12","mode":"bus","color":"#5d8606","oi":0.218,"n":4,"sw":1},"geometry":{"type":"LineString","coordinates":[[25.997963,43.853003],[25.997988,43.853006]]}},{"type":"Feature","properties":{"line":"А12","mode":"bus","color":"#5d8606","oi":0.287,"n":4,"sw":1},"geometry":{"type":"LineString","coordinates":[[25.99798,43.853005],[25.998004,43.853008]]}},{"type":"Feature","properties":{"line":"А12","mode":"bus","color":"#5d8606","oi":0.362,"n":4,"sw":1},"geometry":{"type":"LineString","coordinates":[[25.997997,43.853007],[25.998021,43.853011]]}},{"type":"Feature","properties":{"line":"А12","mode":"bus","color":"#5d8606","oi":0.443,"n":4,"sw":1},"geometry":{"type":"LineString","coordinates":[[25.998014,43.85301],[25.998038,43.853013]]}},{"type":"Feature","properties":{"line":"А12","mode":"bus","color":"#5d8606","oi":0.528,"n":4,"sw":1},"geometry":{"type":"LineString","coordinates":[[25.998031,43.853012],[25.998055,43.853015]]}},{"type":"Feature","properties":{"line":"А12","mode":"bus","color":"#5d8606","oi":0.616,"n":4,"sw":1},"geometry":{"type":"LineString","coordinates":[[25.998048,43.853014],[25.998072,43.853017]]}},{"type":"Feature","properties":{"line":"А12","mode":"bus","color":"#5d8606","oi":0.705,"n":4,"sw":1},"geometry":{"type":"LineString","coordinates":[[25.998065,43.853016],[25.998089,43.853019]]}},{"type":"Feature","properties":{"line":"А12","mode":"bus","color":"#5d8606","oi":0.795,"n":4,"sw":1},"geometry":{"type":"LineString","coordinates":[[25.998082,43.853019],[25.998106,43.853022]]}},{"type":"Feature","properties":{"line":"А12","mode":"bus","color":"#5d8606","oi":0.884,"n":4,"sw":1},"geometry":{"type":"LineString","coordinates":[[25.998099,43.853021],[25.998123,43.853024]]}},{"type":"Feature","properties":{"line":"А12","mode":"bus","color":"#5d8606","oi":0.972,"n":4,"sw":1},"geometry":{"type":"LineString","coordinates":[[25.998116,43.853023],[25.99814,43.853026]]}},{"type":"Feature","properties":{"line":"А12","mode":"bus","color":"#5d8606","oi":1.057,"n":4,"sw":1},"geometry":{"type":"LineString","coordinates":[[25.998133,43.853025],[25.998157,43.853028]]}},{"type":"Feature","properties":{"line":"А12","mode":"bus","color":"#5d8606","oi":1.138,"n":4,"sw":1},"geometry":{"type":"LineString","coordinates":[[25.99815,43.853027],[25.998174,43.853031]]}},{"type":"Feature","properties":{"line":"А12","mode":"bus","color":"#5d8606","oi":1.213,"n":4,"sw":1},"geometry":{"type":"LineString","coordinates":[[25.998167,43.85303],[25.998191,43.853033]]}},{"type":"Feature","properties":{"line":"А12","mode":"bus","color":"#5d8606","oi":1.282,"n":4,"sw":1},"geometry":{"type":"LineString","coordinates":[[25.998184,43.853032],[25.998208,43.853035]]}},{"type":"Feature","properties":{"line":"А12","mode":"bus","color":"#5d8606","oi":1.344,"n":4,"sw":1},"geometry":{"type":"LineString","coordinates":[[25.998201,43.853034],[25.998225,43.853037]]}},{"type":"Feature","properties":{"line":"А12","mode":"bus","color":"#5d8606","oi":1.397,"n":4,"sw":1},"geometry":{"type":"LineString","coordinates":[[25.998218,43.853036],[25.998242,43.85304]]}},{"type":"Feature","properties":{"line":"А12","mode":"bus","color":"#5d8606","oi":1.44,"n":4,"sw":1},"geometry":{"type":"LineString","coordinates":[[25.998235,43.853039],[25.998259,43.853042]]}},{"type":"Feature","properties":{"line":"А12","mode":"bus","color":"#5d8606","oi":1.473,"n":4,"sw":1},"geometry":{"type":"LineString","coordinates":[[25.998252,43.853041],[25.998276,43.853044]]}},{"type":"Feature","properties":{"line":"А12","mode":"bus","color":"#5d8606","oi":1.493,"n":4,"sw":1},"geometry":{"type":"LineString","coordinates":[[25.998269,43.853043],[25.998293,43.853046]]}},{"type":"Feature","properties":{"line":"А12","mode":"bus","color":"#5d8606","oi":1.5,"n":4,"sw":1},"geometry":{"type":"LineString","coordinates":[[25.998286,43.853045],[25.99831,43.853048]]}},{"type":"Feature","properties":{"line":"А23","mode":"bus","color":"#e16cd6","oi":0.5,"n":2},"geometry":{"type":"LineString","coordinates":[[25.952679,43.852578],[25.95274,43.852537],[25.952822,43.852524],[25.952921,43.852553],[25.953594,43.852531],[25.955847,43.852528],[25.955994,43.85251],[25.956047,43.852485],[25.956065,43.852479],[25.956083,43.85248],[25.9561,43.852488],[25.956318,43.85263]]}},{"type":"Feature","properties":{"line":"А23","mode":"bus","color":"#e16cd6","oi":-0.5,"n":2},"geometry":{"type":"LineString","coordinates":[[25.96949,43.829517],[25.968493,43.829092],[25.967729,43.828826],[25.966317,43.828291],[25.964197,43.82758]]}},{"type":"Feature","properties":{"line":"А23","mode":"bus","color":"#e16cd6","oi":0,"n":2,"sw":1},"geometry":{"type":"LineString","coordinates":[[25.969876,43.829682],[25.969834,43.829664]]}},{"type":"Feature","properties":{"line":"А23","mode":"bus","color":"#e16cd6","oi":-0.017,"n":2,"sw":1},"geometry":{"type":"LineString","coordinates":[[25.969841,43.829667],[25.969796,43.829648]]}},{"type":"Feature","properties":{"line":"А23","mode":"bus","color":"#e16cd6","oi":-0.063,"n":2,"sw":1},"geometry":{"type":"LineString","coordinates":[[25.969802,43.82965],[25.969757,43.829631]]}},{"type":"Feature","properties":{"line":"А23","mode":"bus","color":"#e16cd6","oi":-0.13,"n":2,"sw":1},"geometry":{"type":"LineString","coordinates":[[25.969763,43.829634],[25.969718,43.829615]]}},{"type":"Feature","properties":{"line":"А23","mode":"bus","color":"#e16cd6","oi":-0.209,"n":2,"sw":1},"geometry":{"type":"LineString","coordinates":[[25.969725,43.829617],[25.96968,43.829598]]}},{"type":"Feature","properties":{"line":"А23","mode":"bus","color":"#e16cd6","oi":-0.291,"n":2,"sw":1},"geometry":{"type":"LineString","coordinates":[[25.969686,43.829601],[25.969641,43.829582]]}},{"type":"Feature","properties":{"line":"А23","mode":"bus","color":"#e16cd6","oi":-0.37,"n":2,"sw":1},"geometry":{"type":"LineString","coordinates":[[25.969647,43.829585],[25.969602,43.829565]]}},{"type":"Feature","properties":{"line":"А23","mode":"bus","color":"#e16cd6","oi":-0.437,"n":2,"sw":1},"geometry":{"type":"LineString","coordinates":[[25.969609,43.829568],[25.969564,43.829549]]}},{"type":"Feature","properties":{"line":"А23","mode":"bus","color":"#e16cd6","oi":-0.483,"n":2,"sw":1},"geometry":{"type":"LineString","coordinates":[[25.96957,43.829552],[25.969525,43.829532]]}},{"type":"Feature","properties":{"line":"А23","mode":"bus","color":"#e16cd6","oi":-0.5,"n":2,"sw":1},"geometry":{"type":"LineString","coordinates":[[25.969532,43.829535],[25.969487,43.829516]]}},{"type":"Feature","properties":{"line":"А23","mode":"bus","color":"#e16cd6","oi":-0.5,"n":2,"sw":1},"geometry":{"type":"LineString","coordinates":[[25.9642,43.827581],[25.964153,43.827565]]}},{"type":"Feature","properties":{"line":"А23","mode":"bus","color":"#e16cd6","oi":-0.483,"n":2,"sw":1},"geometry":{"type":"LineString","coordinates":[[25.96416,43.827567],[25.964112,43.827551]]}},{"type":"Feature","properties":{"line":"А23","mode":"bus","color":"#e16cd6","oi":-0.437,"n":2,"sw":1},"geometry":{"type":"LineString","coordinates":[[25.964119,43.827553],[25.964071,43.827537]]}},{"type":"Feature","properties":{"line":"А23","mode":"bus","color":"#e16cd6","oi":-0.37,"n":2,"sw":1},"geometry":{"type":"LineString","coordinates":[[25.964078,43.82754],[25.964031,43.827524]]}},{"type":"Feature","properties":{"line":"А23","mode":"bus","color":"#e16cd6","oi":-0.291,"n":2,"sw":1},"geometry":{"type":"LineString","coordinates":[[25.964037,43.827526],[25.96399,43.82751]]}},{"type":"Feature","properties":{"line":"А23","mode":"bus","color":"#e16cd6","oi":-0.209,"n":2,"sw":1},"geometry":{"type":"LineString","coordinates":[[25.963997,43.827512],[25.963949,43.827496]]}},{"type":"Feature","properties":{"line":"А23","mode":"bus","color":"#e16cd6","oi":-0.13,"n":2,"sw":1},"geometry":{"type":"LineString","coordinates":[[25.963956,43.827499],[25.963909,43.827483]]}},{"type":"Feature","properties":{"line":"А23","mode":"bus","color":"#e16cd6","oi":-0.063,"n":2,"sw":1},"geometry":{"type":"LineString","coordinates":[[25.963915,43.827485],[25.963868,43.827469]]}},{"type":"Feature","properties":{"line":"А23","mode":"bus","color":"#e16cd6","oi":-0.017,"n":2,"sw":1},"geometry":{"type":"LineString","coordinates":[[25.963875,43.827471],[25.963827,43.827456]]}},{"type":"Feature","properties":{"line":"А23","mode":"bus","color":"#e16cd6","oi":0,"n":2,"sw":1},"geometry":{"type":"LineString","coordinates":[[25.963834,43.827458],[25.96379,43.827443]]}},{"type":"Feature","properties":{"line":"А23","mode":"bus","color":"#e16cd6","oi":-1.5,"n":4},"geometry":{"type":"LineString","coordinates":[[25.960623,43.829828],[25.959827,43.83032],[25.95696,43.832189]]}},{"type":"Feature","properties":{"line":"А23","mode":"bus","color":"#e16cd6","oi":-1,"n":3},"geometry":{"type":"LineString","coordinates":[[25.96379,43.827443],[25.961519,43.829248],[25.960957,43.829612]]}},{"type":"Feature","properties":{"line":"А23","mode":"bus","color":"#e16cd6","oi":-1,"n":3,"sw":1},"geometry":{"type":"LineString","coordinates":[[25.96096,43.82961],[25.960921,43.829635]]}},{"type":"Feature","properties":{"line":"А23","mode":"bus","color":"#e16cd6","oi":-1.017,"n":3,"sw":1},"geometry":{"type":"LineString","coordinates":[[25.960926,43.829632],[25.960887,43.829657]]}},{"type":"Feature","properties":{"line":"А23","mode":"bus","color":"#e16cd6","oi":-1.063,"n":3,"sw":1},"geometry":{"type":"LineString","coordinates":[[25.960893,43.829653],[25.960854,43.829678]]}},{"type":"Feature","properties":{"line":"А23","mode":"bus","color":"#e16cd6","oi":-1.13,"n":3,"sw":1},"geometry":{"type":"LineString","coordinates":[[25.96086,43.829675],[25.960821,43.8297]]}},{"type":"Feature","properties":{"line":"А23","mode":"bus","color":"#e16cd6","oi":-1.209,"n":3,"sw":1},"geometry":{"type":"LineString","coordinates":[[25.960826,43.829696],[25.960787,43.829722]]}},{"type":"Feature","properties":{"line":"А23","mode":"bus","color":"#e16cd6","oi":-1.291,"n":3,"sw":1},"geometry":{"type":"LineString","coordinates":[[25.960793,43.829718],[25.960754,43.829743]]}},{"type":"Feature","properties":{"line":"А23","mode":"bus","color":"#e16cd6","oi":-1.37,"n":3,"sw":1},"geometry":{"type":"LineString","coordinates":[[25.960759,43.82974],[25.96072,43.829765]]}},{"type":"Feature","properties":{"line":"А23","mode":"bus","color":"#e16cd6","oi":-1.437,"n":3,"sw":1},"geometry":{"type":"LineString","coordinates":[[25.960726,43.829761],[25.960687,43.829787]]}},{"type":"Feature","properties":{"line":"А23","mode":"bus","color":"#e16cd6","oi":-1.483,"n":3,"sw":1},"geometry":{"type":"LineString","coordinates":[[25.960693,43.829783],[25.960654,43.829808]]}},{"type":"Feature","properties":{"line":"А23","mode":"bus","color":"#e16cd6","oi":-1.5,"n":3,"sw":1},"geometry":{"type":"LineString","coordinates":[[25.960659,43.829805],[25.960623,43.829828]]}},{"type":"Feature","properties":{"line":"А23","mode":"bus","color":"#e16cd6","oi":0.5,"n":4},"geometry":{"type":"LineString","coordinates":[[25.967551,43.824873],[25.967718,43.824945]]}},{"type":"Feature","properties":{"line":"А23","mode":"bus","color":"#e16cd6","oi":0,"n":4,"sw":1},"geometry":{"type":"LineString","coordinates":[[25.967167,43.824706],[25.967209,43.824724]]}},{"type":"Feature","properties":{"line":"А23","mode":"bus","color":"#e16cd6","oi":0.017,"n":4,"sw":1},"geometry":{"type":"LineString","coordinates":[[25.967202,43.824721],[25.967247,43.824741]]}},{"type":"Feature","properties":{"line":"А23","mode":"bus","color":"#e16cd6","oi":0.063,"n":4,"sw":1},"geometry":{"type":"LineString","coordinates":[[25.967241,43.824738],[25.967286,43.824757]]}},{"type":"Feature","properties":{"line":"А23","mode":"bus","color":"#e16cd6","oi":0.13,"n":4,"sw":1},"geometry":{"type":"LineString","coordinates":[[25.967279,43.824755],[25.967324,43.824774]]}},{"type":"Feature","properties":{"line":"А23","mode":"bus","color":"#e16cd6","oi":0.209,"n":4,"sw":1},"geometry":{"type":"LineString","coordinates":[[25.967318,43.824771],[25.967362,43.824791]]}},{"type":"Feature","properties":{"line":"А23","mode":"bus","color":"#e16cd6","oi":0.291,"n":4,"sw":1},"geometry":{"type":"LineString","coordinates":[[25.967356,43.824788],[25.967401,43.824808]]}},{"type":"Feature","properties":{"line":"А23","mode":"bus","color":"#e16cd6","oi":0.37,"n":4,"sw":1},"geometry":{"type":"LineString","coordinates":[[25.967394,43.824805],[25.967439,43.824824]]}},{"type":"Feature","properties":{"line":"А23","mode":"bus","color":"#e16cd6","oi":0.437,"n":4,"sw":1},"geometry":{"type":"LineString","coordinates":[[25.967433,43.824821],[25.967478,43.824841]]}},{"type":"Feature","properties":{"line":"А23","mode":"bus","color":"#e16cd6","oi":0.483,"n":4,"sw":1},"geometry":{"type":"LineString","coordinates":[[25.967471,43.824838],[25.967516,43.824858]]}},{"type":"Feature","properties":{"line":"А23","mode":"bus","color":"#e16cd6","oi":0.5,"n":4,"sw":1},"geometry":{"type":"LineString","coordinates":[[25.96751,43.824855],[25.967555,43.824874]]}},{"type":"Feature","properties":{"line":"А23","mode":"bus","color":"#e16cd6","oi":0.5,"n":4,"sw":1},"geometry":{"type":"LineString","coordinates":[[25.967714,43.824944],[25.967759,43.824963]]}},{"type":"Feature","properties":{"line":"А23","mode":"bus","color":"#e16cd6","oi":0.483,"n":4,"sw":1},"geometry":{"type":"LineString","coordinates":[[25.967753,43.82496],[25.967798,43.82498]]}},{"type":"Feature","properties":{"line":"А23","mode":"bus","color":"#e16cd6","oi":0.437,"n":4,"sw":1},"geometry":{"type":"LineString","coordinates":[[25.967791,43.824977],[25.967836,43.824997]]}},{"type":"Feature","properties":{"line":"А23","mode":"bus","color":"#e16cd6","oi":0.37,"n":4,"sw":1},"geometry":{"type":"LineString","coordinates":[[25.96783,43.824994],[25.967875,43.825013]]}},{"type":"Feature","properties":{"line":"А23","mode":"bus","color":"#e16cd6","oi":0.291,"n":4,"sw":1},"geometry":{"type":"LineString","coordinates":[[25.967868,43.82501],[25.967913,43.82503]]}},{"type":"Feature","properties":{"line":"А23","mode":"bus","color":"#e16cd6","oi":0.209,"n":4,"sw":1},"geometry":{"type":"LineString","coordinates":[[25.967907,43.825027],[25.967951,43.825047]]}},{"type":"Feature","properties":{"line":"А23","mode":"bus","color":"#e16cd6","oi":0.13,"n":4,"sw":1},"geometry":{"type":"LineString","coordinates":[[25.967945,43.825044],[25.96799,43.825063]]}},{"type":"Feature","properties":{"line":"А23","mode":"bus","color":"#e16cd6","oi":0.063,"n":4,"sw":1},"geometry":{"type":"LineString","coordinates":[[25.967983,43.825061],[25.968028,43.82508]]}},{"type":"Feature","properties":{"line":"А23","mode":"bus","color":"#e16cd6","oi":0.017,"n":4,"sw":1},"geometry":{"type":"LineString","coordinates":[[25.968022,43.825077],[25.968067,43.825097]]}},{"type":"Feature","properties":{"line":"А23","mode":"bus","color":"#e16cd6","oi":0,"n":4,"sw":1},"geometry":{"type":"LineString","coordinates":[[25.96806,43.825094],[25.968102,43.825112]]}},{"type":"Feature","properties":{"line":"А23","mode":"bus","color":"#e16cd6","oi":-1.5,"n":4},"geometry":{"type":"LineString","coordinates":[[25.951469,43.829898],[25.951195,43.829769],[25.95096,43.829613],[25.950536,43.829386],[25.950478,43.829311],[25.950451,43.829174],[25.95046,43.828875],[25.950436,43.82873],[25.950369,43.828641],[25.949714,43.828256],[25.949458,43.828269],[25.949413,43.828278],[25.949377,43.8283],[25.949316,43.828355],[25.949344,43.828668],[25.949336,43.829586],[25.949401,43.829945],[25.949576,43.830269],[25.949906,43.830636],[25.950358,43.831244],[25.950384,43.831337]]}},{"type":"Feature","properties":{"line":"А23","mode":"bus","color":"#e16cd6","oi":-1.5,"n":4,"sw":1},"geometry":{"type":"LineString","coordinates":[[25.950383,43.831334],[25.950388,43.831352]]}},{"type":"Feature","properties":{"line":"А23","mode":"bus","color":"#e16cd6","oi":-1.493,"n":4,"sw":1},"geometry":{"type":"LineString","coordinates":[[25.950387,43.831347],[25.950392,43.831364]]}},{"type":"Feature","properties":{"line":"А23","mode":"bus","color":"#e16cd6","oi":-1.473,"n":4,"sw":1},"geometry":{"type":"LineString","coordinates":[[25.95039,43.831359],[25.950395,43.831376]]}},{"type":"Feature","properties":{"line":"А23","mode":"bus","color":"#e16cd6","oi":-1.44,"n":4,"sw":1},"geometry":{"type":"LineString","coordinates":[[25.950394,43.831371],[25.950399,43.831389]]}},{"type":"Feature","properties":{"line":"А23","mode":"bus","color":"#e16cd6","oi":-1.397,"n":4,"sw":1},"geometry":{"type":"LineString","coordinates":[[25.950397,43.831383],[25.950402,43.831401]]}},{"type":"Feature","properties":{"line":"А23","mode":"bus","color":"#e16cd6","oi":-1.344,"n":4,"sw":1},"geometry":{"type":"LineString","coordinates":[[25.950401,43.831395],[25.950406,43.831413]]}},{"type":"Feature","properties":{"line":"А23","mode":"bus","color":"#e16cd6","oi":-1.282,"n":4,"sw":1},"geometry":{"type":"LineString","coordinates":[[25.950404,43.831408],[25.950409,43.831425]]}},{"type":"Feature","properties":{"line":"А23","mode":"bus","color":"#e16cd6","oi":-1.213,"n":4,"sw":1},"geometry":{"type":"LineString","coordinates":[[25.950408,43.83142],[25.950411,43.831432],[25.950411,43.831437]]}},{"type":"Feature","properties":{"line":"А23","mode":"bus","color":"#e16cd6","oi":-1.138,"n":4,"sw":1},"geometry":{"type":"LineString","coordinates":[[25.950411,43.831432],[25.950411,43.83145]]}},{"type":"Feature","properties":{"line":"А23","mode":"bus","color":"#e16cd6","oi":-1.057,"n":4,"sw":1},"geometry":{"type":"LineString","coordinates":[[25.950411,43.831445],[25.950412,43.831462]]}},{"type":"Feature","properties":{"line":"А23","mode":"bus","color":"#e16cd6","oi":-0.972,"n":4,"sw":1},"geometry":{"type":"LineString","coordinates":[[25.950412,43.831457],[25.950412,43.831475]]}},{"type":"Feature","properties":{"line":"А23","mode":"bus","color":"#e16cd6","oi":-0.884,"n":4,"sw":1},"geometry":{"type":"LineString","coordinates":[[25.950412,43.831469],[25.950412,43.831487]]}},{"type":"Feature","properties":{"line":"А23","mode":"bus","color":"#e16cd6","oi":-0.795,"n":4,"sw":1},"geometry":{"type":"LineString","coordinates":[[25.950412,43.831482],[25.950413,43.8315]]}},{"type":"Feature","properties":{"line":"А23","mode":"bus","color":"#e16cd6","oi":-0.705,"n":4,"sw":1},"geometry":{"type":"LineString","coordinates":[[25.950413,43.831494],[25.950413,43.831512]]}},{"type":"Feature","properties":{"line":"А23","mode":"bus","color":"#e16cd6","oi":-0.616,"n":4,"sw":1},"geometry":{"type":"LineString","coordinates":[[25.950413,43.831507],[25.950413,43.831525]]}},{"type":"Feature","properties":{"line":"А23","mode":"bus","color":"#e16cd6","oi":-0.528,"n":4,"sw":1},"geometry":{"type":"LineString","coordinates":[[25.950413,43.831519],[25.950414,43.831537]]}},{"type":"Feature","properties":{"line":"А23","mode":"bus","color":"#e16cd6","oi":-0.443,"n":4,"sw":1},"geometry":{"type":"LineString","coordinates":[[25.950414,43.831532],[25.950414,43.83155]]}},{"type":"Feature","properties":{"line":"А23","mode":"bus","color":"#e16cd6","oi":-0.362,"n":4,"sw":1},"geometry":{"type":"LineString","coordinates":[[25.950414,43.831544],[25.950414,43.831562]]}},{"type":"Feature","properties":{"line":"А23","mode":"bus","color":"#e16cd6","oi":-0.287,"n":4,"sw":1},"geometry":{"type":"LineString","coordinates":[[25.950414,43.831557],[25.950415,43.831575]]}},{"type":"Feature","properties":{"line":"А23","mode":"bus","color":"#e16cd6","oi":-0.218,"n":4,"sw":1},"geometry":{"type":"LineString","coordinates":[[25.950415,43.831569],[25.950415,43.831587]]}},{"type":"Feature","properties":{"line":"А23","mode":"bus","color":"#e16cd6","oi":-0.156,"n":4,"sw":1},"geometry":{"type":"LineString","coordinates":[[25.950415,43.831582],[25.950415,43.831599]]}},{"type":"Feature","properties":{"line":"А23","mode":"bus","color":"#e16cd6","oi":-0.103,"n":4,"sw":1},"geometry":{"type":"LineString","coordinates":[[25.950415,43.831594],[25.950416,43.831612]]}},{"type":"Feature","properties":{"line":"А23","mode":"bus","color":"#e16cd6","oi":-0.06,"n":4,"sw":1},"geometry":{"type":"LineString","coordinates":[[25.950416,43.831606],[25.950416,43.831624]]}},{"type":"Feature","properties":{"line":"А23","mode":"bus","color":"#e16cd6","oi":-0.027,"n":4,"sw":1},"geometry":{"type":"LineString","coordinates":[[25.950416,43.831619],[25.950416,43.831637]]}},{"type":"Feature","properties":{"line":"А23","mode":"bus","color":"#e16cd6","oi":-0.007,"n":4,"sw":1},"geometry":{"type":"LineString","coordinates":[[25.950416,43.831631],[25.950417,43.831649]]}},{"type":"Feature","properties":{"line":"А23","mode":"bus","color":"#e16cd6","oi":0,"n":4,"sw":1},"geometry":{"type":"LineString","coordinates":[[25.950417,43.831644],[25.950417,43.831659]]}},{"type":"Feature","properties":{"line":"А23","mode":"bus","color":"#e16cd6","oi":-1.5,"n":4},"geometry":{"type":"LineString","coordinates":[[25.950819,43.831869],[25.951181,43.831972],[25.952114,43.832322],[25.953023,43.832707],[25.953523,43.832951],[25.954373,43.833414],[25.954623,43.833629],[25.954881,43.833933],[25.955707,43.83442]]}},{"type":"Feature","properties":{"line":"А23","mode":"bus","color":"#e16cd6","oi":0,"n":4,"sw":1},"geometry":{"type":"LineString","coordinates":[[25.950401,43.831751],[25.950421,43.831757]]}},{"type":"Feature","properties":{"line":"А23","mode":"bus","color":"#e16cd6","oi":-0.007,"n":4,"sw":1},"geometry":{"type":"LineString","coordinates":[[25.950414,43.831755],[25.950437,43.831761]]}},{"type":"Feature","properties":{"line":"А23","mode":"bus","color":"#e16cd6","oi":-0.027,"n":4,"sw":1},"geometry":{"type":"LineString","coordinates":[[25.95043,43.831759],[25.950453,43.831766]]}},{"type":"Feature","properties":{"line":"А23","mode":"bus","color":"#e16cd6","oi":-0.06,"n":4,"sw":1},"geometry":{"type":"LineString","coordinates":[[25.950446,43.831764],[25.950469,43.83177]]}},{"type":"Feature","properties":{"line":"А23","mode":"bus","color":"#e16cd6","oi":-0.103,"n":4,"sw":1},"geometry":{"type":"LineString","coordinates":[[25.950462,43.831768],[25.950485,43.831775]]}},{"type":"Feature","properties":{"line":"А23","mode":"bus","color":"#e16cd6","oi":-0.156,"n":4,"sw":1},"geometry":{"type":"LineString","coordinates":[[25.950478,43.831773],[25.950501,43.831779]]}},{"type":"Feature","properties":{"line":"А23","mode":"bus","color":"#e16cd6","oi":-0.218,"n":4,"sw":1},"geometry":{"type":"LineString","coordinates":[[25.950494,43.831777],[25.950517,43.831784]]}},{"type":"Feature","properties":{"line":"А23","mode":"bus","color":"#e16cd6","oi":-0.287,"n":4,"sw":1},"geometry":{"type":"LineString","coordinates":[[25.95051,43.831782],[25.950533,43.831788]]}},{"type":"Feature","properties":{"line":"А23","mode":"bus","color":"#e16cd6","oi":-0.362,"n":4,"sw":1},"geometry":{"type":"LineString","coordinates":[[25.950526,43.831786],[25.950549,43.831793]]}},{"type":"Feature","properties":{"line":"А23","mode":"bus","color":"#e16cd6","oi":-0.443,"n":4,"sw":1},"geometry":{"type":"LineString","coordinates":[[25.950542,43.831791],[25.950565,43.831797]]}},{"type":"Feature","properties":{"line":"А23","mode":"bus","color":"#e16cd6","oi":-0.528,"n":4,"sw":1},"geometry":{"type":"LineString","coordinates":[[25.950558,43.831796],[25.950581,43.831802]]}},{"type":"Feature","properties":{"line":"А23","mode":"bus","color":"#e16cd6","oi":-0.616,"n":4,"sw":1},"geometry":{"type":"LineString","coordinates":[[25.950574,43.8318],[25.950597,43.831807]]}},{"type":"Feature","properties":{"line":"А23","mode":"bus","color":"#e16cd6","oi":-0.705,"n":4,"sw":1},"geometry":{"type":"LineString","coordinates":[[25.95059,43.831805],[25.950613,43.831811]]}},{"type":"Feature","properties":{"line":"А23","mode":"bus","color":"#e16cd6","oi":-0.795,"n":4,"sw":1},"geometry":{"type":"LineString","coordinates":[[25.950606,43.831809],[25.950629,43.831816]]}},{"type":"Feature","properties":{"line":"А23","mode":"bus","color":"#e16cd6","oi":-0.884,"n":4,"sw":1},"geometry":{"type":"LineString","coordinates":[[25.950622,43.831814],[25.950645,43.83182]]}},{"type":"Feature","properties":{"line":"А23","mode":"bus","color":"#e16cd6","oi":-0.972,"n":4,"sw":1},"geometry":{"type":"LineString","coordinates":[[25.950638,43.831818],[25.950661,43.831825]]}},{"type":"Feature","properties":{"line":"А23","mode":"bus","color":"#e16cd6","oi":-1.057,"n":4,"sw":1},"geometry":{"type":"LineString","coordinates":[[25.950655,43.831823],[25.950678,43.831829]]}},{"type":"Feature","properties":{"line":"А23","mode":"bus","color":"#e16cd6","oi":-1.138,"n":4,"sw":1},"geometry":{"type":"LineString","coordinates":[[25.950671,43.831827],[25.950694,43.831834]]}},{"type":"Feature","properties":{"line":"А23","mode":"bus","color":"#e16cd6","oi":-1.213,"n":4,"sw":1},"geometry":{"type":"LineString","coordinates":[[25.950687,43.831832],[25.95071,43.831838]]}},{"type":"Feature","properties":{"line":"А23","mode":"bus","color":"#e16cd6","oi":-1.282,"n":4,"sw":1},"geometry":{"type":"LineString","coordinates":[[25.950703,43.831836],[25.950726,43.831843]]}},{"type":"Feature","properties":{"line":"А23","mode":"bus","color":"#e16cd6","oi":-1.344,"n":4,"sw":1},"geometry":{"type":"LineString","coordinates":[[25.950719,43.831841],[25.950742,43.831848]]}},{"type":"Feature","properties":{"line":"А23","mode":"bus","color":"#e16cd6","oi":-1.397,"n":4,"sw":1},"geometry":{"type":"LineString","coordinates":[[25.950735,43.831846],[25.950758,43.831852]]}},{"type":"Feature","properties":{"line":"А23","mode":"bus","color":"#e16cd6","oi":-1.44,"n":4,"sw":1},"geometry":{"type":"LineString","coordinates":[[25.950751,43.83185],[25.950774,43.831857]]}},{"type":"Feature","properties":{"line":"А23","mode":"bus","color":"#e16cd6","oi":-1.473,"n":4,"sw":1},"geometry":{"type":"LineString","coordinates":[[25.950767,43.831855],[25.95079,43.831861]]}},{"type":"Feature","properties":{"line":"А23","mode":"bus","color":"#e16cd6","oi":-1.493,"n":4,"sw":1},"geometry":{"type":"LineString","coordinates":[[25.950783,43.831859],[25.950806,43.831866]]}},{"type":"Feature","properties":{"line":"А23","mode":"bus","color":"#e16cd6","oi":-1.5,"n":4,"sw":1},"geometry":{"type":"LineString","coordinates":[[25.950799,43.831864],[25.950822,43.83187]]}},{"type":"Feature","properties":{"line":"А23","mode":"bus","color":"#e16cd6","oi":0,"n":1},"geometry":{"type":"LineString","coordinates":[[25.95664,43.852855],[25.958647,43.854258],[25.959819,43.85503],[25.959836,43.855046],[25.959838,43.855064],[25.959825,43.855082],[25.959678,43.855217],[25.959665,43.855235],[25.959667,43.855253],[25.959684,43.855269],[25.960086,43.855532],[25.960291,43.855541],[25.960344,43.855518],[25.960362,43.855512],[25.960379,43.855514],[25.960396,43.855522],[25.960749,43.855775],[25.960766,43.855784],[25.960784,43.855787],[25.960801,43.855784],[25.960819,43.855774],[25.96102,43.855625],[25.961044,43.855613],[25.961068,43.855612],[25.961093,43.855622],[25.961316,43.855758],[25.961433,43.855792],[25.961549,43.85578],[25.961823,43.855613],[25.961902,43.855604],[25.962063,43.855671],[25.962243,43.855801],[25.962269,43.85583],[25.962276,43.855863],[25.962271,43.855964],[25.962303,43.85604],[25.962307,43.856061],[25.9623,43.856081],[25.962282,43.856099],[25.960675,43.857223],[25.959945,43.857695]]}},{"type":"Feature","properties":{"line":"А23","mode":"bus","color":"#e16cd6","oi":0.5,"n":1,"sw":1},"geometry":{"type":"LineString","coordinates":[[25.956318,43.85263],[25.956353,43.852654]]}},{"type":"Feature","properties":{"line":"А23","mode":"bus","color":"#e16cd6","oi":0.483,"n":1,"sw":1},"geometry":{"type":"LineString","coordinates":[[25.956348,43.852651],[25.956385,43.852677]]}},{"type":"Feature","properties":{"line":"А23","mode":"bus","color":"#e16cd6","oi":0.437,"n":1,"sw":1},"geometry":{"type":"LineString","coordinates":[[25.95638,43.852673],[25.956417,43.852699]]}},{"type":"Feature","properties":{"line":"А23","mode":"bus","color":"#e16cd6","oi":0.37,"n":1,"sw":1},"geometry":{"type":"LineString","coordinates":[[25.956412,43.852696],[25.95645,43.852722]]}},{"type":"Feature","properties":{"line":"А23","mode":"bus","color":"#e16cd6","oi":0.291,"n":1,"sw":1},"geometry":{"type":"LineString","coordinates":[[25.956444,43.852718],[25.956482,43.852745]]}},{"type":"Feature","properties":{"line":"А23","mode":"bus","color":"#e16cd6","oi":0.209,"n":1,"sw":1},"geometry":{"type":"LineString","coordinates":[[25.956476,43.852741],[25.956514,43.852767]]}},{"type":"Feature","properties":{"line":"А23","mode":"bus","color":"#e16cd6","oi":0.13,"n":1,"sw":1},"geometry":{"type":"LineString","coordinates":[[25.956509,43.852763],[25.956546,43.85279]]}},{"type":"Feature","properties":{"line":"А23","mode":"bus","color":"#e16cd6","oi":0.063,"n":1,"sw":1},"geometry":{"type":"LineString","coordinates":[[25.956541,43.852786],[25.956579,43.852812]]}},{"type":"Feature","properties":{"line":"А23","mode":"bus","color":"#e16cd6","oi":0.017,"n":1,"sw":1},"geometry":{"type":"LineString","coordinates":[[25.956573,43.852808],[25.956611,43.852835]]}},{"type":"Feature","properties":{"line":"А23","mode":"bus","color":"#e16cd6","oi":0,"n":1,"sw":1},"geometry":{"type":"LineString","coordinates":[[25.956605,43.852831],[25.956643,43.852857]]}},{"type":"Feature","properties":{"line":"А23","mode":"bus","color":"#e16cd6","oi":0,"n":1},"geometry":{"type":"LineString","coordinates":[[25.955819,43.83474],[25.955869,43.834675],[25.955995,43.834593],[25.956207,43.834553]]}},{"type":"Feature","properties":{"line":"А23","mode":"bus","color":"#e16cd6","oi":0,"n":1},"geometry":{"type":"LineString","coordinates":[[25.94948,43.846476],[25.948614,43.84671],[25.948376,43.846834],[25.947337,43.847137],[25.945798,43.847555],[25.945773,43.847566],[25.945761,43.847582],[25.945761,43.847603],[25.9459,43.848072],[25.945959,43.84817],[25.946164,43.848384],[25.946435,43.848601],[25.947827,43.849565],[25.948006,43.849719],[25.948308,43.850056],[25.949176,43.850903],[25.950096,43.851902],[25.950307,43.852064],[25.950699,43.852303],[25.950916,43.852401],[25.951203,43.852492],[25.951467,43.852512],[25.952539,43.852521],[25.952679,43.852578]]}},{"type":"Feature","properties":{"line":"А23","mode":"bus","color":"#e16cd6","oi":-0.5,"n":1,"sw":1},"geometry":{"type":"LineString","coordinates":[[25.9499,43.846363],[25.949854,43.846375]]}},{"type":"Feature","properties":{"line":"А23","mode":"bus","color":"#e16cd6","oi":-0.483,"n":1,"sw":1},"geometry":{"type":"LineString","coordinates":[[25.949861,43.846373],[25.949812,43.846387]]}},{"type":"Feature","properties":{"line":"А23","mode":"bus","color":"#e16cd6","oi":-0.437,"n":1,"sw":1},"geometry":{"type":"LineString","coordinates":[[25.949819,43.846385],[25.94977,43.846398]]}},{"type":"Feature","properties":{"line":"А23","mode":"bus","color":"#e16cd6","oi":-0.37,"n":1,"sw":1},"geometry":{"type":"LineString","coordinates":[[25.949777,43.846396],[25.949728,43.846409]]}},{"type":"Feature","properties":{"line":"А23","mode":"bus","color":"#e16cd6","oi":-0.291,"n":1,"sw":1},"geometry":{"type":"LineString","coordinates":[[25.949735,43.846407],[25.949686,43.846421]]}},{"type":"Feature","properties":{"line":"А23","mode":"bus","color":"#e16cd6","oi":-0.209,"n":1,"sw":1},"geometry":{"type":"LineString","coordinates":[[25.949693,43.846419],[25.949644,43.846432]]}},{"type":"Feature","properties":{"line":"А23","mode":"bus","color":"#e16cd6","oi":-0.13,"n":1,"sw":1},"geometry":{"type":"LineString","coordinates":[[25.949651,43.84643],[25.949602,43.846443]]}},{"type":"Feature","properties":{"line":"А23","mode":"bus","color":"#e16cd6","oi":-0.063,"n":1,"sw":1},"geometry":{"type":"LineString","coordinates":[[25.949609,43.846441],[25.94956,43.846455]]}},{"type":"Feature","properties":{"line":"А23","mode":"bus","color":"#e16cd6","oi":-0.017,"n":1,"sw":1},"geometry":{"type":"LineString","coordinates":[[25.949567,43.846453],[25.949518,43.846466]]}},{"type":"Feature","properties":{"line":"А23","mode":"bus","color":"#e16cd6","oi":0,"n":1,"sw":1},"geometry":{"type":"LineString","coordinates":[[25.949525,43.846464],[25.949476,43.846477]]}},{"type":"Feature","properties":{"line":"А23","mode":"bus","color":"#e16cd6","oi":0,"n":1},"geometry":{"type":"LineString","coordinates":[[25.954066,43.844884],[25.953835,43.846453]]}},{"type":"Feature","properties":{"line":"А23","mode":"bus","color":"#e16cd6","oi":-1.5,"n":4},"geometry":{"type":"LineString","coordinates":[[25.962524,43.855523],[25.962511,43.85553],[25.962368,43.855634],[25.962278,43.855827]]}},{"type":"Feature","properties":{"line":"А23","mode":"bus","color":"#e16cd6","oi":0,"n":4,"sw":1},"geometry":{"type":"LineString","coordinates":[[25.962837,43.855304],[25.962828,43.855318]]}},{"type":"Feature","properties":{"line":"А23","mode":"bus","color":"#e16cd6","oi":-0.007,"n":4,"sw":1},"geometry":{"type":"LineString","coordinates":[[25.962831,43.855313],[25.962821,43.855329]]}},{"type":"Feature","properties":{"line":"А23","mode":"bus","color":"#e16cd6","oi":-0.027,"n":4,"sw":1},"geometry":{"type":"LineString","coordinates":[[25.962824,43.855324],[25.962814,43.85534]]}},{"type":"Feature","properties":{"line":"А23","mode":"bus","color":"#e16cd6","oi":-0.06,"n":4,"sw":1},"geometry":{"type":"LineString","coordinates":[[25.962817,43.855335],[25.962806,43.855352]]}},{"type":"Feature","properties":{"line":"А23","mode":"bus","color":"#e16cd6","oi":-0.103,"n":4,"sw":1},"geometry":{"type":"LineString","coordinates":[[25.96281,43.855347],[25.962799,43.855363]]}},{"type":"Feature","properties":{"line":"А23","mode":"bus","color":"#e16cd6","oi":-0.156,"n":4,"sw":1},"geometry":{"type":"LineString","coordinates":[[25.962802,43.855358],[25.962792,43.855374]]}},{"type":"Feature","properties":{"line":"А23","mode":"bus","color":"#e16cd6","oi":-0.218,"n":4,"sw":1},"geometry":{"type":"LineString","coordinates":[[25.962795,43.855369],[25.962785,43.855386]]}},{"type":"Feature","properties":{"line":"А23","mode":"bus","color":"#e16cd6","oi":-0.287,"n":4,"sw":1},"geometry":{"type":"LineString","coordinates":[[25.962788,43.855381],[25.962782,43.85539],[25.962773,43.855394]]}},{"type":"Feature","properties":{"line":"А23","mode":"bus","color":"#e16cd6","oi":-0.362,"n":4,"sw":1},"geometry":{"type":"LineString","coordinates":[[25.962779,43.855391],[25.962759,43.855402]]}},{"type":"Feature","properties":{"line":"А23","mode":"bus","color":"#e16cd6","oi":-0.443,"n":4,"sw":1},"geometry":{"type":"LineString","coordinates":[[25.962765,43.855399],[25.962745,43.855409]]}},{"type":"Feature","properties":{"line":"А23","mode":"bus","color":"#e16cd6","oi":-0.528,"n":4,"sw":1},"geometry":{"type":"LineString","coordinates":[[25.962751,43.855406],[25.962731,43.855416]]}},{"type":"Feature","properties":{"line":"А23","mode":"bus","color":"#e16cd6","oi":-0.616,"n":4,"sw":1},"geometry":{"type":"LineString","coordinates":[[25.962737,43.855413],[25.962717,43.855423]]}},{"type":"Feature","properties":{"line":"А23","mode":"bus","color":"#e16cd6","oi":-0.705,"n":4,"sw":1},"geometry":{"type":"LineString","coordinates":[[25.962723,43.85542],[25.962703,43.855431]]}},{"type":"Feature","properties":{"line":"А23","mode":"bus","color":"#e16cd6","oi":-0.795,"n":4,"sw":1},"geometry":{"type":"LineString","coordinates":[[25.962709,43.855428],[25.962689,43.855438]]}},{"type":"Feature","properties":{"line":"А23","mode":"bus","color":"#e16cd6","oi":-0.884,"n":4,"sw":1},"geometry":{"type":"LineString","coordinates":[[25.962695,43.855435],[25.962675,43.855445]]}},{"type":"Feature","properties":{"line":"А23","mode":"bus","color":"#e16cd6","oi":-0.972,"n":4,"sw":1},"geometry":{"type":"LineString","coordinates":[[25.962681,43.855442],[25.962661,43.855452]]}},{"type":"Feature","properties":{"line":"А23","mode":"bus","color":"#e16cd6","oi":-1.057,"n":4,"sw":1},"geometry":{"type":"LineString","coordinates":[[25.962667,43.855449],[25.962647,43.85546]]}},{"type":"Feature","properties":{"line":"А23","mode":"bus","color":"#e16cd6","oi":-1.138,"n":4,"sw":1},"geometry":{"type":"LineString","coordinates":[[25.962653,43.855457],[25.962633,43.855467]]}},{"type":"Feature","properties":{"line":"А23","mode":"bus","color":"#e16cd6","oi":-1.213,"n":4,"sw":1},"geometry":{"type":"LineString","coordinates":[[25.962639,43.855464],[25.962619,43.855474]]}},{"type":"Feature","properties":{"line":"А23","mode":"bus","color":"#e16cd6","oi":-1.282,"n":4,"sw":1},"geometry":{"type":"LineString","coordinates":[[25.962625,43.855471],[25.962605,43.855481]]}},{"type":"Feature","properties":{"line":"А23","mode":"bus","color":"#e16cd6","oi":-1.344,"n":4,"sw":1},"geometry":{"type":"LineString","coordinates":[[25.962611,43.855478],[25.962591,43.855489]]}},{"type":"Feature","properties":{"line":"А23","mode":"bus","color":"#e16cd6","oi":-1.397,"n":4,"sw":1},"geometry":{"type":"LineString","coordinates":[[25.962597,43.855486],[25.962577,43.855496]]}},{"type":"Feature","properties":{"line":"А23","mode":"bus","color":"#e16cd6","oi":-1.44,"n":4,"sw":1},"geometry":{"type":"LineString","coordinates":[[25.962583,43.855493],[25.962563,43.855503]]}},{"type":"Feature","properties":{"line":"А23","mode":"bus","color":"#e16cd6","oi":-1.473,"n":4,"sw":1},"geometry":{"type":"LineString","coordinates":[[25.962569,43.8555],[25.962549,43.85551]]}},{"type":"Feature","properties":{"line":"А23","mode":"bus","color":"#e16cd6","oi":-1.493,"n":4,"sw":1},"geometry":{"type":"LineString","coordinates":[[25.962555,43.855507],[25.962535,43.855518]]}},{"type":"Feature","properties":{"line":"А23","mode":"bus","color":"#e16cd6","oi":-1.5,"n":4,"sw":1},"geometry":{"type":"LineString","coordinates":[[25.962541,43.855515],[25.962521,43.855525]]}},{"type":"Feature","properties":{"line":"А23","mode":"bus","color":"#e16cd6","oi":-0.5,"n":2},"geometry":{"type":"LineString","coordinates":[[25.96002,43.839632],[25.960021,43.839632],[25.960187,43.839535]]}},{"type":"Feature","properties":{"line":"А23","mode":"bus","color":"#e16cd6","oi":0,"n":2,"sw":1},"geometry":{"type":"LineString","coordinates":[[25.959579,43.839693],[25.959627,43.839686]]}},{"type":"Feature","properties":{"line":"А23","mode":"bus","color":"#e16cd6","oi":-0.017,"n":2,"sw":1},"geometry":{"type":"LineString","coordinates":[[25.959619,43.839687],[25.959671,43.83968]]}},{"type":"Feature","properties":{"line":"А23","mode":"bus","color":"#e16cd6","oi":-0.063,"n":2,"sw":1},"geometry":{"type":"LineString","coordinates":[[25.959663,43.839681],[25.959715,43.839674]]}},{"type":"Feature","properties":{"line":"А23","mode":"bus","color":"#e16cd6","oi":-0.13,"n":2,"sw":1},"geometry":{"type":"LineString","coordinates":[[25.959708,43.839675],[25.959759,43.839668]]}},{"type":"Feature","properties":{"line":"А23","mode":"bus","color":"#e16cd6","oi":-0.209,"n":2,"sw":1},"geometry":{"type":"LineString","coordinates":[[25.959752,43.839669],[25.959803,43.839662]]}},{"type":"Feature","properties":{"line":"А23","mode":"bus","color":"#e16cd6","oi":-0.291,"n":2,"sw":1},"geometry":{"type":"LineString","coordinates":[[25.959796,43.839663],[25.959847,43.839656]]}},{"type":"Feature","properties":{"line":"А23","mode":"bus","color":"#e16cd6","oi":-0.37,"n":2,"sw":1},"geometry":{"type":"LineString","coordinates":[[25.95984,43.839657],[25.959891,43.83965]]}},{"type":"Feature","properties":{"line":"А23","mode":"bus","color":"#e16cd6","oi":-0.437,"n":2,"sw":1},"geometry":{"type":"LineString","coordinates":[[25.959884,43.839651],[25.959935,43.839644]]}},{"type":"Feature","properties":{"line":"А23","mode":"bus","color":"#e16cd6","oi":-0.483,"n":2,"sw":1},"geometry":{"type":"LineString","coordinates":[[25.959928,43.839645],[25.959979,43.839638]]}},{"type":"Feature","properties":{"line":"А23","mode":"bus","color":"#e16cd6","oi":-0.5,"n":2,"sw":1},"geometry":{"type":"LineString","coordinates":[[25.959972,43.839639],[25.960021,43.839632],[25.960023,43.839631]]}},{"type":"Feature","properties":{"line":"А23","mode":"bus","color":"#e16cd6","oi":-0.5,"n":2,"sw":1},"geometry":{"type":"LineString","coordinates":[[25.960184,43.839537],[25.960224,43.839513]]}},{"type":"Feature","properties":{"line":"А23","mode":"bus","color":"#e16cd6","oi":-0.483,"n":2,"sw":1},"geometry":{"type":"LineString","coordinates":[[25.960218,43.839516],[25.960259,43.839493]]}},{"type":"Feature","properties":{"line":"А23","mode":"bus","color":"#e16cd6","oi":-0.437,"n":2,"sw":1},"geometry":{"type":"LineString","coordinates":[[25.960253,43.839496],[25.960294,43.839472]]}},{"type":"Feature","properties":{"line":"А23","mode":"bus","color":"#e16cd6","oi":-0.37,"n":2,"sw":1},"geometry":{"type":"LineString","coordinates":[[25.960288,43.839476],[25.960329,43.839452]]}},{"type":"Feature","properties":{"line":"А23","mode":"bus","color":"#e16cd6","oi":-0.291,"n":2,"sw":1},"geometry":{"type":"LineString","coordinates":[[25.960323,43.839455],[25.960364,43.839431]]}},{"type":"Feature","properties":{"line":"А23","mode":"bus","color":"#e16cd6","oi":-0.209,"n":2,"sw":1},"geometry":{"type":"LineString","coordinates":[[25.960358,43.839435],[25.960399,43.839411]]}},{"type":"Feature","properties":{"line":"А23","mode":"bus","color":"#e16cd6","oi":-0.13,"n":2,"sw":1},"geometry":{"type":"LineString","coordinates":[[25.960393,43.839414],[25.960433,43.839391]]}},{"type":"Feature","properties":{"line":"А23","mode":"bus","color":"#e16cd6","oi":-0.063,"n":2,"sw":1},"geometry":{"type":"LineString","coordinates":[[25.960428,43.839394],[25.960468,43.83937]]}},{"type":"Feature","properties":{"line":"А23","mode":"bus","color":"#e16cd6","oi":-0.017,"n":2,"sw":1},"geometry":{"type":"LineString","coordinates":[[25.960462,43.839374],[25.960503,43.83935]]}},{"type":"Feature","properties":{"line":"А23","mode":"bus","color":"#e16cd6","oi":0,"n":2,"sw":1},"geometry":{"type":"LineString","coordinates":[[25.960497,43.839353],[25.960535,43.839331]]}},{"type":"Feature","properties":{"line":"А23","mode":"bus","color":"#e16cd6","oi":-1.5,"n":4},"geometry":{"type":"LineString","coordinates":[[25.954721,43.841147],[25.954386,43.843169],[25.954138,43.844497]]}},{"type":"Feature","properties":{"line":"А23","mode":"bus","color":"#e16cd6","oi":0,"n":4,"sw":1},"geometry":{"type":"LineString","coordinates":[[25.954774,43.840825],[25.954772,43.84084]]}},{"type":"Feature","properties":{"line":"А23","mode":"bus","color":"#e16cd6","oi":-0.007,"n":4,"sw":1},"geometry":{"type":"LineString","coordinates":[[25.954772,43.840835],[25.954769,43.840852]]}},{"type":"Feature","properties":{"line":"А23","mode":"bus","color":"#e16cd6","oi":-0.027,"n":4,"sw":1},"geometry":{"type":"LineString","coordinates":[[25.95477,43.840847],[25.954767,43.840865]]}},{"type":"Feature","properties":{"line":"А23","mode":"bus","color":"#e16cd6","oi":-0.06,"n":4,"sw":1},"geometry":{"type":"LineString","coordinates":[[25.954768,43.840859],[25.954765,43.840877]]}},{"type":"Feature","properties":{"line":"А23","mode":"bus","color":"#e16cd6","oi":-0.103,"n":4,"sw":1},"geometry":{"type":"LineString","coordinates":[[25.954766,43.840872],[25.954763,43.84089]]}},{"type":"Feature","properties":{"line":"А23","mode":"bus","color":"#e16cd6","oi":-0.156,"n":4,"sw":1},"geometry":{"type":"LineString","coordinates":[[25.954764,43.840884],[25.954761,43.840902]]}},{"type":"Feature","properties":{"line":"А23","mode":"bus","color":"#e16cd6","oi":-0.218,"n":4,"sw":1},"geometry":{"type":"LineString","coordinates":[[25.954762,43.840897],[25.954759,43.840914]]}},{"type":"Feature","properties":{"line":"А23","mode":"bus","color":"#e16cd6","oi":-0.287,"n":4,"sw":1},"geometry":{"type":"LineString","coordinates":[[25.95476,43.840909],[25.954757,43.840927]]}},{"type":"Feature","properties":{"line":"А23","mode":"bus","color":"#e16cd6","oi":-0.362,"n":4,"sw":1},"geometry":{"type":"LineString","coordinates":[[25.954758,43.840921],[25.954755,43.840939]]}},{"type":"Feature","properties":{"line":"А23","mode":"bus","color":"#e16cd6","oi":-0.443,"n":4,"sw":1},"geometry":{"type":"LineString","coordinates":[[25.954756,43.840934],[25.954753,43.840951]]}},{"type":"Feature","properties":{"line":"А23","mode":"bus","color":"#e16cd6","oi":-0.528,"n":4,"sw":1},"geometry":{"type":"LineString","coordinates":[[25.954754,43.840946],[25.954751,43.840964]]}},{"type":"Feature","properties":{"line":"А23","mode":"bus","color":"#e16cd6","oi":-0.616,"n":4,"sw":1},"geometry":{"type":"LineString","coordinates":[[25.954752,43.840958],[25.954749,43.840976]]}},{"type":"Feature","properties":{"line":"А23","mode":"bus","color":"#e16cd6","oi":-0.705,"n":4,"sw":1},"geometry":{"type":"LineString","coordinates":[[25.95475,43.840971],[25.954747,43.840989]]}},{"type":"Feature","properties":{"line":"А23","mode":"bus","color":"#e16cd6","oi":-0.795,"n":4,"sw":1},"geometry":{"type":"LineString","coordinates":[[25.954748,43.840983],[25.954745,43.841001]]}},{"type":"Feature","properties":{"line":"А23","mode":"bus","color":"#e16cd6","oi":-0.884,"n":4,"sw":1},"geometry":{"type":"LineString","coordinates":[[25.954746,43.840996],[25.954743,43.841013]]}},{"type":"Feature","properties":{"line":"А23","mode":"bus","color":"#e16cd6","oi":-0.972,"n":4,"sw":1},"geometry":{"type":"LineString","coordinates":[[25.954744,43.841008],[25.954741,43.841026]]}},{"type":"Feature","properties":{"line":"А23","mode":"bus","color":"#e16cd6","oi":-1.057,"n":4,"sw":1},"geometry":{"type":"LineString","coordinates":[[25.954742,43.84102],[25.954739,43.841038]]}},{"type":"Feature","properties":{"line":"А23","mode":"bus","color":"#e16cd6","oi":-1.138,"n":4,"sw":1},"geometry":{"type":"LineString","coordinates":[[25.95474,43.841033],[25.954737,43.84105]]}},{"type":"Feature","properties":{"line":"А23","mode":"bus","color":"#e16cd6","oi":-1.213,"n":4,"sw":1},"geometry":{"type":"LineString","coordinates":[[25.954738,43.841045],[25.954735,43.841063]]}},{"type":"Feature","properties":{"line":"А23","mode":"bus","color":"#e16cd6","oi":-1.282,"n":4,"sw":1},"geometry":{"type":"LineString","coordinates":[[25.954736,43.841057],[25.954733,43.841075]]}},{"type":"Feature","properties":{"line":"А23","mode":"bus","color":"#e16cd6","oi":-1.344,"n":4,"sw":1},"geometry":{"type":"LineString","coordinates":[[25.954733,43.84107],[25.954731,43.841087]]}},{"type":"Feature","properties":{"line":"А23","mode":"bus","color":"#e16cd6","oi":-1.397,"n":4,"sw":1},"geometry":{"type":"LineString","coordinates":[[25.954731,43.841082],[25.954729,43.8411]]}},{"type":"Feature","properties":{"line":"А23","mode":"bus","color":"#e16cd6","oi":-1.44,"n":4,"sw":1},"geometry":{"type":"LineString","coordinates":[[25.954729,43.841094],[25.954726,43.841112]]}},{"type":"Feature","properties":{"line":"А23","mode":"bus","color":"#e16cd6","oi":-1.473,"n":4,"sw":1},"geometry":{"type":"LineString","coordinates":[[25.954727,43.841107],[25.954724,43.841125]]}},{"type":"Feature","properties":{"line":"А23","mode":"bus","color":"#e16cd6","oi":-1.493,"n":4,"sw":1},"geometry":{"type":"LineString","coordinates":[[25.954725,43.841119],[25.954722,43.841137]]}},{"type":"Feature","properties":{"line":"А23","mode":"bus","color":"#e16cd6","oi":-1.5,"n":4,"sw":1},"geometry":{"type":"LineString","coordinates":[[25.954723,43.841132],[25.95472,43.841149]]}},{"type":"Feature","properties":{"line":"А23","mode":"bus","color":"#e16cd6","oi":-1.5,"n":4,"sw":1},"geometry":{"type":"LineString","coordinates":[[25.954138,43.844494],[25.954135,43.844512]]}},{"type":"Feature","properties":{"line":"А23","mode":"bus","color":"#e16cd6","oi":-1.493,"n":4,"sw":1},"geometry":{"type":"LineString","coordinates":[[25.954136,43.844507],[25.954133,43.844524]]}},{"type":"Feature","properties":{"line":"А23","mode":"bus","color":"#e16cd6","oi":-1.473,"n":4,"sw":1},"geometry":{"type":"LineString","coordinates":[[25.954134,43.844519],[25.954131,43.844537]]}},{"type":"Feature","properties":{"line":"А23","mode":"bus","color":"#e16cd6","oi":-1.44,"n":4,"sw":1},"geometry":{"type":"LineString","coordinates":[[25.954132,43.844531],[25.954128,43.844549]]}},{"type":"Feature","properties":{"line":"А23","mode":"bus","color":"#e16cd6","oi":-1.397,"n":4,"sw":1},"geometry":{"type":"LineString","coordinates":[[25.954129,43.844544],[25.954126,43.844561]]}},{"type":"Feature","properties":{"line":"А23","mode":"bus","color":"#e16cd6","oi":-1.344,"n":4,"sw":1},"geometry":{"type":"LineString","coordinates":[[25.954127,43.844556],[25.954124,43.844574]]}},{"type":"Feature","properties":{"line":"А23","mode":"bus","color":"#e16cd6","oi":-1.282,"n":4,"sw":1},"geometry":{"type":"LineString","coordinates":[[25.954125,43.844568],[25.954121,43.844586]]}},{"type":"Feature","properties":{"line":"А23","mode":"bus","color":"#e16cd6","oi":-1.213,"n":4,"sw":1},"geometry":{"type":"LineString","coordinates":[[25.954122,43.844581],[25.954119,43.844598]]}},{"type":"Feature","properties":{"line":"А23","mode":"bus","color":"#e16cd6","oi":-1.138,"n":4,"sw":1},"geometry":{"type":"LineString","coordinates":[[25.95412,43.844593],[25.954117,43.844611]]}},{"type":"Feature","properties":{"line":"А23","mode":"bus","color":"#e16cd6","oi":-1.057,"n":4,"sw":1},"geometry":{"type":"LineString","coordinates":[[25.954118,43.844605],[25.954114,43.844623]]}},{"type":"Feature","properties":{"line":"А23","mode":"bus","color":"#e16cd6","oi":-0.972,"n":4,"sw":1},"geometry":{"type":"LineString","coordinates":[[25.954115,43.844618],[25.954112,43.844635]]}},{"type":"Feature","properties":{"line":"А23","mode":"bus","color":"#e16cd6","oi":-0.884,"n":4,"sw":1},"geometry":{"type":"LineString","coordinates":[[25.954113,43.84463],[25.95411,43.844648]]}},{"type":"Feature","properties":{"line":"А23","mode":"bus","color":"#e16cd6","oi":-0.795,"n":4,"sw":1},"geometry":{"type":"LineString","coordinates":[[25.954111,43.844642],[25.954107,43.84466]]}},{"type":"Feature","properties":{"line":"А23","mode":"bus","color":"#e16cd6","oi":-0.705,"n":4,"sw":1},"geometry":{"type":"LineString","coordinates":[[25.954108,43.844655],[25.954105,43.844673]]}},{"type":"Feature","properties":{"line":"А23","mode":"bus","color":"#e16cd6","oi":-0.616,"n":4,"sw":1},"geometry":{"type":"LineString","coordinates":[[25.954106,43.844667],[25.954103,43.844685]]}},{"type":"Feature","properties":{"line":"А23","mode":"bus","color":"#e16cd6","oi":-0.528,"n":4,"sw":1},"geometry":{"type":"LineString","coordinates":[[25.954104,43.84468],[25.954101,43.844697]]}},{"type":"Feature","properties":{"line":"А23","mode":"bus","color":"#e16cd6","oi":-0.443,"n":4,"sw":1},"geometry":{"type":"LineString","coordinates":[[25.954102,43.844692],[25.954098,43.84471]]}},{"type":"Feature","properties":{"line":"А23","mode":"bus","color":"#e16cd6","oi":-0.362,"n":4,"sw":1},"geometry":{"type":"LineString","coordinates":[[25.954099,43.844704],[25.954096,43.844722]]}},{"type":"Feature","properties":{"line":"А23","mode":"bus","color":"#e16cd6","oi":-0.287,"n":4,"sw":1},"geometry":{"type":"LineString","coordinates":[[25.954097,43.844717],[25.954094,43.844734]]}},{"type":"Feature","properties":{"line":"А23","mode":"bus","color":"#e16cd6","oi":-0.218,"n":4,"sw":1},"geometry":{"type":"LineString","coordinates":[[25.954095,43.844729],[25.954091,43.844747]]}},{"type":"Feature","properties":{"line":"А23","mode":"bus","color":"#e16cd6","oi":-0.156,"n":4,"sw":1},"geometry":{"type":"LineString","coordinates":[[25.954092,43.844741],[25.954089,43.844759]]}},{"type":"Feature","properties":{"line":"А23","mode":"bus","color":"#e16cd6","oi":-0.103,"n":4,"sw":1},"geometry":{"type":"LineString","coordinates":[[25.95409,43.844754],[25.954087,43.844771]]}},{"type":"Feature","properties":{"line":"А23","mode":"bus","color":"#e16cd6","oi":-0.06,"n":4,"sw":1},"geometry":{"type":"LineString","coordinates":[[25.954088,43.844766],[25.954084,43.844784]]}},{"type":"Feature","properties":{"line":"А23","mode":"bus","color":"#e16cd6","oi":-0.027,"n":4,"sw":1},"geometry":{"type":"LineString","coordinates":[[25.954085,43.844778],[25.954082,43.844796]]}},{"type":"Feature","properties":{"line":"А23","mode":"bus","color":"#e16cd6","oi":-0.007,"n":4,"sw":1},"geometry":{"type":"LineString","coordinates":[[25.954083,43.844791],[25.95408,43.844808]]}},{"type":"Feature","properties":{"line":"А23","mode":"bus","color":"#e16cd6","oi":0,"n":4,"sw":1},"geometry":{"type":"LineString","coordinates":[[25.954081,43.844803],[25.954078,43.844818]]}},{"type":"Feature","properties":{"line":"А23","mode":"bus","color":"#e16cd6","oi":-1.5,"n":4},"geometry":{"type":"LineString","coordinates":[[25.955127,43.838724],[25.955378,43.837085],[25.955759,43.835061]]}},{"type":"Feature","properties":{"line":"А23","mode":"bus","color":"#e16cd6","oi":0,"n":4,"sw":1},"geometry":{"type":"LineString","coordinates":[[25.955078,43.839046],[25.95508,43.839031]]}},{"type":"Feature","properties":{"line":"А23","mode":"bus","color":"#e16cd6","oi":-0.007,"n":4,"sw":1},"geometry":{"type":"LineString","coordinates":[[25.955079,43.839036],[25.955082,43.839019]]}},{"type":"Feature","properties":{"line":"А23","mode":"bus","color":"#e16cd6","oi":-0.027,"n":4,"sw":1},"geometry":{"type":"LineString","coordinates":[[25.955081,43.839024],[25.955084,43.839006]]}},{"type":"Feature","properties":{"line":"А23","mode":"bus","color":"#e16cd6","oi":-0.06,"n":4,"sw":1},"geometry":{"type":"LineString","coordinates":[[25.955083,43.839012],[25.955086,43.838994]]}},{"type":"Feature","properties":{"line":"А23","mode":"bus","color":"#e16cd6","oi":-0.103,"n":4,"sw":1},"geometry":{"type":"LineString","coordinates":[[25.955085,43.838999],[25.955088,43.838981]]}},{"type":"Feature","properties":{"line":"А23","mode":"bus","color":"#e16cd6","oi":-0.156,"n":4,"sw":1},"geometry":{"type":"LineString","coordinates":[[25.955087,43.838987],[25.95509,43.838969]]}},{"type":"Feature","properties":{"line":"А23","mode":"bus","color":"#e16cd6","oi":-0.218,"n":4,"sw":1},"geometry":{"type":"LineString","coordinates":[[25.955089,43.838974],[25.955092,43.838957]]}},{"type":"Feature","properties":{"line":"А23","mode":"bus","color":"#e16cd6","oi":-0.287,"n":4,"sw":1},"geometry":{"type":"LineString","coordinates":[[25.955091,43.838962],[25.955094,43.838944]]}},{"type":"Feature","properties":{"line":"А23","mode":"bus","color":"#e16cd6","oi":-0.362,"n":4,"sw":1},"geometry":{"type":"LineString","coordinates":[[25.955093,43.83895],[25.955095,43.838932]]}},{"type":"Feature","properties":{"line":"А23","mode":"bus","color":"#e16cd6","oi":-0.443,"n":4,"sw":1},"geometry":{"type":"LineString","coordinates":[[25.955095,43.838937],[25.955097,43.838919]]}},{"type":"Feature","properties":{"line":"А23","mode":"bus","color":"#e16cd6","oi":-0.528,"n":4,"sw":1},"geometry":{"type":"LineString","coordinates":[[25.955097,43.838925],[25.955099,43.838907]]}},{"type":"Feature","properties":{"line":"А23","mode":"bus","color":"#e16cd6","oi":-0.616,"n":4,"sw":1},"geometry":{"type":"LineString","coordinates":[[25.955098,43.838912],[25.955101,43.838895]]}},{"type":"Feature","properties":{"line":"А23","mode":"bus","color":"#e16cd6","oi":-0.705,"n":4,"sw":1},"geometry":{"type":"LineString","coordinates":[[25.9551,43.8389],[25.955103,43.838882]]}},{"type":"Feature","properties":{"line":"А23","mode":"bus","color":"#e16cd6","oi":-0.795,"n":4,"sw":1},"geometry":{"type":"LineString","coordinates":[[25.955102,43.838888],[25.955105,43.83887]]}},{"type":"Feature","properties":{"line":"А23","mode":"bus","color":"#e16cd6","oi":-0.884,"n":4,"sw":1},"geometry":{"type":"LineString","coordinates":[[25.955104,43.838875],[25.955107,43.838858]]}},{"type":"Feature","properties":{"line":"А23","mode":"bus","color":"#e16cd6","oi":-0.972,"n":4,"sw":1},"geometry":{"type":"LineString","coordinates":[[25.955106,43.838863],[25.955109,43.838845]]}},{"type":"Feature","properties":{"line":"А23","mode":"bus","color":"#e16cd6","oi":-1.057,"n":4,"sw":1},"geometry":{"type":"LineString","coordinates":[[25.955108,43.838851],[25.955111,43.838833]]}},{"type":"Feature","properties":{"line":"А23","mode":"bus","color":"#e16cd6","oi":-1.138,"n":4,"sw":1},"geometry":{"type":"LineString","coordinates":[[25.95511,43.838838],[25.955113,43.83882]]}},{"type":"Feature","properties":{"line":"А23","mode":"bus","color":"#e16cd6","oi":-1.213,"n":4,"sw":1},"geometry":{"type":"LineString","coordinates":[[25.955112,43.838826],[25.955114,43.838808]]}},{"type":"Feature","properties":{"line":"А23","mode":"bus","color":"#e16cd6","oi":-1.282,"n":4,"sw":1},"geometry":{"type":"LineString","coordinates":[[25.955114,43.838813],[25.955116,43.838796]]}},{"type":"Feature","properties":{"line":"А23","mode":"bus","color":"#e16cd6","oi":-1.344,"n":4,"sw":1},"geometry":{"type":"LineString","coordinates":[[25.955115,43.838801],[25.955118,43.838783]]}},{"type":"Feature","properties":{"line":"А23","mode":"bus","color":"#e16cd6","oi":-1.397,"n":4,"sw":1},"geometry":{"type":"LineString","coordinates":[[25.955117,43.838789],[25.95512,43.838771]]}},{"type":"Feature","properties":{"line":"А23","mode":"bus","color":"#e16cd6","oi":-1.44,"n":4,"sw":1},"geometry":{"type":"LineString","coordinates":[[25.955119,43.838776],[25.955122,43.838758]]}},{"type":"Feature","properties":{"line":"А23","mode":"bus","color":"#e16cd6","oi":-1.473,"n":4,"sw":1},"geometry":{"type":"LineString","coordinates":[[25.955121,43.838764],[25.955124,43.838746]]}},{"type":"Feature","properties":{"line":"А23","mode":"bus","color":"#e16cd6","oi":-1.493,"n":4,"sw":1},"geometry":{"type":"LineString","coordinates":[[25.955123,43.838751],[25.955126,43.838734]]}},{"type":"Feature","properties":{"line":"А23","mode":"bus","color":"#e16cd6","oi":-1.5,"n":4,"sw":1},"geometry":{"type":"LineString","coordinates":[[25.955125,43.838739],[25.955128,43.838721]]}},{"type":"Feature","properties":{"line":"А23","mode":"bus","color":"#e16cd6","oi":-1.5,"n":4,"sw":1},"geometry":{"type":"LineString","coordinates":[[25.955758,43.835064],[25.955761,43.835046]]}},{"type":"Feature","properties":{"line":"А23","mode":"bus","color":"#e16cd6","oi":-1.493,"n":4,"sw":1},"geometry":{"type":"LineString","coordinates":[[25.95576,43.835051],[25.955764,43.835034]]}},{"type":"Feature","properties":{"line":"А23","mode":"bus","color":"#e16cd6","oi":-1.473,"n":4,"sw":1},"geometry":{"type":"LineString","coordinates":[[25.955763,43.835039],[25.955766,43.835021]]}},{"type":"Feature","properties":{"line":"А23","mode":"bus","color":"#e16cd6","oi":-1.44,"n":4,"sw":1},"geometry":{"type":"LineString","coordinates":[[25.955765,43.835027],[25.955768,43.835009]]}},{"type":"Feature","properties":{"line":"А23","mode":"bus","color":"#e16cd6","oi":-1.397,"n":4,"sw":1},"geometry":{"type":"LineString","coordinates":[[25.955767,43.835014],[25.955771,43.834997]]}},{"type":"Feature","properties":{"line":"А23","mode":"bus","color":"#e16cd6","oi":-1.344,"n":4,"sw":1},"geometry":{"type":"LineString","coordinates":[[25.95577,43.835002],[25.955773,43.834984]]}},{"type":"Feature","properties":{"line":"А23","mode":"bus","color":"#e16cd6","oi":-1.282,"n":4,"sw":1},"geometry":{"type":"LineString","coordinates":[[25.955772,43.83499],[25.955775,43.834972]]}},{"type":"Feature","properties":{"line":"А23","mode":"bus","color":"#e16cd6","oi":-1.213,"n":4,"sw":1},"geometry":{"type":"LineString","coordinates":[[25.955774,43.834977],[25.955778,43.83496]]}},{"type":"Feature","properties":{"line":"А23","mode":"bus","color":"#e16cd6","oi":-1.138,"n":4,"sw":1},"geometry":{"type":"LineString","coordinates":[[25.955777,43.834965],[25.95578,43.834947]]}},{"type":"Feature","properties":{"line":"А23","mode":"bus","color":"#e16cd6","oi":-1.057,"n":4,"sw":1},"geometry":{"type":"LineString","coordinates":[[25.955779,43.834953],[25.955782,43.834935]]}},{"type":"Feature","properties":{"line":"А23","mode":"bus","color":"#e16cd6","oi":-0.972,"n":4,"sw":1},"geometry":{"type":"LineString","coordinates":[[25.955781,43.83494],[25.955785,43.834923]]}},{"type":"Feature","properties":{"line":"А23","mode":"bus","color":"#e16cd6","oi":-0.884,"n":4,"sw":1},"geometry":{"type":"LineString","coordinates":[[25.955784,43.834928],[25.955787,43.83491]]}},{"type":"Feature","properties":{"line":"А23","mode":"bus","color":"#e16cd6","oi":-0.795,"n":4,"sw":1},"geometry":{"type":"LineString","coordinates":[[25.955786,43.834916],[25.955789,43.834898]]}},{"type":"Feature","properties":{"line":"А23","mode":"bus","color":"#e16cd6","oi":-0.705,"n":4,"sw":1},"geometry":{"type":"LineString","coordinates":[[25.955788,43.834903],[25.955792,43.834885]]}},{"type":"Feature","properties":{"line":"А23","mode":"bus","color":"#e16cd6","oi":-0.616,"n":4,"sw":1},"geometry":{"type":"LineString","coordinates":[[25.955791,43.834891],[25.955794,43.834873]]}},{"type":"Feature","properties":{"line":"А23","mode":"bus","color":"#e16cd6","oi":-0.528,"n":4,"sw":1},"geometry":{"type":"LineString","coordinates":[[25.955793,43.834878],[25.955796,43.834861]]}},{"type":"Feature","properties":{"line":"А23","mode":"bus","color":"#e16cd6","oi":-0.443,"n":4,"sw":1},"geometry":{"type":"LineString","coordinates":[[25.955795,43.834866],[25.955799,43.834848]]}},{"type":"Feature","properties":{"line":"А23","mode":"bus","color":"#e16cd6","oi":-0.362,"n":4,"sw":1},"geometry":{"type":"LineString","coordinates":[[25.955798,43.834854],[25.955801,43.834836]]}},{"type":"Feature","properties":{"line":"А23","mode":"bus","color":"#e16cd6","oi":-0.287,"n":4,"sw":1},"geometry":{"type":"LineString","coordinates":[[25.9558,43.834841],[25.955803,43.834824]]}},{"type":"Feature","properties":{"line":"А23","mode":"bus","color":"#e16cd6","oi":-0.218,"n":4,"sw":1},"geometry":{"type":"LineString","coordinates":[[25.955802,43.834829],[25.955806,43.834811]]}},{"type":"Feature","properties":{"line":"А23","mode":"bus","color":"#e16cd6","oi":-0.156,"n":4,"sw":1},"geometry":{"type":"LineString","coordinates":[[25.955805,43.834817],[25.955808,43.834799]]}},{"type":"Feature","properties":{"line":"А23","mode":"bus","color":"#e16cd6","oi":-0.103,"n":4,"sw":1},"geometry":{"type":"LineString","coordinates":[[25.955807,43.834804],[25.95581,43.834787]]}},{"type":"Feature","properties":{"line":"А23","mode":"bus","color":"#e16cd6","oi":-0.06,"n":4,"sw":1},"geometry":{"type":"LineString","coordinates":[[25.955809,43.834792],[25.955813,43.834774]]}},{"type":"Feature","properties":{"line":"А23","mode":"bus","color":"#e16cd6","oi":-0.027,"n":4,"sw":1},"geometry":{"type":"LineString","coordinates":[[25.955812,43.83478],[25.955815,43.834762]]}},{"type":"Feature","properties":{"line":"А23","mode":"bus","color":"#e16cd6","oi":-0.007,"n":4,"sw":1},"geometry":{"type":"LineString","coordinates":[[25.955814,43.834767],[25.955817,43.83475]]}},{"type":"Feature","properties":{"line":"А23","mode":"bus","color":"#e16cd6","oi":0,"n":4,"sw":1},"geometry":{"type":"LineString","coordinates":[[25.955816,43.834755],[25.955819,43.83474]]}},{"type":"Feature","properties":{"line":"А23","mode":"bus","color":"#e16cd6","oi":0,"n":3,"sw":1},"geometry":{"type":"LineString","coordinates":[[25.955707,43.83442],[25.955713,43.834431]]}},{"type":"Feature","properties":{"line":"А23","mode":"bus","color":"#e16cd6","oi":-0.01,"n":3,"sw":1},"geometry":{"type":"LineString","coordinates":[[25.95571,43.834426],[25.955718,43.83444]]}},{"type":"Feature","properties":{"line":"А23","mode":"bus","color":"#e16cd6","oi":-0.038,"n":3,"sw":1},"geometry":{"type":"LineString","coordinates":[[25.955715,43.834435],[25.955723,43.834448]]}},{"type":"Feature","properties":{"line":"А23","mode":"bus","color":"#e16cd6","oi":-0.082,"n":3,"sw":1},"geometry":{"type":"LineString","coordinates":[[25.95572,43.834443],[25.955727,43.834457]]}},{"type":"Feature","properties":{"line":"А23","mode":"bus","color":"#e16cd6","oi":-0.14,"n":3,"sw":1},"geometry":{"type":"LineString","coordinates":[[25.955725,43.834452],[25.955732,43.834465]]}},{"type":"Feature","properties":{"line":"А23","mode":"bus","color":"#e16cd6","oi":-0.209,"n":3,"sw":1},"geometry":{"type":"LineString","coordinates":[[25.955729,43.83446],[25.955737,43.834474]]}},{"type":"Feature","properties":{"line":"А23","mode":"bus","color":"#e16cd6","oi":-0.286,"n":3,"sw":1},"geometry":{"type":"LineString","coordinates":[[25.955734,43.834469],[25.955742,43.834483]]}},{"type":"Feature","properties":{"line":"А23","mode":"bus","color":"#e16cd6","oi":-0.369,"n":3,"sw":1},"geometry":{"type":"LineString","coordinates":[[25.955739,43.834477],[25.955746,43.834491]]}},{"type":"Feature","properties":{"line":"А23","mode":"bus","color":"#e16cd6","oi":-0.456,"n":3,"sw":1},"geometry":{"type":"LineString","coordinates":[[25.955744,43.834486],[25.955751,43.8345]]}},{"type":"Feature","properties":{"line":"А23","mode":"bus","color":"#e16cd6","oi":-0.544,"n":3,"sw":1},"geometry":{"type":"LineString","coordinates":[[25.955748,43.834495],[25.955756,43.834508]]}},{"type":"Feature","properties":{"line":"А23","mode":"bus","color":"#e16cd6","oi":-0.631,"n":3,"sw":1},"geometry":{"type":"LineString","coordinates":[[25.955753,43.834503],[25.955761,43.834517]]}},{"type":"Feature","properties":{"line":"А23","mode":"bus","color":"#e16cd6","oi":-0.714,"n":3,"sw":1},"geometry":{"type":"LineString","coordinates":[[25.955758,43.834512],[25.955765,43.834525]]}},{"type":"Feature","properties":{"line":"А23","mode":"bus","color":"#e16cd6","oi":-0.791,"n":3,"sw":1},"geometry":{"type":"LineString","coordinates":[[25.955762,43.83452],[25.95577,43.834534]]}},{"type":"Feature","properties":{"line":"А23","mode":"bus","color":"#e16cd6","oi":-0.86,"n":3,"sw":1},"geometry":{"type":"LineString","coordinates":[[25.955767,43.834529],[25.955775,43.834542]]}},{"type":"Feature","properties":{"line":"А23","mode":"bus","color":"#e16cd6","oi":-0.918,"n":3,"sw":1},"geometry":{"type":"LineString","coordinates":[[25.955772,43.834537],[25.955779,43.834551]]}},{"type":"Feature","properties":{"line":"А23","mode":"bus","color":"#e16cd6","oi":-0.962,"n":3,"sw":1},"geometry":{"type":"LineString","coordinates":[[25.955777,43.834546],[25.95578,43.834552],[25.955782,43.83456]]}},{"type":"Feature","properties":{"line":"А23","mode":"bus","color":"#e16cd6","oi":-0.99,"n":3,"sw":1},"geometry":{"type":"LineString","coordinates":[[25.955781,43.834555],[25.955784,43.834569]]}},{"type":"Feature","properties":{"line":"А23","mode":"bus","color":"#e16cd6","oi":-1,"n":3,"sw":1},"geometry":{"type":"LineString","coordinates":[[25.955782,43.834564],[25.955785,43.834578]]}},{"type":"Feature","properties":{"line":"А23","mode":"bus","color":"#e16cd6","oi":-1,"n":3,"sw":1},"geometry":{"type":"LineString","coordinates":[[25.955784,43.834573],[25.955787,43.834588]]}},{"type":"Feature","properties":{"line":"А23","mode":"bus","color":"#e16cd6","oi":-0.99,"n":3,"sw":1},"geometry":{"type":"LineString","coordinates":[[25.955786,43.834582],[25.955789,43.834597]]}},{"type":"Feature","properties":{"line":"А23","mode":"bus","color":"#e16cd6","oi":-0.962,"n":3,"sw":1},"geometry":{"type":"LineString","coordinates":[[25.955788,43.834591],[25.955791,43.834606]]}},{"type":"Feature","properties":{"line":"А23","mode":"bus","color":"#e16cd6","oi":-0.918,"n":3,"sw":1},"geometry":{"type":"LineString","coordinates":[[25.95579,43.8346],[25.955793,43.834615]]}},{"type":"Feature","properties":{"line":"А23","mode":"bus","color":"#e16cd6","oi":-0.86,"n":3,"sw":1},"geometry":{"type":"LineString","coordinates":[[25.955792,43.83461],[25.955795,43.834624]]}},{"type":"Feature","properties":{"line":"А23","mode":"bus","color":"#e16cd6","oi":-0.791,"n":3,"sw":1},"geometry":{"type":"LineString","coordinates":[[25.955794,43.834619],[25.955797,43.834633]]}},{"type":"Feature","properties":{"line":"А23","mode":"bus","color":"#e16cd6","oi":-0.714,"n":3,"sw":1},"geometry":{"type":"LineString","coordinates":[[25.955796,43.834628],[25.955799,43.834642]]}},{"type":"Feature","properties":{"line":"А23","mode":"bus","color":"#e16cd6","oi":-0.631,"n":3,"sw":1},"geometry":{"type":"LineString","coordinates":[[25.955798,43.834637],[25.955801,43.834651]]}},{"type":"Feature","properties":{"line":"А23","mode":"bus","color":"#e16cd6","oi":-0.544,"n":3,"sw":1},"geometry":{"type":"LineString","coordinates":[[25.9558,43.834646],[25.955803,43.834661]]}},{"type":"Feature","properties":{"line":"А23","mode":"bus","color":"#e16cd6","oi":-0.456,"n":3,"sw":1},"geometry":{"type":"LineString","coordinates":[[25.955801,43.834655],[25.955804,43.83467]]}},{"type":"Feature","properties":{"line":"А23","mode":"bus","color":"#e16cd6","oi":-0.369,"n":3,"sw":1},"geometry":{"type":"LineString","coordinates":[[25.955803,43.834664],[25.955806,43.834679]]}},{"type":"Feature","properties":{"line":"А23","mode":"bus","color":"#e16cd6","oi":-0.286,"n":3,"sw":1},"geometry":{"type":"LineString","coordinates":[[25.955805,43.834673],[25.955808,43.834688]]}},{"type":"Feature","properties":{"line":"А23","mode":"bus","color":"#e16cd6","oi":-0.209,"n":3,"sw":1},"geometry":{"type":"LineString","coordinates":[[25.955807,43.834683],[25.95581,43.834697]]}},{"type":"Feature","properties":{"line":"А23","mode":"bus","color":"#e16cd6","oi":-0.14,"n":3,"sw":1},"geometry":{"type":"LineString","coordinates":[[25.955809,43.834692],[25.955812,43.834706]]}},{"type":"Feature","properties":{"line":"А23","mode":"bus","color":"#e16cd6","oi":-0.082,"n":3,"sw":1},"geometry":{"type":"LineString","coordinates":[[25.955811,43.834701],[25.955814,43.834715]]}},{"type":"Feature","properties":{"line":"А23","mode":"bus","color":"#e16cd6","oi":-0.038,"n":3,"sw":1},"geometry":{"type":"LineString","coordinates":[[25.955813,43.83471],[25.955816,43.834724]]}},{"type":"Feature","properties":{"line":"А23","mode":"bus","color":"#e16cd6","oi":-0.01,"n":3,"sw":1},"geometry":{"type":"LineString","coordinates":[[25.955815,43.834719],[25.955818,43.834734]]}},{"type":"Feature","properties":{"line":"А23","mode":"bus","color":"#e16cd6","oi":0,"n":3,"sw":1},"geometry":{"type":"LineString","coordinates":[[25.955817,43.834728],[25.955819,43.83474]]}},{"type":"Feature","properties":{"line":"А23","mode":"bus","color":"#e16cd6","oi":-1,"n":3},"geometry":{"type":"LineString","coordinates":[[25.95656,43.832042],[25.955579,43.83168],[25.953139,43.830701],[25.951842,43.830078]]}},{"type":"Feature","properties":{"line":"А23","mode":"bus","color":"#e16cd6","oi":0,"n":3,"sw":1},"geometry":{"type":"LineString","coordinates":[[25.95696,43.832189],[25.956934,43.83218]]}},{"type":"Feature","properties":{"line":"А23","mode":"bus","color":"#e16cd6","oi":-0.01,"n":3,"sw":1},"geometry":{"type":"LineString","coordinates":[[25.956941,43.832182],[25.956912,43.832171]]}},{"type":"Feature","properties":{"line":"А23","mode":"bus","color":"#e16cd6","oi":-0.038,"n":3,"sw":1},"geometry":{"type":"LineString","coordinates":[[25.956919,43.832174],[25.95689,43.832163]]}},{"type":"Feature","properties":{"line":"А23","mode":"bus","color":"#e16cd6","oi":-0.082,"n":3,"sw":1},"geometry":{"type":"LineString","coordinates":[[25.956897,43.832166],[25.956868,43.832155]]}},{"type":"Feature","properties":{"line":"А23","mode":"bus","color":"#e16cd6","oi":-0.14,"n":3,"sw":1},"geometry":{"type":"LineString","coordinates":[[25.956875,43.832157],[25.956846,43.832147]]}},{"type":"Feature","properties":{"line":"А23","mode":"bus","color":"#e16cd6","oi":-0.209,"n":3,"sw":1},"geometry":{"type":"LineString","coordinates":[[25.956852,43.832149],[25.956823,43.832139]]}},{"type":"Feature","properties":{"line":"А23","mode":"bus","color":"#e16cd6","oi":-0.286,"n":3,"sw":1},"geometry":{"type":"LineString","coordinates":[[25.95683,43.832141],[25.956801,43.83213]]}},{"type":"Feature","properties":{"line":"А23","mode":"bus","color":"#e16cd6","oi":-0.369,"n":3,"sw":1},"geometry":{"type":"LineString","coordinates":[[25.956808,43.832133],[25.956779,43.832122]]}},{"type":"Feature","properties":{"line":"А23","mode":"bus","color":"#e16cd6","oi":-0.456,"n":3,"sw":1},"geometry":{"type":"LineString","coordinates":[[25.956786,43.832125],[25.956757,43.832114]]}},{"type":"Feature","properties":{"line":"А23","mode":"bus","color":"#e16cd6","oi":-0.544,"n":3,"sw":1},"geometry":{"type":"LineString","coordinates":[[25.956764,43.832117],[25.956735,43.832106]]}},{"type":"Feature","properties":{"line":"А23","mode":"bus","color":"#e16cd6","oi":-0.631,"n":3,"sw":1},"geometry":{"type":"LineString","coordinates":[[25.956741,43.832108],[25.956712,43.832098]]}},{"type":"Feature","properties":{"line":"А23","mode":"bus","color":"#e16cd6","oi":-0.714,"n":3,"sw":1},"geometry":{"type":"LineString","coordinates":[[25.956719,43.8321],[25.95669,43.83209]]}},{"type":"Feature","properties":{"line":"А23","mode":"bus","color":"#e16cd6","oi":-0.791,"n":3,"sw":1},"geometry":{"type":"LineString","coordinates":[[25.956697,43.832092],[25.956668,43.832081]]}},{"type":"Feature","properties":{"line":"А23","mode":"bus","color":"#e16cd6","oi":-0.86,"n":3,"sw":1},"geometry":{"type":"LineString","coordinates":[[25.956675,43.832084],[25.956646,43.832073]]}},{"type":"Feature","properties":{"line":"А23","mode":"bus","color":"#e16cd6","oi":-0.918,"n":3,"sw":1},"geometry":{"type":"LineString","coordinates":[[25.956653,43.832076],[25.956624,43.832065]]}},{"type":"Feature","properties":{"line":"А23","mode":"bus","color":"#e16cd6","oi":-0.962,"n":3,"sw":1},"geometry":{"type":"LineString","coordinates":[[25.95663,43.832067],[25.956601,43.832057]]}},{"type":"Feature","properties":{"line":"А23","mode":"bus","color":"#e16cd6","oi":-0.99,"n":3,"sw":1},"geometry":{"type":"LineString","coordinates":[[25.956608,43.832059],[25.956579,43.832049]]}},{"type":"Feature","properties":{"line":"А23","mode":"bus","color":"#e16cd6","oi":-1,"n":3,"sw":1},"geometry":{"type":"LineString","coordinates":[[25.956586,43.832051],[25.956557,43.83204]]}},{"type":"Feature","properties":{"line":"А23","mode":"bus","color":"#e16cd6","oi":-1,"n":3,"sw":1},"geometry":{"type":"LineString","coordinates":[[25.951846,43.830079],[25.951802,43.830058]]}},{"type":"Feature","properties":{"line":"А23","mode":"bus","color":"#e16cd6","oi":-1.017,"n":3,"sw":1},"geometry":{"type":"LineString","coordinates":[[25.951808,43.830061],[25.951765,43.83004]]}},{"type":"Feature","properties":{"line":"А23","mode":"bus","color":"#e16cd6","oi":-1.063,"n":3,"sw":1},"geometry":{"type":"LineString","coordinates":[[25.951771,43.830043],[25.951727,43.830022]]}},{"type":"Feature","properties":{"line":"А23","mode":"bus","color":"#e16cd6","oi":-1.13,"n":3,"sw":1},"geometry":{"type":"LineString","coordinates":[[25.951734,43.830025],[25.95169,43.830004]]}},{"type":"Feature","properties":{"line":"А23","mode":"bus","color":"#e16cd6","oi":-1.209,"n":3,"sw":1},"geometry":{"type":"LineString","coordinates":[[25.951696,43.830007],[25.951653,43.829986]]}},{"type":"Feature","properties":{"line":"А23","mode":"bus","color":"#e16cd6","oi":-1.291,"n":3,"sw":1},"geometry":{"type":"LineString","coordinates":[[25.951659,43.829989],[25.951615,43.829968]]}},{"type":"Feature","properties":{"line":"А23","mode":"bus","color":"#e16cd6","oi":-1.37,"n":3,"sw":1},"geometry":{"type":"LineString","coordinates":[[25.951621,43.829971],[25.951578,43.82995]]}},{"type":"Feature","properties":{"line":"А23","mode":"bus","color":"#e16cd6","oi":-1.437,"n":3,"sw":1},"geometry":{"type":"LineString","coordinates":[[25.951584,43.829953],[25.951541,43.829932]]}},{"type":"Feature","properties":{"line":"А23","mode":"bus","color":"#e16cd6","oi":-1.483,"n":3,"sw":1},"geometry":{"type":"LineString","coordinates":[[25.951547,43.829935],[25.951503,43.829914]]}},{"type":"Feature","properties":{"line":"А23","mode":"bus","color":"#e16cd6","oi":-1.5,"n":3,"sw":1},"geometry":{"type":"LineString","coordinates":[[25.951509,43.829917],[25.951469,43.829898]]}},{"type":"Feature","properties":{"line":"А23","mode":"bus","color":"#e16cd6","oi":-0.5,"n":2},"geometry":{"type":"LineString","coordinates":[[25.956207,43.834553],[25.956601,43.834613],[25.956785,43.834683],[25.957689,43.835199],[25.957863,43.835348],[25.958019,43.835531],[25.958141,43.835741],[25.958418,43.836419],[25.959419,43.839248]]}},{"type":"Feature","properties":{"line":"А23","mode":"bus","color":"#e16cd6","oi":-0.5,"n":2,"sw":1},"geometry":{"type":"LineString","coordinates":[[25.959418,43.839246],[25.959431,43.839282]]}},{"type":"Feature","properties":{"line":"А23","mode":"bus","color":"#e16cd6","oi":-0.483,"n":2,"sw":1},"geometry":{"type":"LineString","coordinates":[[25.959429,43.839277],[25.959442,43.839314]]}},{"type":"Feature","properties":{"line":"А23","mode":"bus","color":"#e16cd6","oi":-0.437,"n":2,"sw":1},"geometry":{"type":"LineString","coordinates":[[25.95944,43.839308],[25.959453,43.839345]]}},{"type":"Feature","properties":{"line":"А23","mode":"bus","color":"#e16cd6","oi":-0.37,"n":2,"sw":1},"geometry":{"type":"LineString","coordinates":[[25.959451,43.83934],[25.959464,43.839376]]}},{"type":"Feature","properties":{"line":"А23","mode":"bus","color":"#e16cd6","oi":-0.291,"n":2,"sw":1},"geometry":{"type":"LineString","coordinates":[[25.959462,43.839371],[25.959475,43.839408]]}},{"type":"Feature","properties":{"line":"А23","mode":"bus","color":"#e16cd6","oi":-0.209,"n":2,"sw":1},"geometry":{"type":"LineString","coordinates":[[25.959474,43.839402],[25.959487,43.839439]]}},{"type":"Feature","properties":{"line":"А23","mode":"bus","color":"#e16cd6","oi":-0.13,"n":2,"sw":1},"geometry":{"type":"LineString","coordinates":[[25.959485,43.839434],[25.959498,43.83947]]}},{"type":"Feature","properties":{"line":"А23","mode":"bus","color":"#e16cd6","oi":-0.063,"n":2,"sw":1},"geometry":{"type":"LineString","coordinates":[[25.959496,43.839465],[25.959509,43.839502]]}},{"type":"Feature","properties":{"line":"А23","mode":"bus","color":"#e16cd6","oi":-0.017,"n":2,"sw":1},"geometry":{"type":"LineString","coordinates":[[25.959507,43.839497],[25.95952,43.839533]]}},{"type":"Feature","properties":{"line":"А23","mode":"bus","color":"#e16cd6","oi":0,"n":2,"sw":1},"geometry":{"type":"LineString","coordinates":[[25.959518,43.839528],[25.95953,43.839562]]}},{"type":"Feature","properties":{"line":"А23","mode":"bus","color":"#e16cd6","oi":-0.5,"n":2},"geometry":{"type":"LineString","coordinates":[[25.953835,43.846453],[25.9499,43.846363]]}},{"type":"Feature","properties":{"line":"G2","mode":"bus","color":"#0357b2","oi":0,"n":1},"geometry":{"type":"LineString","coordinates":[[25.973711,43.922285],[25.972003,43.915581],[25.971987,43.9153],[25.972131,43.914821],[25.972073,43.914748],[25.971966,43.914717],[25.971847,43.914573],[25.971838,43.914563],[25.97183,43.914559],[25.971824,43.91456],[25.97182,43.914566],[25.971817,43.914578],[25.971775,43.914856],[25.971825,43.914999],[25.971898,43.915596],[25.973612,43.922298]]}},{"type":"Feature","properties":{"line":"G2","mode":"bus","color":"#0357b2","oi":0,"n":1},"geometry":{"type":"LineString","coordinates":[[25.970674,43.904918],[25.970691,43.905024],[25.970634,43.905216],[25.970633,43.905249],[25.970653,43.90528],[25.970934,43.905543]]}},{"type":"Feature","properties":{"line":"G2","mode":"bus","color":"#0357b2","oi":0,"n":1},"geometry":{"type":"LineString","coordinates":[[25.971266,43.90656],[25.971145,43.906064],[25.970934,43.905543],[25.970957,43.905175],[25.970674,43.904918],[25.970111,43.903575],[25.969852,43.902848],[25.969549,43.901797]]}},{"type":"Feature","properties":{"line":"G2","mode":"bus","color":"#0357b2","oi":0,"n":1},"geometry":{"type":"LineString","coordinates":[[25.968156,43.898771],[25.968233,43.898977],[25.968206,43.899133],[25.968225,43.899186],[25.968572,43.899426]]}},{"type":"Feature","properties":{"line":"G2","mode":"bus","color":"#0357b2","oi":0,"n":1},"geometry":{"type":"LineString","coordinates":[[25.966273,43.894753],[25.966309,43.894994],[25.96638,43.8951],[25.966414,43.895336],[25.966576,43.895757]]}},{"type":"Feature","properties":{"line":"G2","mode":"bus","color":"#0357b2","oi":0,"n":1},"geometry":{"type":"LineString","coordinates":[[25.965977,43.893634],[25.966273,43.894753],[25.966405,43.894904],[25.966546,43.894968],[25.966724,43.895012],[25.966789,43.895086],[25.966807,43.895117],[25.966805,43.895151],[25.966778,43.895237],[25.966634,43.895303],[25.966575,43.895364],[25.966554,43.895535],[25.966576,43.895757],[25.966886,43.896818],[25.968156,43.898771],[25.96834,43.898933],[25.968548,43.899017],[25.968602,43.899079],[25.968608,43.899151],[25.96855,43.899285],[25.968572,43.899426],[25.969205,43.900499],[25.969464,43.901486]]}},{"type":"Feature","properties":{"line":"G2","mode":"bus","color":"#0357b2","oi":1,"n":1,"sw":1},"geometry":{"type":"LineString","coordinates":[[25.965893,43.893316],[25.965898,43.893336]]}},{"type":"Feature","properties":{"line":"G2","mode":"bus","color":"#0357b2","oi":0.99,"n":1,"sw":1},"geometry":{"type":"LineString","coordinates":[[25.965897,43.893331],[25.965903,43.893354]]}},{"type":"Feature","properties":{"line":"G2","mode":"bus","color":"#0357b2","oi":0.962,"n":1,"sw":1},"geometry":{"type":"LineString","coordinates":[[25.965902,43.893349],[25.965908,43.893372]]}},{"type":"Feature","properties":{"line":"G2","mode":"bus","color":"#0357b2","oi":0.918,"n":1,"sw":1},"geometry":{"type":"LineString","coordinates":[[25.965906,43.893366],[25.965912,43.893389]]}},{"type":"Feature","properties":{"line":"G2","mode":"bus","color":"#0357b2","oi":0.86,"n":1,"sw":1},"geometry":{"type":"LineString","coordinates":[[25.965911,43.893384],[25.965917,43.893407]]}},{"type":"Feature","properties":{"line":"G2","mode":"bus","color":"#0357b2","oi":0.791,"n":1,"sw":1},"geometry":{"type":"LineString","coordinates":[[25.965916,43.893402],[25.965922,43.893425]]}},{"type":"Feature","properties":{"line":"G2","mode":"bus","color":"#0357b2","oi":0.714,"n":1,"sw":1},"geometry":{"type":"LineString","coordinates":[[25.96592,43.893419],[25.965926,43.893442]]}},{"type":"Feature","properties":{"line":"G2","mode":"bus","color":"#0357b2","oi":0.631,"n":1,"sw":1},"geometry":{"type":"LineString","coordinates":[[25.965925,43.893437],[25.965931,43.89346]]}},{"type":"Feature","properties":{"line":"G2","mode":"bus","color":"#0357b2","oi":0.544,"n":1,"sw":1},"geometry":{"type":"LineString","coordinates":[[25.96593,43.893455],[25.965936,43.893478]]}},{"type":"Feature","properties":{"line":"G2","mode":"bus","color":"#0357b2","oi":0.456,"n":1,"sw":1},"geometry":{"type":"LineString","coordinates":[[25.965934,43.893472],[25.96594,43.893495]]}},{"type":"Feature","properties":{"line":"G2","mode":"bus","color":"#0357b2","oi":0.369,"n":1,"sw":1},"geometry":{"type":"LineString","coordinates":[[25.965939,43.89349],[25.965945,43.893513]]}},{"type":"Feature","properties":{"line":"G2","mode":"bus","color":"#0357b2","oi":0.286,"n":1,"sw":1},"geometry":{"type":"LineString","coordinates":[[25.965944,43.893508],[25.96595,43.893531]]}},{"type":"Feature","properties":{"line":"G2","mode":"bus","color":"#0357b2","oi":0.209,"n":1,"sw":1},"geometry":{"type":"LineString","coordinates":[[25.965948,43.893525],[25.965954,43.893548]]}},{"type":"Feature","properties":{"line":"G2","mode":"bus","color":"#0357b2","oi":0.14,"n":1,"sw":1},"geometry":{"type":"LineString","coordinates":[[25.965953,43.893543],[25.965959,43.893566]]}},{"type":"Feature","properties":{"line":"G2","mode":"bus","color":"#0357b2","oi":0.082,"n":1,"sw":1},"geometry":{"type":"LineString","coordinates":[[25.965958,43.893561],[25.965964,43.893584]]}},{"type":"Feature","properties":{"line":"G2","mode":"bus","color":"#0357b2","oi":0.038,"n":1,"sw":1},"geometry":{"type":"LineString","coordinates":[[25.965962,43.893579],[25.965968,43.893601]]}},{"type":"Feature","properties":{"line":"G2","mode":"bus","color":"#0357b2","oi":0.01,"n":1,"sw":1},"geometry":{"type":"LineString","coordinates":[[25.965967,43.893596],[25.965973,43.893619]]}},{"type":"Feature","properties":{"line":"G2","mode":"bus","color":"#0357b2","oi":0,"n":1,"sw":1},"geometry":{"type":"LineString","coordinates":[[25.965972,43.893614],[25.965978,43.893637]]}},{"type":"Feature","properties":{"line":"G2","mode":"bus","color":"#0357b2","oi":0,"n":1},"geometry":{"type":"LineString","coordinates":[[25.971835,43.913854],[25.971822,43.914542]]}},{"type":"Feature","properties":{"line":"G2","mode":"bus","color":"#0357b2","oi":1,"n":1,"sw":1},"geometry":{"type":"LineString","coordinates":[[25.971841,43.91353],[25.971841,43.913551]]}},{"type":"Feature","properties":{"line":"G2","mode":"bus","color":"#0357b2","oi":0.99,"n":1,"sw":1},"geometry":{"type":"LineString","coordinates":[[25.971841,43.913545],[25.97184,43.913569]]}},{"type":"Feature","properties":{"line":"G2","mode":"bus","color":"#0357b2","oi":0.962,"n":1,"sw":1},"geometry":{"type":"LineString","coordinates":[[25.97184,43.913563],[25.97184,43.913587]]}},{"type":"Feature","properties":{"line":"G2","mode":"bus","color":"#0357b2","oi":0.918,"n":1,"sw":1},"geometry":{"type":"LineString","coordinates":[[25.97184,43.913581],[25.97184,43.913605]]}},{"type":"Feature","properties":{"line":"G2","mode":"bus","color":"#0357b2","oi":0.86,"n":1,"sw":1},"geometry":{"type":"LineString","coordinates":[[25.97184,43.913599],[25.971839,43.913623]]}},{"type":"Feature","properties":{"line":"G2","mode":"bus","color":"#0357b2","oi":0.791,"n":1,"sw":1},"geometry":{"type":"LineString","coordinates":[[25.971839,43.913617],[25.971839,43.913641]]}},{"type":"Feature","properties":{"line":"G2","mode":"bus","color":"#0357b2","oi":0.714,"n":1,"sw":1},"geometry":{"type":"LineString","coordinates":[[25.971839,43.913635],[25.971839,43.913659]]}},{"type":"Feature","properties":{"line":"G2","mode":"bus","color":"#0357b2","oi":0.631,"n":1,"sw":1},"geometry":{"type":"LineString","coordinates":[[25.971839,43.913653],[25.971838,43.913677]]}},{"type":"Feature","properties":{"line":"G2","mode":"bus","color":"#0357b2","oi":0.544,"n":1,"sw":1},"geometry":{"type":"LineString","coordinates":[[25.971838,43.913671],[25.971838,43.913695]]}},{"type":"Feature","properties":{"line":"G2","mode":"bus","color":"#0357b2","oi":0.456,"n":1,"sw":1},"geometry":{"type":"LineString","coordinates":[[25.971838,43.913689],[25.971838,43.913713]]}},{"type":"Feature","properties":{"line":"G2","mode":"bus","color":"#0357b2","oi":0.369,"n":1,"sw":1},"geometry":{"type":"LineString","coordinates":[[25.971838,43.913707],[25.971837,43.913731]]}},{"type":"Feature","properties":{"line":"G2","mode":"bus","color":"#0357b2","oi":0.286,"n":1,"sw":1},"geometry":{"type":"LineString","coordinates":[[25.971837,43.913725],[25.971837,43.913749]]}},{"type":"Feature","properties":{"line":"G2","mode":"bus","color":"#0357b2","oi":0.209,"n":1,"sw":1},"geometry":{"type":"LineString","coordinates":[[25.971837,43.913743],[25.971837,43.913767]]}},{"type":"Feature","properties":{"line":"G2","mode":"bus","color":"#0357b2","oi":0.14,"n":1,"sw":1},"geometry":{"type":"LineString","coordinates":[[25.971837,43.913761],[25.971836,43.913785]]}},{"type":"Feature","properties":{"line":"G2","mode":"bus","color":"#0357b2","oi":0.082,"n":1,"sw":1},"geometry":{"type":"LineString","coordinates":[[25.971836,43.913779],[25.971836,43.913803]]}},{"type":"Feature","properties":{"line":"G2","mode":"bus","color":"#0357b2","oi":0.038,"n":1,"sw":1},"geometry":{"type":"LineString","coordinates":[[25.971836,43.913797],[25.971836,43.913821]]}},{"type":"Feature","properties":{"line":"G2","mode":"bus","color":"#0357b2","oi":0.01,"n":1,"sw":1},"geometry":{"type":"LineString","coordinates":[[25.971836,43.913815],[25.971835,43.913839]]}},{"type":"Feature","properties":{"line":"G2","mode":"bus","color":"#0357b2","oi":0,"n":1,"sw":1},"geometry":{"type":"LineString","coordinates":[[25.971835,43.913833],[25.971835,43.913857]]}},{"type":"Feature","properties":{"line":"G2","mode":"bus","color":"#0357b2","oi":0,"n":1},"geometry":{"type":"LineString","coordinates":[[25.971393,43.907733],[25.971311,43.906874]]}},{"type":"Feature","properties":{"line":"G2","mode":"bus","color":"#0357b2","oi":1,"n":1,"sw":1},"geometry":{"type":"LineString","coordinates":[[25.971424,43.908056],[25.971422,43.908035]]}},{"type":"Feature","properties":{"line":"G2","mode":"bus","color":"#0357b2","oi":0.99,"n":1,"sw":1},"geometry":{"type":"LineString","coordinates":[[25.971423,43.908041],[25.97142,43.908017]]}},{"type":"Feature","properties":{"line":"G2","mode":"bus","color":"#0357b2","oi":0.962,"n":1,"sw":1},"geometry":{"type":"LineString","coordinates":[[25.971421,43.908023],[25.971419,43.907999]]}},{"type":"Feature","properties":{"line":"G2","mode":"bus","color":"#0357b2","oi":0.918,"n":1,"sw":1},"geometry":{"type":"LineString","coordinates":[[25.971419,43.908005],[25.971417,43.907981]]}},{"type":"Feature","properties":{"line":"G2","mode":"bus","color":"#0357b2","oi":0.86,"n":1,"sw":1},"geometry":{"type":"LineString","coordinates":[[25.971417,43.907987],[25.971415,43.907964]]}},{"type":"Feature","properties":{"line":"G2","mode":"bus","color":"#0357b2","oi":0.791,"n":1,"sw":1},"geometry":{"type":"LineString","coordinates":[[25.971416,43.907969],[25.971413,43.907946]]}},{"type":"Feature","properties":{"line":"G2","mode":"bus","color":"#0357b2","oi":0.714,"n":1,"sw":1},"geometry":{"type":"LineString","coordinates":[[25.971414,43.907951],[25.971412,43.907928]]}},{"type":"Feature","properties":{"line":"G2","mode":"bus","color":"#0357b2","oi":0.631,"n":1,"sw":1},"geometry":{"type":"LineString","coordinates":[[25.971412,43.907933],[25.97141,43.90791]]}},{"type":"Feature","properties":{"line":"G2","mode":"bus","color":"#0357b2","oi":0.544,"n":1,"sw":1},"geometry":{"type":"LineString","coordinates":[[25.971411,43.907915],[25.971408,43.907892]]}},{"type":"Feature","properties":{"line":"G2","mode":"bus","color":"#0357b2","oi":0.456,"n":1,"sw":1},"geometry":{"type":"LineString","coordinates":[[25.971409,43.907897],[25.971407,43.907874]]}},{"type":"Feature","properties":{"line":"G2","mode":"bus","color":"#0357b2","oi":0.369,"n":1,"sw":1},"geometry":{"type":"LineString","coordinates":[[25.971407,43.907879],[25.971405,43.907856]]}},{"type":"Feature","properties":{"line":"G2","mode":"bus","color":"#0357b2","oi":0.286,"n":1,"sw":1},"geometry":{"type":"LineString","coordinates":[[25.971405,43.907861],[25.971403,43.907838]]}},{"type":"Feature","properties":{"line":"G2","mode":"bus","color":"#0357b2","oi":0.209,"n":1,"sw":1},"geometry":{"type":"LineString","coordinates":[[25.971404,43.907843],[25.971401,43.90782]]}},{"type":"Feature","properties":{"line":"G2","mode":"bus","color":"#0357b2","oi":0.14,"n":1,"sw":1},"geometry":{"type":"LineString","coordinates":[[25.971402,43.907825],[25.9714,43.907802]]}},{"type":"Feature","properties":{"line":"G2","mode":"bus","color":"#0357b2","oi":0.082,"n":1,"sw":1},"geometry":{"type":"LineString","coordinates":[[25.9714,43.907807],[25.971398,43.907784]]}},{"type":"Feature","properties":{"line":"G2","mode":"bus","color":"#0357b2","oi":0.038,"n":1,"sw":1},"geometry":{"type":"LineString","coordinates":[[25.971399,43.907789],[25.971396,43.907766]]}},{"type":"Feature","properties":{"line":"G2","mode":"bus","color":"#0357b2","oi":0.01,"n":1,"sw":1},"geometry":{"type":"LineString","coordinates":[[25.971397,43.907771],[25.971395,43.907748]]}},{"type":"Feature","properties":{"line":"G2","mode":"bus","color":"#0357b2","oi":0,"n":1,"sw":1},"geometry":{"type":"LineString","coordinates":[[25.971395,43.907753],[25.971393,43.90773]]}},{"type":"Feature","properties":{"line":"G2","mode":"bus","color":"#0357b2","oi":0,"n":1},"geometry":{"type":"LineString","coordinates":[[25.971311,43.906874],[25.971235,43.906774],[25.97122,43.906657],[25.97125,43.906593],[25.971257,43.906583],[25.971264,43.906577],[25.971272,43.906576],[25.971281,43.906581],[25.97129,43.906591],[25.971334,43.906648],[25.97135,43.906765],[25.971311,43.906874]]}},{"type":"Feature","properties":{"line":"G2","mode":"bus","color":"#0357b2","oi":0,"n":1},"geometry":{"type":"LineString","coordinates":[[25.969549,43.901797],[25.969465,43.9017],[25.969433,43.901585],[25.969453,43.901521],[25.969458,43.901509],[25.969465,43.901503],[25.969473,43.901502],[25.969482,43.901506],[25.969493,43.901515],[25.969546,43.901569],[25.969578,43.901684],[25.969549,43.901797]]}},{"type":"Feature","properties":{"line":"G2","mode":"bus","color":"#0357b2","oi":0,"n":1},"geometry":{"type":"LineString","coordinates":[[25.96273,43.886648],[25.962415,43.886704],[25.961611,43.886786],[25.961186,43.886791],[25.960703,43.886747],[25.960232,43.886657],[25.95991,43.886556],[25.959489,43.886365],[25.95912,43.886165],[25.959011,43.886126],[25.958781,43.886095],[25.953297,43.886218],[25.947662,43.886278],[25.9469,43.886206],[25.946365,43.886099],[25.945804,43.885948],[25.944986,43.885633],[25.944424,43.885333],[25.940062,43.882076],[25.938825,43.881189],[25.937604,43.880376],[25.933869,43.878097],[25.933851,43.878089],[25.933834,43.878087],[25.933818,43.878092],[25.933804,43.878104],[25.933037,43.878954],[25.933026,43.878963],[25.933012,43.878967],[25.932995,43.878966],[25.932944,43.878957],[25.93232,43.878681],[25.93216,43.878648],[25.932077,43.87867],[25.930028,43.880703],[25.930038,43.880928],[25.930103,43.881106],[25.93006,43.881206],[25.929084,43.882204],[25.928987,43.88225],[25.928622,43.88232],[25.92712,43.883866]]}},{"type":"Feature","properties":{"line":"G2","mode":"bus","color":"#0357b2","oi":0,"n":1},"geometry":{"type":"LineString","coordinates":[[25.957836,43.889784],[25.956726,43.888765],[25.956715,43.888752],[25.956713,43.888739],[25.956719,43.888726],[25.956734,43.888715],[25.957162,43.888475],[25.957176,43.888464],[25.957181,43.888454],[25.957175,43.888443],[25.957159,43.888433],[25.954835,43.887343],[25.954677,43.88725],[25.954493,43.88713],[25.953534,43.886349],[25.953541,43.886211]]}},{"type":"Feature","properties":{"line":"G2","mode":"bus","color":"#0357b2","oi":0.5,"n":1,"sw":1},"geometry":{"type":"LineString","coordinates":[[25.958114,43.890038],[25.958084,43.89001]]}},{"type":"Feature","properties":{"line":"G2","mode":"bus","color":"#0357b2","oi":0.483,"n":1,"sw":1},"geometry":{"type":"LineString","coordinates":[[25.958089,43.890015],[25.958056,43.889985]]}},{"type":"Feature","properties":{"line":"G2","mode":"bus","color":"#0357b2","oi":0.437,"n":1,"sw":1},"geometry":{"type":"LineString","coordinates":[[25.958061,43.889989],[25.958028,43.88996]]}},{"type":"Feature","properties":{"line":"G2","mode":"bus","color":"#0357b2","oi":0.37,"n":1,"sw":1},"geometry":{"type":"LineString","coordinates":[[25.958033,43.889964],[25.958001,43.889934]]}},{"type":"Feature","properties":{"line":"G2","mode":"bus","color":"#0357b2","oi":0.291,"n":1,"sw":1},"geometry":{"type":"LineString","coordinates":[[25.958005,43.889938],[25.957973,43.889909]]}},{"type":"Feature","properties":{"line":"G2","mode":"bus","color":"#0357b2","oi":0.209,"n":1,"sw":1},"geometry":{"type":"LineString","coordinates":[[25.957978,43.889913],[25.957945,43.889883]]}},{"type":"Feature","properties":{"line":"G2","mode":"bus","color":"#0357b2","oi":0.13,"n":1,"sw":1},"geometry":{"type":"LineString","coordinates":[[25.95795,43.889887],[25.957917,43.889858]]}},{"type":"Feature","properties":{"line":"G2","mode":"bus","color":"#0357b2","oi":0.063,"n":1,"sw":1},"geometry":{"type":"LineString","coordinates":[[25.957922,43.889862],[25.95789,43.889832]]}},{"type":"Feature","properties":{"line":"G2","mode":"bus","color":"#0357b2","oi":0.017,"n":1,"sw":1},"geometry":{"type":"LineString","coordinates":[[25.957894,43.889837],[25.957862,43.889807]]}},{"type":"Feature","properties":{"line":"G2","mode":"bus","color":"#0357b2","oi":0,"n":1,"sw":1},"geometry":{"type":"LineString","coordinates":[[25.957866,43.889811],[25.957834,43.889781]]}},{"type":"Feature","properties":{"line":"G2","mode":"bus","color":"#0357b2","oi":-0.5,"n":2},"geometry":{"type":"LineString","coordinates":[[25.96514,43.890739],[25.96514,43.890738],[25.96528,43.890457],[25.965277,43.890349],[25.965235,43.890245],[25.96514,43.89014],[25.965046,43.89008],[25.96489,43.890024],[25.96465,43.889984],[25.96455,43.88993],[25.964459,43.889843],[25.964061,43.889145],[25.96273,43.886648]]}},{"type":"Feature","properties":{"line":"G2","mode":"bus","color":"#0357b2","oi":0,"n":2,"sw":1},"geometry":{"type":"LineString","coordinates":[[25.965223,43.891057],[25.965214,43.891023]]}},{"type":"Feature","properties":{"line":"G2","mode":"bus","color":"#0357b2","oi":-0.017,"n":2,"sw":1},"geometry":{"type":"LineString","coordinates":[[25.965215,43.891028],[25.965206,43.890991]]}},{"type":"Feature","properties":{"line":"G2","mode":"bus","color":"#0357b2","oi":-0.063,"n":2,"sw":1},"geometry":{"type":"LineString","coordinates":[[25.965207,43.890996],[25.965197,43.890959]]}},{"type":"Feature","properties":{"line":"G2","mode":"bus","color":"#0357b2","oi":-0.13,"n":2,"sw":1},"geometry":{"type":"LineString","coordinates":[[25.965199,43.890964],[25.965189,43.890927]]}},{"type":"Feature","properties":{"line":"G2","mode":"bus","color":"#0357b2","oi":-0.209,"n":2,"sw":1},"geometry":{"type":"LineString","coordinates":[[25.965191,43.890932],[25.965181,43.890895]]}},{"type":"Feature","properties":{"line":"G2","mode":"bus","color":"#0357b2","oi":-0.291,"n":2,"sw":1},"geometry":{"type":"LineString","coordinates":[[25.965182,43.8909],[25.965173,43.890863]]}},{"type":"Feature","properties":{"line":"G2","mode":"bus","color":"#0357b2","oi":-0.37,"n":2,"sw":1},"geometry":{"type":"LineString","coordinates":[[25.965174,43.890869],[25.965164,43.890831]]}},{"type":"Feature","properties":{"line":"G2","mode":"bus","color":"#0357b2","oi":-0.437,"n":2,"sw":1},"geometry":{"type":"LineString","coordinates":[[25.965166,43.890837],[25.965156,43.8908]]}},{"type":"Feature","properties":{"line":"G2","mode":"bus","color":"#0357b2","oi":-0.483,"n":2,"sw":1},"geometry":{"type":"LineString","coordinates":[[25.965157,43.890805],[25.965148,43.890768]]}},{"type":"Feature","properties":{"line":"G2","mode":"bus","color":"#0357b2","oi":-0.5,"n":2,"sw":1},"geometry":{"type":"LineString","coordinates":[[25.965149,43.890773],[25.96514,43.890738],[25.965141,43.890736]]}},{"type":"Feature","properties":{"line":"G2","mode":"bus","color":"#0357b2","oi":1,"n":3},"geometry":{"type":"LineString","coordinates":[[25.971793,43.911528],[25.97186,43.912801],[25.971841,43.91353]]}},{"type":"Feature","properties":{"line":"G2","mode":"bus","color":"#0357b2","oi":1,"n":3},"geometry":{"type":"LineString","coordinates":[[25.971639,43.909286],[25.971468,43.908427],[25.971424,43.908056]]}},{"type":"Feature","properties":{"line":"G2","mode":"bus","color":"#0357b2","oi":1,"n":3},"geometry":{"type":"LineString","coordinates":[[25.971774,43.911213],[25.971721,43.911307],[25.971731,43.911424],[25.971773,43.911495],[25.971781,43.911505],[25.971789,43.911511],[25.971796,43.91151],[25.971803,43.911505],[25.97181,43.911494],[25.971846,43.91142],[25.971836,43.911303],[25.971774,43.911213],[25.971695,43.909925]]}},{"type":"Feature","properties":{"line":"G2","mode":"bus","color":"#0357b2","oi":1,"n":3,"sw":1},"geometry":{"type":"LineString","coordinates":[[25.971695,43.909927],[25.971694,43.909904]]}},{"type":"Feature","properties":{"line":"G2","mode":"bus","color":"#0357b2","oi":0.99,"n":3,"sw":1},"geometry":{"type":"LineString","coordinates":[[25.971694,43.909909],[25.971693,43.909886]]}},{"type":"Feature","properties":{"line":"G2","mode":"bus","color":"#0357b2","oi":0.962,"n":3,"sw":1},"geometry":{"type":"LineString","coordinates":[[25.971693,43.909891],[25.971691,43.909868]]}},{"type":"Feature","properties":{"line":"G2","mode":"bus","color":"#0357b2","oi":0.918,"n":3,"sw":1},"geometry":{"type":"LineString","coordinates":[[25.971692,43.909873],[25.97169,43.90985]]}},{"type":"Feature","properties":{"line":"G2","mode":"bus","color":"#0357b2","oi":0.86,"n":3,"sw":1},"geometry":{"type":"LineString","coordinates":[[25.971691,43.909855],[25.971689,43.909832]]}},{"type":"Feature","properties":{"line":"G2","mode":"bus","color":"#0357b2","oi":0.791,"n":3,"sw":1},"geometry":{"type":"LineString","coordinates":[[25.97169,43.909837],[25.971688,43.909814]]}},{"type":"Feature","properties":{"line":"G2","mode":"bus","color":"#0357b2","oi":0.714,"n":3,"sw":1},"geometry":{"type":"LineString","coordinates":[[25.971688,43.909819],[25.971687,43.909796]]}},{"type":"Feature","properties":{"line":"G2","mode":"bus","color":"#0357b2","oi":0.631,"n":3,"sw":1},"geometry":{"type":"LineString","coordinates":[[25.971687,43.909801],[25.971686,43.909778]]}},{"type":"Feature","properties":{"line":"G2","mode":"bus","color":"#0357b2","oi":0.544,"n":3,"sw":1},"geometry":{"type":"LineString","coordinates":[[25.971686,43.909783],[25.971685,43.90976]]}},{"type":"Feature","properties":{"line":"G2","mode":"bus","color":"#0357b2","oi":0.456,"n":3,"sw":1},"geometry":{"type":"LineString","coordinates":[[25.971685,43.909766],[25.971684,43.909742]]}},{"type":"Feature","properties":{"line":"G2","mode":"bus","color":"#0357b2","oi":0.369,"n":3,"sw":1},"geometry":{"type":"LineString","coordinates":[[25.971684,43.909748],[25.971683,43.909724]]}},{"type":"Feature","properties":{"line":"G2","mode":"bus","color":"#0357b2","oi":0.286,"n":3,"sw":1},"geometry":{"type":"LineString","coordinates":[[25.971683,43.90973],[25.971681,43.909706]]}},{"type":"Feature","properties":{"line":"G2","mode":"bus","color":"#0357b2","oi":0.209,"n":3,"sw":1},"geometry":{"type":"LineString","coordinates":[[25.971682,43.909712],[25.97168,43.909688]]}},{"type":"Feature","properties":{"line":"G2","mode":"bus","color":"#0357b2","oi":0.14,"n":3,"sw":1},"geometry":{"type":"LineString","coordinates":[[25.971681,43.909694],[25.971679,43.90967]]}},{"type":"Feature","properties":{"line":"G2","mode":"bus","color":"#0357b2","oi":0.082,"n":3,"sw":1},"geometry":{"type":"LineString","coordinates":[[25.97168,43.909676],[25.971678,43.909652]]}},{"type":"Feature","properties":{"line":"G2","mode":"bus","color":"#0357b2","oi":0.038,"n":3,"sw":1},"geometry":{"type":"LineString","coordinates":[[25.971678,43.909658],[25.971677,43.909634]]}},{"type":"Feature","properties":{"line":"G2","mode":"bus","color":"#0357b2","oi":0.01,"n":3,"sw":1},"geometry":{"type":"LineString","coordinates":[[25.971677,43.90964],[25.971676,43.909616]]}},{"type":"Feature","properties":{"line":"G2","mode":"bus","color":"#0357b2","oi":0,"n":3,"sw":1},"geometry":{"type":"LineString","coordinates":[[25.971676,43.909622],[25.971675,43.909601]]}},{"type":"Feature","properties":{"line":"G2","mode":"bus","color":"#0357b2","oi":0,"n":3,"sw":1},"geometry":{"type":"LineString","coordinates":[[25.971675,43.909601],[25.971662,43.909583]]}},{"type":"Feature","properties":{"line":"G2","mode":"bus","color":"#0357b2","oi":0.01,"n":3,"sw":1},"geometry":{"type":"LineString","coordinates":[[25.971666,43.909588],[25.971651,43.909567]]}},{"type":"Feature","properties":{"line":"G2","mode":"bus","color":"#0357b2","oi":0.038,"n":3,"sw":1},"geometry":{"type":"LineString","coordinates":[[25.971654,43.909572],[25.97164,43.909551]]}},{"type":"Feature","properties":{"line":"G2","mode":"bus","color":"#0357b2","oi":0.082,"n":3,"sw":1},"geometry":{"type":"LineString","coordinates":[[25.971643,43.909556],[25.971629,43.909535]]}},{"type":"Feature","properties":{"line":"G2","mode":"bus","color":"#0357b2","oi":0.14,"n":3,"sw":1},"geometry":{"type":"LineString","coordinates":[[25.971632,43.90954],[25.971618,43.909519]]}},{"type":"Feature","properties":{"line":"G2","mode":"bus","color":"#0357b2","oi":0.209,"n":3,"sw":1},"geometry":{"type":"LineString","coordinates":[[25.971621,43.909524],[25.971606,43.909503]]}},{"type":"Feature","properties":{"line":"G2","mode":"bus","color":"#0357b2","oi":0.286,"n":3,"sw":1},"geometry":{"type":"LineString","coordinates":[[25.97161,43.909508],[25.971604,43.9095],[25.971602,43.909486]]}},{"type":"Feature","properties":{"line":"G2","mode":"bus","color":"#0357b2","oi":0.369,"n":3,"sw":1},"geometry":{"type":"LineString","coordinates":[[25.971603,43.909491],[25.9716,43.909468]]}},{"type":"Feature","properties":{"line":"G2","mode":"bus","color":"#0357b2","oi":0.456,"n":3,"sw":1},"geometry":{"type":"LineString","coordinates":[[25.971601,43.909474],[25.971598,43.909451]]}},{"type":"Feature","properties":{"line":"G2","mode":"bus","color":"#0357b2","oi":0.544,"n":3,"sw":1},"geometry":{"type":"LineString","coordinates":[[25.971598,43.909456],[25.971595,43.909433]]}},{"type":"Feature","properties":{"line":"G2","mode":"bus","color":"#0357b2","oi":0.631,"n":3,"sw":1},"geometry":{"type":"LineString","coordinates":[[25.971596,43.909438],[25.971593,43.909415]]}},{"type":"Feature","properties":{"line":"G2","mode":"bus","color":"#0357b2","oi":0.714,"n":3,"sw":1},"geometry":{"type":"LineString","coordinates":[[25.971594,43.909421],[25.971591,43.909398]]}},{"type":"Feature","properties":{"line":"G2","mode":"bus","color":"#0357b2","oi":0.791,"n":3,"sw":1},"geometry":{"type":"LineString","coordinates":[[25.971592,43.909403],[25.971589,43.909383],[25.971591,43.90938]]}},{"type":"Feature","properties":{"line":"G2","mode":"bus","color":"#0357b2","oi":0.86,"n":3,"sw":1},"geometry":{"type":"LineString","coordinates":[[25.971589,43.909385],[25.971589,43.909383],[25.971599,43.909363]]}},{"type":"Feature","properties":{"line":"G2","mode":"bus","color":"#0357b2","oi":0.918,"n":3,"sw":1},"geometry":{"type":"LineString","coordinates":[[25.971597,43.909368],[25.971608,43.909347]]}},{"type":"Feature","properties":{"line":"G2","mode":"bus","color":"#0357b2","oi":0.962,"n":3,"sw":1},"geometry":{"type":"LineString","coordinates":[[25.971605,43.909352],[25.971616,43.90933]]}},{"type":"Feature","properties":{"line":"G2","mode":"bus","color":"#0357b2","oi":0.99,"n":3,"sw":1},"geometry":{"type":"LineString","coordinates":[[25.971614,43.909335],[25.971622,43.909319],[25.971626,43.909314]]}},{"type":"Feature","properties":{"line":"G2","mode":"bus","color":"#0357b2","oi":1,"n":3,"sw":1},"geometry":{"type":"LineString","coordinates":[[25.971622,43.909318],[25.971629,43.909308],[25.971637,43.909303],[25.971642,43.909302]]}},{"type":"Feature","properties":{"line":"G2","mode":"bus","color":"#0357b2","oi":1,"n":3,"sw":1},"geometry":{"type":"LineString","coordinates":[[25.971635,43.909304],[25.971637,43.909303],[25.971644,43.909302],[25.971653,43.909307],[25.971659,43.909314]]}},{"type":"Feature","properties":{"line":"G2","mode":"bus","color":"#0357b2","oi":0.99,"n":3,"sw":1},"geometry":{"type":"LineString","coordinates":[[25.971655,43.90931],[25.971661,43.909317],[25.971671,43.90933]]}},{"type":"Feature","properties":{"line":"G2","mode":"bus","color":"#0357b2","oi":0.962,"n":3,"sw":1},"geometry":{"type":"LineString","coordinates":[[25.971667,43.909325],[25.971682,43.909346]]}},{"type":"Feature","properties":{"line":"G2","mode":"bus","color":"#0357b2","oi":0.918,"n":3,"sw":1},"geometry":{"type":"LineString","coordinates":[[25.971679,43.909341],[25.971694,43.909361]]}},{"type":"Feature","properties":{"line":"G2","mode":"bus","color":"#0357b2","oi":0.86,"n":3,"sw":1},"geometry":{"type":"LineString","coordinates":[[25.97169,43.909357],[25.971703,43.909374],[25.971703,43.909378]]}},{"type":"Feature","properties":{"line":"G2","mode":"bus","color":"#0357b2","oi":0.791,"n":3,"sw":1},"geometry":{"type":"LineString","coordinates":[[25.971702,43.909372],[25.971703,43.909374],[25.971706,43.909395]]}},{"type":"Feature","properties":{"line":"G2","mode":"bus","color":"#0357b2","oi":0.714,"n":3,"sw":1},"geometry":{"type":"LineString","coordinates":[[25.971705,43.90939],[25.971708,43.909413]]}},{"type":"Feature","properties":{"line":"G2","mode":"bus","color":"#0357b2","oi":0.631,"n":3,"sw":1},"geometry":{"type":"LineString","coordinates":[[25.971708,43.909408],[25.971711,43.909431]]}},{"type":"Feature","properties":{"line":"G2","mode":"bus","color":"#0357b2","oi":0.544,"n":3,"sw":1},"geometry":{"type":"LineString","coordinates":[[25.97171,43.909425],[25.971713,43.909448]]}},{"type":"Feature","properties":{"line":"G2","mode":"bus","color":"#0357b2","oi":0.456,"n":3,"sw":1},"geometry":{"type":"LineString","coordinates":[[25.971712,43.909443],[25.971715,43.909466]]}},{"type":"Feature","properties":{"line":"G2","mode":"bus","color":"#0357b2","oi":0.369,"n":3,"sw":1},"geometry":{"type":"LineString","coordinates":[[25.971715,43.909461],[25.971718,43.909484]]}},{"type":"Feature","properties":{"line":"G2","mode":"bus","color":"#0357b2","oi":0.286,"n":3,"sw":1},"geometry":{"type":"LineString","coordinates":[[25.971717,43.909478],[25.971719,43.909492],[25.971715,43.909501]]}},{"type":"Feature","properties":{"line":"G2","mode":"bus","color":"#0357b2","oi":0.209,"n":3,"sw":1},"geometry":{"type":"LineString","coordinates":[[25.971717,43.909496],[25.971708,43.909518]]}},{"type":"Feature","properties":{"line":"G2","mode":"bus","color":"#0357b2","oi":0.14,"n":3,"sw":1},"geometry":{"type":"LineString","coordinates":[[25.971711,43.909513],[25.971702,43.909535]]}},{"type":"Feature","properties":{"line":"G2","mode":"bus","color":"#0357b2","oi":0.082,"n":3,"sw":1},"geometry":{"type":"LineString","coordinates":[[25.971704,43.90953],[25.971695,43.909552]]}},{"type":"Feature","properties":{"line":"G2","mode":"bus","color":"#0357b2","oi":0.038,"n":3,"sw":1},"geometry":{"type":"LineString","coordinates":[[25.971697,43.909547],[25.971688,43.909569]]}},{"type":"Feature","properties":{"line":"G2","mode":"bus","color":"#0357b2","oi":0.01,"n":3,"sw":1},"geometry":{"type":"LineString","coordinates":[[25.97169,43.909564],[25.971681,43.909587]]}},{"type":"Feature","properties":{"line":"G2","mode":"bus","color":"#0357b2","oi":0,"n":3,"sw":1},"geometry":{"type":"LineString","coordinates":[[25.971683,43.909581],[25.971675,43.909601]]}},{"type":"Feature","properties":{"line":"G2","mode":"bus","color":"#0357b2","oi":1,"n":3},"geometry":{"type":"LineString","coordinates":[[25.965324,43.891373],[25.965688,43.892515],[25.965893,43.893316]]}},{"type":"Feature","properties":{"line":"G2","mode":"bus","color":"#0357b2","oi":0,"n":3,"sw":1},"geometry":{"type":"LineString","coordinates":[[25.965223,43.891057],[25.965229,43.891077]]}},{"type":"Feature","properties":{"line":"G2","mode":"bus","color":"#0357b2","oi":0.01,"n":3,"sw":1},"geometry":{"type":"LineString","coordinates":[[25.965228,43.891072],[25.965235,43.891095]]}},{"type":"Feature","properties":{"line":"G2","mode":"bus","color":"#0357b2","oi":0.038,"n":3,"sw":1},"geometry":{"type":"LineString","coordinates":[[25.965233,43.891089],[25.965241,43.891112]]}},{"type":"Feature","properties":{"line":"G2","mode":"bus","color":"#0357b2","oi":0.082,"n":3,"sw":1},"geometry":{"type":"LineString","coordinates":[[25.965239,43.891107],[25.965246,43.89113]]}},{"type":"Feature","properties":{"line":"G2","mode":"bus","color":"#0357b2","oi":0.14,"n":3,"sw":1},"geometry":{"type":"LineString","coordinates":[[25.965245,43.891125],[25.965252,43.891147]]}},{"type":"Feature","properties":{"line":"G2","mode":"bus","color":"#0357b2","oi":0.209,"n":3,"sw":1},"geometry":{"type":"LineString","coordinates":[[25.96525,43.891142],[25.965257,43.891165]]}},{"type":"Feature","properties":{"line":"G2","mode":"bus","color":"#0357b2","oi":0.286,"n":3,"sw":1},"geometry":{"type":"LineString","coordinates":[[25.965256,43.89116],[25.965263,43.891182]]}},{"type":"Feature","properties":{"line":"G2","mode":"bus","color":"#0357b2","oi":0.369,"n":3,"sw":1},"geometry":{"type":"LineString","coordinates":[[25.965261,43.891177],[25.965269,43.8912]]}},{"type":"Feature","properties":{"line":"G2","mode":"bus","color":"#0357b2","oi":0.456,"n":3,"sw":1},"geometry":{"type":"LineString","coordinates":[[25.965267,43.891195],[25.965274,43.891217]]}},{"type":"Feature","properties":{"line":"G2","mode":"bus","color":"#0357b2","oi":0.544,"n":3,"sw":1},"geometry":{"type":"LineString","coordinates":[[25.965273,43.891212],[25.96528,43.891235]]}},{"type":"Feature","properties":{"line":"G2","mode":"bus","color":"#0357b2","oi":0.631,"n":3,"sw":1},"geometry":{"type":"LineString","coordinates":[[25.965278,43.89123],[25.965285,43.891253]]}},{"type":"Feature","properties":{"line":"G2","mode":"bus","color":"#0357b2","oi":0.714,"n":3,"sw":1},"geometry":{"type":"LineString","coordinates":[[25.965284,43.891247],[25.965291,43.89127]]}},{"type":"Feature","properties":{"line":"G2","mode":"bus","color":"#0357b2","oi":0.791,"n":3,"sw":1},"geometry":{"type":"LineString","coordinates":[[25.965289,43.891265],[25.965297,43.891288]]}},{"type":"Feature","properties":{"line":"G2","mode":"bus","color":"#0357b2","oi":0.86,"n":3,"sw":1},"geometry":{"type":"LineString","coordinates":[[25.965295,43.891282],[25.965302,43.891305]]}},{"type":"Feature","properties":{"line":"G2","mode":"bus","color":"#0357b2","oi":0.918,"n":3,"sw":1},"geometry":{"type":"LineString","coordinates":[[25.9653,43.8913],[25.965308,43.891323]]}},{"type":"Feature","properties":{"line":"G2","mode":"bus","color":"#0357b2","oi":0.962,"n":3,"sw":1},"geometry":{"type":"LineString","coordinates":[[25.965306,43.891317],[25.965313,43.89134]]}},{"type":"Feature","properties":{"line":"G2","mode":"bus","color":"#0357b2","oi":0.99,"n":3,"sw":1},"geometry":{"type":"LineString","coordinates":[[25.965312,43.891335],[25.965319,43.891358]]}},{"type":"Feature","properties":{"line":"G2","mode":"bus","color":"#0357b2","oi":1,"n":3,"sw":1},"geometry":{"type":"LineString","coordinates":[[25.965317,43.891353],[25.965325,43.891375]]}},{"type":"Feature","properties":{"line":"G2","mode":"bus","color":"#0357b2","oi":0.5,"n":2},"geometry":{"type":"LineString","coordinates":[[25.962507,43.891786],[25.962072,43.89158],[25.958114,43.890038]]}},{"type":"Feature","properties":{"line":"G2","mode":"bus","color":"#0357b2","oi":0,"n":2,"sw":1},"geometry":{"type":"LineString","coordinates":[[25.962882,43.891964],[25.962841,43.891945]]}},{"type":"Feature","properties":{"line":"G2","mode":"bus","color":"#0357b2","oi":0.017,"n":2,"sw":1},"geometry":{"type":"LineString","coordinates":[[25.962848,43.891948],[25.962804,43.891927]]}},{"type":"Feature","properties":{"line":"G2","mode":"bus","color":"#0357b2","oi":0.063,"n":2,"sw":1},"geometry":{"type":"LineString","coordinates":[[25.96281,43.89193],[25.962766,43.891909]]}},{"type":"Feature","properties":{"line":"G2","mode":"bus","color":"#0357b2","oi":0.13,"n":2,"sw":1},"geometry":{"type":"LineString","coordinates":[[25.962773,43.891912],[25.962729,43.891891]]}},{"type":"Feature","properties":{"line":"G2","mode":"bus","color":"#0357b2","oi":0.209,"n":2,"sw":1},"geometry":{"type":"LineString","coordinates":[[25.962735,43.891894],[25.962691,43.891874]]}},{"type":"Feature","properties":{"line":"G2","mode":"bus","color":"#0357b2","oi":0.291,"n":2,"sw":1},"geometry":{"type":"LineString","coordinates":[[25.962698,43.891877],[25.962654,43.891856]]}},{"type":"Feature","properties":{"line":"G2","mode":"bus","color":"#0357b2","oi":0.37,"n":2,"sw":1},"geometry":{"type":"LineString","coordinates":[[25.96266,43.891859],[25.962616,43.891838]]}},{"type":"Feature","properties":{"line":"G2","mode":"bus","color":"#0357b2","oi":0.437,"n":2,"sw":1},"geometry":{"type":"LineString","coordinates":[[25.962623,43.891841],[25.962579,43.89182]]}},{"type":"Feature","properties":{"line":"G2","mode":"bus","color":"#0357b2","oi":0.483,"n":2,"sw":1},"geometry":{"type":"LineString","coordinates":[[25.962585,43.891823],[25.962541,43.891803]]}},{"type":"Feature","properties":{"line":"G2","mode":"bus","color":"#0357b2","oi":0.5,"n":2,"sw":1},"geometry":{"type":"LineString","coordinates":[[25.962548,43.891805],[25.962504,43.891785]]}},{"type":"Feature","properties":{"line":"G2","mode":"bus","color":"#0357b2","oi":1.5,"n":4},"geometry":{"type":"LineString","coordinates":[[25.964806,43.891176],[25.963805,43.891462],[25.963477,43.891516],[25.963341,43.891588],[25.962882,43.891964]]}},{"type":"Feature","properties":{"line":"G2","mode":"bus","color":"#0357b2","oi":0,"n":4,"sw":1},"geometry":{"type":"LineString","coordinates":[[25.965223,43.891057],[25.965203,43.891063]]}},{"type":"Feature","properties":{"line":"G2","mode":"bus","color":"#0357b2","oi":0.007,"n":4,"sw":1},"geometry":{"type":"LineString","coordinates":[[25.96521,43.891061],[25.965187,43.891067]]}},{"type":"Feature","properties":{"line":"G2","mode":"bus","color":"#0357b2","oi":0.027,"n":4,"sw":1},"geometry":{"type":"LineString","coordinates":[[25.965194,43.891065],[25.965171,43.891072]]}},{"type":"Feature","properties":{"line":"G2","mode":"bus","color":"#0357b2","oi":0.06,"n":4,"sw":1},"geometry":{"type":"LineString","coordinates":[[25.965178,43.89107],[25.965155,43.891076]]}},{"type":"Feature","properties":{"line":"G2","mode":"bus","color":"#0357b2","oi":0.103,"n":4,"sw":1},"geometry":{"type":"LineString","coordinates":[[25.965162,43.891074],[25.965139,43.891081]]}},{"type":"Feature","properties":{"line":"G2","mode":"bus","color":"#0357b2","oi":0.156,"n":4,"sw":1},"geometry":{"type":"LineString","coordinates":[[25.965146,43.891079],[25.965123,43.891085]]}},{"type":"Feature","properties":{"line":"G2","mode":"bus","color":"#0357b2","oi":0.218,"n":4,"sw":1},"geometry":{"type":"LineString","coordinates":[[25.96513,43.891084],[25.965107,43.89109]]}},{"type":"Feature","properties":{"line":"G2","mode":"bus","color":"#0357b2","oi":0.287,"n":4,"sw":1},"geometry":{"type":"LineString","coordinates":[[25.965114,43.891088],[25.965091,43.891095]]}},{"type":"Feature","properties":{"line":"G2","mode":"bus","color":"#0357b2","oi":0.362,"n":4,"sw":1},"geometry":{"type":"LineString","coordinates":[[25.965098,43.891093],[25.965075,43.891099]]}},{"type":"Feature","properties":{"line":"G2","mode":"bus","color":"#0357b2","oi":0.443,"n":4,"sw":1},"geometry":{"type":"LineString","coordinates":[[25.965082,43.891097],[25.965059,43.891104]]}},{"type":"Feature","properties":{"line":"G2","mode":"bus","color":"#0357b2","oi":0.528,"n":4,"sw":1},"geometry":{"type":"LineString","coordinates":[[25.965066,43.891102],[25.965043,43.891108]]}},{"type":"Feature","properties":{"line":"G2","mode":"bus","color":"#0357b2","oi":0.616,"n":4,"sw":1},"geometry":{"type":"LineString","coordinates":[[25.96505,43.891106],[25.965027,43.891113]]}},{"type":"Feature","properties":{"line":"G2","mode":"bus","color":"#0357b2","oi":0.705,"n":4,"sw":1},"geometry":{"type":"LineString","coordinates":[[25.965034,43.891111],[25.965011,43.891118]]}},{"type":"Feature","properties":{"line":"G2","mode":"bus","color":"#0357b2","oi":0.795,"n":4,"sw":1},"geometry":{"type":"LineString","coordinates":[[25.965018,43.891116],[25.964995,43.891122]]}},{"type":"Feature","properties":{"line":"G2","mode":"bus","color":"#0357b2","oi":0.884,"n":4,"sw":1},"geometry":{"type":"LineString","coordinates":[[25.965002,43.89112],[25.964979,43.891127]]}},{"type":"Feature","properties":{"line":"G2","mode":"bus","color":"#0357b2","oi":0.972,"n":4,"sw":1},"geometry":{"type":"LineString","coordinates":[[25.964986,43.891125],[25.964963,43.891131]]}},{"type":"Feature","properties":{"line":"G2","mode":"bus","color":"#0357b2","oi":1.057,"n":4,"sw":1},"geometry":{"type":"LineString","coordinates":[[25.96497,43.891129],[25.964947,43.891136]]}},{"type":"Feature","properties":{"line":"G2","mode":"bus","color":"#0357b2","oi":1.138,"n":4,"sw":1},"geometry":{"type":"LineString","coordinates":[[25.964954,43.891134],[25.964931,43.89114]]}},{"type":"Feature","properties":{"line":"G2","mode":"bus","color":"#0357b2","oi":1.213,"n":4,"sw":1},"geometry":{"type":"LineString","coordinates":[[25.964938,43.891138],[25.964915,43.891145]]}},{"type":"Feature","properties":{"line":"G2","mode":"bus","color":"#0357b2","oi":1.282,"n":4,"sw":1},"geometry":{"type":"LineString","coordinates":[[25.964922,43.891143],[25.964899,43.89115]]}},{"type":"Feature","properties":{"line":"G2","mode":"bus","color":"#0357b2","oi":1.344,"n":4,"sw":1},"geometry":{"type":"LineString","coordinates":[[25.964906,43.891148],[25.964883,43.891154]]}},{"type":"Feature","properties":{"line":"G2","mode":"bus","color":"#0357b2","oi":1.397,"n":4,"sw":1},"geometry":{"type":"LineString","coordinates":[[25.96489,43.891152],[25.964867,43.891159]]}},{"type":"Feature","properties":{"line":"G2","mode":"bus","color":"#0357b2","oi":1.44,"n":4,"sw":1},"geometry":{"type":"LineString","coordinates":[[25.964873,43.891157],[25.96485,43.891163]]}},{"type":"Feature","properties":{"line":"G2","mode":"bus","color":"#0357b2","oi":1.473,"n":4,"sw":1},"geometry":{"type":"LineString","coordinates":[[25.964857,43.891161],[25.964834,43.891168]]}},{"type":"Feature","properties":{"line":"G2","mode":"bus","color":"#0357b2","oi":1.493,"n":4,"sw":1},"geometry":{"type":"LineString","coordinates":[[25.964841,43.891166],[25.964818,43.891173]]}},{"type":"Feature","properties":{"line":"G2","mode":"bus","color":"#0357b2","oi":1.5,"n":4,"sw":1},"geometry":{"type":"LineString","coordinates":[[25.964825,43.891171],[25.964802,43.891177]]}},{"type":"Feature","properties":{"line":"G3","mode":"bus","color":"#178786","oi":0.5,"n":2},"geometry":{"type":"LineString","coordinates":[[25.965481,43.893194],[25.9644,43.892682],[25.964373,43.892674],[25.964348,43.892676],[25.964325,43.892689],[25.962424,43.894208],[25.962401,43.894222],[25.962374,43.894227],[25.962344,43.894223],[25.961706,43.894054],[25.961247,43.893965],[25.961185,43.893973],[25.961076,43.893944],[25.960413,43.893984]]}},{"type":"Feature","properties":{"line":"G3","mode":"bus","color":"#178786","oi":0,"n":2,"sw":1},"geometry":{"type":"LineString","coordinates":[[25.965893,43.893316],[25.965847,43.893305]]}},{"type":"Feature","properties":{"line":"G3","mode":"bus","color":"#178786","oi":0.017,"n":2,"sw":1},"geometry":{"type":"LineString","coordinates":[[25.965854,43.893307],[25.965804,43.893295]]}},{"type":"Feature","properties":{"line":"G3","mode":"bus","color":"#178786","oi":0.063,"n":2,"sw":1},"geometry":{"type":"LineString","coordinates":[[25.965811,43.893297],[25.965761,43.893285]]}},{"type":"Feature","properties":{"line":"G3","mode":"bus","color":"#178786","oi":0.13,"n":2,"sw":1},"geometry":{"type":"LineString","coordinates":[[25.965769,43.893287],[25.965719,43.893275]]}},{"type":"Feature","properties":{"line":"G3","mode":"bus","color":"#178786","oi":0.209,"n":2,"sw":1},"geometry":{"type":"LineString","coordinates":[[25.965726,43.893277],[25.965676,43.893265]]}},{"type":"Feature","properties":{"line":"G3","mode":"bus","color":"#178786","oi":0.291,"n":2,"sw":1},"geometry":{"type":"LineString","coordinates":[[25.965683,43.893267],[25.965633,43.893255]]}},{"type":"Feature","properties":{"line":"G3","mode":"bus","color":"#178786","oi":0.37,"n":2,"sw":1},"geometry":{"type":"LineString","coordinates":[[25.965641,43.893257],[25.965591,43.893245]]}},{"type":"Feature","properties":{"line":"G3","mode":"bus","color":"#178786","oi":0.437,"n":2,"sw":1},"geometry":{"type":"LineString","coordinates":[[25.965598,43.893247],[25.96559,43.893245],[25.965553,43.893228]]}},{"type":"Feature","properties":{"line":"G3","mode":"bus","color":"#178786","oi":0.483,"n":2,"sw":1},"geometry":{"type":"LineString","coordinates":[[25.965559,43.893231],[25.965516,43.89321]]}},{"type":"Feature","properties":{"line":"G3","mode":"bus","color":"#178786","oi":0.5,"n":2,"sw":1},"geometry":{"type":"LineString","coordinates":[[25.965522,43.893213],[25.965478,43.893192]]}},{"type":"Feature","properties":{"line":"G3","mode":"bus","color":"#178786","oi":0.5,"n":2},"geometry":{"type":"LineString","coordinates":[[25.964806,43.891176],[25.963805,43.891462],[25.963477,43.891516],[25.963341,43.891588],[25.962882,43.891964],[25.960993,43.893511],[25.960975,43.893521],[25.960953,43.893525],[25.96093,43.893522],[25.960861,43.893503],[25.960781,43.893508],[25.960657,43.893563],[25.960618,43.893651],[25.960644,43.893736],[25.960598,43.89385],[25.959478,43.894709]]}},{"type":"Feature","properties":{"line":"G3","mode":"bus","color":"#178786","oi":0,"n":2,"sw":1},"geometry":{"type":"LineString","coordinates":[[25.965223,43.891057],[25.965178,43.89107]]}},{"type":"Feature","properties":{"line":"G3","mode":"bus","color":"#178786","oi":0.017,"n":2,"sw":1},"geometry":{"type":"LineString","coordinates":[[25.965185,43.891068],[25.965136,43.891082]]}},{"type":"Feature","properties":{"line":"G3","mode":"bus","color":"#178786","oi":0.063,"n":2,"sw":1},"geometry":{"type":"LineString","coordinates":[[25.965143,43.89108],[25.965094,43.891094]]}},{"type":"Feature","properties":{"line":"G3","mode":"bus","color":"#178786","oi":0.13,"n":2,"sw":1},"geometry":{"type":"LineString","coordinates":[[25.965101,43.891092],[25.965053,43.891106]]}},{"type":"Feature","properties":{"line":"G3","mode":"bus","color":"#178786","oi":0.209,"n":2,"sw":1},"geometry":{"type":"LineString","coordinates":[[25.96506,43.891104],[25.965011,43.891118]]}},{"type":"Feature","properties":{"line":"G3","mode":"bus","color":"#178786","oi":0.291,"n":2,"sw":1},"geometry":{"type":"LineString","coordinates":[[25.965018,43.891116],[25.964969,43.891129]]}},{"type":"Feature","properties":{"line":"G3","mode":"bus","color":"#178786","oi":0.37,"n":2,"sw":1},"geometry":{"type":"LineString","coordinates":[[25.964976,43.891127],[25.964927,43.891141]]}},{"type":"Feature","properties":{"line":"G3","mode":"bus","color":"#178786","oi":0.437,"n":2,"sw":1},"geometry":{"type":"LineString","coordinates":[[25.964934,43.891139],[25.964886,43.891153]]}},{"type":"Feature","properties":{"line":"G3","mode":"bus","color":"#178786","oi":0.483,"n":2,"sw":1},"geometry":{"type":"LineString","coordinates":[[25.964893,43.891151],[25.964844,43.891165]]}},{"type":"Feature","properties":{"line":"G3","mode":"bus","color":"#178786","oi":0.5,"n":2,"sw":1},"geometry":{"type":"LineString","coordinates":[[25.964851,43.891163],[25.964802,43.891177]]}},{"type":"Feature","properties":{"line":"G3","mode":"bus","color":"#178786","oi":0.5,"n":2},"geometry":{"type":"LineString","coordinates":[[25.95907,43.894802],[25.959146,43.894805],[25.959432,43.894722],[25.959447,43.894719],[25.959457,43.894718],[25.95946,43.894722],[25.959457,43.894728],[25.959448,43.894738],[25.959206,43.894971],[25.959143,43.895]]}},{"type":"Feature","properties":{"line":"G3","mode":"bus","color":"#178786","oi":0.5,"n":2},"geometry":{"type":"LineString","coordinates":[[25.958971,43.894946],[25.958958,43.89491]]}},{"type":"Feature","properties":{"line":"G3","mode":"bus","color":"#178786","oi":0,"n":1},"geometry":{"type":"LineString","coordinates":[[25.959143,43.895],[25.959042,43.894995],[25.958971,43.894946]]}},{"type":"Feature","properties":{"line":"G3","mode":"bus","color":"#178786","oi":0,"n":1},"geometry":{"type":"LineString","coordinates":[[25.958958,43.89491],[25.958768,43.8948]]}},{"type":"Feature","properties":{"line":"G3","mode":"bus","color":"#178786","oi":0,"n":1},"geometry":{"type":"LineString","coordinates":[[25.932177,43.894351],[25.946242,43.894575],[25.952603,43.894698]]}},{"type":"Feature","properties":{"line":"G3","mode":"bus","color":"#178786","oi":0,"n":1,"sw":1},"geometry":{"type":"LineString","coordinates":[[25.952599,43.894698],[25.952651,43.894699]]}},{"type":"Feature","properties":{"line":"G3","mode":"bus","color":"#178786","oi":0.017,"n":1,"sw":1},"geometry":{"type":"LineString","coordinates":[[25.952644,43.894699],[25.952696,43.8947]]}},{"type":"Feature","properties":{"line":"G3","mode":"bus","color":"#178786","oi":0.063,"n":1,"sw":1},"geometry":{"type":"LineString","coordinates":[[25.952688,43.8947],[25.952741,43.894701]]}},{"type":"Feature","properties":{"line":"G3","mode":"bus","color":"#178786","oi":0.13,"n":1,"sw":1},"geometry":{"type":"LineString","coordinates":[[25.952733,43.894701],[25.952786,43.894702]]}},{"type":"Feature","properties":{"line":"G3","mode":"bus","color":"#178786","oi":0.209,"n":1,"sw":1},"geometry":{"type":"LineString","coordinates":[[25.952778,43.894702],[25.952831,43.894703]]}},{"type":"Feature","properties":{"line":"G3","mode":"bus","color":"#178786","oi":0.291,"n":1,"sw":1},"geometry":{"type":"LineString","coordinates":[[25.952823,43.894703],[25.952875,43.894704]]}},{"type":"Feature","properties":{"line":"G3","mode":"bus","color":"#178786","oi":0.37,"n":1,"sw":1},"geometry":{"type":"LineString","coordinates":[[25.952868,43.894703],[25.95292,43.894704]]}},{"type":"Feature","properties":{"line":"G3","mode":"bus","color":"#178786","oi":0.437,"n":1,"sw":1},"geometry":{"type":"LineString","coordinates":[[25.952913,43.894704],[25.952965,43.894705]]}},{"type":"Feature","properties":{"line":"G3","mode":"bus","color":"#178786","oi":0.483,"n":1,"sw":1},"geometry":{"type":"LineString","coordinates":[[25.952958,43.894705],[25.95301,43.894706]]}},{"type":"Feature","properties":{"line":"G3","mode":"bus","color":"#178786","oi":0.5,"n":1,"sw":1},"geometry":{"type":"LineString","coordinates":[[25.953002,43.894706],[25.953051,43.894707]]}},{"type":"Feature","properties":{"line":"G3","mode":"bus","color":"#178786","oi":0,"n":1},"geometry":{"type":"LineString","coordinates":[[25.95425,43.894725],[25.958621,43.894795]]}},{"type":"Feature","properties":{"line":"G3","mode":"bus","color":"#178786","oi":0.5,"n":1,"sw":1},"geometry":{"type":"LineString","coordinates":[[25.953801,43.894718],[25.95385,43.894719]]}},{"type":"Feature","properties":{"line":"G3","mode":"bus","color":"#178786","oi":0.483,"n":1,"sw":1},"geometry":{"type":"LineString","coordinates":[[25.953842,43.894719],[25.953894,43.894719]]}},{"type":"Feature","properties":{"line":"G3","mode":"bus","color":"#178786","oi":0.437,"n":1,"sw":1},"geometry":{"type":"LineString","coordinates":[[25.953887,43.894719],[25.953939,43.89472]]}},{"type":"Feature","properties":{"line":"G3","mode":"bus","color":"#178786","oi":0.37,"n":1,"sw":1},"geometry":{"type":"LineString","coordinates":[[25.953932,43.89472],[25.953984,43.894721]]}},{"type":"Feature","properties":{"line":"G3","mode":"bus","color":"#178786","oi":0.291,"n":1,"sw":1},"geometry":{"type":"LineString","coordinates":[[25.953977,43.894721],[25.954029,43.894722]]}},{"type":"Feature","properties":{"line":"G3","mode":"bus","color":"#178786","oi":0.209,"n":1,"sw":1},"geometry":{"type":"LineString","coordinates":[[25.954022,43.894722],[25.954074,43.894722]]}},{"type":"Feature","properties":{"line":"G3","mode":"bus","color":"#178786","oi":0.13,"n":1,"sw":1},"geometry":{"type":"LineString","coordinates":[[25.954066,43.894722],[25.954119,43.894723]]}},{"type":"Feature","properties":{"line":"G3","mode":"bus","color":"#178786","oi":0.063,"n":1,"sw":1},"geometry":{"type":"LineString","coordinates":[[25.954111,43.894723],[25.954164,43.894724]]}},{"type":"Feature","properties":{"line":"G3","mode":"bus","color":"#178786","oi":0.017,"n":1,"sw":1},"geometry":{"type":"LineString","coordinates":[[25.954156,43.894724],[25.954208,43.894724]]}},{"type":"Feature","properties":{"line":"G3","mode":"bus","color":"#178786","oi":0,"n":1,"sw":1},"geometry":{"type":"LineString","coordinates":[[25.954201,43.894724],[25.954253,43.894725]]}},{"type":"Feature","properties":{"line":"G3","mode":"bus","color":"#178786","oi":0,"n":1,"sw":1},"geometry":{"type":"LineString","coordinates":[[25.958618,43.894795],[25.95867,43.894796]]}},{"type":"Feature","properties":{"line":"G3","mode":"bus","color":"#178786","oi":0.017,"n":1,"sw":1},"geometry":{"type":"LineString","coordinates":[[25.958663,43.894796],[25.958715,43.894796]]}},{"type":"Feature","properties":{"line":"G3","mode":"bus","color":"#178786","oi":0.063,"n":1,"sw":1},"geometry":{"type":"LineString","coordinates":[[25.958707,43.894796],[25.95876,43.894797]]}},{"type":"Feature","properties":{"line":"G3","mode":"bus","color":"#178786","oi":0.13,"n":1,"sw":1},"geometry":{"type":"LineString","coordinates":[[25.958752,43.894797],[25.958805,43.894798]]}},{"type":"Feature","properties":{"line":"G3","mode":"bus","color":"#178786","oi":0.209,"n":1,"sw":1},"geometry":{"type":"LineString","coordinates":[[25.958797,43.894798],[25.958849,43.894798]]}},{"type":"Feature","properties":{"line":"G3","mode":"bus","color":"#178786","oi":0.291,"n":1,"sw":1},"geometry":{"type":"LineString","coordinates":[[25.958842,43.894798],[25.958894,43.894799]]}},{"type":"Feature","properties":{"line":"G3","mode":"bus","color":"#178786","oi":0.37,"n":1,"sw":1},"geometry":{"type":"LineString","coordinates":[[25.958887,43.894799],[25.958939,43.8948]]}},{"type":"Feature","properties":{"line":"G3","mode":"bus","color":"#178786","oi":0.437,"n":1,"sw":1},"geometry":{"type":"LineString","coordinates":[[25.958932,43.8948],[25.958984,43.894801]]}},{"type":"Feature","properties":{"line":"G3","mode":"bus","color":"#178786","oi":0.483,"n":1,"sw":1},"geometry":{"type":"LineString","coordinates":[[25.958977,43.894801],[25.959029,43.894801]]}},{"type":"Feature","properties":{"line":"G3","mode":"bus","color":"#178786","oi":0.5,"n":1,"sw":1},"geometry":{"type":"LineString","coordinates":[[25.959021,43.894801],[25.95907,43.894802]]}},{"type":"Feature","properties":{"line":"G3","mode":"bus","color":"#178786","oi":0,"n":4,"sw":1},"geometry":{"type":"LineString","coordinates":[[25.966735,43.891431],[25.966725,43.891422]]}},{"type":"Feature","properties":{"line":"G3","mode":"bus","color":"#178786","oi":0.037,"n":4,"sw":1},"geometry":{"type":"LineString","coordinates":[[25.96673,43.891426],[25.966717,43.891415]]}},{"type":"Feature","properties":{"line":"G3","mode":"bus","color":"#178786","oi":0.13,"n":4,"sw":1},"geometry":{"type":"LineString","coordinates":[[25.966722,43.891419],[25.966709,43.891408]]}},{"type":"Feature","properties":{"line":"G3","mode":"bus","color":"#178786","oi":0.25,"n":4,"sw":1},"geometry":{"type":"LineString","coordinates":[[25.966714,43.891412],[25.966702,43.891401]]}},{"type":"Feature","properties":{"line":"G3","mode":"bus","color":"#178786","oi":0.37,"n":4,"sw":1},"geometry":{"type":"LineString","coordinates":[[25.966706,43.891405],[25.966694,43.891394]]}},{"type":"Feature","properties":{"line":"G3","mode":"bus","color":"#178786","oi":0.463,"n":4,"sw":1},"geometry":{"type":"LineString","coordinates":[[25.966698,43.891398],[25.966686,43.891386]]}},{"type":"Feature","properties":{"line":"G3","mode":"bus","color":"#178786","oi":0.5,"n":4,"sw":1},"geometry":{"type":"LineString","coordinates":[[25.966691,43.891391],[25.966678,43.891379]]}},{"type":"Feature","properties":{"line":"G3","mode":"bus","color":"#178786","oi":0.5,"n":4,"sw":1},"geometry":{"type":"LineString","coordinates":[[25.966683,43.891384],[25.96667,43.891372]]}},{"type":"Feature","properties":{"line":"G3","mode":"bus","color":"#178786","oi":0.463,"n":4,"sw":1},"geometry":{"type":"LineString","coordinates":[[25.966675,43.891377],[25.966663,43.891365]]}},{"type":"Feature","properties":{"line":"G3","mode":"bus","color":"#178786","oi":0.37,"n":4,"sw":1},"geometry":{"type":"LineString","coordinates":[[25.966667,43.891369],[25.966655,43.891358]]}},{"type":"Feature","properties":{"line":"G3","mode":"bus","color":"#178786","oi":0.25,"n":4,"sw":1},"geometry":{"type":"LineString","coordinates":[[25.966659,43.891362],[25.966647,43.891351]]}},{"type":"Feature","properties":{"line":"G3","mode":"bus","color":"#178786","oi":0.13,"n":4,"sw":1},"geometry":{"type":"LineString","coordinates":[[25.966652,43.891355],[25.966639,43.891344]]}},{"type":"Feature","properties":{"line":"G3","mode":"bus","color":"#178786","oi":0.037,"n":4,"sw":1},"geometry":{"type":"LineString","coordinates":[[25.966644,43.891348],[25.966631,43.891337]]}},{"type":"Feature","properties":{"line":"G3","mode":"bus","color":"#178786","oi":0,"n":4,"sw":1},"geometry":{"type":"LineString","coordinates":[[25.966636,43.891341],[25.966626,43.891332]]}},{"type":"Feature","properties":{"line":"G3","mode":"bus","color":"#178786","oi":0,"n":3},"geometry":{"type":"LineString","coordinates":[[25.965223,43.891057],[25.965688,43.892515],[25.965893,43.893316]]}},{"type":"Feature","properties":{"line":"G3","mode":"bus","color":"#178786","oi":0.5,"n":2},"geometry":{"type":"LineString","coordinates":[[25.953051,43.894707],[25.953801,43.894718]]}},{"type":"Feature","properties":{"line":"G5","mode":"bus","color":"#b20b42","oi":-0.5,"n":2},"geometry":{"type":"LineString","coordinates":[[25.965481,43.893194],[25.9644,43.892682],[25.964373,43.892674],[25.964348,43.892676],[25.964325,43.892689],[25.962424,43.894208],[25.962401,43.894222],[25.962374,43.894227],[25.962344,43.894223],[25.961706,43.894054],[25.961247,43.893965],[25.961185,43.893973],[25.961076,43.893944],[25.960413,43.893984]]}},{"type":"Feature","properties":{"line":"G5","mode":"bus","color":"#b20b42","oi":0,"n":2,"sw":1},"geometry":{"type":"LineString","coordinates":[[25.965893,43.893316],[25.965847,43.893305]]}},{"type":"Feature","properties":{"line":"G5","mode":"bus","color":"#b20b42","oi":-0.017,"n":2,"sw":1},"geometry":{"type":"LineString","coordinates":[[25.965854,43.893307],[25.965804,43.893295]]}},{"type":"Feature","properties":{"line":"G5","mode":"bus","color":"#b20b42","oi":-0.063,"n":2,"sw":1},"geometry":{"type":"LineString","coordinates":[[25.965811,43.893297],[25.965761,43.893285]]}},{"type":"Feature","properties":{"line":"G5","mode":"bus","color":"#b20b42","oi":-0.13,"n":2,"sw":1},"geometry":{"type":"LineString","coordinates":[[25.965769,43.893287],[25.965719,43.893275]]}},{"type":"Feature","properties":{"line":"G5","mode":"bus","color":"#b20b42","oi":-0.209,"n":2,"sw":1},"geometry":{"type":"LineString","coordinates":[[25.965726,43.893277],[25.965676,43.893265]]}},{"type":"Feature","properties":{"line":"G5","mode":"bus","color":"#b20b42","oi":-0.291,"n":2,"sw":1},"geometry":{"type":"LineString","coordinates":[[25.965683,43.893267],[25.965633,43.893255]]}},{"type":"Feature","properties":{"line":"G5","mode":"bus","color":"#b20b42","oi":-0.37,"n":2,"sw":1},"geometry":{"type":"LineString","coordinates":[[25.965641,43.893257],[25.965591,43.893245]]}},{"type":"Feature","properties":{"line":"G5","mode":"bus","color":"#b20b42","oi":-0.437,"n":2,"sw":1},"geometry":{"type":"LineString","coordinates":[[25.965598,43.893247],[25.96559,43.893245],[25.965553,43.893228]]}},{"type":"Feature","properties":{"line":"G5","mode":"bus","color":"#b20b42","oi":-0.483,"n":2,"sw":1},"geometry":{"type":"LineString","coordinates":[[25.965559,43.893231],[25.965516,43.89321]]}},{"type":"Feature","properties":{"line":"G5","mode":"bus","color":"#b20b42","oi":-0.5,"n":2,"sw":1},"geometry":{"type":"LineString","coordinates":[[25.965522,43.893213],[25.965478,43.893192]]}},{"type":"Feature","properties":{"line":"G5","mode":"bus","color":"#b20b42","oi":-0.5,"n":2},"geometry":{"type":"LineString","coordinates":[[25.962585,43.892207],[25.960993,43.893511],[25.960975,43.893521],[25.960953,43.893525],[25.96093,43.893522],[25.960861,43.893503],[25.960781,43.893508],[25.960657,43.893563],[25.960618,43.893651],[25.960644,43.893736],[25.960598,43.89385],[25.959478,43.894709]]}},{"type":"Feature","properties":{"line":"G5","mode":"bus","color":"#b20b42","oi":-1.5,"n":2,"sw":1},"geometry":{"type":"LineString","coordinates":[[25.962882,43.891964],[25.962863,43.89198]]}},{"type":"Feature","properties":{"line":"G5","mode":"bus","color":"#b20b42","oi":-1.49,"n":2,"sw":1},"geometry":{"type":"LineString","coordinates":[[25.962868,43.891975],[25.962847,43.891993]]}},{"type":"Feature","properties":{"line":"G5","mode":"bus","color":"#b20b42","oi":-1.462,"n":2,"sw":1},"geometry":{"type":"LineString","coordinates":[[25.962852,43.891989],[25.96283,43.892007]]}},{"type":"Feature","properties":{"line":"G5","mode":"bus","color":"#b20b42","oi":-1.418,"n":2,"sw":1},"geometry":{"type":"LineString","coordinates":[[25.962835,43.892002],[25.962814,43.89202]]}},{"type":"Feature","properties":{"line":"G5","mode":"bus","color":"#b20b42","oi":-1.36,"n":2,"sw":1},"geometry":{"type":"LineString","coordinates":[[25.962819,43.892016],[25.962797,43.892034]]}},{"type":"Feature","properties":{"line":"G5","mode":"bus","color":"#b20b42","oi":-1.291,"n":2,"sw":1},"geometry":{"type":"LineString","coordinates":[[25.962802,43.892029],[25.962781,43.892047]]}},{"type":"Feature","properties":{"line":"G5","mode":"bus","color":"#b20b42","oi":-1.214,"n":2,"sw":1},"geometry":{"type":"LineString","coordinates":[[25.962786,43.892043],[25.962764,43.892061]]}},{"type":"Feature","properties":{"line":"G5","mode":"bus","color":"#b20b42","oi":-1.131,"n":2,"sw":1},"geometry":{"type":"LineString","coordinates":[[25.962769,43.892056],[25.962748,43.892074]]}},{"type":"Feature","properties":{"line":"G5","mode":"bus","color":"#b20b42","oi":-1.044,"n":2,"sw":1},"geometry":{"type":"LineString","coordinates":[[25.962753,43.89207],[25.962731,43.892088]]}},{"type":"Feature","properties":{"line":"G5","mode":"bus","color":"#b20b42","oi":-0.956,"n":2,"sw":1},"geometry":{"type":"LineString","coordinates":[[25.962736,43.892083],[25.962715,43.892101]]}},{"type":"Feature","properties":{"line":"G5","mode":"bus","color":"#b20b42","oi":-0.869,"n":2,"sw":1},"geometry":{"type":"LineString","coordinates":[[25.96272,43.892097],[25.962698,43.892115]]}},{"type":"Feature","properties":{"line":"G5","mode":"bus","color":"#b20b42","oi":-0.786,"n":2,"sw":1},"geometry":{"type":"LineString","coordinates":[[25.962703,43.89211],[25.962682,43.892128]]}},{"type":"Feature","properties":{"line":"G5","mode":"bus","color":"#b20b42","oi":-0.709,"n":2,"sw":1},"geometry":{"type":"LineString","coordinates":[[25.962687,43.892124],[25.962665,43.892141]]}},{"type":"Feature","properties":{"line":"G5","mode":"bus","color":"#b20b42","oi":-0.64,"n":2,"sw":1},"geometry":{"type":"LineString","coordinates":[[25.96267,43.892137],[25.962649,43.892155]]}},{"type":"Feature","properties":{"line":"G5","mode":"bus","color":"#b20b42","oi":-0.582,"n":2,"sw":1},"geometry":{"type":"LineString","coordinates":[[25.962654,43.892151],[25.962632,43.892168]]}},{"type":"Feature","properties":{"line":"G5","mode":"bus","color":"#b20b42","oi":-0.538,"n":2,"sw":1},"geometry":{"type":"LineString","coordinates":[[25.962637,43.892164],[25.962616,43.892182]]}},{"type":"Feature","properties":{"line":"G5","mode":"bus","color":"#b20b42","oi":-0.51,"n":2,"sw":1},"geometry":{"type":"LineString","coordinates":[[25.962621,43.892178],[25.962599,43.892195]]}},{"type":"Feature","properties":{"line":"G5","mode":"bus","color":"#b20b42","oi":-0.5,"n":2,"sw":1},"geometry":{"type":"LineString","coordinates":[[25.962604,43.892191],[25.962583,43.892209]]}},{"type":"Feature","properties":{"line":"G5","mode":"bus","color":"#b20b42","oi":-0.5,"n":2},"geometry":{"type":"LineString","coordinates":[[25.95907,43.894802],[25.959146,43.894805],[25.959432,43.894722],[25.959447,43.894719],[25.959457,43.894718],[25.95946,43.894722],[25.959457,43.894728],[25.959448,43.894738],[25.959206,43.894971],[25.959143,43.895]]}},{"type":"Feature","properties":{"line":"G5","mode":"bus","color":"#b20b42","oi":-0.5,"n":2},"geometry":{"type":"LineString","coordinates":[[25.958971,43.894946],[25.958958,43.89491]]}},{"type":"Feature","properties":{"line":"G5","mode":"bus","color":"#b20b42","oi":0,"n":1},"geometry":{"type":"LineString","coordinates":[[25.958958,43.89491],[25.958986,43.894841],[25.95907,43.894802]]}},{"type":"Feature","properties":{"line":"G5","mode":"bus","color":"#b20b42","oi":0,"n":1},"geometry":{"type":"LineString","coordinates":[[25.958971,43.894946],[25.95882,43.895161],[25.955381,43.897449]]}},{"type":"Feature","properties":{"line":"G5","mode":"bus","color":"#b20b42","oi":0,"n":1,"sw":1},"geometry":{"type":"LineString","coordinates":[[25.955384,43.897447],[25.955345,43.897472]]}},{"type":"Feature","properties":{"line":"G5","mode":"bus","color":"#b20b42","oi":-0.017,"n":1,"sw":1},"geometry":{"type":"LineString","coordinates":[[25.955351,43.897469],[25.955312,43.897494]]}},{"type":"Feature","properties":{"line":"G5","mode":"bus","color":"#b20b42","oi":-0.063,"n":1,"sw":1},"geometry":{"type":"LineString","coordinates":[[25.955318,43.897491],[25.955279,43.897516]]}},{"type":"Feature","properties":{"line":"G5","mode":"bus","color":"#b20b42","oi":-0.13,"n":1,"sw":1},"geometry":{"type":"LineString","coordinates":[[25.955285,43.897513],[25.955246,43.897538]]}},{"type":"Feature","properties":{"line":"G5","mode":"bus","color":"#b20b42","oi":-0.209,"n":1,"sw":1},"geometry":{"type":"LineString","coordinates":[[25.955252,43.897534],[25.955213,43.89756]]}},{"type":"Feature","properties":{"line":"G5","mode":"bus","color":"#b20b42","oi":-0.291,"n":1,"sw":1},"geometry":{"type":"LineString","coordinates":[[25.955219,43.897556],[25.95518,43.897582]]}},{"type":"Feature","properties":{"line":"G5","mode":"bus","color":"#b20b42","oi":-0.37,"n":1,"sw":1},"geometry":{"type":"LineString","coordinates":[[25.955186,43.897578],[25.955147,43.897604]]}},{"type":"Feature","properties":{"line":"G5","mode":"bus","color":"#b20b42","oi":-0.437,"n":1,"sw":1},"geometry":{"type":"LineString","coordinates":[[25.955153,43.8976],[25.955114,43.897626]]}},{"type":"Feature","properties":{"line":"G5","mode":"bus","color":"#b20b42","oi":-0.483,"n":1,"sw":1},"geometry":{"type":"LineString","coordinates":[[25.95512,43.897622],[25.955081,43.897648]]}},{"type":"Feature","properties":{"line":"G5","mode":"bus","color":"#b20b42","oi":-0.5,"n":1,"sw":1},"geometry":{"type":"LineString","coordinates":[[25.955087,43.897644],[25.955051,43.897668]]}},{"type":"Feature","properties":{"line":"G5","mode":"bus","color":"#b20b42","oi":0,"n":1},"geometry":{"type":"LineString","coordinates":[[25.953448,43.898736],[25.947007,43.902952],[25.943629,43.905228],[25.940746,43.907134],[25.940729,43.90715],[25.940728,43.907167],[25.940742,43.907185],[25.942479,43.908577],[25.944255,43.910154],[25.944512,43.910308],[25.94653,43.910987],[25.947965,43.911417],[25.951368,43.912278]]}},{"type":"Feature","properties":{"line":"G5","mode":"bus","color":"#b20b42","oi":-0.5,"n":1,"sw":1},"geometry":{"type":"LineString","coordinates":[[25.95378,43.898518],[25.953744,43.898542]]}},{"type":"Feature","properties":{"line":"G5","mode":"bus","color":"#b20b42","oi":-0.483,"n":1,"sw":1},"geometry":{"type":"LineString","coordinates":[[25.95375,43.898538],[25.953711,43.898563]]}},{"type":"Feature","properties":{"line":"G5","mode":"bus","color":"#b20b42","oi":-0.437,"n":1,"sw":1},"geometry":{"type":"LineString","coordinates":[[25.953716,43.89856],[25.953678,43.898585]]}},{"type":"Feature","properties":{"line":"G5","mode":"bus","color":"#b20b42","oi":-0.37,"n":1,"sw":1},"geometry":{"type":"LineString","coordinates":[[25.953683,43.898581],[25.953644,43.898607]]}},{"type":"Feature","properties":{"line":"G5","mode":"bus","color":"#b20b42","oi":-0.291,"n":1,"sw":1},"geometry":{"type":"LineString","coordinates":[[25.95365,43.898603],[25.953611,43.898629]]}},{"type":"Feature","properties":{"line":"G5","mode":"bus","color":"#b20b42","oi":-0.209,"n":1,"sw":1},"geometry":{"type":"LineString","coordinates":[[25.953617,43.898625],[25.953578,43.89865]]}},{"type":"Feature","properties":{"line":"G5","mode":"bus","color":"#b20b42","oi":-0.13,"n":1,"sw":1},"geometry":{"type":"LineString","coordinates":[[25.953583,43.898647],[25.953545,43.898672]]}},{"type":"Feature","properties":{"line":"G5","mode":"bus","color":"#b20b42","oi":-0.063,"n":1,"sw":1},"geometry":{"type":"LineString","coordinates":[[25.95355,43.898668],[25.953511,43.898694]]}},{"type":"Feature","properties":{"line":"G5","mode":"bus","color":"#b20b42","oi":-0.017,"n":1,"sw":1},"geometry":{"type":"LineString","coordinates":[[25.953517,43.89869],[25.953478,43.898716]]}},{"type":"Feature","properties":{"line":"G5","mode":"bus","color":"#b20b42","oi":0,"n":1,"sw":1},"geometry":{"type":"LineString","coordinates":[[25.953484,43.898712],[25.953445,43.898737]]}},{"type":"Feature","properties":{"line":"G5","mode":"bus","color":"#b20b42","oi":0,"n":1},"geometry":{"type":"LineString","coordinates":[[25.958994,43.895072],[25.958845,43.895143]]}},{"type":"Feature","properties":{"line":"G5","mode":"bus","color":"#b20b42","oi":-0.5,"n":1,"sw":1},"geometry":{"type":"LineString","coordinates":[[25.959143,43.895],[25.959125,43.895009]]}},{"type":"Feature","properties":{"line":"G5","mode":"bus","color":"#b20b42","oi":-0.483,"n":1,"sw":1},"geometry":{"type":"LineString","coordinates":[[25.959131,43.895006],[25.95911,43.895016]]}},{"type":"Feature","properties":{"line":"G5","mode":"bus","color":"#b20b42","oi":-0.437,"n":1,"sw":1},"geometry":{"type":"LineString","coordinates":[[25.959116,43.895013],[25.959095,43.895023]]}},{"type":"Feature","properties":{"line":"G5","mode":"bus","color":"#b20b42","oi":-0.37,"n":1,"sw":1},"geometry":{"type":"LineString","coordinates":[[25.959101,43.89502],[25.95908,43.89503]]}},{"type":"Feature","properties":{"line":"G5","mode":"bus","color":"#b20b42","oi":-0.291,"n":1,"sw":1},"geometry":{"type":"LineString","coordinates":[[25.959087,43.895027],[25.959065,43.895037]]}},{"type":"Feature","properties":{"line":"G5","mode":"bus","color":"#b20b42","oi":-0.209,"n":1,"sw":1},"geometry":{"type":"LineString","coordinates":[[25.959072,43.895034],[25.95905,43.895044]]}},{"type":"Feature","properties":{"line":"G5","mode":"bus","color":"#b20b42","oi":-0.13,"n":1,"sw":1},"geometry":{"type":"LineString","coordinates":[[25.959057,43.895041],[25.959036,43.895052]]}},{"type":"Feature","properties":{"line":"G5","mode":"bus","color":"#b20b42","oi":-0.063,"n":1,"sw":1},"geometry":{"type":"LineString","coordinates":[[25.959042,43.895049],[25.959021,43.895059]]}},{"type":"Feature","properties":{"line":"G5","mode":"bus","color":"#b20b42","oi":-0.017,"n":1,"sw":1},"geometry":{"type":"LineString","coordinates":[[25.959027,43.895056],[25.959006,43.895066]]}},{"type":"Feature","properties":{"line":"G5","mode":"bus","color":"#b20b42","oi":0,"n":1,"sw":1},"geometry":{"type":"LineString","coordinates":[[25.959012,43.895063],[25.958991,43.895073]]}},{"type":"Feature","properties":{"line":"G5","mode":"bus","color":"#b20b42","oi":0,"n":3},"geometry":{"type":"LineString","coordinates":[[25.979512,43.904684],[25.979724,43.905049]]}},{"type":"Feature","properties":{"line":"G5","mode":"bus","color":"#b20b42","oi":0,"n":4,"sw":1},"geometry":{"type":"LineString","coordinates":[[25.966735,43.891431],[25.966725,43.891422]]}},{"type":"Feature","properties":{"line":"G5","mode":"bus","color":"#b20b42","oi":-0.111,"n":4,"sw":1},"geometry":{"type":"LineString","coordinates":[[25.96673,43.891426],[25.966717,43.891415]]}},{"type":"Feature","properties":{"line":"G5","mode":"bus","color":"#b20b42","oi":-0.389,"n":4,"sw":1},"geometry":{"type":"LineString","coordinates":[[25.966722,43.891419],[25.966709,43.891408]]}},{"type":"Feature","properties":{"line":"G5","mode":"bus","color":"#b20b42","oi":-0.75,"n":4,"sw":1},"geometry":{"type":"LineString","coordinates":[[25.966714,43.891412],[25.966702,43.891401]]}},{"type":"Feature","properties":{"line":"G5","mode":"bus","color":"#b20b42","oi":-1.111,"n":4,"sw":1},"geometry":{"type":"LineString","coordinates":[[25.966706,43.891405],[25.966694,43.891394]]}},{"type":"Feature","properties":{"line":"G5","mode":"bus","color":"#b20b42","oi":-1.389,"n":4,"sw":1},"geometry":{"type":"LineString","coordinates":[[25.966698,43.891398],[25.966686,43.891386]]}},{"type":"Feature","properties":{"line":"G5","mode":"bus","color":"#b20b42","oi":-1.5,"n":4,"sw":1},"geometry":{"type":"LineString","coordinates":[[25.966691,43.891391],[25.966678,43.891379]]}},{"type":"Feature","properties":{"line":"G5","mode":"bus","color":"#b20b42","oi":-1.5,"n":4,"sw":1},"geometry":{"type":"LineString","coordinates":[[25.966683,43.891384],[25.96667,43.891372]]}},{"type":"Feature","properties":{"line":"G5","mode":"bus","color":"#b20b42","oi":-1.389,"n":4,"sw":1},"geometry":{"type":"LineString","coordinates":[[25.966675,43.891377],[25.966663,43.891365]]}},{"type":"Feature","properties":{"line":"G5","mode":"bus","color":"#b20b42","oi":-1.111,"n":4,"sw":1},"geometry":{"type":"LineString","coordinates":[[25.966667,43.891369],[25.966655,43.891358]]}},{"type":"Feature","properties":{"line":"G5","mode":"bus","color":"#b20b42","oi":-0.75,"n":4,"sw":1},"geometry":{"type":"LineString","coordinates":[[25.966659,43.891362],[25.966647,43.891351]]}},{"type":"Feature","properties":{"line":"G5","mode":"bus","color":"#b20b42","oi":-0.389,"n":4,"sw":1},"geometry":{"type":"LineString","coordinates":[[25.966652,43.891355],[25.966639,43.891344]]}},{"type":"Feature","properties":{"line":"G5","mode":"bus","color":"#b20b42","oi":-0.111,"n":4,"sw":1},"geometry":{"type":"LineString","coordinates":[[25.966644,43.891348],[25.966631,43.891337]]}},{"type":"Feature","properties":{"line":"G5","mode":"bus","color":"#b20b42","oi":0,"n":4,"sw":1},"geometry":{"type":"LineString","coordinates":[[25.966636,43.891341],[25.966626,43.891332]]}},{"type":"Feature","properties":{"line":"G5","mode":"bus","color":"#b20b42","oi":-1,"n":3},"geometry":{"type":"LineString","coordinates":[[25.971793,43.911528],[25.97186,43.912801],[25.971841,43.91353]]}},{"type":"Feature","properties":{"line":"G5","mode":"bus","color":"#b20b42","oi":-1,"n":3},"geometry":{"type":"LineString","coordinates":[[25.971639,43.909286],[25.971468,43.908427],[25.971424,43.908056]]}},{"type":"Feature","properties":{"line":"G5","mode":"bus","color":"#b20b42","oi":-1,"n":3},"geometry":{"type":"LineString","coordinates":[[25.971774,43.911213],[25.971721,43.911307],[25.971731,43.911424],[25.971773,43.911495],[25.971781,43.911505],[25.971789,43.911511],[25.971796,43.91151],[25.971803,43.911505],[25.97181,43.911494],[25.971846,43.91142],[25.971836,43.911303],[25.971774,43.911213],[25.971695,43.909925]]}},{"type":"Feature","properties":{"line":"G5","mode":"bus","color":"#b20b42","oi":-1,"n":3,"sw":1},"geometry":{"type":"LineString","coordinates":[[25.971695,43.909927],[25.971694,43.909904]]}},{"type":"Feature","properties":{"line":"G5","mode":"bus","color":"#b20b42","oi":-0.99,"n":3,"sw":1},"geometry":{"type":"LineString","coordinates":[[25.971694,43.909909],[25.971693,43.909886]]}},{"type":"Feature","properties":{"line":"G5","mode":"bus","color":"#b20b42","oi":-0.962,"n":3,"sw":1},"geometry":{"type":"LineString","coordinates":[[25.971693,43.909891],[25.971691,43.909868]]}},{"type":"Feature","properties":{"line":"G5","mode":"bus","color":"#b20b42","oi":-0.918,"n":3,"sw":1},"geometry":{"type":"LineString","coordinates":[[25.971692,43.909873],[25.97169,43.90985]]}},{"type":"Feature","properties":{"line":"G5","mode":"bus","color":"#b20b42","oi":-0.86,"n":3,"sw":1},"geometry":{"type":"LineString","coordinates":[[25.971691,43.909855],[25.971689,43.909832]]}},{"type":"Feature","properties":{"line":"G5","mode":"bus","color":"#b20b42","oi":-0.791,"n":3,"sw":1},"geometry":{"type":"LineString","coordinates":[[25.97169,43.909837],[25.971688,43.909814]]}},{"type":"Feature","properties":{"line":"G5","mode":"bus","color":"#b20b42","oi":-0.714,"n":3,"sw":1},"geometry":{"type":"LineString","coordinates":[[25.971688,43.909819],[25.971687,43.909796]]}},{"type":"Feature","properties":{"line":"G5","mode":"bus","color":"#b20b42","oi":-0.631,"n":3,"sw":1},"geometry":{"type":"LineString","coordinates":[[25.971687,43.909801],[25.971686,43.909778]]}},{"type":"Feature","properties":{"line":"G5","mode":"bus","color":"#b20b42","oi":-0.544,"n":3,"sw":1},"geometry":{"type":"LineString","coordinates":[[25.971686,43.909783],[25.971685,43.90976]]}},{"type":"Feature","properties":{"line":"G5","mode":"bus","color":"#b20b42","oi":-0.456,"n":3,"sw":1},"geometry":{"type":"LineString","coordinates":[[25.971685,43.909766],[25.971684,43.909742]]}},{"type":"Feature","properties":{"line":"G5","mode":"bus","color":"#b20b42","oi":-0.369,"n":3,"sw":1},"geometry":{"type":"LineString","coordinates":[[25.971684,43.909748],[25.971683,43.909724]]}},{"type":"Feature","properties":{"line":"G5","mode":"bus","color":"#b20b42","oi":-0.286,"n":3,"sw":1},"geometry":{"type":"LineString","coordinates":[[25.971683,43.90973],[25.971681,43.909706]]}},{"type":"Feature","properties":{"line":"G5","mode":"bus","color":"#b20b42","oi":-0.209,"n":3,"sw":1},"geometry":{"type":"LineString","coordinates":[[25.971682,43.909712],[25.97168,43.909688]]}},{"type":"Feature","properties":{"line":"G5","mode":"bus","color":"#b20b42","oi":-0.14,"n":3,"sw":1},"geometry":{"type":"LineString","coordinates":[[25.971681,43.909694],[25.971679,43.90967]]}},{"type":"Feature","properties":{"line":"G5","mode":"bus","color":"#b20b42","oi":-0.082,"n":3,"sw":1},"geometry":{"type":"LineString","coordinates":[[25.97168,43.909676],[25.971678,43.909652]]}},{"type":"Feature","properties":{"line":"G5","mode":"bus","color":"#b20b42","oi":-0.038,"n":3,"sw":1},"geometry":{"type":"LineString","coordinates":[[25.971678,43.909658],[25.971677,43.909634]]}},{"type":"Feature","properties":{"line":"G5","mode":"bus","color":"#b20b42","oi":-0.01,"n":3,"sw":1},"geometry":{"type":"LineString","coordinates":[[25.971677,43.90964],[25.971676,43.909616]]}},{"type":"Feature","properties":{"line":"G5","mode":"bus","color":"#b20b42","oi":0,"n":3,"sw":1},"geometry":{"type":"LineString","coordinates":[[25.971676,43.909622],[25.971675,43.909601]]}},{"type":"Feature","properties":{"line":"G5","mode":"bus","color":"#b20b42","oi":0,"n":3,"sw":1},"geometry":{"type":"LineString","coordinates":[[25.971675,43.909601],[25.971662,43.909583]]}},{"type":"Feature","properties":{"line":"G5","mode":"bus","color":"#b20b42","oi":-0.01,"n":3,"sw":1},"geometry":{"type":"LineString","coordinates":[[25.971666,43.909588],[25.971651,43.909567]]}},{"type":"Feature","properties":{"line":"G5","mode":"bus","color":"#b20b42","oi":-0.038,"n":3,"sw":1},"geometry":{"type":"LineString","coordinates":[[25.971654,43.909572],[25.97164,43.909551]]}},{"type":"Feature","properties":{"line":"G5","mode":"bus","color":"#b20b42","oi":-0.082,"n":3,"sw":1},"geometry":{"type":"LineString","coordinates":[[25.971643,43.909556],[25.971629,43.909535]]}},{"type":"Feature","properties":{"line":"G5","mode":"bus","color":"#b20b42","oi":-0.14,"n":3,"sw":1},"geometry":{"type":"LineString","coordinates":[[25.971632,43.90954],[25.971618,43.909519]]}},{"type":"Feature","properties":{"line":"G5","mode":"bus","color":"#b20b42","oi":-0.209,"n":3,"sw":1},"geometry":{"type":"LineString","coordinates":[[25.971621,43.909524],[25.971606,43.909503]]}},{"type":"Feature","properties":{"line":"G5","mode":"bus","color":"#b20b42","oi":-0.286,"n":3,"sw":1},"geometry":{"type":"LineString","coordinates":[[25.97161,43.909508],[25.971604,43.9095],[25.971602,43.909486]]}},{"type":"Feature","properties":{"line":"G5","mode":"bus","color":"#b20b42","oi":-0.369,"n":3,"sw":1},"geometry":{"type":"LineString","coordinates":[[25.971603,43.909491],[25.9716,43.909468]]}},{"type":"Feature","properties":{"line":"G5","mode":"bus","color":"#b20b42","oi":-0.456,"n":3,"sw":1},"geometry":{"type":"LineString","coordinates":[[25.971601,43.909474],[25.971598,43.909451]]}},{"type":"Feature","properties":{"line":"G5","mode":"bus","color":"#b20b42","oi":-0.544,"n":3,"sw":1},"geometry":{"type":"LineString","coordinates":[[25.971598,43.909456],[25.971595,43.909433]]}},{"type":"Feature","properties":{"line":"G5","mode":"bus","color":"#b20b42","oi":-0.631,"n":3,"sw":1},"geometry":{"type":"LineString","coordinates":[[25.971596,43.909438],[25.971593,43.909415]]}},{"type":"Feature","properties":{"line":"G5","mode":"bus","color":"#b20b42","oi":-0.714,"n":3,"sw":1},"geometry":{"type":"LineString","coordinates":[[25.971594,43.909421],[25.971591,43.909398]]}},{"type":"Feature","properties":{"line":"G5","mode":"bus","color":"#b20b42","oi":-0.791,"n":3,"sw":1},"geometry":{"type":"LineString","coordinates":[[25.971592,43.909403],[25.971589,43.909383],[25.971591,43.90938]]}},{"type":"Feature","properties":{"line":"G5","mode":"bus","color":"#b20b42","oi":-0.86,"n":3,"sw":1},"geometry":{"type":"LineString","coordinates":[[25.971589,43.909385],[25.971589,43.909383],[25.971599,43.909363]]}},{"type":"Feature","properties":{"line":"G5","mode":"bus","color":"#b20b42","oi":-0.918,"n":3,"sw":1},"geometry":{"type":"LineString","coordinates":[[25.971597,43.909368],[25.971608,43.909347]]}},{"type":"Feature","properties":{"line":"G5","mode":"bus","color":"#b20b42","oi":-0.962,"n":3,"sw":1},"geometry":{"type":"LineString","coordinates":[[25.971605,43.909352],[25.971616,43.90933]]}},{"type":"Feature","properties":{"line":"G5","mode":"bus","color":"#b20b42","oi":-0.99,"n":3,"sw":1},"geometry":{"type":"LineString","coordinates":[[25.971614,43.909335],[25.971622,43.909319],[25.971626,43.909314]]}},{"type":"Feature","properties":{"line":"G5","mode":"bus","color":"#b20b42","oi":-1,"n":3,"sw":1},"geometry":{"type":"LineString","coordinates":[[25.971622,43.909318],[25.971629,43.909308],[25.971637,43.909303],[25.971642,43.909302]]}},{"type":"Feature","properties":{"line":"G5","mode":"bus","color":"#b20b42","oi":-1,"n":3,"sw":1},"geometry":{"type":"LineString","coordinates":[[25.971635,43.909304],[25.971637,43.909303],[25.971644,43.909302],[25.971653,43.909307],[25.971659,43.909314]]}},{"type":"Feature","properties":{"line":"G5","mode":"bus","color":"#b20b42","oi":-0.99,"n":3,"sw":1},"geometry":{"type":"LineString","coordinates":[[25.971655,43.90931],[25.971661,43.909317],[25.971671,43.90933]]}},{"type":"Feature","properties":{"line":"G5","mode":"bus","color":"#b20b42","oi":-0.962,"n":3,"sw":1},"geometry":{"type":"LineString","coordinates":[[25.971667,43.909325],[25.971682,43.909346]]}},{"type":"Feature","properties":{"line":"G5","mode":"bus","color":"#b20b42","oi":-0.918,"n":3,"sw":1},"geometry":{"type":"LineString","coordinates":[[25.971679,43.909341],[25.971694,43.909361]]}},{"type":"Feature","properties":{"line":"G5","mode":"bus","color":"#b20b42","oi":-0.86,"n":3,"sw":1},"geometry":{"type":"LineString","coordinates":[[25.97169,43.909357],[25.971703,43.909374],[25.971703,43.909378]]}},{"type":"Feature","properties":{"line":"G5","mode":"bus","color":"#b20b42","oi":-0.791,"n":3,"sw":1},"geometry":{"type":"LineString","coordinates":[[25.971702,43.909372],[25.971703,43.909374],[25.971706,43.909395]]}},{"type":"Feature","properties":{"line":"G5","mode":"bus","color":"#b20b42","oi":-0.714,"n":3,"sw":1},"geometry":{"type":"LineString","coordinates":[[25.971705,43.90939],[25.971708,43.909413]]}},{"type":"Feature","properties":{"line":"G5","mode":"bus","color":"#b20b42","oi":-0.631,"n":3,"sw":1},"geometry":{"type":"LineString","coordinates":[[25.971708,43.909408],[25.971711,43.909431]]}},{"type":"Feature","properties":{"line":"G5","mode":"bus","color":"#b20b42","oi":-0.544,"n":3,"sw":1},"geometry":{"type":"LineString","coordinates":[[25.97171,43.909425],[25.971713,43.909448]]}},{"type":"Feature","properties":{"line":"G5","mode":"bus","color":"#b20b42","oi":-0.456,"n":3,"sw":1},"geometry":{"type":"LineString","coordinates":[[25.971712,43.909443],[25.971715,43.909466]]}},{"type":"Feature","properties":{"line":"G5","mode":"bus","color":"#b20b42","oi":-0.369,"n":3,"sw":1},"geometry":{"type":"LineString","coordinates":[[25.971715,43.909461],[25.971718,43.909484]]}},{"type":"Feature","properties":{"line":"G5","mode":"bus","color":"#b20b42","oi":-0.286,"n":3,"sw":1},"geometry":{"type":"LineString","coordinates":[[25.971717,43.909478],[25.971719,43.909492],[25.971715,43.909501]]}},{"type":"Feature","properties":{"line":"G5","mode":"bus","color":"#b20b42","oi":-0.209,"n":3,"sw":1},"geometry":{"type":"LineString","coordinates":[[25.971717,43.909496],[25.971708,43.909518]]}},{"type":"Feature","properties":{"line":"G5","mode":"bus","color":"#b20b42","oi":-0.14,"n":3,"sw":1},"geometry":{"type":"LineString","coordinates":[[25.971711,43.909513],[25.971702,43.909535]]}},{"type":"Feature","properties":{"line":"G5","mode":"bus","color":"#b20b42","oi":-0.082,"n":3,"sw":1},"geometry":{"type":"LineString","coordinates":[[25.971704,43.90953],[25.971695,43.909552]]}},{"type":"Feature","properties":{"line":"G5","mode":"bus","color":"#b20b42","oi":-0.038,"n":3,"sw":1},"geometry":{"type":"LineString","coordinates":[[25.971697,43.909547],[25.971688,43.909569]]}},{"type":"Feature","properties":{"line":"G5","mode":"bus","color":"#b20b42","oi":-0.01,"n":3,"sw":1},"geometry":{"type":"LineString","coordinates":[[25.97169,43.909564],[25.971681,43.909587]]}},{"type":"Feature","properties":{"line":"G5","mode":"bus","color":"#b20b42","oi":0,"n":3,"sw":1},"geometry":{"type":"LineString","coordinates":[[25.971683,43.909581],[25.971675,43.909601]]}},{"type":"Feature","properties":{"line":"G5","mode":"bus","color":"#b20b42","oi":-1,"n":3},"geometry":{"type":"LineString","coordinates":[[25.965324,43.891373],[25.965688,43.892515],[25.965893,43.893316]]}},{"type":"Feature","properties":{"line":"G5","mode":"bus","color":"#b20b42","oi":0,"n":3,"sw":1},"geometry":{"type":"LineString","coordinates":[[25.965223,43.891057],[25.965229,43.891077]]}},{"type":"Feature","properties":{"line":"G5","mode":"bus","color":"#b20b42","oi":-0.01,"n":3,"sw":1},"geometry":{"type":"LineString","coordinates":[[25.965228,43.891072],[25.965235,43.891095]]}},{"type":"Feature","properties":{"line":"G5","mode":"bus","color":"#b20b42","oi":-0.038,"n":3,"sw":1},"geometry":{"type":"LineString","coordinates":[[25.965233,43.891089],[25.965241,43.891112]]}},{"type":"Feature","properties":{"line":"G5","mode":"bus","color":"#b20b42","oi":-0.082,"n":3,"sw":1},"geometry":{"type":"LineString","coordinates":[[25.965239,43.891107],[25.965246,43.89113]]}},{"type":"Feature","properties":{"line":"G5","mode":"bus","color":"#b20b42","oi":-0.14,"n":3,"sw":1},"geometry":{"type":"LineString","coordinates":[[25.965245,43.891125],[25.965252,43.891147]]}},{"type":"Feature","properties":{"line":"G5","mode":"bus","color":"#b20b42","oi":-0.209,"n":3,"sw":1},"geometry":{"type":"LineString","coordinates":[[25.96525,43.891142],[25.965257,43.891165]]}},{"type":"Feature","properties":{"line":"G5","mode":"bus","color":"#b20b42","oi":-0.286,"n":3,"sw":1},"geometry":{"type":"LineString","coordinates":[[25.965256,43.89116],[25.965263,43.891182]]}},{"type":"Feature","properties":{"line":"G5","mode":"bus","color":"#b20b42","oi":-0.369,"n":3,"sw":1},"geometry":{"type":"LineString","coordinates":[[25.965261,43.891177],[25.965269,43.8912]]}},{"type":"Feature","properties":{"line":"G5","mode":"bus","color":"#b20b42","oi":-0.456,"n":3,"sw":1},"geometry":{"type":"LineString","coordinates":[[25.965267,43.891195],[25.965274,43.891217]]}},{"type":"Feature","properties":{"line":"G5","mode":"bus","color":"#b20b42","oi":-0.544,"n":3,"sw":1},"geometry":{"type":"LineString","coordinates":[[25.965273,43.891212],[25.96528,43.891235]]}},{"type":"Feature","properties":{"line":"G5","mode":"bus","color":"#b20b42","oi":-0.631,"n":3,"sw":1},"geometry":{"type":"LineString","coordinates":[[25.965278,43.89123],[25.965285,43.891253]]}},{"type":"Feature","properties":{"line":"G5","mode":"bus","color":"#b20b42","oi":-0.714,"n":3,"sw":1},"geometry":{"type":"LineString","coordinates":[[25.965284,43.891247],[25.965291,43.89127]]}},{"type":"Feature","properties":{"line":"G5","mode":"bus","color":"#b20b42","oi":-0.791,"n":3,"sw":1},"geometry":{"type":"LineString","coordinates":[[25.965289,43.891265],[25.965297,43.891288]]}},{"type":"Feature","properties":{"line":"G5","mode":"bus","color":"#b20b42","oi":-0.86,"n":3,"sw":1},"geometry":{"type":"LineString","coordinates":[[25.965295,43.891282],[25.965302,43.891305]]}},{"type":"Feature","properties":{"line":"G5","mode":"bus","color":"#b20b42","oi":-0.918,"n":3,"sw":1},"geometry":{"type":"LineString","coordinates":[[25.9653,43.8913],[25.965308,43.891323]]}},{"type":"Feature","properties":{"line":"G5","mode":"bus","color":"#b20b42","oi":-0.962,"n":3,"sw":1},"geometry":{"type":"LineString","coordinates":[[25.965306,43.891317],[25.965313,43.89134]]}},{"type":"Feature","properties":{"line":"G5","mode":"bus","color":"#b20b42","oi":-0.99,"n":3,"sw":1},"geometry":{"type":"LineString","coordinates":[[25.965312,43.891335],[25.965319,43.891358]]}},{"type":"Feature","properties":{"line":"G5","mode":"bus","color":"#b20b42","oi":-1,"n":3,"sw":1},"geometry":{"type":"LineString","coordinates":[[25.965317,43.891353],[25.965325,43.891375]]}},{"type":"Feature","properties":{"line":"G5","mode":"bus","color":"#b20b42","oi":-1.5,"n":4},"geometry":{"type":"LineString","coordinates":[[25.964806,43.891176],[25.963805,43.891462],[25.963477,43.891516],[25.963341,43.891588],[25.962882,43.891964]]}},{"type":"Feature","properties":{"line":"G5","mode":"bus","color":"#b20b42","oi":0,"n":4,"sw":1},"geometry":{"type":"LineString","coordinates":[[25.965223,43.891057],[25.965203,43.891063]]}},{"type":"Feature","properties":{"line":"G5","mode":"bus","color":"#b20b42","oi":-0.007,"n":4,"sw":1},"geometry":{"type":"LineString","coordinates":[[25.96521,43.891061],[25.965187,43.891067]]}},{"type":"Feature","properties":{"line":"G5","mode":"bus","color":"#b20b42","oi":-0.027,"n":4,"sw":1},"geometry":{"type":"LineString","coordinates":[[25.965194,43.891065],[25.965171,43.891072]]}},{"type":"Feature","properties":{"line":"G5","mode":"bus","color":"#b20b42","oi":-0.06,"n":4,"sw":1},"geometry":{"type":"LineString","coordinates":[[25.965178,43.89107],[25.965155,43.891076]]}},{"type":"Feature","properties":{"line":"G5","mode":"bus","color":"#b20b42","oi":-0.103,"n":4,"sw":1},"geometry":{"type":"LineString","coordinates":[[25.965162,43.891074],[25.965139,43.891081]]}},{"type":"Feature","properties":{"line":"G5","mode":"bus","color":"#b20b42","oi":-0.156,"n":4,"sw":1},"geometry":{"type":"LineString","coordinates":[[25.965146,43.891079],[25.965123,43.891085]]}},{"type":"Feature","properties":{"line":"G5","mode":"bus","color":"#b20b42","oi":-0.218,"n":4,"sw":1},"geometry":{"type":"LineString","coordinates":[[25.96513,43.891084],[25.965107,43.89109]]}},{"type":"Feature","properties":{"line":"G5","mode":"bus","color":"#b20b42","oi":-0.287,"n":4,"sw":1},"geometry":{"type":"LineString","coordinates":[[25.965114,43.891088],[25.965091,43.891095]]}},{"type":"Feature","properties":{"line":"G5","mode":"bus","color":"#b20b42","oi":-0.362,"n":4,"sw":1},"geometry":{"type":"LineString","coordinates":[[25.965098,43.891093],[25.965075,43.891099]]}},{"type":"Feature","properties":{"line":"G5","mode":"bus","color":"#b20b42","oi":-0.443,"n":4,"sw":1},"geometry":{"type":"LineString","coordinates":[[25.965082,43.891097],[25.965059,43.891104]]}},{"type":"Feature","properties":{"line":"G5","mode":"bus","color":"#b20b42","oi":-0.528,"n":4,"sw":1},"geometry":{"type":"LineString","coordinates":[[25.965066,43.891102],[25.965043,43.891108]]}},{"type":"Feature","properties":{"line":"G5","mode":"bus","color":"#b20b42","oi":-0.616,"n":4,"sw":1},"geometry":{"type":"LineString","coordinates":[[25.96505,43.891106],[25.965027,43.891113]]}},{"type":"Feature","properties":{"line":"G5","mode":"bus","color":"#b20b42","oi":-0.705,"n":4,"sw":1},"geometry":{"type":"LineString","coordinates":[[25.965034,43.891111],[25.965011,43.891118]]}},{"type":"Feature","properties":{"line":"G5","mode":"bus","color":"#b20b42","oi":-0.795,"n":4,"sw":1},"geometry":{"type":"LineString","coordinates":[[25.965018,43.891116],[25.964995,43.891122]]}},{"type":"Feature","properties":{"line":"G5","mode":"bus","color":"#b20b42","oi":-0.884,"n":4,"sw":1},"geometry":{"type":"LineString","coordinates":[[25.965002,43.89112],[25.964979,43.891127]]}},{"type":"Feature","properties":{"line":"G5","mode":"bus","color":"#b20b42","oi":-0.972,"n":4,"sw":1},"geometry":{"type":"LineString","coordinates":[[25.964986,43.891125],[25.964963,43.891131]]}},{"type":"Feature","properties":{"line":"G5","mode":"bus","color":"#b20b42","oi":-1.057,"n":4,"sw":1},"geometry":{"type":"LineString","coordinates":[[25.96497,43.891129],[25.964947,43.891136]]}},{"type":"Feature","properties":{"line":"G5","mode":"bus","color":"#b20b42","oi":-1.138,"n":4,"sw":1},"geometry":{"type":"LineString","coordinates":[[25.964954,43.891134],[25.964931,43.89114]]}},{"type":"Feature","properties":{"line":"G5","mode":"bus","color":"#b20b42","oi":-1.213,"n":4,"sw":1},"geometry":{"type":"LineString","coordinates":[[25.964938,43.891138],[25.964915,43.891145]]}},{"type":"Feature","properties":{"line":"G5","mode":"bus","color":"#b20b42","oi":-1.282,"n":4,"sw":1},"geometry":{"type":"LineString","coordinates":[[25.964922,43.891143],[25.964899,43.89115]]}},{"type":"Feature","properties":{"line":"G5","mode":"bus","color":"#b20b42","oi":-1.344,"n":4,"sw":1},"geometry":{"type":"LineString","coordinates":[[25.964906,43.891148],[25.964883,43.891154]]}},{"type":"Feature","properties":{"line":"G5","mode":"bus","color":"#b20b42","oi":-1.397,"n":4,"sw":1},"geometry":{"type":"LineString","coordinates":[[25.96489,43.891152],[25.964867,43.891159]]}},{"type":"Feature","properties":{"line":"G5","mode":"bus","color":"#b20b42","oi":-1.44,"n":4,"sw":1},"geometry":{"type":"LineString","coordinates":[[25.964873,43.891157],[25.96485,43.891163]]}},{"type":"Feature","properties":{"line":"G5","mode":"bus","color":"#b20b42","oi":-1.473,"n":4,"sw":1},"geometry":{"type":"LineString","coordinates":[[25.964857,43.891161],[25.964834,43.891168]]}},{"type":"Feature","properties":{"line":"G5","mode":"bus","color":"#b20b42","oi":-1.493,"n":4,"sw":1},"geometry":{"type":"LineString","coordinates":[[25.964841,43.891166],[25.964818,43.891173]]}},{"type":"Feature","properties":{"line":"G5","mode":"bus","color":"#b20b42","oi":-1.5,"n":4,"sw":1},"geometry":{"type":"LineString","coordinates":[[25.964825,43.891171],[25.964802,43.891177]]}},{"type":"Feature","properties":{"line":"G5","mode":"bus","color":"#b20b42","oi":-0.5,"n":2},"geometry":{"type":"LineString","coordinates":[[25.955051,43.897668],[25.95378,43.898518]]}},{"type":"Feature","properties":{"line":"G5","mode":"bus","color":"#b20b42","oi":-0.5,"n":2},"geometry":{"type":"LineString","coordinates":[[25.979502,43.905116],[25.97928,43.905183]]}},{"type":"Feature","properties":{"line":"G5","mode":"bus","color":"#b20b42","oi":0,"n":2,"sw":1},"geometry":{"type":"LineString","coordinates":[[25.979724,43.905049],[25.979698,43.905057]]}},{"type":"Feature","properties":{"line":"G5","mode":"bus","color":"#b20b42","oi":-0.017,"n":2,"sw":1},"geometry":{"type":"LineString","coordinates":[[25.979705,43.905055],[25.979676,43.905063]]}},{"type":"Feature","properties":{"line":"G5","mode":"bus","color":"#b20b42","oi":-0.063,"n":2,"sw":1},"geometry":{"type":"LineString","coordinates":[[25.979683,43.905061],[25.979654,43.90507]]}},{"type":"Feature","properties":{"line":"G5","mode":"bus","color":"#b20b42","oi":-0.13,"n":2,"sw":1},"geometry":{"type":"LineString","coordinates":[[25.979661,43.905068],[25.979632,43.905077]]}},{"type":"Feature","properties":{"line":"G5","mode":"bus","color":"#b20b42","oi":-0.209,"n":2,"sw":1},"geometry":{"type":"LineString","coordinates":[[25.979639,43.905075],[25.97961,43.905084]]}},{"type":"Feature","properties":{"line":"G5","mode":"bus","color":"#b20b42","oi":-0.291,"n":2,"sw":1},"geometry":{"type":"LineString","coordinates":[[25.979616,43.905081],[25.979587,43.90509]]}},{"type":"Feature","properties":{"line":"G5","mode":"bus","color":"#b20b42","oi":-0.37,"n":2,"sw":1},"geometry":{"type":"LineString","coordinates":[[25.979594,43.905088],[25.979565,43.905097]]}},{"type":"Feature","properties":{"line":"G5","mode":"bus","color":"#b20b42","oi":-0.437,"n":2,"sw":1},"geometry":{"type":"LineString","coordinates":[[25.979572,43.905095],[25.979543,43.905104]]}},{"type":"Feature","properties":{"line":"G5","mode":"bus","color":"#b20b42","oi":-0.483,"n":2,"sw":1},"geometry":{"type":"LineString","coordinates":[[25.97955,43.905102],[25.979521,43.90511]]}},{"type":"Feature","properties":{"line":"G5","mode":"bus","color":"#b20b42","oi":-0.5,"n":2,"sw":1},"geometry":{"type":"LineString","coordinates":[[25.979528,43.905108],[25.979499,43.905117]]}},{"type":"Feature","properties":{"line":"G5","mode":"bus","color":"#b20b42","oi":-0.5,"n":2},"geometry":{"type":"LineString","coordinates":[[25.97187,43.908024],[25.975525,43.907762],[25.975889,43.907706],[25.976146,43.907648],[25.977746,43.907172],[25.979558,43.906606],[25.979582,43.906595],[25.97959,43.906579],[25.979585,43.906559],[25.979459,43.906339],[25.979454,43.906319],[25.979462,43.906303],[25.979486,43.906292],[25.979774,43.906202],[25.979798,43.906191],[25.979807,43.906175],[25.979802,43.906155],[25.979663,43.905902],[25.979547,43.905823],[25.979496,43.905755],[25.979255,43.905297],[25.97928,43.905183],[25.979088,43.904848]]}},{"type":"Feature","properties":{"line":"G5","mode":"bus","color":"#b20b42","oi":0,"n":2,"sw":1},"geometry":{"type":"LineString","coordinates":[[25.971424,43.908056],[25.971472,43.908053]]}},{"type":"Feature","properties":{"line":"G5","mode":"bus","color":"#b20b42","oi":-0.017,"n":2,"sw":1},"geometry":{"type":"LineString","coordinates":[[25.971465,43.908053],[25.971517,43.908049]]}},{"type":"Feature","properties":{"line":"G5","mode":"bus","color":"#b20b42","oi":-0.063,"n":2,"sw":1},"geometry":{"type":"LineString","coordinates":[[25.97151,43.90805],[25.971562,43.908046]]}},{"type":"Feature","properties":{"line":"G5","mode":"bus","color":"#b20b42","oi":-0.13,"n":2,"sw":1},"geometry":{"type":"LineString","coordinates":[[25.971554,43.908047],[25.971606,43.908043]]}},{"type":"Feature","properties":{"line":"G5","mode":"bus","color":"#b20b42","oi":-0.209,"n":2,"sw":1},"geometry":{"type":"LineString","coordinates":[[25.971599,43.908043],[25.971651,43.90804]]}},{"type":"Feature","properties":{"line":"G5","mode":"bus","color":"#b20b42","oi":-0.291,"n":2,"sw":1},"geometry":{"type":"LineString","coordinates":[[25.971643,43.90804],[25.971696,43.908037]]}},{"type":"Feature","properties":{"line":"G5","mode":"bus","color":"#b20b42","oi":-0.37,"n":2,"sw":1},"geometry":{"type":"LineString","coordinates":[[25.971688,43.908037],[25.97174,43.908033]]}},{"type":"Feature","properties":{"line":"G5","mode":"bus","color":"#b20b42","oi":-0.437,"n":2,"sw":1},"geometry":{"type":"LineString","coordinates":[[25.971733,43.908034],[25.971785,43.90803]]}},{"type":"Feature","properties":{"line":"G5","mode":"bus","color":"#b20b42","oi":-0.483,"n":2,"sw":1},"geometry":{"type":"LineString","coordinates":[[25.971777,43.908031],[25.97183,43.908027]]}},{"type":"Feature","properties":{"line":"G5","mode":"bus","color":"#b20b42","oi":-0.5,"n":2,"sw":1},"geometry":{"type":"LineString","coordinates":[[25.971822,43.908027],[25.971874,43.908024]]}},{"type":"Feature","properties":{"line":"G5","mode":"bus","color":"#b20b42","oi":-0.5,"n":2},"geometry":{"type":"LineString","coordinates":[[25.971393,43.913513],[25.970537,43.913481],[25.969926,43.913555]]}},{"type":"Feature","properties":{"line":"G5","mode":"bus","color":"#b20b42","oi":0,"n":2,"sw":1},"geometry":{"type":"LineString","coordinates":[[25.971841,43.91353],[25.971792,43.913528]]}},{"type":"Feature","properties":{"line":"G5","mode":"bus","color":"#b20b42","oi":-0.017,"n":2,"sw":1},"geometry":{"type":"LineString","coordinates":[[25.9718,43.913528],[25.971748,43.913526]]}},{"type":"Feature","properties":{"line":"G5","mode":"bus","color":"#b20b42","oi":-0.063,"n":2,"sw":1},"geometry":{"type":"LineString","coordinates":[[25.971755,43.913527],[25.971703,43.913525]]}},{"type":"Feature","properties":{"line":"G5","mode":"bus","color":"#b20b42","oi":-0.13,"n":2,"sw":1},"geometry":{"type":"LineString","coordinates":[[25.97171,43.913525],[25.971658,43.913523]]}},{"type":"Feature","properties":{"line":"G5","mode":"bus","color":"#b20b42","oi":-0.209,"n":2,"sw":1},"geometry":{"type":"LineString","coordinates":[[25.971666,43.913523],[25.971613,43.913521]]}},{"type":"Feature","properties":{"line":"G5","mode":"bus","color":"#b20b42","oi":-0.291,"n":2,"sw":1},"geometry":{"type":"LineString","coordinates":[[25.971621,43.913522],[25.971568,43.91352]]}},{"type":"Feature","properties":{"line":"G5","mode":"bus","color":"#b20b42","oi":-0.37,"n":2,"sw":1},"geometry":{"type":"LineString","coordinates":[[25.971576,43.91352],[25.971524,43.913518]]}},{"type":"Feature","properties":{"line":"G5","mode":"bus","color":"#b20b42","oi":-0.437,"n":2,"sw":1},"geometry":{"type":"LineString","coordinates":[[25.971531,43.913518],[25.971479,43.913516]]}},{"type":"Feature","properties":{"line":"G5","mode":"bus","color":"#b20b42","oi":-0.483,"n":2,"sw":1},"geometry":{"type":"LineString","coordinates":[[25.971486,43.913517],[25.971434,43.913515]]}},{"type":"Feature","properties":{"line":"G5","mode":"bus","color":"#b20b42","oi":-0.5,"n":2,"sw":1},"geometry":{"type":"LineString","coordinates":[[25.971442,43.913515],[25.971389,43.913513]]}},{"type":"Feature","properties":{"line":"G6","mode":"bus","color":"#52ac3c","oi":0,"n":1},"geometry":{"type":"LineString","coordinates":[[25.975544,43.89893],[25.979822,43.898822],[25.979986,43.898861],[25.980058,43.898911],[25.980122,43.898921],[25.980152,43.89893],[25.980175,43.898947],[25.980297,43.899088],[25.980305,43.899096],[25.980311,43.899101],[25.980315,43.899102],[25.980317,43.899099],[25.980317,43.899093],[25.980315,43.899083],[25.980268,43.898887],[25.980315,43.898824],[25.980314,43.89877],[25.980246,43.898695],[25.980126,43.898671],[25.979998,43.898723],[25.979827,43.898736],[25.975516,43.89885]]}},{"type":"Feature","properties":{"line":"G6","mode":"bus","color":"#52ac3c","oi":0,"n":1},"geometry":{"type":"LineString","coordinates":[[25.975465,43.898978],[25.97554,43.898938]]}},{"type":"Feature","properties":{"line":"G6","mode":"bus","color":"#52ac3c","oi":0,"n":1},"geometry":{"type":"LineString","coordinates":[[25.980324,43.899118],[25.981486,43.902536]]}},{"type":"Feature","properties":{"line":"А3","mode":"bus","color":"#52ac3c","oi":0.5,"n":2},"geometry":{"type":"LineString","coordinates":[[25.96949,43.829517],[25.968493,43.829092],[25.967729,43.828826],[25.966317,43.828291],[25.964197,43.82758]]}},{"type":"Feature","properties":{"line":"А3","mode":"bus","color":"#52ac3c","oi":0,"n":2,"sw":1},"geometry":{"type":"LineString","coordinates":[[25.969876,43.829682],[25.969834,43.829664]]}},{"type":"Feature","properties":{"line":"А3","mode":"bus","color":"#52ac3c","oi":0.017,"n":2,"sw":1},"geometry":{"type":"LineString","coordinates":[[25.969841,43.829667],[25.969796,43.829648]]}},{"type":"Feature","properties":{"line":"А3","mode":"bus","color":"#52ac3c","oi":0.063,"n":2,"sw":1},"geometry":{"type":"LineString","coordinates":[[25.969802,43.82965],[25.969757,43.829631]]}},{"type":"Feature","properties":{"line":"А3","mode":"bus","color":"#52ac3c","oi":0.13,"n":2,"sw":1},"geometry":{"type":"LineString","coordinates":[[25.969763,43.829634],[25.969718,43.829615]]}},{"type":"Feature","properties":{"line":"А3","mode":"bus","color":"#52ac3c","oi":0.209,"n":2,"sw":1},"geometry":{"type":"LineString","coordinates":[[25.969725,43.829617],[25.96968,43.829598]]}},{"type":"Feature","properties":{"line":"А3","mode":"bus","color":"#52ac3c","oi":0.291,"n":2,"sw":1},"geometry":{"type":"LineString","coordinates":[[25.969686,43.829601],[25.969641,43.829582]]}},{"type":"Feature","properties":{"line":"А3","mode":"bus","color":"#52ac3c","oi":0.37,"n":2,"sw":1},"geometry":{"type":"LineString","coordinates":[[25.969647,43.829585],[25.969602,43.829565]]}},{"type":"Feature","properties":{"line":"А3","mode":"bus","color":"#52ac3c","oi":0.437,"n":2,"sw":1},"geometry":{"type":"LineString","coordinates":[[25.969609,43.829568],[25.969564,43.829549]]}},{"type":"Feature","properties":{"line":"А3","mode":"bus","color":"#52ac3c","oi":0.483,"n":2,"sw":1},"geometry":{"type":"LineString","coordinates":[[25.96957,43.829552],[25.969525,43.829532]]}},{"type":"Feature","properties":{"line":"А3","mode":"bus","color":"#52ac3c","oi":0.5,"n":2,"sw":1},"geometry":{"type":"LineString","coordinates":[[25.969532,43.829535],[25.969487,43.829516]]}},{"type":"Feature","properties":{"line":"А3","mode":"bus","color":"#52ac3c","oi":0.5,"n":2,"sw":1},"geometry":{"type":"LineString","coordinates":[[25.9642,43.827581],[25.964153,43.827565]]}},{"type":"Feature","properties":{"line":"А3","mode":"bus","color":"#52ac3c","oi":0.483,"n":2,"sw":1},"geometry":{"type":"LineString","coordinates":[[25.96416,43.827567],[25.964112,43.827551]]}},{"type":"Feature","properties":{"line":"А3","mode":"bus","color":"#52ac3c","oi":0.437,"n":2,"sw":1},"geometry":{"type":"LineString","coordinates":[[25.964119,43.827553],[25.964071,43.827537]]}},{"type":"Feature","properties":{"line":"А3","mode":"bus","color":"#52ac3c","oi":0.37,"n":2,"sw":1},"geometry":{"type":"LineString","coordinates":[[25.964078,43.82754],[25.964031,43.827524]]}},{"type":"Feature","properties":{"line":"А3","mode":"bus","color":"#52ac3c","oi":0.291,"n":2,"sw":1},"geometry":{"type":"LineString","coordinates":[[25.964037,43.827526],[25.96399,43.82751]]}},{"type":"Feature","properties":{"line":"А3","mode":"bus","color":"#52ac3c","oi":0.209,"n":2,"sw":1},"geometry":{"type":"LineString","coordinates":[[25.963997,43.827512],[25.963949,43.827496]]}},{"type":"Feature","properties":{"line":"А3","mode":"bus","color":"#52ac3c","oi":0.13,"n":2,"sw":1},"geometry":{"type":"LineString","coordinates":[[25.963956,43.827499],[25.963909,43.827483]]}},{"type":"Feature","properties":{"line":"А3","mode":"bus","color":"#52ac3c","oi":0.063,"n":2,"sw":1},"geometry":{"type":"LineString","coordinates":[[25.963915,43.827485],[25.963868,43.827469]]}},{"type":"Feature","properties":{"line":"А3","mode":"bus","color":"#52ac3c","oi":0.017,"n":2,"sw":1},"geometry":{"type":"LineString","coordinates":[[25.963875,43.827471],[25.963827,43.827456]]}},{"type":"Feature","properties":{"line":"А3","mode":"bus","color":"#52ac3c","oi":0,"n":2,"sw":1},"geometry":{"type":"LineString","coordinates":[[25.963834,43.827458],[25.96379,43.827443]]}},{"type":"Feature","properties":{"line":"А3","mode":"bus","color":"#52ac3c","oi":1.5,"n":4},"geometry":{"type":"LineString","coordinates":[[25.960623,43.829828],[25.959827,43.83032],[25.95696,43.832189]]}},{"type":"Feature","properties":{"line":"А3","mode":"bus","color":"#52ac3c","oi":1,"n":3},"geometry":{"type":"LineString","coordinates":[[25.96379,43.827443],[25.961519,43.829248],[25.960957,43.829612]]}},{"type":"Feature","properties":{"line":"А3","mode":"bus","color":"#52ac3c","oi":1,"n":3,"sw":1},"geometry":{"type":"LineString","coordinates":[[25.96096,43.82961],[25.960921,43.829635]]}},{"type":"Feature","properties":{"line":"А3","mode":"bus","color":"#52ac3c","oi":1.017,"n":3,"sw":1},"geometry":{"type":"LineString","coordinates":[[25.960926,43.829632],[25.960887,43.829657]]}},{"type":"Feature","properties":{"line":"А3","mode":"bus","color":"#52ac3c","oi":1.063,"n":3,"sw":1},"geometry":{"type":"LineString","coordinates":[[25.960893,43.829653],[25.960854,43.829678]]}},{"type":"Feature","properties":{"line":"А3","mode":"bus","color":"#52ac3c","oi":1.13,"n":3,"sw":1},"geometry":{"type":"LineString","coordinates":[[25.96086,43.829675],[25.960821,43.8297]]}},{"type":"Feature","properties":{"line":"А3","mode":"bus","color":"#52ac3c","oi":1.209,"n":3,"sw":1},"geometry":{"type":"LineString","coordinates":[[25.960826,43.829696],[25.960787,43.829722]]}},{"type":"Feature","properties":{"line":"А3","mode":"bus","color":"#52ac3c","oi":1.291,"n":3,"sw":1},"geometry":{"type":"LineString","coordinates":[[25.960793,43.829718],[25.960754,43.829743]]}},{"type":"Feature","properties":{"line":"А3","mode":"bus","color":"#52ac3c","oi":1.37,"n":3,"sw":1},"geometry":{"type":"LineString","coordinates":[[25.960759,43.82974],[25.96072,43.829765]]}},{"type":"Feature","properties":{"line":"А3","mode":"bus","color":"#52ac3c","oi":1.437,"n":3,"sw":1},"geometry":{"type":"LineString","coordinates":[[25.960726,43.829761],[25.960687,43.829787]]}},{"type":"Feature","properties":{"line":"А3","mode":"bus","color":"#52ac3c","oi":1.483,"n":3,"sw":1},"geometry":{"type":"LineString","coordinates":[[25.960693,43.829783],[25.960654,43.829808]]}},{"type":"Feature","properties":{"line":"А3","mode":"bus","color":"#52ac3c","oi":1.5,"n":3,"sw":1},"geometry":{"type":"LineString","coordinates":[[25.960659,43.829805],[25.960623,43.829828]]}},{"type":"Feature","properties":{"line":"А3","mode":"bus","color":"#52ac3c","oi":1,"n":3},"geometry":{"type":"LineString","coordinates":[[25.966207,43.835399],[25.966236,43.835393],[25.96636,43.835406],[25.966487,43.835463],[25.967062,43.835923],[25.967117,43.836016],[25.967132,43.836127],[25.967047,43.836275],[25.966922,43.836348],[25.966807,43.836374],[25.966672,43.836373],[25.966564,43.836344],[25.965239,43.835284],[25.964733,43.834976],[25.964327,43.83478],[25.963745,43.834556],[25.960851,43.833602],[25.958616,43.832814],[25.957358,43.832339]]}},{"type":"Feature","properties":{"line":"А3","mode":"bus","color":"#52ac3c","oi":0,"n":3,"sw":1},"geometry":{"type":"LineString","coordinates":[[25.965831,43.83557],[25.965854,43.835558]]}},{"type":"Feature","properties":{"line":"А3","mode":"bus","color":"#52ac3c","oi":0.01,"n":3,"sw":1},"geometry":{"type":"LineString","coordinates":[[25.965848,43.835561],[25.965874,43.835547]]}},{"type":"Feature","properties":{"line":"А3","mode":"bus","color":"#52ac3c","oi":0.038,"n":3,"sw":1},"geometry":{"type":"LineString","coordinates":[[25.965868,43.83555],[25.965894,43.835537]]}},{"type":"Feature","properties":{"line":"А3","mode":"bus","color":"#52ac3c","oi":0.082,"n":3,"sw":1},"geometry":{"type":"LineString","coordinates":[[25.965888,43.83554],[25.965914,43.835526]]}},{"type":"Feature","properties":{"line":"А3","mode":"bus","color":"#52ac3c","oi":0.14,"n":3,"sw":1},"geometry":{"type":"LineString","coordinates":[[25.965908,43.835529],[25.965935,43.835515]]}},{"type":"Feature","properties":{"line":"А3","mode":"bus","color":"#52ac3c","oi":0.209,"n":3,"sw":1},"geometry":{"type":"LineString","coordinates":[[25.965929,43.835518],[25.965955,43.835505]]}},{"type":"Feature","properties":{"line":"А3","mode":"bus","color":"#52ac3c","oi":0.286,"n":3,"sw":1},"geometry":{"type":"LineString","coordinates":[[25.965949,43.835508],[25.965975,43.835494]]}},{"type":"Feature","properties":{"line":"А3","mode":"bus","color":"#52ac3c","oi":0.369,"n":3,"sw":1},"geometry":{"type":"LineString","coordinates":[[25.965969,43.835497],[25.965995,43.835483]]}},{"type":"Feature","properties":{"line":"А3","mode":"bus","color":"#52ac3c","oi":0.456,"n":3,"sw":1},"geometry":{"type":"LineString","coordinates":[[25.965989,43.835487],[25.966015,43.835473]]}},{"type":"Feature","properties":{"line":"А3","mode":"bus","color":"#52ac3c","oi":0.544,"n":3,"sw":1},"geometry":{"type":"LineString","coordinates":[[25.966009,43.835476],[25.966035,43.835462]]}},{"type":"Feature","properties":{"line":"А3","mode":"bus","color":"#52ac3c","oi":0.631,"n":3,"sw":1},"geometry":{"type":"LineString","coordinates":[[25.966029,43.835465],[25.966055,43.835452]]}},{"type":"Feature","properties":{"line":"А3","mode":"bus","color":"#52ac3c","oi":0.714,"n":3,"sw":1},"geometry":{"type":"LineString","coordinates":[[25.966049,43.835455],[25.966075,43.835441]]}},{"type":"Feature","properties":{"line":"А3","mode":"bus","color":"#52ac3c","oi":0.791,"n":3,"sw":1},"geometry":{"type":"LineString","coordinates":[[25.966069,43.835444],[25.966096,43.83543]]}},{"type":"Feature","properties":{"line":"А3","mode":"bus","color":"#52ac3c","oi":0.86,"n":3,"sw":1},"geometry":{"type":"LineString","coordinates":[[25.96609,43.835434],[25.966116,43.83542]]}},{"type":"Feature","properties":{"line":"А3","mode":"bus","color":"#52ac3c","oi":0.918,"n":3,"sw":1},"geometry":{"type":"LineString","coordinates":[[25.96611,43.835423],[25.966117,43.835419],[25.966139,43.835414]]}},{"type":"Feature","properties":{"line":"А3","mode":"bus","color":"#52ac3c","oi":0.962,"n":3,"sw":1},"geometry":{"type":"LineString","coordinates":[[25.966132,43.835416],[25.966163,43.835409]]}},{"type":"Feature","properties":{"line":"А3","mode":"bus","color":"#52ac3c","oi":0.99,"n":3,"sw":1},"geometry":{"type":"LineString","coordinates":[[25.966156,43.83541],[25.966187,43.835404]]}},{"type":"Feature","properties":{"line":"А3","mode":"bus","color":"#52ac3c","oi":1,"n":3,"sw":1},"geometry":{"type":"LineString","coordinates":[[25.96618,43.835405],[25.966211,43.835398]]}},{"type":"Feature","properties":{"line":"А3","mode":"bus","color":"#52ac3c","oi":1,"n":3,"sw":1},"geometry":{"type":"LineString","coordinates":[[25.957361,43.83234],[25.957332,43.832329]]}},{"type":"Feature","properties":{"line":"А3","mode":"bus","color":"#52ac3c","oi":0.99,"n":3,"sw":1},"geometry":{"type":"LineString","coordinates":[[25.957339,43.832332],[25.95731,43.832321]]}},{"type":"Feature","properties":{"line":"А3","mode":"bus","color":"#52ac3c","oi":0.962,"n":3,"sw":1},"geometry":{"type":"LineString","coordinates":[[25.957317,43.832324],[25.957288,43.832313]]}},{"type":"Feature","properties":{"line":"А3","mode":"bus","color":"#52ac3c","oi":0.918,"n":3,"sw":1},"geometry":{"type":"LineString","coordinates":[[25.957295,43.832315],[25.957266,43.832304]]}},{"type":"Feature","properties":{"line":"А3","mode":"bus","color":"#52ac3c","oi":0.86,"n":3,"sw":1},"geometry":{"type":"LineString","coordinates":[[25.957273,43.832307],[25.957244,43.832296]]}},{"type":"Feature","properties":{"line":"А3","mode":"bus","color":"#52ac3c","oi":0.791,"n":3,"sw":1},"geometry":{"type":"LineString","coordinates":[[25.95725,43.832299],[25.957222,43.832288]]}},{"type":"Feature","properties":{"line":"А3","mode":"bus","color":"#52ac3c","oi":0.714,"n":3,"sw":1},"geometry":{"type":"LineString","coordinates":[[25.957228,43.83229],[25.9572,43.832279]]}},{"type":"Feature","properties":{"line":"А3","mode":"bus","color":"#52ac3c","oi":0.631,"n":3,"sw":1},"geometry":{"type":"LineString","coordinates":[[25.957206,43.832282],[25.957178,43.832271]]}},{"type":"Feature","properties":{"line":"А3","mode":"bus","color":"#52ac3c","oi":0.544,"n":3,"sw":1},"geometry":{"type":"LineString","coordinates":[[25.957184,43.832274],[25.957155,43.832263]]}},{"type":"Feature","properties":{"line":"А3","mode":"bus","color":"#52ac3c","oi":0.456,"n":3,"sw":1},"geometry":{"type":"LineString","coordinates":[[25.957162,43.832265],[25.957133,43.832254]]}},{"type":"Feature","properties":{"line":"А3","mode":"bus","color":"#52ac3c","oi":0.369,"n":3,"sw":1},"geometry":{"type":"LineString","coordinates":[[25.95714,43.832257],[25.957111,43.832246]]}},{"type":"Feature","properties":{"line":"А3","mode":"bus","color":"#52ac3c","oi":0.286,"n":3,"sw":1},"geometry":{"type":"LineString","coordinates":[[25.957118,43.832249],[25.957089,43.832238]]}},{"type":"Feature","properties":{"line":"А3","mode":"bus","color":"#52ac3c","oi":0.209,"n":3,"sw":1},"geometry":{"type":"LineString","coordinates":[[25.957096,43.83224],[25.957067,43.832229]]}},{"type":"Feature","properties":{"line":"А3","mode":"bus","color":"#52ac3c","oi":0.14,"n":3,"sw":1},"geometry":{"type":"LineString","coordinates":[[25.957074,43.832232],[25.957045,43.832221]]}},{"type":"Feature","properties":{"line":"А3","mode":"bus","color":"#52ac3c","oi":0.082,"n":3,"sw":1},"geometry":{"type":"LineString","coordinates":[[25.957052,43.832224],[25.957023,43.832213]]}},{"type":"Feature","properties":{"line":"А3","mode":"bus","color":"#52ac3c","oi":0.038,"n":3,"sw":1},"geometry":{"type":"LineString","coordinates":[[25.95703,43.832215],[25.957001,43.832204]]}},{"type":"Feature","properties":{"line":"А3","mode":"bus","color":"#52ac3c","oi":0.01,"n":3,"sw":1},"geometry":{"type":"LineString","coordinates":[[25.957007,43.832207],[25.956979,43.832196]]}},{"type":"Feature","properties":{"line":"А3","mode":"bus","color":"#52ac3c","oi":0,"n":3,"sw":1},"geometry":{"type":"LineString","coordinates":[[25.956985,43.832199],[25.95696,43.832189]]}},{"type":"Feature","properties":{"line":"А3","mode":"bus","color":"#52ac3c","oi":1,"n":3},"geometry":{"type":"LineString","coordinates":[[25.951643,43.830296],[25.95189,43.830409],[25.954529,43.831407],[25.955555,43.831773],[25.959019,43.833127],[25.960744,43.833721],[25.963448,43.834593],[25.964325,43.834923],[25.965012,43.835297],[25.965343,43.835528],[25.965718,43.835859],[25.966024,43.836309],[25.966445,43.836764],[25.966438,43.836874],[25.966369,43.836966],[25.966269,43.837004],[25.966045,43.836981],[25.965965,43.836932],[25.965241,43.836222],[25.965236,43.836028]]}},{"type":"Feature","properties":{"line":"А3","mode":"bus","color":"#52ac3c","oi":1.5,"n":3,"sw":1},"geometry":{"type":"LineString","coordinates":[[25.951264,43.830122],[25.951305,43.830141]]}},{"type":"Feature","properties":{"line":"А3","mode":"bus","color":"#52ac3c","oi":1.483,"n":3,"sw":1},"geometry":{"type":"LineString","coordinates":[[25.951299,43.830138],[25.951343,43.830158]]}},{"type":"Feature","properties":{"line":"А3","mode":"bus","color":"#52ac3c","oi":1.437,"n":3,"sw":1},"geometry":{"type":"LineString","coordinates":[[25.951337,43.830155],[25.951381,43.830176]]}},{"type":"Feature","properties":{"line":"А3","mode":"bus","color":"#52ac3c","oi":1.37,"n":3,"sw":1},"geometry":{"type":"LineString","coordinates":[[25.951374,43.830173],[25.951419,43.830193]]}},{"type":"Feature","properties":{"line":"А3","mode":"bus","color":"#52ac3c","oi":1.291,"n":3,"sw":1},"geometry":{"type":"LineString","coordinates":[[25.951412,43.83019],[25.951457,43.83021]]}},{"type":"Feature","properties":{"line":"А3","mode":"bus","color":"#52ac3c","oi":1.209,"n":3,"sw":1},"geometry":{"type":"LineString","coordinates":[[25.95145,43.830207],[25.951494,43.830228]]}},{"type":"Feature","properties":{"line":"А3","mode":"bus","color":"#52ac3c","oi":1.13,"n":3,"sw":1},"geometry":{"type":"LineString","coordinates":[[25.951488,43.830225],[25.951532,43.830245]]}},{"type":"Feature","properties":{"line":"А3","mode":"bus","color":"#52ac3c","oi":1.063,"n":3,"sw":1},"geometry":{"type":"LineString","coordinates":[[25.951526,43.830242],[25.95157,43.830262]]}},{"type":"Feature","properties":{"line":"А3","mode":"bus","color":"#52ac3c","oi":1.017,"n":3,"sw":1},"geometry":{"type":"LineString","coordinates":[[25.951564,43.830259],[25.951608,43.83028]]}},{"type":"Feature","properties":{"line":"А3","mode":"bus","color":"#52ac3c","oi":1,"n":3,"sw":1},"geometry":{"type":"LineString","coordinates":[[25.951602,43.830277],[25.951646,43.830297]]}},{"type":"Feature","properties":{"line":"А3","mode":"bus","color":"#52ac3c","oi":1,"n":3,"sw":1},"geometry":{"type":"LineString","coordinates":[[25.965236,43.836031],[25.965236,43.836028],[25.965253,43.836012]]}},{"type":"Feature","properties":{"line":"А3","mode":"bus","color":"#52ac3c","oi":0.99,"n":3,"sw":1},"geometry":{"type":"LineString","coordinates":[[25.965249,43.836016],[25.965268,43.835998]]}},{"type":"Feature","properties":{"line":"А3","mode":"bus","color":"#52ac3c","oi":0.962,"n":3,"sw":1},"geometry":{"type":"LineString","coordinates":[[25.965264,43.836002],[25.965284,43.835983]]}},{"type":"Feature","properties":{"line":"А3","mode":"bus","color":"#52ac3c","oi":0.918,"n":3,"sw":1},"geometry":{"type":"LineString","coordinates":[[25.965279,43.835988],[25.965299,43.835969]]}},{"type":"Feature","properties":{"line":"А3","mode":"bus","color":"#52ac3c","oi":0.86,"n":3,"sw":1},"geometry":{"type":"LineString","coordinates":[[25.965294,43.835973],[25.965314,43.835955]]}},{"type":"Feature","properties":{"line":"А3","mode":"bus","color":"#52ac3c","oi":0.791,"n":3,"sw":1},"geometry":{"type":"LineString","coordinates":[[25.96531,43.835959],[25.965329,43.835941]]}},{"type":"Feature","properties":{"line":"А3","mode":"bus","color":"#52ac3c","oi":0.714,"n":3,"sw":1},"geometry":{"type":"LineString","coordinates":[[25.965325,43.835945],[25.965345,43.835927]]}},{"type":"Feature","properties":{"line":"А3","mode":"bus","color":"#52ac3c","oi":0.631,"n":3,"sw":1},"geometry":{"type":"LineString","coordinates":[[25.96534,43.835931],[25.96536,43.835912]]}},{"type":"Feature","properties":{"line":"А3","mode":"bus","color":"#52ac3c","oi":0.544,"n":3,"sw":1},"geometry":{"type":"LineString","coordinates":[[25.965355,43.835917],[25.965375,43.835898]]}},{"type":"Feature","properties":{"line":"А3","mode":"bus","color":"#52ac3c","oi":0.456,"n":3,"sw":1},"geometry":{"type":"LineString","coordinates":[[25.965371,43.835902],[25.96539,43.835884]]}},{"type":"Feature","properties":{"line":"А3","mode":"bus","color":"#52ac3c","oi":0.369,"n":3,"sw":1},"geometry":{"type":"LineString","coordinates":[[25.965386,43.835888],[25.965406,43.83587]]}},{"type":"Feature","properties":{"line":"А3","mode":"bus","color":"#52ac3c","oi":0.286,"n":3,"sw":1},"geometry":{"type":"LineString","coordinates":[[25.965401,43.835874],[25.965421,43.835855]]}},{"type":"Feature","properties":{"line":"А3","mode":"bus","color":"#52ac3c","oi":0.209,"n":3,"sw":1},"geometry":{"type":"LineString","coordinates":[[25.965416,43.83586],[25.965436,43.835841]]}},{"type":"Feature","properties":{"line":"А3","mode":"bus","color":"#52ac3c","oi":0.14,"n":3,"sw":1},"geometry":{"type":"LineString","coordinates":[[25.965432,43.835845],[25.965451,43.835827]]}},{"type":"Feature","properties":{"line":"А3","mode":"bus","color":"#52ac3c","oi":0.082,"n":3,"sw":1},"geometry":{"type":"LineString","coordinates":[[25.965447,43.835831],[25.965467,43.835813]]}},{"type":"Feature","properties":{"line":"А3","mode":"bus","color":"#52ac3c","oi":0.038,"n":3,"sw":1},"geometry":{"type":"LineString","coordinates":[[25.965462,43.835817],[25.965482,43.835798]]}},{"type":"Feature","properties":{"line":"А3","mode":"bus","color":"#52ac3c","oi":0.01,"n":3,"sw":1},"geometry":{"type":"LineString","coordinates":[[25.965477,43.835803],[25.965497,43.835784]]}},{"type":"Feature","properties":{"line":"А3","mode":"bus","color":"#52ac3c","oi":0,"n":3,"sw":1},"geometry":{"type":"LineString","coordinates":[[25.965492,43.835788],[25.96551,43.835772]]}},{"type":"Feature","properties":{"line":"А3","mode":"bus","color":"#52ac3c","oi":0,"n":3,"sw":1},"geometry":{"type":"LineString","coordinates":[[25.94761,43.827897],[25.947589,43.827895]]}},{"type":"Feature","properties":{"line":"А3","mode":"bus","color":"#52ac3c","oi":0.01,"n":3,"sw":1},"geometry":{"type":"LineString","coordinates":[[25.947597,43.827896],[25.947572,43.827894]]}},{"type":"Feature","properties":{"line":"А3","mode":"bus","color":"#52ac3c","oi":0.038,"n":3,"sw":1},"geometry":{"type":"LineString","coordinates":[[25.94758,43.827895],[25.947555,43.827893]]}},{"type":"Feature","properties":{"line":"А3","mode":"bus","color":"#52ac3c","oi":0.082,"n":3,"sw":1},"geometry":{"type":"LineString","coordinates":[[25.947563,43.827893],[25.947538,43.827891]]}},{"type":"Feature","properties":{"line":"А3","mode":"bus","color":"#52ac3c","oi":0.14,"n":3,"sw":1},"geometry":{"type":"LineString","coordinates":[[25.947546,43.827892],[25.947521,43.82789]]}},{"type":"Feature","properties":{"line":"А3","mode":"bus","color":"#52ac3c","oi":0.209,"n":3,"sw":1},"geometry":{"type":"LineString","coordinates":[[25.947529,43.827891],[25.947504,43.827889]]}},{"type":"Feature","properties":{"line":"А3","mode":"bus","color":"#52ac3c","oi":0.286,"n":3,"sw":1},"geometry":{"type":"LineString","coordinates":[[25.947512,43.827889],[25.947487,43.827887]]}},{"type":"Feature","properties":{"line":"А3","mode":"bus","color":"#52ac3c","oi":0.369,"n":3,"sw":1},"geometry":{"type":"LineString","coordinates":[[25.947495,43.827888],[25.94747,43.827886]]}},{"type":"Feature","properties":{"line":"А3","mode":"bus","color":"#52ac3c","oi":0.456,"n":3,"sw":1},"geometry":{"type":"LineString","coordinates":[[25.947478,43.827886],[25.947453,43.827885]]}},{"type":"Feature","properties":{"line":"А3","mode":"bus","color":"#52ac3c","oi":0.544,"n":3,"sw":1},"geometry":{"type":"LineString","coordinates":[[25.947461,43.827885],[25.947436,43.827883]]}},{"type":"Feature","properties":{"line":"А3","mode":"bus","color":"#52ac3c","oi":0.631,"n":3,"sw":1},"geometry":{"type":"LineString","coordinates":[[25.947444,43.827884],[25.947419,43.827882]]}},{"type":"Feature","properties":{"line":"А3","mode":"bus","color":"#52ac3c","oi":0.714,"n":3,"sw":1},"geometry":{"type":"LineString","coordinates":[[25.947427,43.827882],[25.947417,43.827882],[25.947402,43.827883]]}},{"type":"Feature","properties":{"line":"А3","mode":"bus","color":"#52ac3c","oi":0.791,"n":3,"sw":1},"geometry":{"type":"LineString","coordinates":[[25.94741,43.827882],[25.947387,43.827884],[25.947385,43.827885]]}},{"type":"Feature","properties":{"line":"А3","mode":"bus","color":"#52ac3c","oi":0.86,"n":3,"sw":1},"geometry":{"type":"LineString","coordinates":[[25.947393,43.827884],[25.947387,43.827884],[25.947371,43.827892]]}},{"type":"Feature","properties":{"line":"А3","mode":"bus","color":"#52ac3c","oi":0.918,"n":3,"sw":1},"geometry":{"type":"LineString","coordinates":[[25.947377,43.827888],[25.947361,43.827897],[25.947358,43.827899]]}},{"type":"Feature","properties":{"line":"А3","mode":"bus","color":"#52ac3c","oi":0.962,"n":3,"sw":1},"geometry":{"type":"LineString","coordinates":[[25.947363,43.827895],[25.947361,43.827897],[25.947346,43.827908]]}},{"type":"Feature","properties":{"line":"А3","mode":"bus","color":"#52ac3c","oi":0.99,"n":3,"sw":1},"geometry":{"type":"LineString","coordinates":[[25.947351,43.827904],[25.947334,43.827917]]}},{"type":"Feature","properties":{"line":"А3","mode":"bus","color":"#52ac3c","oi":1,"n":3,"sw":1},"geometry":{"type":"LineString","coordinates":[[25.947339,43.827913],[25.947322,43.827926]]}},{"type":"Feature","properties":{"line":"А3","mode":"bus","color":"#52ac3c","oi":1,"n":3,"sw":1},"geometry":{"type":"LineString","coordinates":[[25.947327,43.827922],[25.947318,43.827929],[25.947316,43.827937]]}},{"type":"Feature","properties":{"line":"А3","mode":"bus","color":"#52ac3c","oi":0.99,"n":3,"sw":1},"geometry":{"type":"LineString","coordinates":[[25.947317,43.827932],[25.947313,43.827949]]}},{"type":"Feature","properties":{"line":"А3","mode":"bus","color":"#52ac3c","oi":0.962,"n":3,"sw":1},"geometry":{"type":"LineString","coordinates":[[25.947315,43.827944],[25.94731,43.827961]]}},{"type":"Feature","properties":{"line":"А3","mode":"bus","color":"#52ac3c","oi":0.918,"n":3,"sw":1},"geometry":{"type":"LineString","coordinates":[[25.947312,43.827956],[25.947308,43.827973]]}},{"type":"Feature","properties":{"line":"А3","mode":"bus","color":"#52ac3c","oi":0.86,"n":3,"sw":1},"geometry":{"type":"LineString","coordinates":[[25.947309,43.827968],[25.947305,43.827986]]}},{"type":"Feature","properties":{"line":"А3","mode":"bus","color":"#52ac3c","oi":0.791,"n":3,"sw":1},"geometry":{"type":"LineString","coordinates":[[25.947306,43.82798],[25.947302,43.827998]]}},{"type":"Feature","properties":{"line":"А3","mode":"bus","color":"#52ac3c","oi":0.714,"n":3,"sw":1},"geometry":{"type":"LineString","coordinates":[[25.947303,43.827992],[25.947299,43.82801]]}},{"type":"Feature","properties":{"line":"А3","mode":"bus","color":"#52ac3c","oi":0.631,"n":3,"sw":1},"geometry":{"type":"LineString","coordinates":[[25.9473,43.828005],[25.947296,43.828022]]}},{"type":"Feature","properties":{"line":"А3","mode":"bus","color":"#52ac3c","oi":0.544,"n":3,"sw":1},"geometry":{"type":"LineString","coordinates":[[25.947297,43.828017],[25.947294,43.828031],[25.947296,43.828034]]}},{"type":"Feature","properties":{"line":"А3","mode":"bus","color":"#52ac3c","oi":0.456,"n":3,"sw":1},"geometry":{"type":"LineString","coordinates":[[25.947294,43.828029],[25.947294,43.828031],[25.947302,43.828046]]}},{"type":"Feature","properties":{"line":"А3","mode":"bus","color":"#52ac3c","oi":0.369,"n":3,"sw":1},"geometry":{"type":"LineString","coordinates":[[25.947299,43.828041],[25.947308,43.828057]]}},{"type":"Feature","properties":{"line":"А3","mode":"bus","color":"#52ac3c","oi":0.286,"n":3,"sw":1},"geometry":{"type":"LineString","coordinates":[[25.947306,43.828052],[25.947315,43.828069]]}},{"type":"Feature","properties":{"line":"А3","mode":"bus","color":"#52ac3c","oi":0.209,"n":3,"sw":1},"geometry":{"type":"LineString","coordinates":[[25.947312,43.828064],[25.947321,43.82808]]}},{"type":"Feature","properties":{"line":"А3","mode":"bus","color":"#52ac3c","oi":0.14,"n":3,"sw":1},"geometry":{"type":"LineString","coordinates":[[25.947318,43.828075],[25.947327,43.828092]]}},{"type":"Feature","properties":{"line":"А3","mode":"bus","color":"#52ac3c","oi":0.082,"n":3,"sw":1},"geometry":{"type":"LineString","coordinates":[[25.947324,43.828087],[25.947333,43.828103]]}},{"type":"Feature","properties":{"line":"А3","mode":"bus","color":"#52ac3c","oi":0.038,"n":3,"sw":1},"geometry":{"type":"LineString","coordinates":[[25.947331,43.828098],[25.94734,43.828115]]}},{"type":"Feature","properties":{"line":"А3","mode":"bus","color":"#52ac3c","oi":0.01,"n":3,"sw":1},"geometry":{"type":"LineString","coordinates":[[25.947337,43.82811],[25.947346,43.828126]]}},{"type":"Feature","properties":{"line":"А3","mode":"bus","color":"#52ac3c","oi":0,"n":3,"sw":1},"geometry":{"type":"LineString","coordinates":[[25.947343,43.828121],[25.947351,43.828135]]}},{"type":"Feature","properties":{"line":"А3","mode":"bus","color":"#52ac3c","oi":1.5,"n":4},"geometry":{"type":"LineString","coordinates":[[25.947351,43.828135],[25.949019,43.828997],[25.949903,43.829493],[25.951264,43.830122]]}},{"type":"Feature","properties":{"line":"А3","mode":"bus","color":"#52ac3c","oi":1.5,"n":4},"geometry":{"type":"LineString","coordinates":[[25.950879,43.831607],[25.950762,43.831499],[25.950426,43.831135],[25.949632,43.830127],[25.949535,43.829945],[25.949476,43.829604],[25.949444,43.82871],[25.949547,43.82858],[25.949716,43.82852],[25.949811,43.828517],[25.949902,43.828536],[25.950257,43.828746],[25.950306,43.828942],[25.950285,43.828997],[25.950267,43.829022],[25.950236,43.829041],[25.950052,43.829114],[25.949896,43.829117],[25.949061,43.828653],[25.94761,43.827897]]}},{"type":"Feature","properties":{"line":"А3","mode":"bus","color":"#52ac3c","oi":0,"n":4,"sw":1},"geometry":{"type":"LineString","coordinates":[[25.951154,43.831863],[25.951141,43.831851]]}},{"type":"Feature","properties":{"line":"А3","mode":"bus","color":"#52ac3c","oi":0.007,"n":4,"sw":1},"geometry":{"type":"LineString","coordinates":[[25.951146,43.831855],[25.951131,43.831841]]}},{"type":"Feature","properties":{"line":"А3","mode":"bus","color":"#52ac3c","oi":0.027,"n":4,"sw":1},"geometry":{"type":"LineString","coordinates":[[25.951135,43.831845],[25.95112,43.831831]]}},{"type":"Feature","properties":{"line":"А3","mode":"bus","color":"#52ac3c","oi":0.06,"n":4,"sw":1},"geometry":{"type":"LineString","coordinates":[[25.951125,43.831836],[25.951109,43.831822]]}},{"type":"Feature","properties":{"line":"А3","mode":"bus","color":"#52ac3c","oi":0.103,"n":4,"sw":1},"geometry":{"type":"LineString","coordinates":[[25.951114,43.831826],[25.951099,43.831812]]}},{"type":"Feature","properties":{"line":"А3","mode":"bus","color":"#52ac3c","oi":0.156,"n":4,"sw":1},"geometry":{"type":"LineString","coordinates":[[25.951103,43.831816],[25.951088,43.831802]]}},{"type":"Feature","properties":{"line":"А3","mode":"bus","color":"#52ac3c","oi":0.218,"n":4,"sw":1},"geometry":{"type":"LineString","coordinates":[[25.951093,43.831806],[25.951078,43.831792]]}},{"type":"Feature","properties":{"line":"А3","mode":"bus","color":"#52ac3c","oi":0.287,"n":4,"sw":1},"geometry":{"type":"LineString","coordinates":[[25.951082,43.831796],[25.951067,43.831782]]}},{"type":"Feature","properties":{"line":"А3","mode":"bus","color":"#52ac3c","oi":0.362,"n":4,"sw":1},"geometry":{"type":"LineString","coordinates":[[25.951072,43.831786],[25.951056,43.831772]]}},{"type":"Feature","properties":{"line":"А3","mode":"bus","color":"#52ac3c","oi":0.443,"n":4,"sw":1},"geometry":{"type":"LineString","coordinates":[[25.951061,43.831777],[25.951046,43.831763]]}},{"type":"Feature","properties":{"line":"А3","mode":"bus","color":"#52ac3c","oi":0.528,"n":4,"sw":1},"geometry":{"type":"LineString","coordinates":[[25.95105,43.831767],[25.951035,43.831753]]}},{"type":"Feature","properties":{"line":"А3","mode":"bus","color":"#52ac3c","oi":0.616,"n":4,"sw":1},"geometry":{"type":"LineString","coordinates":[[25.95104,43.831757],[25.951025,43.831743]]}},{"type":"Feature","properties":{"line":"А3","mode":"bus","color":"#52ac3c","oi":0.705,"n":4,"sw":1},"geometry":{"type":"LineString","coordinates":[[25.951029,43.831747],[25.951014,43.831733]]}},{"type":"Feature","properties":{"line":"А3","mode":"bus","color":"#52ac3c","oi":0.795,"n":4,"sw":1},"geometry":{"type":"LineString","coordinates":[[25.951019,43.831737],[25.951003,43.831723]]}},{"type":"Feature","properties":{"line":"А3","mode":"bus","color":"#52ac3c","oi":0.884,"n":4,"sw":1},"geometry":{"type":"LineString","coordinates":[[25.951008,43.831727],[25.950993,43.831713]]}},{"type":"Feature","properties":{"line":"А3","mode":"bus","color":"#52ac3c","oi":0.972,"n":4,"sw":1},"geometry":{"type":"LineString","coordinates":[[25.950997,43.831718],[25.950982,43.831704]]}},{"type":"Feature","properties":{"line":"А3","mode":"bus","color":"#52ac3c","oi":1.057,"n":4,"sw":1},"geometry":{"type":"LineString","coordinates":[[25.950987,43.831708],[25.950972,43.831694]]}},{"type":"Feature","properties":{"line":"А3","mode":"bus","color":"#52ac3c","oi":1.138,"n":4,"sw":1},"geometry":{"type":"LineString","coordinates":[[25.950976,43.831698],[25.950961,43.831684]]}},{"type":"Feature","properties":{"line":"А3","mode":"bus","color":"#52ac3c","oi":1.213,"n":4,"sw":1},"geometry":{"type":"LineString","coordinates":[[25.950966,43.831688],[25.95095,43.831674]]}},{"type":"Feature","properties":{"line":"А3","mode":"bus","color":"#52ac3c","oi":1.282,"n":4,"sw":1},"geometry":{"type":"LineString","coordinates":[[25.950955,43.831678],[25.95094,43.831664]]}},{"type":"Feature","properties":{"line":"А3","mode":"bus","color":"#52ac3c","oi":1.344,"n":4,"sw":1},"geometry":{"type":"LineString","coordinates":[[25.950944,43.831668],[25.950929,43.831654]]}},{"type":"Feature","properties":{"line":"А3","mode":"bus","color":"#52ac3c","oi":1.397,"n":4,"sw":1},"geometry":{"type":"LineString","coordinates":[[25.950934,43.831659],[25.950919,43.831644]]}},{"type":"Feature","properties":{"line":"А3","mode":"bus","color":"#52ac3c","oi":1.44,"n":4,"sw":1},"geometry":{"type":"LineString","coordinates":[[25.950923,43.831649],[25.950908,43.831635]]}},{"type":"Feature","properties":{"line":"А3","mode":"bus","color":"#52ac3c","oi":1.473,"n":4,"sw":1},"geometry":{"type":"LineString","coordinates":[[25.950913,43.831639],[25.950897,43.831625]]}},{"type":"Feature","properties":{"line":"А3","mode":"bus","color":"#52ac3c","oi":1.493,"n":4,"sw":1},"geometry":{"type":"LineString","coordinates":[[25.950902,43.831629],[25.950887,43.831615]]}},{"type":"Feature","properties":{"line":"А3","mode":"bus","color":"#52ac3c","oi":1.5,"n":4,"sw":1},"geometry":{"type":"LineString","coordinates":[[25.950891,43.831619],[25.950876,43.831605]]}},{"type":"Feature","properties":{"line":"А3","mode":"bus","color":"#52ac3c","oi":1.5,"n":4},"geometry":{"type":"LineString","coordinates":[[25.954982,43.833997],[25.955107,43.833873]]}},{"type":"Feature","properties":{"line":"А3","mode":"bus","color":"#52ac3c","oi":1.5,"n":4,"sw":1},"geometry":{"type":"LineString","coordinates":[[25.955105,43.833875],[25.955116,43.833863]]}},{"type":"Feature","properties":{"line":"А3","mode":"bus","color":"#52ac3c","oi":1.485,"n":4,"sw":1},"geometry":{"type":"LineString","coordinates":[[25.955112,43.833868],[25.955123,43.833856]]}},{"type":"Feature","properties":{"line":"А3","mode":"bus","color":"#52ac3c","oi":1.443,"n":4,"sw":1},"geometry":{"type":"LineString","coordinates":[[25.955119,43.833861],[25.95513,43.83385]]}},{"type":"Feature","properties":{"line":"А3","mode":"bus","color":"#52ac3c","oi":1.376,"n":4,"sw":1},"geometry":{"type":"LineString","coordinates":[[25.955126,43.833854],[25.955137,43.833843]]}},{"type":"Feature","properties":{"line":"А3","mode":"bus","color":"#52ac3c","oi":1.29,"n":4,"sw":1},"geometry":{"type":"LineString","coordinates":[[25.955133,43.833847],[25.955144,43.833836]]}},{"type":"Feature","properties":{"line":"А3","mode":"bus","color":"#52ac3c","oi":1.187,"n":4,"sw":1},"geometry":{"type":"LineString","coordinates":[[25.95514,43.83384],[25.955151,43.833829]]}},{"type":"Feature","properties":{"line":"А3","mode":"bus","color":"#52ac3c","oi":1.071,"n":4,"sw":1},"geometry":{"type":"LineString","coordinates":[[25.955146,43.833833],[25.955158,43.833822]]}},{"type":"Feature","properties":{"line":"А3","mode":"bus","color":"#52ac3c","oi":0.946,"n":4,"sw":1},"geometry":{"type":"LineString","coordinates":[[25.955153,43.833826],[25.955165,43.833815]]}},{"type":"Feature","properties":{"line":"А3","mode":"bus","color":"#52ac3c","oi":0.816,"n":4,"sw":1},"geometry":{"type":"LineString","coordinates":[[25.95516,43.833819],[25.955172,43.833808]]}},{"type":"Feature","properties":{"line":"А3","mode":"bus","color":"#52ac3c","oi":0.684,"n":4,"sw":1},"geometry":{"type":"LineString","coordinates":[[25.955167,43.833812],[25.955179,43.833801]]}},{"type":"Feature","properties":{"line":"А3","mode":"bus","color":"#52ac3c","oi":0.554,"n":4,"sw":1},"geometry":{"type":"LineString","coordinates":[[25.955174,43.833806],[25.955186,43.833794]]}},{"type":"Feature","properties":{"line":"А3","mode":"bus","color":"#52ac3c","oi":0.429,"n":4,"sw":1},"geometry":{"type":"LineString","coordinates":[[25.955181,43.833799],[25.955193,43.833787]]}},{"type":"Feature","properties":{"line":"А3","mode":"bus","color":"#52ac3c","oi":0.313,"n":4,"sw":1},"geometry":{"type":"LineString","coordinates":[[25.955188,43.833792],[25.955199,43.83378]]}},{"type":"Feature","properties":{"line":"А3","mode":"bus","color":"#52ac3c","oi":0.21,"n":4,"sw":1},"geometry":{"type":"LineString","coordinates":[[25.955195,43.833785],[25.955206,43.833773]]}},{"type":"Feature","properties":{"line":"А3","mode":"bus","color":"#52ac3c","oi":0.124,"n":4,"sw":1},"geometry":{"type":"LineString","coordinates":[[25.955202,43.833778],[25.955213,43.833767]]}},{"type":"Feature","properties":{"line":"А3","mode":"bus","color":"#52ac3c","oi":0.057,"n":4,"sw":1},"geometry":{"type":"LineString","coordinates":[[25.955209,43.833771],[25.95522,43.83376]]}},{"type":"Feature","properties":{"line":"А3","mode":"bus","color":"#52ac3c","oi":0.015,"n":4,"sw":1},"geometry":{"type":"LineString","coordinates":[[25.955216,43.833764],[25.955227,43.833753]]}},{"type":"Feature","properties":{"line":"А3","mode":"bus","color":"#52ac3c","oi":0,"n":4,"sw":1},"geometry":{"type":"LineString","coordinates":[[25.955223,43.833757],[25.955232,43.833748]]}},{"type":"Feature","properties":{"line":"А3","mode":"bus","color":"#52ac3c","oi":1,"n":3},"geometry":{"type":"LineString","coordinates":[[25.951723,43.837094],[25.954711,43.834255]]}},{"type":"Feature","properties":{"line":"А3","mode":"bus","color":"#52ac3c","oi":0,"n":3,"sw":1},"geometry":{"type":"LineString","coordinates":[[25.951452,43.837352],[25.951469,43.837336]]}},{"type":"Feature","properties":{"line":"А3","mode":"bus","color":"#52ac3c","oi":0.01,"n":3,"sw":1},"geometry":{"type":"LineString","coordinates":[[25.951465,43.83734],[25.951484,43.837321]]}},{"type":"Feature","properties":{"line":"А3","mode":"bus","color":"#52ac3c","oi":0.038,"n":3,"sw":1},"geometry":{"type":"LineString","coordinates":[[25.95148,43.837325],[25.951499,43.837307]]}},{"type":"Feature","properties":{"line":"А3","mode":"bus","color":"#52ac3c","oi":0.082,"n":3,"sw":1},"geometry":{"type":"LineString","coordinates":[[25.951495,43.837311],[25.951515,43.837293]]}},{"type":"Feature","properties":{"line":"А3","mode":"bus","color":"#52ac3c","oi":0.14,"n":3,"sw":1},"geometry":{"type":"LineString","coordinates":[[25.95151,43.837297],[25.95153,43.837278]]}},{"type":"Feature","properties":{"line":"А3","mode":"bus","color":"#52ac3c","oi":0.209,"n":3,"sw":1},"geometry":{"type":"LineString","coordinates":[[25.951525,43.837282],[25.951545,43.837264]]}},{"type":"Feature","properties":{"line":"А3","mode":"bus","color":"#52ac3c","oi":0.286,"n":3,"sw":1},"geometry":{"type":"LineString","coordinates":[[25.95154,43.837268],[25.95156,43.83725]]}},{"type":"Feature","properties":{"line":"А3","mode":"bus","color":"#52ac3c","oi":0.369,"n":3,"sw":1},"geometry":{"type":"LineString","coordinates":[[25.951555,43.837254],[25.951575,43.837235]]}},{"type":"Feature","properties":{"line":"А3","mode":"bus","color":"#52ac3c","oi":0.456,"n":3,"sw":1},"geometry":{"type":"LineString","coordinates":[[25.95157,43.83724],[25.95159,43.837221]]}},{"type":"Feature","properties":{"line":"А3","mode":"bus","color":"#52ac3c","oi":0.544,"n":3,"sw":1},"geometry":{"type":"LineString","coordinates":[[25.951585,43.837225],[25.951605,43.837207]]}},{"type":"Feature","properties":{"line":"А3","mode":"bus","color":"#52ac3c","oi":0.631,"n":3,"sw":1},"geometry":{"type":"LineString","coordinates":[[25.951601,43.837211],[25.95162,43.837192]]}},{"type":"Feature","properties":{"line":"А3","mode":"bus","color":"#52ac3c","oi":0.714,"n":3,"sw":1},"geometry":{"type":"LineString","coordinates":[[25.951616,43.837197],[25.951635,43.837178]]}},{"type":"Feature","properties":{"line":"А3","mode":"bus","color":"#52ac3c","oi":0.791,"n":3,"sw":1},"geometry":{"type":"LineString","coordinates":[[25.951631,43.837182],[25.95165,43.837164]]}},{"type":"Feature","properties":{"line":"А3","mode":"bus","color":"#52ac3c","oi":0.86,"n":3,"sw":1},"geometry":{"type":"LineString","coordinates":[[25.951646,43.837168],[25.951665,43.837149]]}},{"type":"Feature","properties":{"line":"А3","mode":"bus","color":"#52ac3c","oi":0.918,"n":3,"sw":1},"geometry":{"type":"LineString","coordinates":[[25.951661,43.837154],[25.95168,43.837135]]}},{"type":"Feature","properties":{"line":"А3","mode":"bus","color":"#52ac3c","oi":0.962,"n":3,"sw":1},"geometry":{"type":"LineString","coordinates":[[25.951676,43.837139],[25.951696,43.837121]]}},{"type":"Feature","properties":{"line":"А3","mode":"bus","color":"#52ac3c","oi":0.99,"n":3,"sw":1},"geometry":{"type":"LineString","coordinates":[[25.951691,43.837125],[25.951711,43.837106]]}},{"type":"Feature","properties":{"line":"А3","mode":"bus","color":"#52ac3c","oi":1,"n":3,"sw":1},"geometry":{"type":"LineString","coordinates":[[25.951706,43.837111],[25.951726,43.837092]]}},{"type":"Feature","properties":{"line":"А3","mode":"bus","color":"#52ac3c","oi":1,"n":3,"sw":1},"geometry":{"type":"LineString","coordinates":[[25.954708,43.834257],[25.95474,43.834227]]}},{"type":"Feature","properties":{"line":"А3","mode":"bus","color":"#52ac3c","oi":1.017,"n":3,"sw":1},"geometry":{"type":"LineString","coordinates":[[25.954735,43.834231],[25.954767,43.834201]]}},{"type":"Feature","properties":{"line":"А3","mode":"bus","color":"#52ac3c","oi":1.063,"n":3,"sw":1},"geometry":{"type":"LineString","coordinates":[[25.954763,43.834206],[25.954794,43.834175]]}},{"type":"Feature","properties":{"line":"А3","mode":"bus","color":"#52ac3c","oi":1.13,"n":3,"sw":1},"geometry":{"type":"LineString","coordinates":[[25.95479,43.83418],[25.954821,43.83415]]}},{"type":"Feature","properties":{"line":"А3","mode":"bus","color":"#52ac3c","oi":1.209,"n":3,"sw":1},"geometry":{"type":"LineString","coordinates":[[25.954817,43.834154],[25.954849,43.834124]]}},{"type":"Feature","properties":{"line":"А3","mode":"bus","color":"#52ac3c","oi":1.291,"n":3,"sw":1},"geometry":{"type":"LineString","coordinates":[[25.954844,43.834128],[25.954876,43.834098]]}},{"type":"Feature","properties":{"line":"А3","mode":"bus","color":"#52ac3c","oi":1.37,"n":3,"sw":1},"geometry":{"type":"LineString","coordinates":[[25.954871,43.834102],[25.954903,43.834072]]}},{"type":"Feature","properties":{"line":"А3","mode":"bus","color":"#52ac3c","oi":1.437,"n":3,"sw":1},"geometry":{"type":"LineString","coordinates":[[25.954898,43.834077],[25.95493,43.834046]]}},{"type":"Feature","properties":{"line":"А3","mode":"bus","color":"#52ac3c","oi":1.483,"n":3,"sw":1},"geometry":{"type":"LineString","coordinates":[[25.954925,43.834051],[25.954957,43.834021]]}},{"type":"Feature","properties":{"line":"А3","mode":"bus","color":"#52ac3c","oi":1.5,"n":3,"sw":1},"geometry":{"type":"LineString","coordinates":[[25.954953,43.834025],[25.954982,43.833997]]}},{"type":"Feature","properties":{"line":"А3","mode":"bus","color":"#52ac3c","oi":0.5,"n":2},"geometry":{"type":"LineString","coordinates":[[25.949483,43.83806],[25.949948,43.838259]]}},{"type":"Feature","properties":{"line":"А3","mode":"bus","color":"#52ac3c","oi":0,"n":2,"sw":1},"geometry":{"type":"LineString","coordinates":[[25.949097,43.837895],[25.949139,43.837913]]}},{"type":"Feature","properties":{"line":"А3","mode":"bus","color":"#52ac3c","oi":0.017,"n":2,"sw":1},"geometry":{"type":"LineString","coordinates":[[25.949132,43.83791],[25.949177,43.837929]]}},{"type":"Feature","properties":{"line":"А3","mode":"bus","color":"#52ac3c","oi":0.063,"n":2,"sw":1},"geometry":{"type":"LineString","coordinates":[[25.949171,43.837927],[25.949216,43.837946]]}},{"type":"Feature","properties":{"line":"А3","mode":"bus","color":"#52ac3c","oi":0.13,"n":2,"sw":1},"geometry":{"type":"LineString","coordinates":[[25.94921,43.837943],[25.949255,43.837962]]}},{"type":"Feature","properties":{"line":"А3","mode":"bus","color":"#52ac3c","oi":0.209,"n":2,"sw":1},"geometry":{"type":"LineString","coordinates":[[25.949248,43.83796],[25.949293,43.837979]]}},{"type":"Feature","properties":{"line":"А3","mode":"bus","color":"#52ac3c","oi":0.291,"n":2,"sw":1},"geometry":{"type":"LineString","coordinates":[[25.949287,43.837976],[25.949332,43.837995]]}},{"type":"Feature","properties":{"line":"А3","mode":"bus","color":"#52ac3c","oi":0.37,"n":2,"sw":1},"geometry":{"type":"LineString","coordinates":[[25.949325,43.837993],[25.94937,43.838012]]}},{"type":"Feature","properties":{"line":"А3","mode":"bus","color":"#52ac3c","oi":0.437,"n":2,"sw":1},"geometry":{"type":"LineString","coordinates":[[25.949364,43.838009],[25.949409,43.838028]]}},{"type":"Feature","properties":{"line":"А3","mode":"bus","color":"#52ac3c","oi":0.483,"n":2,"sw":1},"geometry":{"type":"LineString","coordinates":[[25.949403,43.838026],[25.949448,43.838045]]}},{"type":"Feature","properties":{"line":"А3","mode":"bus","color":"#52ac3c","oi":0.5,"n":2,"sw":1},"geometry":{"type":"LineString","coordinates":[[25.949441,43.838042],[25.949486,43.838061]]}},{"type":"Feature","properties":{"line":"А3","mode":"bus","color":"#52ac3c","oi":0.5,"n":2,"sw":1},"geometry":{"type":"LineString","coordinates":[[25.949945,43.838258],[25.94999,43.838277]]}},{"type":"Feature","properties":{"line":"А3","mode":"bus","color":"#52ac3c","oi":0.483,"n":2,"sw":1},"geometry":{"type":"LineString","coordinates":[[25.949983,43.838274],[25.950028,43.838293]]}},{"type":"Feature","properties":{"line":"А3","mode":"bus","color":"#52ac3c","oi":0.437,"n":2,"sw":1},"geometry":{"type":"LineString","coordinates":[[25.950022,43.838291],[25.950067,43.83831]]}},{"type":"Feature","properties":{"line":"А3","mode":"bus","color":"#52ac3c","oi":0.37,"n":2,"sw":1},"geometry":{"type":"LineString","coordinates":[[25.950061,43.838307],[25.950106,43.838326]]}},{"type":"Feature","properties":{"line":"А3","mode":"bus","color":"#52ac3c","oi":0.291,"n":2,"sw":1},"geometry":{"type":"LineString","coordinates":[[25.950099,43.838324],[25.950144,43.838343]]}},{"type":"Feature","properties":{"line":"А3","mode":"bus","color":"#52ac3c","oi":0.209,"n":2,"sw":1},"geometry":{"type":"LineString","coordinates":[[25.950138,43.83834],[25.950183,43.838359]]}},{"type":"Feature","properties":{"line":"А3","mode":"bus","color":"#52ac3c","oi":0.13,"n":2,"sw":1},"geometry":{"type":"LineString","coordinates":[[25.950176,43.838357],[25.950221,43.838376]]}},{"type":"Feature","properties":{"line":"А3","mode":"bus","color":"#52ac3c","oi":0.063,"n":2,"sw":1},"geometry":{"type":"LineString","coordinates":[[25.950215,43.838373],[25.95026,43.838392]]}},{"type":"Feature","properties":{"line":"А3","mode":"bus","color":"#52ac3c","oi":0.017,"n":2,"sw":1},"geometry":{"type":"LineString","coordinates":[[25.950254,43.83839],[25.950299,43.838409]]}},{"type":"Feature","properties":{"line":"А3","mode":"bus","color":"#52ac3c","oi":0,"n":2,"sw":1},"geometry":{"type":"LineString","coordinates":[[25.950292,43.838406],[25.950334,43.838424]]}},{"type":"Feature","properties":{"line":"А3","mode":"bus","color":"#52ac3c","oi":1.5,"n":4},"geometry":{"type":"LineString","coordinates":[[25.927946,43.814602],[25.928029,43.814678],[25.928093,43.814701],[25.928237,43.814702],[25.928314,43.814679],[25.92842,43.814599],[25.928452,43.814542],[25.928448,43.814325],[25.928448,43.814315],[25.928449,43.814309],[25.928451,43.814307],[25.928454,43.814308],[25.928457,43.814314],[25.928462,43.814323],[25.929027,43.815632],[25.929692,43.816947],[25.930051,43.817769],[25.930905,43.819557],[25.931048,43.819931],[25.931195,43.820454],[25.931449,43.820912],[25.93173,43.821299],[25.932157,43.821771],[25.932206,43.821813]]}},{"type":"Feature","properties":{"line":"А3","mode":"bus","color":"#52ac3c","oi":1.5,"n":4,"sw":1},"geometry":{"type":"LineString","coordinates":[[25.932204,43.821811],[25.93222,43.821825]]}},{"type":"Feature","properties":{"line":"А3","mode":"bus","color":"#52ac3c","oi":1.493,"n":4,"sw":1},"geometry":{"type":"LineString","coordinates":[[25.932215,43.821821],[25.932231,43.821834]]}},{"type":"Feature","properties":{"line":"А3","mode":"bus","color":"#52ac3c","oi":1.473,"n":4,"sw":1},"geometry":{"type":"LineString","coordinates":[[25.932226,43.82183],[25.932242,43.821844]]}},{"type":"Feature","properties":{"line":"А3","mode":"bus","color":"#52ac3c","oi":1.44,"n":4,"sw":1},"geometry":{"type":"LineString","coordinates":[[25.932237,43.82184],[25.932253,43.821853]]}},{"type":"Feature","properties":{"line":"А3","mode":"bus","color":"#52ac3c","oi":1.397,"n":4,"sw":1},"geometry":{"type":"LineString","coordinates":[[25.932249,43.821849],[25.932265,43.821863]]}},{"type":"Feature","properties":{"line":"А3","mode":"bus","color":"#52ac3c","oi":1.344,"n":4,"sw":1},"geometry":{"type":"LineString","coordinates":[[25.93226,43.821859],[25.932276,43.821872]]}},{"type":"Feature","properties":{"line":"А3","mode":"bus","color":"#52ac3c","oi":1.282,"n":4,"sw":1},"geometry":{"type":"LineString","coordinates":[[25.932271,43.821868],[25.932287,43.821882]]}},{"type":"Feature","properties":{"line":"А3","mode":"bus","color":"#52ac3c","oi":1.213,"n":4,"sw":1},"geometry":{"type":"LineString","coordinates":[[25.932282,43.821878],[25.932298,43.821891]]}},{"type":"Feature","properties":{"line":"А3","mode":"bus","color":"#52ac3c","oi":1.138,"n":4,"sw":1},"geometry":{"type":"LineString","coordinates":[[25.932293,43.821887],[25.932305,43.821897],[25.932308,43.821901]]}},{"type":"Feature","properties":{"line":"А3","mode":"bus","color":"#52ac3c","oi":1.057,"n":4,"sw":1},"geometry":{"type":"LineString","coordinates":[[25.932304,43.821897],[25.932305,43.821897],[25.932316,43.821912]]}},{"type":"Feature","properties":{"line":"А3","mode":"bus","color":"#52ac3c","oi":0.972,"n":4,"sw":1},"geometry":{"type":"LineString","coordinates":[[25.932313,43.821908],[25.932324,43.821923]]}},{"type":"Feature","properties":{"line":"А3","mode":"bus","color":"#52ac3c","oi":0.884,"n":4,"sw":1},"geometry":{"type":"LineString","coordinates":[[25.93232,43.821919],[25.932332,43.821934]]}},{"type":"Feature","properties":{"line":"А3","mode":"bus","color":"#52ac3c","oi":0.795,"n":4,"sw":1},"geometry":{"type":"LineString","coordinates":[[25.932328,43.82193],[25.93234,43.821946]]}},{"type":"Feature","properties":{"line":"А3","mode":"bus","color":"#52ac3c","oi":0.705,"n":4,"sw":1},"geometry":{"type":"LineString","coordinates":[[25.932336,43.821941],[25.932348,43.821957]]}},{"type":"Feature","properties":{"line":"А3","mode":"bus","color":"#52ac3c","oi":0.616,"n":4,"sw":1},"geometry":{"type":"LineString","coordinates":[[25.932344,43.821952],[25.932356,43.821968]]}},{"type":"Feature","properties":{"line":"А3","mode":"bus","color":"#52ac3c","oi":0.528,"n":4,"sw":1},"geometry":{"type":"LineString","coordinates":[[25.932352,43.821963],[25.932363,43.821979]]}},{"type":"Feature","properties":{"line":"А3","mode":"bus","color":"#52ac3c","oi":0.443,"n":4,"sw":1},"geometry":{"type":"LineString","coordinates":[[25.93236,43.821974],[25.932371,43.82199]]}},{"type":"Feature","properties":{"line":"А3","mode":"bus","color":"#52ac3c","oi":0.362,"n":4,"sw":1},"geometry":{"type":"LineString","coordinates":[[25.932368,43.821985],[25.932379,43.822001]]}},{"type":"Feature","properties":{"line":"А3","mode":"bus","color":"#52ac3c","oi":0.287,"n":4,"sw":1},"geometry":{"type":"LineString","coordinates":[[25.932376,43.821996],[25.932387,43.822012]]}},{"type":"Feature","properties":{"line":"А3","mode":"bus","color":"#52ac3c","oi":0.218,"n":4,"sw":1},"geometry":{"type":"LineString","coordinates":[[25.932384,43.822007],[25.932395,43.822023]]}},{"type":"Feature","properties":{"line":"А3","mode":"bus","color":"#52ac3c","oi":0.156,"n":4,"sw":1},"geometry":{"type":"LineString","coordinates":[[25.932392,43.822018],[25.932403,43.822034]]}},{"type":"Feature","properties":{"line":"А3","mode":"bus","color":"#52ac3c","oi":0.103,"n":4,"sw":1},"geometry":{"type":"LineString","coordinates":[[25.9324,43.822029],[25.932411,43.822045]]}},{"type":"Feature","properties":{"line":"А3","mode":"bus","color":"#52ac3c","oi":0.06,"n":4,"sw":1},"geometry":{"type":"LineString","coordinates":[[25.932408,43.82204],[25.932419,43.822056]]}},{"type":"Feature","properties":{"line":"А3","mode":"bus","color":"#52ac3c","oi":0.027,"n":4,"sw":1},"geometry":{"type":"LineString","coordinates":[[25.932416,43.822051],[25.932427,43.822067]]}},{"type":"Feature","properties":{"line":"А3","mode":"bus","color":"#52ac3c","oi":0.007,"n":4,"sw":1},"geometry":{"type":"LineString","coordinates":[[25.932423,43.822062],[25.932435,43.822078]]}},{"type":"Feature","properties":{"line":"А3","mode":"bus","color":"#52ac3c","oi":0,"n":4,"sw":1},"geometry":{"type":"LineString","coordinates":[[25.932431,43.822074],[25.932441,43.822087]]}},{"type":"Feature","properties":{"line":"А18","mode":"bus","color":"#8e4604","oi":-0.5,"n":4},"geometry":{"type":"LineString","coordinates":[[25.960623,43.829828],[25.959827,43.83032],[25.957293,43.831972]]}},{"type":"Feature","properties":{"line":"А18","mode":"bus","color":"#8e4604","oi":-0.5,"n":4,"sw":1},"geometry":{"type":"LineString","coordinates":[[25.957296,43.83197],[25.957257,43.831995]]}},{"type":"Feature","properties":{"line":"А18","mode":"bus","color":"#8e4604","oi":-0.483,"n":4,"sw":1},"geometry":{"type":"LineString","coordinates":[[25.957262,43.831992],[25.957224,43.832017]]}},{"type":"Feature","properties":{"line":"А18","mode":"bus","color":"#8e4604","oi":-0.437,"n":4,"sw":1},"geometry":{"type":"LineString","coordinates":[[25.957229,43.832014],[25.95719,43.832039]]}},{"type":"Feature","properties":{"line":"А18","mode":"bus","color":"#8e4604","oi":-0.37,"n":4,"sw":1},"geometry":{"type":"LineString","coordinates":[[25.957196,43.832035],[25.957157,43.832061]]}},{"type":"Feature","properties":{"line":"А18","mode":"bus","color":"#8e4604","oi":-0.291,"n":4,"sw":1},"geometry":{"type":"LineString","coordinates":[[25.957163,43.832057],[25.957124,43.832082]]}},{"type":"Feature","properties":{"line":"А18","mode":"bus","color":"#8e4604","oi":-0.209,"n":4,"sw":1},"geometry":{"type":"LineString","coordinates":[[25.957129,43.832079],[25.95709,43.832104]]}},{"type":"Feature","properties":{"line":"А18","mode":"bus","color":"#8e4604","oi":-0.13,"n":4,"sw":1},"geometry":{"type":"LineString","coordinates":[[25.957096,43.8321],[25.957057,43.832126]]}},{"type":"Feature","properties":{"line":"А18","mode":"bus","color":"#8e4604","oi":-0.063,"n":4,"sw":1},"geometry":{"type":"LineString","coordinates":[[25.957063,43.832122],[25.957024,43.832147]]}},{"type":"Feature","properties":{"line":"А18","mode":"bus","color":"#8e4604","oi":-0.017,"n":4,"sw":1},"geometry":{"type":"LineString","coordinates":[[25.957029,43.832144],[25.956991,43.832169]]}},{"type":"Feature","properties":{"line":"А18","mode":"bus","color":"#8e4604","oi":0,"n":4,"sw":1},"geometry":{"type":"LineString","coordinates":[[25.956996,43.832165],[25.95696,43.832189]]}},{"type":"Feature","properties":{"line":"А18","mode":"bus","color":"#8e4604","oi":0,"n":3},"geometry":{"type":"LineString","coordinates":[[25.967167,43.824706],[25.96379,43.827443],[25.961519,43.829248],[25.960957,43.829612]]}},{"type":"Feature","properties":{"line":"А18","mode":"bus","color":"#8e4604","oi":0,"n":3,"sw":1},"geometry":{"type":"LineString","coordinates":[[25.96096,43.82961],[25.960921,43.829635]]}},{"type":"Feature","properties":{"line":"А18","mode":"bus","color":"#8e4604","oi":-0.017,"n":3,"sw":1},"geometry":{"type":"LineString","coordinates":[[25.960926,43.829632],[25.960887,43.829657]]}},{"type":"Feature","properties":{"line":"А18","mode":"bus","color":"#8e4604","oi":-0.063,"n":3,"sw":1},"geometry":{"type":"LineString","coordinates":[[25.960893,43.829653],[25.960854,43.829678]]}},{"type":"Feature","properties":{"line":"А18","mode":"bus","color":"#8e4604","oi":-0.13,"n":3,"sw":1},"geometry":{"type":"LineString","coordinates":[[25.96086,43.829675],[25.960821,43.8297]]}},{"type":"Feature","properties":{"line":"А18","mode":"bus","color":"#8e4604","oi":-0.209,"n":3,"sw":1},"geometry":{"type":"LineString","coordinates":[[25.960826,43.829696],[25.960787,43.829722]]}},{"type":"Feature","properties":{"line":"А18","mode":"bus","color":"#8e4604","oi":-0.291,"n":3,"sw":1},"geometry":{"type":"LineString","coordinates":[[25.960793,43.829718],[25.960754,43.829743]]}},{"type":"Feature","properties":{"line":"А18","mode":"bus","color":"#8e4604","oi":-0.37,"n":3,"sw":1},"geometry":{"type":"LineString","coordinates":[[25.960759,43.82974],[25.96072,43.829765]]}},{"type":"Feature","properties":{"line":"А18","mode":"bus","color":"#8e4604","oi":-0.437,"n":3,"sw":1},"geometry":{"type":"LineString","coordinates":[[25.960726,43.829761],[25.960687,43.829787]]}},{"type":"Feature","properties":{"line":"А18","mode":"bus","color":"#8e4604","oi":-0.483,"n":3,"sw":1},"geometry":{"type":"LineString","coordinates":[[25.960693,43.829783],[25.960654,43.829808]]}},{"type":"Feature","properties":{"line":"А18","mode":"bus","color":"#8e4604","oi":-0.5,"n":3,"sw":1},"geometry":{"type":"LineString","coordinates":[[25.960659,43.829805],[25.960623,43.829828]]}},{"type":"Feature","properties":{"line":"А18","mode":"bus","color":"#8e4604","oi":-1,"n":3},"geometry":{"type":"LineString","coordinates":[[25.966207,43.835399],[25.966236,43.835393],[25.96636,43.835406],[25.966487,43.835463],[25.967062,43.835923],[25.967117,43.836016],[25.967132,43.836127],[25.967047,43.836275],[25.966922,43.836348],[25.966807,43.836374],[25.966672,43.836373],[25.966564,43.836344],[25.965239,43.835284],[25.964733,43.834976],[25.964327,43.83478],[25.963745,43.834556],[25.960851,43.833602],[25.958616,43.832814],[25.957358,43.832339]]}},{"type":"Feature","properties":{"line":"А18","mode":"bus","color":"#8e4604","oi":0,"n":3,"sw":1},"geometry":{"type":"LineString","coordinates":[[25.965831,43.83557],[25.965854,43.835558]]}},{"type":"Feature","properties":{"line":"А18","mode":"bus","color":"#8e4604","oi":-0.01,"n":3,"sw":1},"geometry":{"type":"LineString","coordinates":[[25.965848,43.835561],[25.965874,43.835547]]}},{"type":"Feature","properties":{"line":"А18","mode":"bus","color":"#8e4604","oi":-0.038,"n":3,"sw":1},"geometry":{"type":"LineString","coordinates":[[25.965868,43.83555],[25.965894,43.835537]]}},{"type":"Feature","properties":{"line":"А18","mode":"bus","color":"#8e4604","oi":-0.082,"n":3,"sw":1},"geometry":{"type":"LineString","coordinates":[[25.965888,43.83554],[25.965914,43.835526]]}},{"type":"Feature","properties":{"line":"А18","mode":"bus","color":"#8e4604","oi":-0.14,"n":3,"sw":1},"geometry":{"type":"LineString","coordinates":[[25.965908,43.835529],[25.965935,43.835515]]}},{"type":"Feature","properties":{"line":"А18","mode":"bus","color":"#8e4604","oi":-0.209,"n":3,"sw":1},"geometry":{"type":"LineString","coordinates":[[25.965929,43.835518],[25.965955,43.835505]]}},{"type":"Feature","properties":{"line":"А18","mode":"bus","color":"#8e4604","oi":-0.286,"n":3,"sw":1},"geometry":{"type":"LineString","coordinates":[[25.965949,43.835508],[25.965975,43.835494]]}},{"type":"Feature","properties":{"line":"А18","mode":"bus","color":"#8e4604","oi":-0.369,"n":3,"sw":1},"geometry":{"type":"LineString","coordinates":[[25.965969,43.835497],[25.965995,43.835483]]}},{"type":"Feature","properties":{"line":"А18","mode":"bus","color":"#8e4604","oi":-0.456,"n":3,"sw":1},"geometry":{"type":"LineString","coordinates":[[25.965989,43.835487],[25.966015,43.835473]]}},{"type":"Feature","properties":{"line":"А18","mode":"bus","color":"#8e4604","oi":-0.544,"n":3,"sw":1},"geometry":{"type":"LineString","coordinates":[[25.966009,43.835476],[25.966035,43.835462]]}},{"type":"Feature","properties":{"line":"А18","mode":"bus","color":"#8e4604","oi":-0.631,"n":3,"sw":1},"geometry":{"type":"LineString","coordinates":[[25.966029,43.835465],[25.966055,43.835452]]}},{"type":"Feature","properties":{"line":"А18","mode":"bus","color":"#8e4604","oi":-0.714,"n":3,"sw":1},"geometry":{"type":"LineString","coordinates":[[25.966049,43.835455],[25.966075,43.835441]]}},{"type":"Feature","properties":{"line":"А18","mode":"bus","color":"#8e4604","oi":-0.791,"n":3,"sw":1},"geometry":{"type":"LineString","coordinates":[[25.966069,43.835444],[25.966096,43.83543]]}},{"type":"Feature","properties":{"line":"А18","mode":"bus","color":"#8e4604","oi":-0.86,"n":3,"sw":1},"geometry":{"type":"LineString","coordinates":[[25.96609,43.835434],[25.966116,43.83542]]}},{"type":"Feature","properties":{"line":"А18","mode":"bus","color":"#8e4604","oi":-0.918,"n":3,"sw":1},"geometry":{"type":"LineString","coordinates":[[25.96611,43.835423],[25.966117,43.835419],[25.966139,43.835414]]}},{"type":"Feature","properties":{"line":"А18","mode":"bus","color":"#8e4604","oi":-0.962,"n":3,"sw":1},"geometry":{"type":"LineString","coordinates":[[25.966132,43.835416],[25.966163,43.835409]]}},{"type":"Feature","properties":{"line":"А18","mode":"bus","color":"#8e4604","oi":-0.99,"n":3,"sw":1},"geometry":{"type":"LineString","coordinates":[[25.966156,43.83541],[25.966187,43.835404]]}},{"type":"Feature","properties":{"line":"А18","mode":"bus","color":"#8e4604","oi":-1,"n":3,"sw":1},"geometry":{"type":"LineString","coordinates":[[25.96618,43.835405],[25.966211,43.835398]]}},{"type":"Feature","properties":{"line":"А18","mode":"bus","color":"#8e4604","oi":-1,"n":3,"sw":1},"geometry":{"type":"LineString","coordinates":[[25.957361,43.83234],[25.957332,43.832329]]}},{"type":"Feature","properties":{"line":"А18","mode":"bus","color":"#8e4604","oi":-0.99,"n":3,"sw":1},"geometry":{"type":"LineString","coordinates":[[25.957339,43.832332],[25.95731,43.832321]]}},{"type":"Feature","properties":{"line":"А18","mode":"bus","color":"#8e4604","oi":-0.962,"n":3,"sw":1},"geometry":{"type":"LineString","coordinates":[[25.957317,43.832324],[25.957288,43.832313]]}},{"type":"Feature","properties":{"line":"А18","mode":"bus","color":"#8e4604","oi":-0.918,"n":3,"sw":1},"geometry":{"type":"LineString","coordinates":[[25.957295,43.832315],[25.957266,43.832304]]}},{"type":"Feature","properties":{"line":"А18","mode":"bus","color":"#8e4604","oi":-0.86,"n":3,"sw":1},"geometry":{"type":"LineString","coordinates":[[25.957273,43.832307],[25.957244,43.832296]]}},{"type":"Feature","properties":{"line":"А18","mode":"bus","color":"#8e4604","oi":-0.791,"n":3,"sw":1},"geometry":{"type":"LineString","coordinates":[[25.95725,43.832299],[25.957222,43.832288]]}},{"type":"Feature","properties":{"line":"А18","mode":"bus","color":"#8e4604","oi":-0.714,"n":3,"sw":1},"geometry":{"type":"LineString","coordinates":[[25.957228,43.83229],[25.9572,43.832279]]}},{"type":"Feature","properties":{"line":"А18","mode":"bus","color":"#8e4604","oi":-0.631,"n":3,"sw":1},"geometry":{"type":"LineString","coordinates":[[25.957206,43.832282],[25.957178,43.832271]]}},{"type":"Feature","properties":{"line":"А18","mode":"bus","color":"#8e4604","oi":-0.544,"n":3,"sw":1},"geometry":{"type":"LineString","coordinates":[[25.957184,43.832274],[25.957155,43.832263]]}},{"type":"Feature","properties":{"line":"А18","mode":"bus","color":"#8e4604","oi":-0.456,"n":3,"sw":1},"geometry":{"type":"LineString","coordinates":[[25.957162,43.832265],[25.957133,43.832254]]}},{"type":"Feature","properties":{"line":"А18","mode":"bus","color":"#8e4604","oi":-0.369,"n":3,"sw":1},"geometry":{"type":"LineString","coordinates":[[25.95714,43.832257],[25.957111,43.832246]]}},{"type":"Feature","properties":{"line":"А18","mode":"bus","color":"#8e4604","oi":-0.286,"n":3,"sw":1},"geometry":{"type":"LineString","coordinates":[[25.957118,43.832249],[25.957089,43.832238]]}},{"type":"Feature","properties":{"line":"А18","mode":"bus","color":"#8e4604","oi":-0.209,"n":3,"sw":1},"geometry":{"type":"LineString","coordinates":[[25.957096,43.83224],[25.957067,43.832229]]}},{"type":"Feature","properties":{"line":"А18","mode":"bus","color":"#8e4604","oi":-0.14,"n":3,"sw":1},"geometry":{"type":"LineString","coordinates":[[25.957074,43.832232],[25.957045,43.832221]]}},{"type":"Feature","properties":{"line":"А18","mode":"bus","color":"#8e4604","oi":-0.082,"n":3,"sw":1},"geometry":{"type":"LineString","coordinates":[[25.957052,43.832224],[25.957023,43.832213]]}},{"type":"Feature","properties":{"line":"А18","mode":"bus","color":"#8e4604","oi":-0.038,"n":3,"sw":1},"geometry":{"type":"LineString","coordinates":[[25.95703,43.832215],[25.957001,43.832204]]}},{"type":"Feature","properties":{"line":"А18","mode":"bus","color":"#8e4604","oi":-0.01,"n":3,"sw":1},"geometry":{"type":"LineString","coordinates":[[25.957007,43.832207],[25.956979,43.832196]]}},{"type":"Feature","properties":{"line":"А18","mode":"bus","color":"#8e4604","oi":0,"n":3,"sw":1},"geometry":{"type":"LineString","coordinates":[[25.956985,43.832199],[25.95696,43.832189]]}},{"type":"Feature","properties":{"line":"А18","mode":"bus","color":"#8e4604","oi":-1,"n":3},"geometry":{"type":"LineString","coordinates":[[25.951643,43.830296],[25.95189,43.830409],[25.954529,43.831407],[25.955555,43.831773],[25.959019,43.833127],[25.960744,43.833721],[25.963448,43.834593],[25.964325,43.834923],[25.965012,43.835297],[25.965343,43.835528],[25.965718,43.835859],[25.966024,43.836309],[25.966445,43.836764],[25.966438,43.836874],[25.966369,43.836966],[25.966269,43.837004],[25.966045,43.836981],[25.965965,43.836932],[25.965241,43.836222],[25.965236,43.836028]]}},{"type":"Feature","properties":{"line":"А18","mode":"bus","color":"#8e4604","oi":-1.5,"n":3,"sw":1},"geometry":{"type":"LineString","coordinates":[[25.951264,43.830122],[25.951305,43.830141]]}},{"type":"Feature","properties":{"line":"А18","mode":"bus","color":"#8e4604","oi":-1.483,"n":3,"sw":1},"geometry":{"type":"LineString","coordinates":[[25.951299,43.830138],[25.951343,43.830158]]}},{"type":"Feature","properties":{"line":"А18","mode":"bus","color":"#8e4604","oi":-1.437,"n":3,"sw":1},"geometry":{"type":"LineString","coordinates":[[25.951337,43.830155],[25.951381,43.830176]]}},{"type":"Feature","properties":{"line":"А18","mode":"bus","color":"#8e4604","oi":-1.37,"n":3,"sw":1},"geometry":{"type":"LineString","coordinates":[[25.951374,43.830173],[25.951419,43.830193]]}},{"type":"Feature","properties":{"line":"А18","mode":"bus","color":"#8e4604","oi":-1.291,"n":3,"sw":1},"geometry":{"type":"LineString","coordinates":[[25.951412,43.83019],[25.951457,43.83021]]}},{"type":"Feature","properties":{"line":"А18","mode":"bus","color":"#8e4604","oi":-1.209,"n":3,"sw":1},"geometry":{"type":"LineString","coordinates":[[25.95145,43.830207],[25.951494,43.830228]]}},{"type":"Feature","properties":{"line":"А18","mode":"bus","color":"#8e4604","oi":-1.13,"n":3,"sw":1},"geometry":{"type":"LineString","coordinates":[[25.951488,43.830225],[25.951532,43.830245]]}},{"type":"Feature","properties":{"line":"А18","mode":"bus","color":"#8e4604","oi":-1.063,"n":3,"sw":1},"geometry":{"type":"LineString","coordinates":[[25.951526,43.830242],[25.95157,43.830262]]}},{"type":"Feature","properties":{"line":"А18","mode":"bus","color":"#8e4604","oi":-1.017,"n":3,"sw":1},"geometry":{"type":"LineString","coordinates":[[25.951564,43.830259],[25.951608,43.83028]]}},{"type":"Feature","properties":{"line":"А18","mode":"bus","color":"#8e4604","oi":-1,"n":3,"sw":1},"geometry":{"type":"LineString","coordinates":[[25.951602,43.830277],[25.951646,43.830297]]}},{"type":"Feature","properties":{"line":"А18","mode":"bus","color":"#8e4604","oi":-1,"n":3,"sw":1},"geometry":{"type":"LineString","coordinates":[[25.965236,43.836031],[25.965236,43.836028],[25.965253,43.836012]]}},{"type":"Feature","properties":{"line":"А18","mode":"bus","color":"#8e4604","oi":-0.99,"n":3,"sw":1},"geometry":{"type":"LineString","coordinates":[[25.965249,43.836016],[25.965268,43.835998]]}},{"type":"Feature","properties":{"line":"А18","mode":"bus","color":"#8e4604","oi":-0.962,"n":3,"sw":1},"geometry":{"type":"LineString","coordinates":[[25.965264,43.836002],[25.965284,43.835983]]}},{"type":"Feature","properties":{"line":"А18","mode":"bus","color":"#8e4604","oi":-0.918,"n":3,"sw":1},"geometry":{"type":"LineString","coordinates":[[25.965279,43.835988],[25.965299,43.835969]]}},{"type":"Feature","properties":{"line":"А18","mode":"bus","color":"#8e4604","oi":-0.86,"n":3,"sw":1},"geometry":{"type":"LineString","coordinates":[[25.965294,43.835973],[25.965314,43.835955]]}},{"type":"Feature","properties":{"line":"А18","mode":"bus","color":"#8e4604","oi":-0.791,"n":3,"sw":1},"geometry":{"type":"LineString","coordinates":[[25.96531,43.835959],[25.965329,43.835941]]}},{"type":"Feature","properties":{"line":"А18","mode":"bus","color":"#8e4604","oi":-0.714,"n":3,"sw":1},"geometry":{"type":"LineString","coordinates":[[25.965325,43.835945],[25.965345,43.835927]]}},{"type":"Feature","properties":{"line":"А18","mode":"bus","color":"#8e4604","oi":-0.631,"n":3,"sw":1},"geometry":{"type":"LineString","coordinates":[[25.96534,43.835931],[25.96536,43.835912]]}},{"type":"Feature","properties":{"line":"А18","mode":"bus","color":"#8e4604","oi":-0.544,"n":3,"sw":1},"geometry":{"type":"LineString","coordinates":[[25.965355,43.835917],[25.965375,43.835898]]}},{"type":"Feature","properties":{"line":"А18","mode":"bus","color":"#8e4604","oi":-0.456,"n":3,"sw":1},"geometry":{"type":"LineString","coordinates":[[25.965371,43.835902],[25.96539,43.835884]]}},{"type":"Feature","properties":{"line":"А18","mode":"bus","color":"#8e4604","oi":-0.369,"n":3,"sw":1},"geometry":{"type":"LineString","coordinates":[[25.965386,43.835888],[25.965406,43.83587]]}},{"type":"Feature","properties":{"line":"А18","mode":"bus","color":"#8e4604","oi":-0.286,"n":3,"sw":1},"geometry":{"type":"LineString","coordinates":[[25.965401,43.835874],[25.965421,43.835855]]}},{"type":"Feature","properties":{"line":"А18","mode":"bus","color":"#8e4604","oi":-0.209,"n":3,"sw":1},"geometry":{"type":"LineString","coordinates":[[25.965416,43.83586],[25.965436,43.835841]]}},{"type":"Feature","properties":{"line":"А18","mode":"bus","color":"#8e4604","oi":-0.14,"n":3,"sw":1},"geometry":{"type":"LineString","coordinates":[[25.965432,43.835845],[25.965451,43.835827]]}},{"type":"Feature","properties":{"line":"А18","mode":"bus","color":"#8e4604","oi":-0.082,"n":3,"sw":1},"geometry":{"type":"LineString","coordinates":[[25.965447,43.835831],[25.965467,43.835813]]}},{"type":"Feature","properties":{"line":"А18","mode":"bus","color":"#8e4604","oi":-0.038,"n":3,"sw":1},"geometry":{"type":"LineString","coordinates":[[25.965462,43.835817],[25.965482,43.835798]]}},{"type":"Feature","properties":{"line":"А18","mode":"bus","color":"#8e4604","oi":-0.01,"n":3,"sw":1},"geometry":{"type":"LineString","coordinates":[[25.965477,43.835803],[25.965497,43.835784]]}},{"type":"Feature","properties":{"line":"А18","mode":"bus","color":"#8e4604","oi":0,"n":3,"sw":1},"geometry":{"type":"LineString","coordinates":[[25.965492,43.835788],[25.96551,43.835772]]}},{"type":"Feature","properties":{"line":"А18","mode":"bus","color":"#8e4604","oi":0,"n":3,"sw":1},"geometry":{"type":"LineString","coordinates":[[25.94761,43.827897],[25.947589,43.827895]]}},{"type":"Feature","properties":{"line":"А18","mode":"bus","color":"#8e4604","oi":-0.01,"n":3,"sw":1},"geometry":{"type":"LineString","coordinates":[[25.947597,43.827896],[25.947572,43.827894]]}},{"type":"Feature","properties":{"line":"А18","mode":"bus","color":"#8e4604","oi":-0.038,"n":3,"sw":1},"geometry":{"type":"LineString","coordinates":[[25.94758,43.827895],[25.947555,43.827893]]}},{"type":"Feature","properties":{"line":"А18","mode":"bus","color":"#8e4604","oi":-0.082,"n":3,"sw":1},"geometry":{"type":"LineString","coordinates":[[25.947563,43.827893],[25.947538,43.827891]]}},{"type":"Feature","properties":{"line":"А18","mode":"bus","color":"#8e4604","oi":-0.14,"n":3,"sw":1},"geometry":{"type":"LineString","coordinates":[[25.947546,43.827892],[25.947521,43.82789]]}},{"type":"Feature","properties":{"line":"А18","mode":"bus","color":"#8e4604","oi":-0.209,"n":3,"sw":1},"geometry":{"type":"LineString","coordinates":[[25.947529,43.827891],[25.947504,43.827889]]}},{"type":"Feature","properties":{"line":"А18","mode":"bus","color":"#8e4604","oi":-0.286,"n":3,"sw":1},"geometry":{"type":"LineString","coordinates":[[25.947512,43.827889],[25.947487,43.827887]]}},{"type":"Feature","properties":{"line":"А18","mode":"bus","color":"#8e4604","oi":-0.369,"n":3,"sw":1},"geometry":{"type":"LineString","coordinates":[[25.947495,43.827888],[25.94747,43.827886]]}},{"type":"Feature","properties":{"line":"А18","mode":"bus","color":"#8e4604","oi":-0.456,"n":3,"sw":1},"geometry":{"type":"LineString","coordinates":[[25.947478,43.827886],[25.947453,43.827885]]}},{"type":"Feature","properties":{"line":"А18","mode":"bus","color":"#8e4604","oi":-0.544,"n":3,"sw":1},"geometry":{"type":"LineString","coordinates":[[25.947461,43.827885],[25.947436,43.827883]]}},{"type":"Feature","properties":{"line":"А18","mode":"bus","color":"#8e4604","oi":-0.631,"n":3,"sw":1},"geometry":{"type":"LineString","coordinates":[[25.947444,43.827884],[25.947419,43.827882]]}},{"type":"Feature","properties":{"line":"А18","mode":"bus","color":"#8e4604","oi":-0.714,"n":3,"sw":1},"geometry":{"type":"LineString","coordinates":[[25.947427,43.827882],[25.947417,43.827882],[25.947402,43.827883]]}},{"type":"Feature","properties":{"line":"А18","mode":"bus","color":"#8e4604","oi":-0.791,"n":3,"sw":1},"geometry":{"type":"LineString","coordinates":[[25.94741,43.827882],[25.947387,43.827884],[25.947385,43.827885]]}},{"type":"Feature","properties":{"line":"А18","mode":"bus","color":"#8e4604","oi":-0.86,"n":3,"sw":1},"geometry":{"type":"LineString","coordinates":[[25.947393,43.827884],[25.947387,43.827884],[25.947371,43.827892]]}},{"type":"Feature","properties":{"line":"А18","mode":"bus","color":"#8e4604","oi":-0.918,"n":3,"sw":1},"geometry":{"type":"LineString","coordinates":[[25.947377,43.827888],[25.947361,43.827897],[25.947358,43.827899]]}},{"type":"Feature","properties":{"line":"А18","mode":"bus","color":"#8e4604","oi":-0.962,"n":3,"sw":1},"geometry":{"type":"LineString","coordinates":[[25.947363,43.827895],[25.947361,43.827897],[25.947346,43.827908]]}},{"type":"Feature","properties":{"line":"А18","mode":"bus","color":"#8e4604","oi":-0.99,"n":3,"sw":1},"geometry":{"type":"LineString","coordinates":[[25.947351,43.827904],[25.947334,43.827917]]}},{"type":"Feature","properties":{"line":"А18","mode":"bus","color":"#8e4604","oi":-1,"n":3,"sw":1},"geometry":{"type":"LineString","coordinates":[[25.947339,43.827913],[25.947322,43.827926]]}},{"type":"Feature","properties":{"line":"А18","mode":"bus","color":"#8e4604","oi":-1,"n":3,"sw":1},"geometry":{"type":"LineString","coordinates":[[25.947327,43.827922],[25.947318,43.827929],[25.947316,43.827937]]}},{"type":"Feature","properties":{"line":"А18","mode":"bus","color":"#8e4604","oi":-0.99,"n":3,"sw":1},"geometry":{"type":"LineString","coordinates":[[25.947317,43.827932],[25.947313,43.827949]]}},{"type":"Feature","properties":{"line":"А18","mode":"bus","color":"#8e4604","oi":-0.962,"n":3,"sw":1},"geometry":{"type":"LineString","coordinates":[[25.947315,43.827944],[25.94731,43.827961]]}},{"type":"Feature","properties":{"line":"А18","mode":"bus","color":"#8e4604","oi":-0.918,"n":3,"sw":1},"geometry":{"type":"LineString","coordinates":[[25.947312,43.827956],[25.947308,43.827973]]}},{"type":"Feature","properties":{"line":"А18","mode":"bus","color":"#8e4604","oi":-0.86,"n":3,"sw":1},"geometry":{"type":"LineString","coordinates":[[25.947309,43.827968],[25.947305,43.827986]]}},{"type":"Feature","properties":{"line":"А18","mode":"bus","color":"#8e4604","oi":-0.791,"n":3,"sw":1},"geometry":{"type":"LineString","coordinates":[[25.947306,43.82798],[25.947302,43.827998]]}},{"type":"Feature","properties":{"line":"А18","mode":"bus","color":"#8e4604","oi":-0.714,"n":3,"sw":1},"geometry":{"type":"LineString","coordinates":[[25.947303,43.827992],[25.947299,43.82801]]}},{"type":"Feature","properties":{"line":"А18","mode":"bus","color":"#8e4604","oi":-0.631,"n":3,"sw":1},"geometry":{"type":"LineString","coordinates":[[25.9473,43.828005],[25.947296,43.828022]]}},{"type":"Feature","properties":{"line":"А18","mode":"bus","color":"#8e4604","oi":-0.544,"n":3,"sw":1},"geometry":{"type":"LineString","coordinates":[[25.947297,43.828017],[25.947294,43.828031],[25.947296,43.828034]]}},{"type":"Feature","properties":{"line":"А18","mode":"bus","color":"#8e4604","oi":-0.456,"n":3,"sw":1},"geometry":{"type":"LineString","coordinates":[[25.947294,43.828029],[25.947294,43.828031],[25.947302,43.828046]]}},{"type":"Feature","properties":{"line":"А18","mode":"bus","color":"#8e4604","oi":-0.369,"n":3,"sw":1},"geometry":{"type":"LineString","coordinates":[[25.947299,43.828041],[25.947308,43.828057]]}},{"type":"Feature","properties":{"line":"А18","mode":"bus","color":"#8e4604","oi":-0.286,"n":3,"sw":1},"geometry":{"type":"LineString","coordinates":[[25.947306,43.828052],[25.947315,43.828069]]}},{"type":"Feature","properties":{"line":"А18","mode":"bus","color":"#8e4604","oi":-0.209,"n":3,"sw":1},"geometry":{"type":"LineString","coordinates":[[25.947312,43.828064],[25.947321,43.82808]]}},{"type":"Feature","properties":{"line":"А18","mode":"bus","color":"#8e4604","oi":-0.14,"n":3,"sw":1},"geometry":{"type":"LineString","coordinates":[[25.947318,43.828075],[25.947327,43.828092]]}},{"type":"Feature","properties":{"line":"А18","mode":"bus","color":"#8e4604","oi":-0.082,"n":3,"sw":1},"geometry":{"type":"LineString","coordinates":[[25.947324,43.828087],[25.947333,43.828103]]}},{"type":"Feature","properties":{"line":"А18","mode":"bus","color":"#8e4604","oi":-0.038,"n":3,"sw":1},"geometry":{"type":"LineString","coordinates":[[25.947331,43.828098],[25.94734,43.828115]]}},{"type":"Feature","properties":{"line":"А18","mode":"bus","color":"#8e4604","oi":-0.01,"n":3,"sw":1},"geometry":{"type":"LineString","coordinates":[[25.947337,43.82811],[25.947346,43.828126]]}},{"type":"Feature","properties":{"line":"А18","mode":"bus","color":"#8e4604","oi":0,"n":3,"sw":1},"geometry":{"type":"LineString","coordinates":[[25.947343,43.828121],[25.947351,43.828135]]}},{"type":"Feature","properties":{"line":"А18","mode":"bus","color":"#8e4604","oi":-1.5,"n":4},"geometry":{"type":"LineString","coordinates":[[25.947351,43.828135],[25.949019,43.828997],[25.949903,43.829493],[25.951264,43.830122]]}},{"type":"Feature","properties":{"line":"А18","mode":"bus","color":"#8e4604","oi":-1.5,"n":4},"geometry":{"type":"LineString","coordinates":[[25.950879,43.831607],[25.950762,43.831499],[25.950426,43.831135],[25.949632,43.830127],[25.949535,43.829945],[25.949476,43.829604],[25.949444,43.82871],[25.949547,43.82858],[25.949716,43.82852],[25.949811,43.828517],[25.949902,43.828536],[25.950257,43.828746],[25.950306,43.828942],[25.950285,43.828997],[25.950267,43.829022],[25.950236,43.829041],[25.950052,43.829114],[25.949896,43.829117],[25.949061,43.828653],[25.94761,43.827897]]}},{"type":"Feature","properties":{"line":"А18","mode":"bus","color":"#8e4604","oi":0,"n":4,"sw":1},"geometry":{"type":"LineString","coordinates":[[25.951154,43.831863],[25.951141,43.831851]]}},{"type":"Feature","properties":{"line":"А18","mode":"bus","color":"#8e4604","oi":-0.007,"n":4,"sw":1},"geometry":{"type":"LineString","coordinates":[[25.951146,43.831855],[25.951131,43.831841]]}},{"type":"Feature","properties":{"line":"А18","mode":"bus","color":"#8e4604","oi":-0.027,"n":4,"sw":1},"geometry":{"type":"LineString","coordinates":[[25.951135,43.831845],[25.95112,43.831831]]}},{"type":"Feature","properties":{"line":"А18","mode":"bus","color":"#8e4604","oi":-0.06,"n":4,"sw":1},"geometry":{"type":"LineString","coordinates":[[25.951125,43.831836],[25.951109,43.831822]]}},{"type":"Feature","properties":{"line":"А18","mode":"bus","color":"#8e4604","oi":-0.103,"n":4,"sw":1},"geometry":{"type":"LineString","coordinates":[[25.951114,43.831826],[25.951099,43.831812]]}},{"type":"Feature","properties":{"line":"А18","mode":"bus","color":"#8e4604","oi":-0.156,"n":4,"sw":1},"geometry":{"type":"LineString","coordinates":[[25.951103,43.831816],[25.951088,43.831802]]}},{"type":"Feature","properties":{"line":"А18","mode":"bus","color":"#8e4604","oi":-0.218,"n":4,"sw":1},"geometry":{"type":"LineString","coordinates":[[25.951093,43.831806],[25.951078,43.831792]]}},{"type":"Feature","properties":{"line":"А18","mode":"bus","color":"#8e4604","oi":-0.287,"n":4,"sw":1},"geometry":{"type":"LineString","coordinates":[[25.951082,43.831796],[25.951067,43.831782]]}},{"type":"Feature","properties":{"line":"А18","mode":"bus","color":"#8e4604","oi":-0.362,"n":4,"sw":1},"geometry":{"type":"LineString","coordinates":[[25.951072,43.831786],[25.951056,43.831772]]}},{"type":"Feature","properties":{"line":"А18","mode":"bus","color":"#8e4604","oi":-0.443,"n":4,"sw":1},"geometry":{"type":"LineString","coordinates":[[25.951061,43.831777],[25.951046,43.831763]]}},{"type":"Feature","properties":{"line":"А18","mode":"bus","color":"#8e4604","oi":-0.528,"n":4,"sw":1},"geometry":{"type":"LineString","coordinates":[[25.95105,43.831767],[25.951035,43.831753]]}},{"type":"Feature","properties":{"line":"А18","mode":"bus","color":"#8e4604","oi":-0.616,"n":4,"sw":1},"geometry":{"type":"LineString","coordinates":[[25.95104,43.831757],[25.951025,43.831743]]}},{"type":"Feature","properties":{"line":"А18","mode":"bus","color":"#8e4604","oi":-0.705,"n":4,"sw":1},"geometry":{"type":"LineString","coordinates":[[25.951029,43.831747],[25.951014,43.831733]]}},{"type":"Feature","properties":{"line":"А18","mode":"bus","color":"#8e4604","oi":-0.795,"n":4,"sw":1},"geometry":{"type":"LineString","coordinates":[[25.951019,43.831737],[25.951003,43.831723]]}},{"type":"Feature","properties":{"line":"А18","mode":"bus","color":"#8e4604","oi":-0.884,"n":4,"sw":1},"geometry":{"type":"LineString","coordinates":[[25.951008,43.831727],[25.950993,43.831713]]}},{"type":"Feature","properties":{"line":"А18","mode":"bus","color":"#8e4604","oi":-0.972,"n":4,"sw":1},"geometry":{"type":"LineString","coordinates":[[25.950997,43.831718],[25.950982,43.831704]]}},{"type":"Feature","properties":{"line":"А18","mode":"bus","color":"#8e4604","oi":-1.057,"n":4,"sw":1},"geometry":{"type":"LineString","coordinates":[[25.950987,43.831708],[25.950972,43.831694]]}},{"type":"Feature","properties":{"line":"А18","mode":"bus","color":"#8e4604","oi":-1.138,"n":4,"sw":1},"geometry":{"type":"LineString","coordinates":[[25.950976,43.831698],[25.950961,43.831684]]}},{"type":"Feature","properties":{"line":"А18","mode":"bus","color":"#8e4604","oi":-1.213,"n":4,"sw":1},"geometry":{"type":"LineString","coordinates":[[25.950966,43.831688],[25.95095,43.831674]]}},{"type":"Feature","properties":{"line":"А18","mode":"bus","color":"#8e4604","oi":-1.282,"n":4,"sw":1},"geometry":{"type":"LineString","coordinates":[[25.950955,43.831678],[25.95094,43.831664]]}},{"type":"Feature","properties":{"line":"А18","mode":"bus","color":"#8e4604","oi":-1.344,"n":4,"sw":1},"geometry":{"type":"LineString","coordinates":[[25.950944,43.831668],[25.950929,43.831654]]}},{"type":"Feature","properties":{"line":"А18","mode":"bus","color":"#8e4604","oi":-1.397,"n":4,"sw":1},"geometry":{"type":"LineString","coordinates":[[25.950934,43.831659],[25.950919,43.831644]]}},{"type":"Feature","properties":{"line":"А18","mode":"bus","color":"#8e4604","oi":-1.44,"n":4,"sw":1},"geometry":{"type":"LineString","coordinates":[[25.950923,43.831649],[25.950908,43.831635]]}},{"type":"Feature","properties":{"line":"А18","mode":"bus","color":"#8e4604","oi":-1.473,"n":4,"sw":1},"geometry":{"type":"LineString","coordinates":[[25.950913,43.831639],[25.950897,43.831625]]}},{"type":"Feature","properties":{"line":"А18","mode":"bus","color":"#8e4604","oi":-1.493,"n":4,"sw":1},"geometry":{"type":"LineString","coordinates":[[25.950902,43.831629],[25.950887,43.831615]]}},{"type":"Feature","properties":{"line":"А18","mode":"bus","color":"#8e4604","oi":-1.5,"n":4,"sw":1},"geometry":{"type":"LineString","coordinates":[[25.950891,43.831619],[25.950876,43.831605]]}},{"type":"Feature","properties":{"line":"А18","mode":"bus","color":"#8e4604","oi":-1.5,"n":4},"geometry":{"type":"LineString","coordinates":[[25.954982,43.833997],[25.955107,43.833873]]}},{"type":"Feature","properties":{"line":"А18","mode":"bus","color":"#8e4604","oi":-1.5,"n":4,"sw":1},"geometry":{"type":"LineString","coordinates":[[25.955105,43.833875],[25.955116,43.833863]]}},{"type":"Feature","properties":{"line":"А18","mode":"bus","color":"#8e4604","oi":-1.485,"n":4,"sw":1},"geometry":{"type":"LineString","coordinates":[[25.955112,43.833868],[25.955123,43.833856]]}},{"type":"Feature","properties":{"line":"А18","mode":"bus","color":"#8e4604","oi":-1.443,"n":4,"sw":1},"geometry":{"type":"LineString","coordinates":[[25.955119,43.833861],[25.95513,43.83385]]}},{"type":"Feature","properties":{"line":"А18","mode":"bus","color":"#8e4604","oi":-1.376,"n":4,"sw":1},"geometry":{"type":"LineString","coordinates":[[25.955126,43.833854],[25.955137,43.833843]]}},{"type":"Feature","properties":{"line":"А18","mode":"bus","color":"#8e4604","oi":-1.29,"n":4,"sw":1},"geometry":{"type":"LineString","coordinates":[[25.955133,43.833847],[25.955144,43.833836]]}},{"type":"Feature","properties":{"line":"А18","mode":"bus","color":"#8e4604","oi":-1.187,"n":4,"sw":1},"geometry":{"type":"LineString","coordinates":[[25.95514,43.83384],[25.955151,43.833829]]}},{"type":"Feature","properties":{"line":"А18","mode":"bus","color":"#8e4604","oi":-1.071,"n":4,"sw":1},"geometry":{"type":"LineString","coordinates":[[25.955146,43.833833],[25.955158,43.833822]]}},{"type":"Feature","properties":{"line":"А18","mode":"bus","color":"#8e4604","oi":-0.946,"n":4,"sw":1},"geometry":{"type":"LineString","coordinates":[[25.955153,43.833826],[25.955165,43.833815]]}},{"type":"Feature","properties":{"line":"А18","mode":"bus","color":"#8e4604","oi":-0.816,"n":4,"sw":1},"geometry":{"type":"LineString","coordinates":[[25.95516,43.833819],[25.955172,43.833808]]}},{"type":"Feature","properties":{"line":"А18","mode":"bus","color":"#8e4604","oi":-0.684,"n":4,"sw":1},"geometry":{"type":"LineString","coordinates":[[25.955167,43.833812],[25.955179,43.833801]]}},{"type":"Feature","properties":{"line":"А18","mode":"bus","color":"#8e4604","oi":-0.554,"n":4,"sw":1},"geometry":{"type":"LineString","coordinates":[[25.955174,43.833806],[25.955186,43.833794]]}},{"type":"Feature","properties":{"line":"А18","mode":"bus","color":"#8e4604","oi":-0.429,"n":4,"sw":1},"geometry":{"type":"LineString","coordinates":[[25.955181,43.833799],[25.955193,43.833787]]}},{"type":"Feature","properties":{"line":"А18","mode":"bus","color":"#8e4604","oi":-0.313,"n":4,"sw":1},"geometry":{"type":"LineString","coordinates":[[25.955188,43.833792],[25.955199,43.83378]]}},{"type":"Feature","properties":{"line":"А18","mode":"bus","color":"#8e4604","oi":-0.21,"n":4,"sw":1},"geometry":{"type":"LineString","coordinates":[[25.955195,43.833785],[25.955206,43.833773]]}},{"type":"Feature","properties":{"line":"А18","mode":"bus","color":"#8e4604","oi":-0.124,"n":4,"sw":1},"geometry":{"type":"LineString","coordinates":[[25.955202,43.833778],[25.955213,43.833767]]}},{"type":"Feature","properties":{"line":"А18","mode":"bus","color":"#8e4604","oi":-0.057,"n":4,"sw":1},"geometry":{"type":"LineString","coordinates":[[25.955209,43.833771],[25.95522,43.83376]]}},{"type":"Feature","properties":{"line":"А18","mode":"bus","color":"#8e4604","oi":-0.015,"n":4,"sw":1},"geometry":{"type":"LineString","coordinates":[[25.955216,43.833764],[25.955227,43.833753]]}},{"type":"Feature","properties":{"line":"А18","mode":"bus","color":"#8e4604","oi":0,"n":4,"sw":1},"geometry":{"type":"LineString","coordinates":[[25.955223,43.833757],[25.955232,43.833748]]}},{"type":"Feature","properties":{"line":"А18","mode":"bus","color":"#8e4604","oi":-1,"n":3},"geometry":{"type":"LineString","coordinates":[[25.951723,43.837094],[25.954711,43.834255]]}},{"type":"Feature","properties":{"line":"А18","mode":"bus","color":"#8e4604","oi":0,"n":3,"sw":1},"geometry":{"type":"LineString","coordinates":[[25.951452,43.837352],[25.951469,43.837336]]}},{"type":"Feature","properties":{"line":"А18","mode":"bus","color":"#8e4604","oi":-0.01,"n":3,"sw":1},"geometry":{"type":"LineString","coordinates":[[25.951465,43.83734],[25.951484,43.837321]]}},{"type":"Feature","properties":{"line":"А18","mode":"bus","color":"#8e4604","oi":-0.038,"n":3,"sw":1},"geometry":{"type":"LineString","coordinates":[[25.95148,43.837325],[25.951499,43.837307]]}},{"type":"Feature","properties":{"line":"А18","mode":"bus","color":"#8e4604","oi":-0.082,"n":3,"sw":1},"geometry":{"type":"LineString","coordinates":[[25.951495,43.837311],[25.951515,43.837293]]}},{"type":"Feature","properties":{"line":"А18","mode":"bus","color":"#8e4604","oi":-0.14,"n":3,"sw":1},"geometry":{"type":"LineString","coordinates":[[25.95151,43.837297],[25.95153,43.837278]]}},{"type":"Feature","properties":{"line":"А18","mode":"bus","color":"#8e4604","oi":-0.209,"n":3,"sw":1},"geometry":{"type":"LineString","coordinates":[[25.951525,43.837282],[25.951545,43.837264]]}},{"type":"Feature","properties":{"line":"А18","mode":"bus","color":"#8e4604","oi":-0.286,"n":3,"sw":1},"geometry":{"type":"LineString","coordinates":[[25.95154,43.837268],[25.95156,43.83725]]}},{"type":"Feature","properties":{"line":"А18","mode":"bus","color":"#8e4604","oi":-0.369,"n":3,"sw":1},"geometry":{"type":"LineString","coordinates":[[25.951555,43.837254],[25.951575,43.837235]]}},{"type":"Feature","properties":{"line":"А18","mode":"bus","color":"#8e4604","oi":-0.456,"n":3,"sw":1},"geometry":{"type":"LineString","coordinates":[[25.95157,43.83724],[25.95159,43.837221]]}},{"type":"Feature","properties":{"line":"А18","mode":"bus","color":"#8e4604","oi":-0.544,"n":3,"sw":1},"geometry":{"type":"LineString","coordinates":[[25.951585,43.837225],[25.951605,43.837207]]}},{"type":"Feature","properties":{"line":"А18","mode":"bus","color":"#8e4604","oi":-0.631,"n":3,"sw":1},"geometry":{"type":"LineString","coordinates":[[25.951601,43.837211],[25.95162,43.837192]]}},{"type":"Feature","properties":{"line":"А18","mode":"bus","color":"#8e4604","oi":-0.714,"n":3,"sw":1},"geometry":{"type":"LineString","coordinates":[[25.951616,43.837197],[25.951635,43.837178]]}},{"type":"Feature","properties":{"line":"А18","mode":"bus","color":"#8e4604","oi":-0.791,"n":3,"sw":1},"geometry":{"type":"LineString","coordinates":[[25.951631,43.837182],[25.95165,43.837164]]}},{"type":"Feature","properties":{"line":"А18","mode":"bus","color":"#8e4604","oi":-0.86,"n":3,"sw":1},"geometry":{"type":"LineString","coordinates":[[25.951646,43.837168],[25.951665,43.837149]]}},{"type":"Feature","properties":{"line":"А18","mode":"bus","color":"#8e4604","oi":-0.918,"n":3,"sw":1},"geometry":{"type":"LineString","coordinates":[[25.951661,43.837154],[25.95168,43.837135]]}},{"type":"Feature","properties":{"line":"А18","mode":"bus","color":"#8e4604","oi":-0.962,"n":3,"sw":1},"geometry":{"type":"LineString","coordinates":[[25.951676,43.837139],[25.951696,43.837121]]}},{"type":"Feature","properties":{"line":"А18","mode":"bus","color":"#8e4604","oi":-0.99,"n":3,"sw":1},"geometry":{"type":"LineString","coordinates":[[25.951691,43.837125],[25.951711,43.837106]]}},{"type":"Feature","properties":{"line":"А18","mode":"bus","color":"#8e4604","oi":-1,"n":3,"sw":1},"geometry":{"type":"LineString","coordinates":[[25.951706,43.837111],[25.951726,43.837092]]}},{"type":"Feature","properties":{"line":"А18","mode":"bus","color":"#8e4604","oi":-1,"n":3,"sw":1},"geometry":{"type":"LineString","coordinates":[[25.954708,43.834257],[25.95474,43.834227]]}},{"type":"Feature","properties":{"line":"А18","mode":"bus","color":"#8e4604","oi":-1.017,"n":3,"sw":1},"geometry":{"type":"LineString","coordinates":[[25.954735,43.834231],[25.954767,43.834201]]}},{"type":"Feature","properties":{"line":"А18","mode":"bus","color":"#8e4604","oi":-1.063,"n":3,"sw":1},"geometry":{"type":"LineString","coordinates":[[25.954763,43.834206],[25.954794,43.834175]]}},{"type":"Feature","properties":{"line":"А18","mode":"bus","color":"#8e4604","oi":-1.13,"n":3,"sw":1},"geometry":{"type":"LineString","coordinates":[[25.95479,43.83418],[25.954821,43.83415]]}},{"type":"Feature","properties":{"line":"А18","mode":"bus","color":"#8e4604","oi":-1.209,"n":3,"sw":1},"geometry":{"type":"LineString","coordinates":[[25.954817,43.834154],[25.954849,43.834124]]}},{"type":"Feature","properties":{"line":"А18","mode":"bus","color":"#8e4604","oi":-1.291,"n":3,"sw":1},"geometry":{"type":"LineString","coordinates":[[25.954844,43.834128],[25.954876,43.834098]]}},{"type":"Feature","properties":{"line":"А18","mode":"bus","color":"#8e4604","oi":-1.37,"n":3,"sw":1},"geometry":{"type":"LineString","coordinates":[[25.954871,43.834102],[25.954903,43.834072]]}},{"type":"Feature","properties":{"line":"А18","mode":"bus","color":"#8e4604","oi":-1.437,"n":3,"sw":1},"geometry":{"type":"LineString","coordinates":[[25.954898,43.834077],[25.95493,43.834046]]}},{"type":"Feature","properties":{"line":"А18","mode":"bus","color":"#8e4604","oi":-1.483,"n":3,"sw":1},"geometry":{"type":"LineString","coordinates":[[25.954925,43.834051],[25.954957,43.834021]]}},{"type":"Feature","properties":{"line":"А18","mode":"bus","color":"#8e4604","oi":-1.5,"n":3,"sw":1},"geometry":{"type":"LineString","coordinates":[[25.954953,43.834025],[25.954982,43.833997]]}},{"type":"Feature","properties":{"line":"А18","mode":"bus","color":"#8e4604","oi":-0.5,"n":4},"geometry":{"type":"LineString","coordinates":[[25.951469,43.829898],[25.951195,43.829769],[25.95096,43.829613],[25.950536,43.829386],[25.950478,43.829311],[25.950451,43.829174],[25.95046,43.828875],[25.950436,43.82873],[25.950369,43.828641],[25.949714,43.828256],[25.949458,43.828269],[25.949413,43.828278],[25.949377,43.8283],[25.949316,43.828355],[25.949344,43.828668],[25.949336,43.829586],[25.949401,43.829945],[25.949576,43.830269],[25.949906,43.830636],[25.950358,43.831244],[25.950384,43.831337]]}},{"type":"Feature","properties":{"line":"А18","mode":"bus","color":"#8e4604","oi":-0.5,"n":4,"sw":1},"geometry":{"type":"LineString","coordinates":[[25.950383,43.831334],[25.950394,43.831371]]}},{"type":"Feature","properties":{"line":"А18","mode":"bus","color":"#8e4604","oi":-0.483,"n":4,"sw":1},"geometry":{"type":"LineString","coordinates":[[25.950392,43.831366],[25.950403,43.831403]]}},{"type":"Feature","properties":{"line":"А18","mode":"bus","color":"#8e4604","oi":-0.437,"n":4,"sw":1},"geometry":{"type":"LineString","coordinates":[[25.950401,43.831398],[25.950411,43.831432],[25.950411,43.831435]]}},{"type":"Feature","properties":{"line":"А18","mode":"bus","color":"#8e4604","oi":-0.37,"n":4,"sw":1},"geometry":{"type":"LineString","coordinates":[[25.95041,43.83143],[25.950411,43.831432],[25.950412,43.831467]]}},{"type":"Feature","properties":{"line":"А18","mode":"bus","color":"#8e4604","oi":-0.291,"n":4,"sw":1},"geometry":{"type":"LineString","coordinates":[[25.950412,43.831462],[25.950413,43.8315]]}},{"type":"Feature","properties":{"line":"А18","mode":"bus","color":"#8e4604","oi":-0.209,"n":4,"sw":1},"geometry":{"type":"LineString","coordinates":[[25.950413,43.831494],[25.950414,43.831532]]}},{"type":"Feature","properties":{"line":"А18","mode":"bus","color":"#8e4604","oi":-0.13,"n":4,"sw":1},"geometry":{"type":"LineString","coordinates":[[25.950414,43.831527],[25.950415,43.831565]]}},{"type":"Feature","properties":{"line":"А18","mode":"bus","color":"#8e4604","oi":-0.063,"n":4,"sw":1},"geometry":{"type":"LineString","coordinates":[[25.950414,43.831559],[25.950415,43.831597]]}},{"type":"Feature","properties":{"line":"А18","mode":"bus","color":"#8e4604","oi":-0.017,"n":4,"sw":1},"geometry":{"type":"LineString","coordinates":[[25.950415,43.831592],[25.950416,43.831629]]}},{"type":"Feature","properties":{"line":"А18","mode":"bus","color":"#8e4604","oi":0,"n":4,"sw":1},"geometry":{"type":"LineString","coordinates":[[25.950416,43.831624],[25.950417,43.831659]]}},{"type":"Feature","properties":{"line":"А18","mode":"bus","color":"#8e4604","oi":-0.5,"n":4},"geometry":{"type":"LineString","coordinates":[[25.950819,43.831869],[25.951181,43.831972],[25.952114,43.832322],[25.953023,43.832707],[25.953523,43.832951],[25.954373,43.833414],[25.954623,43.833629],[25.954881,43.833933],[25.955707,43.83442]]}},{"type":"Feature","properties":{"line":"А18","mode":"bus","color":"#8e4604","oi":0,"n":4,"sw":1},"geometry":{"type":"LineString","coordinates":[[25.950401,43.831751],[25.950446,43.831764]]}},{"type":"Feature","properties":{"line":"А18","mode":"bus","color":"#8e4604","oi":-0.017,"n":4,"sw":1},"geometry":{"type":"LineString","coordinates":[[25.950439,43.831762],[25.950488,43.831776]]}},{"type":"Feature","properties":{"line":"А18","mode":"bus","color":"#8e4604","oi":-0.063,"n":4,"sw":1},"geometry":{"type":"LineString","coordinates":[[25.950481,43.831774],[25.95053,43.831787]]}},{"type":"Feature","properties":{"line":"А18","mode":"bus","color":"#8e4604","oi":-0.13,"n":4,"sw":1},"geometry":{"type":"LineString","coordinates":[[25.950523,43.831786],[25.950572,43.831799]]}},{"type":"Feature","properties":{"line":"А18","mode":"bus","color":"#8e4604","oi":-0.209,"n":4,"sw":1},"geometry":{"type":"LineString","coordinates":[[25.950565,43.831797],[25.950613,43.831811]]}},{"type":"Feature","properties":{"line":"А18","mode":"bus","color":"#8e4604","oi":-0.291,"n":4,"sw":1},"geometry":{"type":"LineString","coordinates":[[25.950606,43.831809],[25.950655,43.831823]]}},{"type":"Feature","properties":{"line":"А18","mode":"bus","color":"#8e4604","oi":-0.37,"n":4,"sw":1},"geometry":{"type":"LineString","coordinates":[[25.950648,43.831821],[25.950697,43.831835]]}},{"type":"Feature","properties":{"line":"А18","mode":"bus","color":"#8e4604","oi":-0.437,"n":4,"sw":1},"geometry":{"type":"LineString","coordinates":[[25.95069,43.831833],[25.950739,43.831847]]}},{"type":"Feature","properties":{"line":"А18","mode":"bus","color":"#8e4604","oi":-0.483,"n":4,"sw":1},"geometry":{"type":"LineString","coordinates":[[25.950732,43.831845],[25.95078,43.831858]]}},{"type":"Feature","properties":{"line":"А18","mode":"bus","color":"#8e4604","oi":-0.5,"n":4,"sw":1},"geometry":{"type":"LineString","coordinates":[[25.950773,43.831857],[25.950822,43.83187]]}},{"type":"Feature","properties":{"line":"А18","mode":"bus","color":"#8e4604","oi":-0.5,"n":2},"geometry":{"type":"LineString","coordinates":[[25.950716,43.838591],[25.950801,43.838636],[25.950977,43.838694],[25.954634,43.839034]]}},{"type":"Feature","properties":{"line":"А18","mode":"bus","color":"#8e4604","oi":0,"n":2,"sw":1},"geometry":{"type":"LineString","coordinates":[[25.950334,43.838424],[25.950378,43.838439]]}},{"type":"Feature","properties":{"line":"А18","mode":"bus","color":"#8e4604","oi":-0.017,"n":2,"sw":1},"geometry":{"type":"LineString","coordinates":[[25.950371,43.838437],[25.950418,43.838453]]}},{"type":"Feature","properties":{"line":"А18","mode":"bus","color":"#8e4604","oi":-0.063,"n":2,"sw":1},"geometry":{"type":"LineString","coordinates":[[25.950412,43.838451],[25.950459,43.838467]]}},{"type":"Feature","properties":{"line":"А18","mode":"bus","color":"#8e4604","oi":-0.13,"n":2,"sw":1},"geometry":{"type":"LineString","coordinates":[[25.950452,43.838465],[25.950499,43.838481]]}},{"type":"Feature","properties":{"line":"А18","mode":"bus","color":"#8e4604","oi":-0.209,"n":2,"sw":1},"geometry":{"type":"LineString","coordinates":[[25.950493,43.838479],[25.950531,43.838492],[25.950539,43.838496]]}},{"type":"Feature","properties":{"line":"А18","mode":"bus","color":"#8e4604","oi":-0.291,"n":2,"sw":1},"geometry":{"type":"LineString","coordinates":[[25.950533,43.838493],[25.950575,43.838515]]}},{"type":"Feature","properties":{"line":"А18","mode":"bus","color":"#8e4604","oi":-0.37,"n":2,"sw":1},"geometry":{"type":"LineString","coordinates":[[25.950569,43.838512],[25.950611,43.838535]]}},{"type":"Feature","properties":{"line":"А18","mode":"bus","color":"#8e4604","oi":-0.437,"n":2,"sw":1},"geometry":{"type":"LineString","coordinates":[[25.950605,43.838531],[25.950647,43.838554]]}},{"type":"Feature","properties":{"line":"А18","mode":"bus","color":"#8e4604","oi":-0.483,"n":2,"sw":1},"geometry":{"type":"LineString","coordinates":[[25.950641,43.838551],[25.950683,43.838573]]}},{"type":"Feature","properties":{"line":"А18","mode":"bus","color":"#8e4604","oi":-0.5,"n":2,"sw":1},"geometry":{"type":"LineString","coordinates":[[25.950677,43.83857],[25.950719,43.838592]]}},{"type":"Feature","properties":{"line":"А18","mode":"bus","color":"#8e4604","oi":-0.5,"n":2,"sw":1},"geometry":{"type":"LineString","coordinates":[[25.95463,43.839033],[25.954682,43.839038]]}},{"type":"Feature","properties":{"line":"А18","mode":"bus","color":"#8e4604","oi":-0.483,"n":2,"sw":1},"geometry":{"type":"LineString","coordinates":[[25.954674,43.839037],[25.954726,43.839042]]}},{"type":"Feature","properties":{"line":"А18","mode":"bus","color":"#8e4604","oi":-0.437,"n":2,"sw":1},"geometry":{"type":"LineString","coordinates":[[25.954719,43.839041],[25.954771,43.839046]]}},{"type":"Feature","properties":{"line":"А18","mode":"bus","color":"#8e4604","oi":-0.37,"n":2,"sw":1},"geometry":{"type":"LineString","coordinates":[[25.954763,43.839046],[25.954815,43.83905]]}},{"type":"Feature","properties":{"line":"А18","mode":"bus","color":"#8e4604","oi":-0.291,"n":2,"sw":1},"geometry":{"type":"LineString","coordinates":[[25.954808,43.83905],[25.95486,43.839055]]}},{"type":"Feature","properties":{"line":"А18","mode":"bus","color":"#8e4604","oi":-0.209,"n":2,"sw":1},"geometry":{"type":"LineString","coordinates":[[25.954852,43.839054],[25.954904,43.839059]]}},{"type":"Feature","properties":{"line":"А18","mode":"bus","color":"#8e4604","oi":-0.13,"n":2,"sw":1},"geometry":{"type":"LineString","coordinates":[[25.954897,43.839058],[25.95494,43.839062],[25.954949,43.839061]]}},{"type":"Feature","properties":{"line":"А18","mode":"bus","color":"#8e4604","oi":-0.063,"n":2,"sw":1},"geometry":{"type":"LineString","coordinates":[[25.954941,43.839062],[25.954993,43.839056]]}},{"type":"Feature","properties":{"line":"А18","mode":"bus","color":"#8e4604","oi":-0.017,"n":2,"sw":1},"geometry":{"type":"LineString","coordinates":[[25.954986,43.839057],[25.955037,43.839051]]}},{"type":"Feature","properties":{"line":"А18","mode":"bus","color":"#8e4604","oi":0,"n":2,"sw":1},"geometry":{"type":"LineString","coordinates":[[25.95503,43.839052],[25.955078,43.839046]]}},{"type":"Feature","properties":{"line":"А18","mode":"bus","color":"#8e4604","oi":-0.5,"n":4},"geometry":{"type":"LineString","coordinates":[[25.954721,43.841147],[25.954386,43.843169],[25.954138,43.844497]]}},{"type":"Feature","properties":{"line":"А18","mode":"bus","color":"#8e4604","oi":0,"n":4,"sw":1},"geometry":{"type":"LineString","coordinates":[[25.954774,43.840825],[25.954768,43.84086]]}},{"type":"Feature","properties":{"line":"А18","mode":"bus","color":"#8e4604","oi":-0.017,"n":4,"sw":1},"geometry":{"type":"LineString","coordinates":[[25.954769,43.840854],[25.954763,43.840892]]}},{"type":"Feature","properties":{"line":"А18","mode":"bus","color":"#8e4604","oi":-0.063,"n":4,"sw":1},"geometry":{"type":"LineString","coordinates":[[25.954764,43.840887],[25.954758,43.840924]]}},{"type":"Feature","properties":{"line":"А18","mode":"bus","color":"#8e4604","oi":-0.13,"n":4,"sw":1},"geometry":{"type":"LineString","coordinates":[[25.954758,43.840919],[25.954752,43.840956]]}},{"type":"Feature","properties":{"line":"А18","mode":"bus","color":"#8e4604","oi":-0.209,"n":4,"sw":1},"geometry":{"type":"LineString","coordinates":[[25.954753,43.840951],[25.954747,43.840989]]}},{"type":"Feature","properties":{"line":"А18","mode":"bus","color":"#8e4604","oi":-0.291,"n":4,"sw":1},"geometry":{"type":"LineString","coordinates":[[25.954748,43.840983],[25.954742,43.841021]]}},{"type":"Feature","properties":{"line":"А18","mode":"bus","color":"#8e4604","oi":-0.37,"n":4,"sw":1},"geometry":{"type":"LineString","coordinates":[[25.954742,43.841015],[25.954736,43.841053]]}},{"type":"Feature","properties":{"line":"А18","mode":"bus","color":"#8e4604","oi":-0.437,"n":4,"sw":1},"geometry":{"type":"LineString","coordinates":[[25.954737,43.841047],[25.954731,43.841085]]}},{"type":"Feature","properties":{"line":"А18","mode":"bus","color":"#8e4604","oi":-0.483,"n":4,"sw":1},"geometry":{"type":"LineString","coordinates":[[25.954732,43.84108],[25.954726,43.841117]]}},{"type":"Feature","properties":{"line":"А18","mode":"bus","color":"#8e4604","oi":-0.5,"n":4,"sw":1},"geometry":{"type":"LineString","coordinates":[[25.954727,43.841112],[25.95472,43.841149]]}},{"type":"Feature","properties":{"line":"А18","mode":"bus","color":"#8e4604","oi":-0.5,"n":4,"sw":1},"geometry":{"type":"LineString","coordinates":[[25.954138,43.844494],[25.954131,43.844532]]}},{"type":"Feature","properties":{"line":"А18","mode":"bus","color":"#8e4604","oi":-0.483,"n":4,"sw":1},"geometry":{"type":"LineString","coordinates":[[25.954132,43.844526],[25.954125,43.844564]]}},{"type":"Feature","properties":{"line":"А18","mode":"bus","color":"#8e4604","oi":-0.437,"n":4,"sw":1},"geometry":{"type":"LineString","coordinates":[[25.954126,43.844558],[25.954119,43.844596]]}},{"type":"Feature","properties":{"line":"А18","mode":"bus","color":"#8e4604","oi":-0.37,"n":4,"sw":1},"geometry":{"type":"LineString","coordinates":[[25.95412,43.844591],[25.954113,43.844628]]}},{"type":"Feature","properties":{"line":"А18","mode":"bus","color":"#8e4604","oi":-0.291,"n":4,"sw":1},"geometry":{"type":"LineString","coordinates":[[25.954114,43.844623],[25.954107,43.84466]]}},{"type":"Feature","properties":{"line":"А18","mode":"bus","color":"#8e4604","oi":-0.209,"n":4,"sw":1},"geometry":{"type":"LineString","coordinates":[[25.954108,43.844655],[25.954101,43.844692]]}},{"type":"Feature","properties":{"line":"А18","mode":"bus","color":"#8e4604","oi":-0.13,"n":4,"sw":1},"geometry":{"type":"LineString","coordinates":[[25.954102,43.844687],[25.954095,43.844724]]}},{"type":"Feature","properties":{"line":"А18","mode":"bus","color":"#8e4604","oi":-0.063,"n":4,"sw":1},"geometry":{"type":"LineString","coordinates":[[25.954096,43.844719],[25.954089,43.844756]]}},{"type":"Feature","properties":{"line":"А18","mode":"bus","color":"#8e4604","oi":-0.017,"n":4,"sw":1},"geometry":{"type":"LineString","coordinates":[[25.95409,43.844751],[25.954083,43.844789]]}},{"type":"Feature","properties":{"line":"А18","mode":"bus","color":"#8e4604","oi":0,"n":4,"sw":1},"geometry":{"type":"LineString","coordinates":[[25.954084,43.844783],[25.954078,43.844818]]}},{"type":"Feature","properties":{"line":"А18","mode":"bus","color":"#8e4604","oi":-0.5,"n":4},"geometry":{"type":"LineString","coordinates":[[25.955127,43.838724],[25.955378,43.837085],[25.955819,43.83474]]}},{"type":"Feature","properties":{"line":"А18","mode":"bus","color":"#8e4604","oi":0,"n":4,"sw":1},"geometry":{"type":"LineString","coordinates":[[25.955078,43.839046],[25.955083,43.839011]]}},{"type":"Feature","properties":{"line":"А18","mode":"bus","color":"#8e4604","oi":-0.017,"n":4,"sw":1},"geometry":{"type":"LineString","coordinates":[[25.955083,43.839016],[25.955088,43.838979]]}},{"type":"Feature","properties":{"line":"А18","mode":"bus","color":"#8e4604","oi":-0.063,"n":4,"sw":1},"geometry":{"type":"LineString","coordinates":[[25.955087,43.838984],[25.955093,43.838947]]}},{"type":"Feature","properties":{"line":"А18","mode":"bus","color":"#8e4604","oi":-0.13,"n":4,"sw":1},"geometry":{"type":"LineString","coordinates":[[25.955092,43.838952],[25.955098,43.838915]]}},{"type":"Feature","properties":{"line":"А18","mode":"bus","color":"#8e4604","oi":-0.209,"n":4,"sw":1},"geometry":{"type":"LineString","coordinates":[[25.955097,43.83892],[25.955103,43.838882]]}},{"type":"Feature","properties":{"line":"А18","mode":"bus","color":"#8e4604","oi":-0.291,"n":4,"sw":1},"geometry":{"type":"LineString","coordinates":[[25.955102,43.838888],[25.955108,43.83885]]}},{"type":"Feature","properties":{"line":"А18","mode":"bus","color":"#8e4604","oi":-0.37,"n":4,"sw":1},"geometry":{"type":"LineString","coordinates":[[25.955107,43.838855],[25.955113,43.838818]]}},{"type":"Feature","properties":{"line":"А18","mode":"bus","color":"#8e4604","oi":-0.437,"n":4,"sw":1},"geometry":{"type":"LineString","coordinates":[[25.955112,43.838823],[25.955118,43.838786]]}},{"type":"Feature","properties":{"line":"А18","mode":"bus","color":"#8e4604","oi":-0.483,"n":4,"sw":1},"geometry":{"type":"LineString","coordinates":[[25.955117,43.838791],[25.955123,43.838754]]}},{"type":"Feature","properties":{"line":"А18","mode":"bus","color":"#8e4604","oi":-0.5,"n":4,"sw":1},"geometry":{"type":"LineString","coordinates":[[25.955122,43.838759],[25.955128,43.838721]]}},{"type":"Feature","properties":{"line":"А18","mode":"bus","color":"#8e4604","oi":0,"n":3},"geometry":{"type":"LineString","coordinates":[[25.955707,43.83442],[25.95578,43.834552],[25.955785,43.834576]]}},{"type":"Feature","properties":{"line":"А18","mode":"bus","color":"#8e4604","oi":0,"n":3,"sw":1},"geometry":{"type":"LineString","coordinates":[[25.955784,43.834573],[25.955789,43.834595]]}},{"type":"Feature","properties":{"line":"А18","mode":"bus","color":"#8e4604","oi":0.017,"n":3,"sw":1},"geometry":{"type":"LineString","coordinates":[[25.955788,43.834589],[25.955792,43.834611]]}},{"type":"Feature","properties":{"line":"А18","mode":"bus","color":"#8e4604","oi":0.063,"n":3,"sw":1},"geometry":{"type":"LineString","coordinates":[[25.955791,43.834606],[25.955796,43.834628]]}},{"type":"Feature","properties":{"line":"А18","mode":"bus","color":"#8e4604","oi":0.13,"n":3,"sw":1},"geometry":{"type":"LineString","coordinates":[[25.955795,43.834622],[25.955799,43.834644]]}},{"type":"Feature","properties":{"line":"А18","mode":"bus","color":"#8e4604","oi":0.209,"n":3,"sw":1},"geometry":{"type":"LineString","coordinates":[[25.955798,43.834639],[25.955803,43.834661]]}},{"type":"Feature","properties":{"line":"А18","mode":"bus","color":"#8e4604","oi":0.291,"n":3,"sw":1},"geometry":{"type":"LineString","coordinates":[[25.955801,43.834655],[25.955806,43.834677]]}},{"type":"Feature","properties":{"line":"А18","mode":"bus","color":"#8e4604","oi":0.37,"n":3,"sw":1},"geometry":{"type":"LineString","coordinates":[[25.955805,43.834672],[25.955809,43.834693]]}},{"type":"Feature","properties":{"line":"А18","mode":"bus","color":"#8e4604","oi":0.437,"n":3,"sw":1},"geometry":{"type":"LineString","coordinates":[[25.955808,43.834688],[25.955813,43.83471]]}},{"type":"Feature","properties":{"line":"А18","mode":"bus","color":"#8e4604","oi":0.483,"n":3,"sw":1},"geometry":{"type":"LineString","coordinates":[[25.955812,43.834704],[25.955816,43.834726]]}},{"type":"Feature","properties":{"line":"А18","mode":"bus","color":"#8e4604","oi":0.5,"n":3,"sw":1},"geometry":{"type":"LineString","coordinates":[[25.955815,43.834721],[25.955819,43.83474]]}},{"type":"Feature","properties":{"line":"А18","mode":"bus","color":"#8e4604","oi":0,"n":3},"geometry":{"type":"LineString","coordinates":[[25.95696,43.832189],[25.955579,43.83168],[25.953139,43.830701],[25.951842,43.830078]]}},{"type":"Feature","properties":{"line":"А18","mode":"bus","color":"#8e4604","oi":0,"n":3,"sw":1},"geometry":{"type":"LineString","coordinates":[[25.951846,43.830079],[25.951802,43.830058]]}},{"type":"Feature","properties":{"line":"А18","mode":"bus","color":"#8e4604","oi":-0.017,"n":3,"sw":1},"geometry":{"type":"LineString","coordinates":[[25.951808,43.830061],[25.951765,43.83004]]}},{"type":"Feature","properties":{"line":"А18","mode":"bus","color":"#8e4604","oi":-0.063,"n":3,"sw":1},"geometry":{"type":"LineString","coordinates":[[25.951771,43.830043],[25.951727,43.830022]]}},{"type":"Feature","properties":{"line":"А18","mode":"bus","color":"#8e4604","oi":-0.13,"n":3,"sw":1},"geometry":{"type":"LineString","coordinates":[[25.951734,43.830025],[25.95169,43.830004]]}},{"type":"Feature","properties":{"line":"А18","mode":"bus","color":"#8e4604","oi":-0.209,"n":3,"sw":1},"geometry":{"type":"LineString","coordinates":[[25.951696,43.830007],[25.951653,43.829986]]}},{"type":"Feature","properties":{"line":"А18","mode":"bus","color":"#8e4604","oi":-0.291,"n":3,"sw":1},"geometry":{"type":"LineString","coordinates":[[25.951659,43.829989],[25.951615,43.829968]]}},{"type":"Feature","properties":{"line":"А18","mode":"bus","color":"#8e4604","oi":-0.37,"n":3,"sw":1},"geometry":{"type":"LineString","coordinates":[[25.951621,43.829971],[25.951578,43.82995]]}},{"type":"Feature","properties":{"line":"А18","mode":"bus","color":"#8e4604","oi":-0.437,"n":3,"sw":1},"geometry":{"type":"LineString","coordinates":[[25.951584,43.829953],[25.951541,43.829932]]}},{"type":"Feature","properties":{"line":"А18","mode":"bus","color":"#8e4604","oi":-0.483,"n":3,"sw":1},"geometry":{"type":"LineString","coordinates":[[25.951547,43.829935],[25.951503,43.829914]]}},{"type":"Feature","properties":{"line":"А18","mode":"bus","color":"#8e4604","oi":-0.5,"n":3,"sw":1},"geometry":{"type":"LineString","coordinates":[[25.951509,43.829917],[25.951469,43.829898]]}},{"type":"Feature","properties":{"line":"А18","mode":"bus","color":"#8e4604","oi":-0.5,"n":4},"geometry":{"type":"LineString","coordinates":[[25.998344,43.85292],[26.00204,43.85341],[26.004484,43.853696]]}},{"type":"Feature","properties":{"line":"А18","mode":"bus","color":"#8e4604","oi":0,"n":4,"sw":1},"geometry":{"type":"LineString","coordinates":[[25.997903,43.852861],[25.997951,43.852867]]}},{"type":"Feature","properties":{"line":"А18","mode":"bus","color":"#8e4604","oi":-0.017,"n":4,"sw":1},"geometry":{"type":"LineString","coordinates":[[25.997943,43.852866],[25.997995,43.852873]]}},{"type":"Feature","properties":{"line":"А18","mode":"bus","color":"#8e4604","oi":-0.063,"n":4,"sw":1},"geometry":{"type":"LineString","coordinates":[[25.997988,43.852872],[25.998039,43.852879]]}},{"type":"Feature","properties":{"line":"А18","mode":"bus","color":"#8e4604","oi":-0.13,"n":4,"sw":1},"geometry":{"type":"LineString","coordinates":[[25.998032,43.852878],[25.998083,43.852885]]}},{"type":"Feature","properties":{"line":"А18","mode":"bus","color":"#8e4604","oi":-0.209,"n":4,"sw":1},"geometry":{"type":"LineString","coordinates":[[25.998076,43.852884],[25.998127,43.852891]]}},{"type":"Feature","properties":{"line":"А18","mode":"bus","color":"#8e4604","oi":-0.291,"n":4,"sw":1},"geometry":{"type":"LineString","coordinates":[[25.99812,43.85289],[25.998171,43.852897]]}},{"type":"Feature","properties":{"line":"А18","mode":"bus","color":"#8e4604","oi":-0.37,"n":4,"sw":1},"geometry":{"type":"LineString","coordinates":[[25.998164,43.852896],[25.998216,43.852902]]}},{"type":"Feature","properties":{"line":"А18","mode":"bus","color":"#8e4604","oi":-0.437,"n":4,"sw":1},"geometry":{"type":"LineString","coordinates":[[25.998208,43.852902],[25.99826,43.852908]]}},{"type":"Feature","properties":{"line":"А18","mode":"bus","color":"#8e4604","oi":-0.483,"n":4,"sw":1},"geometry":{"type":"LineString","coordinates":[[25.998252,43.852907],[25.998304,43.852914]]}},{"type":"Feature","properties":{"line":"А18","mode":"bus","color":"#8e4604","oi":-0.5,"n":4,"sw":1},"geometry":{"type":"LineString","coordinates":[[25.998296,43.852913],[25.998348,43.85292]]}},{"type":"Feature","properties":{"line":"А18","mode":"bus","color":"#8e4604","oi":-0.5,"n":4},"geometry":{"type":"LineString","coordinates":[[25.998306,43.853048],[26.002354,43.85358]]}},{"type":"Feature","properties":{"line":"А18","mode":"bus","color":"#8e4604","oi":0,"n":4,"sw":1},"geometry":{"type":"LineString","coordinates":[[25.997865,43.85299],[25.997913,43.852996]]}},{"type":"Feature","properties":{"line":"А18","mode":"bus","color":"#8e4604","oi":-0.017,"n":4,"sw":1},"geometry":{"type":"LineString","coordinates":[[25.997905,43.852995],[25.997957,43.853002]]}},{"type":"Feature","properties":{"line":"А18","mode":"bus","color":"#8e4604","oi":-0.063,"n":4,"sw":1},"geometry":{"type":"LineString","coordinates":[[25.99795,43.853001],[25.998001,43.853008]]}},{"type":"Feature","properties":{"line":"А18","mode":"bus","color":"#8e4604","oi":-0.13,"n":4,"sw":1},"geometry":{"type":"LineString","coordinates":[[25.997994,43.853007],[25.998045,43.853014]]}},{"type":"Feature","properties":{"line":"А18","mode":"bus","color":"#8e4604","oi":-0.209,"n":4,"sw":1},"geometry":{"type":"LineString","coordinates":[[25.998038,43.853013],[25.998089,43.853019]]}},{"type":"Feature","properties":{"line":"А18","mode":"bus","color":"#8e4604","oi":-0.291,"n":4,"sw":1},"geometry":{"type":"LineString","coordinates":[[25.998082,43.853019],[25.998134,43.853025]]}},{"type":"Feature","properties":{"line":"А18","mode":"bus","color":"#8e4604","oi":-0.37,"n":4,"sw":1},"geometry":{"type":"LineString","coordinates":[[25.998126,43.853024],[25.998178,43.853031]]}},{"type":"Feature","properties":{"line":"А18","mode":"bus","color":"#8e4604","oi":-0.437,"n":4,"sw":1},"geometry":{"type":"LineString","coordinates":[[25.99817,43.85303],[25.998222,43.853037]]}},{"type":"Feature","properties":{"line":"А18","mode":"bus","color":"#8e4604","oi":-0.483,"n":4,"sw":1},"geometry":{"type":"LineString","coordinates":[[25.998214,43.853036],[25.998266,43.853043]]}},{"type":"Feature","properties":{"line":"А18","mode":"bus","color":"#8e4604","oi":-0.5,"n":4,"sw":1},"geometry":{"type":"LineString","coordinates":[[25.998259,43.853042],[25.99831,43.853048]]}},{"type":"Feature","properties":{"line":"А15","mode":"bus","color":"#03636c","oi":-0.5,"n":4},"geometry":{"type":"LineString","coordinates":[[25.947351,43.828135],[25.949019,43.828997],[25.949903,43.829493],[25.951264,43.830122]]}},{"type":"Feature","properties":{"line":"А15","mode":"bus","color":"#03636c","oi":-0.5,"n":4},"geometry":{"type":"LineString","coordinates":[[25.950879,43.831607],[25.950762,43.831499],[25.950426,43.831135],[25.949632,43.830127],[25.949535,43.829945],[25.949476,43.829604],[25.949444,43.82871],[25.949547,43.82858],[25.949716,43.82852],[25.949811,43.828517],[25.949902,43.828536],[25.950257,43.828746],[25.950306,43.828942],[25.950285,43.828997],[25.950267,43.829022],[25.950236,43.829041],[25.950052,43.829114],[25.949896,43.829117],[25.949061,43.828653],[25.94761,43.827897]]}},{"type":"Feature","properties":{"line":"А15","mode":"bus","color":"#03636c","oi":0,"n":4,"sw":1},"geometry":{"type":"LineString","coordinates":[[25.951154,43.831863],[25.951124,43.831835]]}},{"type":"Feature","properties":{"line":"А15","mode":"bus","color":"#03636c","oi":-0.017,"n":4,"sw":1},"geometry":{"type":"LineString","coordinates":[[25.951129,43.83184],[25.951097,43.83181]]}},{"type":"Feature","properties":{"line":"А15","mode":"bus","color":"#03636c","oi":-0.063,"n":4,"sw":1},"geometry":{"type":"LineString","coordinates":[[25.951101,43.831814],[25.951069,43.831784]]}},{"type":"Feature","properties":{"line":"А15","mode":"bus","color":"#03636c","oi":-0.13,"n":4,"sw":1},"geometry":{"type":"LineString","coordinates":[[25.951074,43.831788],[25.951042,43.831759]]}},{"type":"Feature","properties":{"line":"А15","mode":"bus","color":"#03636c","oi":-0.209,"n":4,"sw":1},"geometry":{"type":"LineString","coordinates":[[25.951046,43.831763],[25.951014,43.831733]]}},{"type":"Feature","properties":{"line":"А15","mode":"bus","color":"#03636c","oi":-0.291,"n":4,"sw":1},"geometry":{"type":"LineString","coordinates":[[25.951019,43.831737],[25.950986,43.831707]]}},{"type":"Feature","properties":{"line":"А15","mode":"bus","color":"#03636c","oi":-0.37,"n":4,"sw":1},"geometry":{"type":"LineString","coordinates":[[25.950991,43.831712],[25.950959,43.831682]]}},{"type":"Feature","properties":{"line":"А15","mode":"bus","color":"#03636c","oi":-0.437,"n":4,"sw":1},"geometry":{"type":"LineString","coordinates":[[25.950964,43.831686],[25.950931,43.831656]]}},{"type":"Feature","properties":{"line":"А15","mode":"bus","color":"#03636c","oi":-0.483,"n":4,"sw":1},"geometry":{"type":"LineString","coordinates":[[25.950936,43.831661],[25.950904,43.831631]]}},{"type":"Feature","properties":{"line":"А15","mode":"bus","color":"#03636c","oi":-0.5,"n":4,"sw":1},"geometry":{"type":"LineString","coordinates":[[25.950908,43.831635],[25.950876,43.831605]]}},{"type":"Feature","properties":{"line":"А15","mode":"bus","color":"#03636c","oi":-0.5,"n":4},"geometry":{"type":"LineString","coordinates":[[25.954982,43.833997],[25.955107,43.833873]]}},{"type":"Feature","properties":{"line":"А15","mode":"bus","color":"#03636c","oi":-0.5,"n":4,"sw":1},"geometry":{"type":"LineString","coordinates":[[25.955105,43.833875],[25.955122,43.833858]]}},{"type":"Feature","properties":{"line":"А15","mode":"bus","color":"#03636c","oi":-0.483,"n":4,"sw":1},"geometry":{"type":"LineString","coordinates":[[25.955117,43.833862],[25.955134,43.833845]]}},{"type":"Feature","properties":{"line":"А15","mode":"bus","color":"#03636c","oi":-0.437,"n":4,"sw":1},"geometry":{"type":"LineString","coordinates":[[25.95513,43.83385],[25.955147,43.833833]]}},{"type":"Feature","properties":{"line":"А15","mode":"bus","color":"#03636c","oi":-0.37,"n":4,"sw":1},"geometry":{"type":"LineString","coordinates":[[25.955142,43.833837],[25.955159,43.833821]]}},{"type":"Feature","properties":{"line":"А15","mode":"bus","color":"#03636c","oi":-0.291,"n":4,"sw":1},"geometry":{"type":"LineString","coordinates":[[25.955155,43.833825],[25.955172,43.833808]]}},{"type":"Feature","properties":{"line":"А15","mode":"bus","color":"#03636c","oi":-0.209,"n":4,"sw":1},"geometry":{"type":"LineString","coordinates":[[25.955167,43.833812],[25.955184,43.833796]]}},{"type":"Feature","properties":{"line":"А15","mode":"bus","color":"#03636c","oi":-0.13,"n":4,"sw":1},"geometry":{"type":"LineString","coordinates":[[25.95518,43.8338],[25.955197,43.833783]]}},{"type":"Feature","properties":{"line":"А15","mode":"bus","color":"#03636c","oi":-0.063,"n":4,"sw":1},"geometry":{"type":"LineString","coordinates":[[25.955192,43.833788],[25.955209,43.833771]]}},{"type":"Feature","properties":{"line":"А15","mode":"bus","color":"#03636c","oi":-0.017,"n":4,"sw":1},"geometry":{"type":"LineString","coordinates":[[25.955205,43.833775],[25.955222,43.833758]]}},{"type":"Feature","properties":{"line":"А15","mode":"bus","color":"#03636c","oi":0,"n":4,"sw":1},"geometry":{"type":"LineString","coordinates":[[25.955217,43.833763],[25.955232,43.833748]]}},{"type":"Feature","properties":{"line":"А15","mode":"bus","color":"#03636c","oi":0.5,"n":4},"geometry":{"type":"LineString","coordinates":[[25.951469,43.829898],[25.951195,43.829769],[25.95096,43.829613],[25.950536,43.829386],[25.950478,43.829311],[25.950451,43.829174],[25.95046,43.828875],[25.950436,43.82873],[25.950369,43.828641],[25.949714,43.828256],[25.949458,43.828269],[25.949413,43.828278],[25.949377,43.8283],[25.949316,43.828355],[25.949344,43.828668],[25.949336,43.829586],[25.949401,43.829945],[25.949576,43.830269],[25.949906,43.830636],[25.950358,43.831244],[25.950384,43.831337]]}},{"type":"Feature","properties":{"line":"А15","mode":"bus","color":"#03636c","oi":0.5,"n":4,"sw":1},"geometry":{"type":"LineString","coordinates":[[25.950383,43.831334],[25.950394,43.831371]]}},{"type":"Feature","properties":{"line":"А15","mode":"bus","color":"#03636c","oi":0.483,"n":4,"sw":1},"geometry":{"type":"LineString","coordinates":[[25.950392,43.831366],[25.950403,43.831403]]}},{"type":"Feature","properties":{"line":"А15","mode":"bus","color":"#03636c","oi":0.437,"n":4,"sw":1},"geometry":{"type":"LineString","coordinates":[[25.950401,43.831398],[25.950411,43.831432],[25.950411,43.831435]]}},{"type":"Feature","properties":{"line":"А15","mode":"bus","color":"#03636c","oi":0.37,"n":4,"sw":1},"geometry":{"type":"LineString","coordinates":[[25.95041,43.83143],[25.950411,43.831432],[25.950412,43.831467]]}},{"type":"Feature","properties":{"line":"А15","mode":"bus","color":"#03636c","oi":0.291,"n":4,"sw":1},"geometry":{"type":"LineString","coordinates":[[25.950412,43.831462],[25.950413,43.8315]]}},{"type":"Feature","properties":{"line":"А15","mode":"bus","color":"#03636c","oi":0.209,"n":4,"sw":1},"geometry":{"type":"LineString","coordinates":[[25.950413,43.831494],[25.950414,43.831532]]}},{"type":"Feature","properties":{"line":"А15","mode":"bus","color":"#03636c","oi":0.13,"n":4,"sw":1},"geometry":{"type":"LineString","coordinates":[[25.950414,43.831527],[25.950415,43.831565]]}},{"type":"Feature","properties":{"line":"А15","mode":"bus","color":"#03636c","oi":0.063,"n":4,"sw":1},"geometry":{"type":"LineString","coordinates":[[25.950414,43.831559],[25.950415,43.831597]]}},{"type":"Feature","properties":{"line":"А15","mode":"bus","color":"#03636c","oi":0.017,"n":4,"sw":1},"geometry":{"type":"LineString","coordinates":[[25.950415,43.831592],[25.950416,43.831629]]}},{"type":"Feature","properties":{"line":"А15","mode":"bus","color":"#03636c","oi":0,"n":4,"sw":1},"geometry":{"type":"LineString","coordinates":[[25.950416,43.831624],[25.950417,43.831659]]}},{"type":"Feature","properties":{"line":"А15","mode":"bus","color":"#03636c","oi":0.5,"n":4},"geometry":{"type":"LineString","coordinates":[[25.950819,43.831869],[25.951181,43.831972],[25.952114,43.832322],[25.953023,43.832707],[25.953523,43.832951],[25.954373,43.833414],[25.954623,43.833629],[25.954881,43.833933],[25.955707,43.83442]]}},{"type":"Feature","properties":{"line":"А15","mode":"bus","color":"#03636c","oi":0,"n":4,"sw":1},"geometry":{"type":"LineString","coordinates":[[25.950401,43.831751],[25.950446,43.831764]]}},{"type":"Feature","properties":{"line":"А15","mode":"bus","color":"#03636c","oi":0.017,"n":4,"sw":1},"geometry":{"type":"LineString","coordinates":[[25.950439,43.831762],[25.950488,43.831776]]}},{"type":"Feature","properties":{"line":"А15","mode":"bus","color":"#03636c","oi":0.063,"n":4,"sw":1},"geometry":{"type":"LineString","coordinates":[[25.950481,43.831774],[25.95053,43.831787]]}},{"type":"Feature","properties":{"line":"А15","mode":"bus","color":"#03636c","oi":0.13,"n":4,"sw":1},"geometry":{"type":"LineString","coordinates":[[25.950523,43.831786],[25.950572,43.831799]]}},{"type":"Feature","properties":{"line":"А15","mode":"bus","color":"#03636c","oi":0.209,"n":4,"sw":1},"geometry":{"type":"LineString","coordinates":[[25.950565,43.831797],[25.950613,43.831811]]}},{"type":"Feature","properties":{"line":"А15","mode":"bus","color":"#03636c","oi":0.291,"n":4,"sw":1},"geometry":{"type":"LineString","coordinates":[[25.950606,43.831809],[25.950655,43.831823]]}},{"type":"Feature","properties":{"line":"А15","mode":"bus","color":"#03636c","oi":0.37,"n":4,"sw":1},"geometry":{"type":"LineString","coordinates":[[25.950648,43.831821],[25.950697,43.831835]]}},{"type":"Feature","properties":{"line":"А15","mode":"bus","color":"#03636c","oi":0.437,"n":4,"sw":1},"geometry":{"type":"LineString","coordinates":[[25.95069,43.831833],[25.950739,43.831847]]}},{"type":"Feature","properties":{"line":"А15","mode":"bus","color":"#03636c","oi":0.483,"n":4,"sw":1},"geometry":{"type":"LineString","coordinates":[[25.950732,43.831845],[25.95078,43.831858]]}},{"type":"Feature","properties":{"line":"А15","mode":"bus","color":"#03636c","oi":0.5,"n":4,"sw":1},"geometry":{"type":"LineString","coordinates":[[25.950773,43.831857],[25.950822,43.83187]]}},{"type":"Feature","properties":{"line":"А15","mode":"bus","color":"#03636c","oi":-0.5,"n":2},"geometry":{"type":"LineString","coordinates":[[25.930711,43.798481],[25.930973,43.798412],[25.93184,43.798307],[25.93196,43.798274],[25.93206,43.798195],[25.932077,43.798177],[25.932081,43.798158],[25.932073,43.798137],[25.931351,43.797046],[25.931268,43.796955],[25.929876,43.795933],[25.928909,43.795442],[25.927162,43.794465],[25.926352,43.794083]]}},{"type":"Feature","properties":{"line":"А15","mode":"bus","color":"#03636c","oi":-0.5,"n":2},"geometry":{"type":"LineString","coordinates":[[25.942612,43.807072],[25.942709,43.807021],[25.942724,43.807011],[25.942728,43.807001],[25.942722,43.806991],[25.942706,43.806982],[25.941853,43.806614],[25.94162,43.806576],[25.934333,43.80671],[25.932727,43.806635],[25.931922,43.806549],[25.931735,43.806502],[25.928589,43.805187],[25.928188,43.804954],[25.927923,43.804663],[25.927566,43.803871],[25.927187,43.802932],[25.927137,43.802745],[25.927127,43.802443],[25.927209,43.802153],[25.928048,43.800827],[25.928325,43.800449],[25.929125,43.79957],[25.929577,43.799209],[25.930876,43.798366],[25.931741,43.797633]]}},{"type":"Feature","properties":{"line":"А15","mode":"bus","color":"#03636c","oi":0,"n":3},"geometry":{"type":"LineString","coordinates":[[25.947248,43.827706],[25.946154,43.827128],[25.945276,43.826625],[25.944751,43.826275],[25.943029,43.824908],[25.942901,43.824856],[25.94286,43.824846],[25.942817,43.824849],[25.942735,43.824869],[25.942679,43.824862],[25.942652,43.824855],[25.942631,43.824841],[25.942309,43.82451],[25.941244,43.823682],[25.940874,43.823429],[25.938812,43.822221],[25.938545,43.821965],[25.937343,43.820415],[25.937263,43.820178],[25.937283,43.819984],[25.937367,43.819805],[25.93777,43.819352],[25.938726,43.818478],[25.938995,43.818179],[25.939211,43.817996],[25.939708,43.817046],[25.939906,43.816485],[25.939973,43.816161],[25.940171,43.815673],[25.940652,43.81461],[25.940862,43.814209],[25.941451,43.81347],[25.941901,43.812958],[25.942368,43.812436],[25.94284,43.811983],[25.943106,43.811685],[25.943304,43.811418],[25.943493,43.811034],[25.943643,43.810499],[25.943621,43.809833],[25.943453,43.809339],[25.943309,43.809074],[25.942639,43.808071],[25.942434,43.80765],[25.942402,43.807471],[25.942419,43.807357]]}},{"type":"Feature","properties":{"line":"А15","mode":"bus","color":"#03636c","oi":-0.5,"n":3,"sw":1},"geometry":{"type":"LineString","coordinates":[[25.94761,43.827897],[25.947571,43.827876]]}},{"type":"Feature","properties":{"line":"А15","mode":"bus","color":"#03636c","oi":-0.483,"n":3,"sw":1},"geometry":{"type":"LineString","coordinates":[[25.947577,43.827879],[25.947535,43.827857]]}},{"type":"Feature","properties":{"line":"А15","mode":"bus","color":"#03636c","oi":-0.437,"n":3,"sw":1},"geometry":{"type":"LineString","coordinates":[[25.947541,43.82786],[25.947498,43.827838]]}},{"type":"Feature","properties":{"line":"А15","mode":"bus","color":"#03636c","oi":-0.37,"n":3,"sw":1},"geometry":{"type":"LineString","coordinates":[[25.947504,43.827841],[25.947462,43.827819]]}},{"type":"Feature","properties":{"line":"А15","mode":"bus","color":"#03636c","oi":-0.291,"n":3,"sw":1},"geometry":{"type":"LineString","coordinates":[[25.947468,43.827822],[25.947426,43.8278]]}},{"type":"Feature","properties":{"line":"А15","mode":"bus","color":"#03636c","oi":-0.209,"n":3,"sw":1},"geometry":{"type":"LineString","coordinates":[[25.947432,43.827803],[25.94739,43.827781]]}},{"type":"Feature","properties":{"line":"А15","mode":"bus","color":"#03636c","oi":-0.13,"n":3,"sw":1},"geometry":{"type":"LineString","coordinates":[[25.947396,43.827784],[25.947354,43.827762]]}},{"type":"Feature","properties":{"line":"А15","mode":"bus","color":"#03636c","oi":-0.063,"n":3,"sw":1},"geometry":{"type":"LineString","coordinates":[[25.94736,43.827765],[25.947317,43.827742]]}},{"type":"Feature","properties":{"line":"А15","mode":"bus","color":"#03636c","oi":-0.017,"n":3,"sw":1},"geometry":{"type":"LineString","coordinates":[[25.947323,43.827746],[25.947281,43.827723]]}},{"type":"Feature","properties":{"line":"А15","mode":"bus","color":"#03636c","oi":0,"n":3,"sw":1},"geometry":{"type":"LineString","coordinates":[[25.947287,43.827726],[25.947245,43.827704]]}},{"type":"Feature","properties":{"line":"А15","mode":"bus","color":"#03636c","oi":0,"n":3,"sw":1},"geometry":{"type":"LineString","coordinates":[[25.942419,43.80736],[25.942422,43.807339],[25.942429,43.807323]]}},{"type":"Feature","properties":{"line":"А15","mode":"bus","color":"#03636c","oi":-0.017,"n":3,"sw":1},"geometry":{"type":"LineString","coordinates":[[25.942427,43.807328],[25.942442,43.807292]]}},{"type":"Feature","properties":{"line":"А15","mode":"bus","color":"#03636c","oi":-0.063,"n":3,"sw":1},"geometry":{"type":"LineString","coordinates":[[25.94244,43.807297],[25.942455,43.807261]]}},{"type":"Feature","properties":{"line":"А15","mode":"bus","color":"#03636c","oi":-0.13,"n":3,"sw":1},"geometry":{"type":"LineString","coordinates":[[25.942453,43.807266],[25.942469,43.80723]]}},{"type":"Feature","properties":{"line":"А15","mode":"bus","color":"#03636c","oi":-0.209,"n":3,"sw":1},"geometry":{"type":"LineString","coordinates":[[25.942466,43.807235],[25.942482,43.807199]]}},{"type":"Feature","properties":{"line":"А15","mode":"bus","color":"#03636c","oi":-0.291,"n":3,"sw":1},"geometry":{"type":"LineString","coordinates":[[25.94248,43.807204],[25.94249,43.80718],[25.942501,43.80717]]}},{"type":"Feature","properties":{"line":"А15","mode":"bus","color":"#03636c","oi":-0.37,"n":3,"sw":1},"geometry":{"type":"LineString","coordinates":[[25.942496,43.807175],[25.942529,43.807145]]}},{"type":"Feature","properties":{"line":"А15","mode":"bus","color":"#03636c","oi":-0.437,"n":3,"sw":1},"geometry":{"type":"LineString","coordinates":[[25.942525,43.807149],[25.942558,43.80712]]}},{"type":"Feature","properties":{"line":"А15","mode":"bus","color":"#03636c","oi":-0.483,"n":3,"sw":1},"geometry":{"type":"LineString","coordinates":[[25.942553,43.807124],[25.942586,43.807095]]}},{"type":"Feature","properties":{"line":"А15","mode":"bus","color":"#03636c","oi":-0.5,"n":3,"sw":1},"geometry":{"type":"LineString","coordinates":[[25.942581,43.807099],[25.942612,43.807072]]}},{"type":"Feature","properties":{"line":"А15","mode":"bus","color":"#03636c","oi":0,"n":1},"geometry":{"type":"LineString","coordinates":[[25.960014,43.839866],[25.959894,43.839478],[25.959456,43.838367],[25.958846,43.837065],[25.95825,43.835608],[25.958163,43.835486],[25.958016,43.835322],[25.95787,43.835215],[25.956222,43.834291]]}},{"type":"Feature","properties":{"line":"А15","mode":"bus","color":"#03636c","oi":0,"n":1,"sw":1},"geometry":{"type":"LineString","coordinates":[[25.956225,43.834292],[25.956184,43.834269]]}},{"type":"Feature","properties":{"line":"А15","mode":"bus","color":"#03636c","oi":-0.017,"n":1,"sw":1},"geometry":{"type":"LineString","coordinates":[[25.95619,43.834273],[25.956148,43.834249]]}},{"type":"Feature","properties":{"line":"А15","mode":"bus","color":"#03636c","oi":-0.063,"n":1,"sw":1},"geometry":{"type":"LineString","coordinates":[[25.956154,43.834253],[25.956113,43.834229]]}},{"type":"Feature","properties":{"line":"А15","mode":"bus","color":"#03636c","oi":-0.13,"n":1,"sw":1},"geometry":{"type":"LineString","coordinates":[[25.956119,43.834233],[25.956078,43.83421]]}},{"type":"Feature","properties":{"line":"А15","mode":"bus","color":"#03636c","oi":-0.209,"n":1,"sw":1},"geometry":{"type":"LineString","coordinates":[[25.956084,43.834213],[25.956042,43.83419]]}},{"type":"Feature","properties":{"line":"А15","mode":"bus","color":"#03636c","oi":-0.291,"n":1,"sw":1},"geometry":{"type":"LineString","coordinates":[[25.956048,43.834193],[25.956007,43.83417]]}},{"type":"Feature","properties":{"line":"А15","mode":"bus","color":"#03636c","oi":-0.37,"n":1,"sw":1},"geometry":{"type":"LineString","coordinates":[[25.956013,43.834173],[25.955971,43.83415]]}},{"type":"Feature","properties":{"line":"А15","mode":"bus","color":"#03636c","oi":-0.437,"n":1,"sw":1},"geometry":{"type":"LineString","coordinates":[[25.955977,43.834153],[25.955936,43.83413]]}},{"type":"Feature","properties":{"line":"А15","mode":"bus","color":"#03636c","oi":-0.483,"n":1,"sw":1},"geometry":{"type":"LineString","coordinates":[[25.955942,43.834133],[25.9559,43.83411]]}},{"type":"Feature","properties":{"line":"А15","mode":"bus","color":"#03636c","oi":-0.5,"n":1,"sw":1},"geometry":{"type":"LineString","coordinates":[[25.955906,43.834114],[25.955868,43.834092]]}},{"type":"Feature","properties":{"line":"А15","mode":"bus","color":"#03636c","oi":0.5,"n":1,"sw":1},"geometry":{"type":"LineString","coordinates":[[25.955707,43.83442],[25.955733,43.834432]]}},{"type":"Feature","properties":{"line":"А15","mode":"bus","color":"#03636c","oi":0.483,"n":1,"sw":1},"geometry":{"type":"LineString","coordinates":[[25.955727,43.834429],[25.955756,43.834442]]}},{"type":"Feature","properties":{"line":"А15","mode":"bus","color":"#03636c","oi":0.437,"n":1,"sw":1},"geometry":{"type":"LineString","coordinates":[[25.95575,43.834439],[25.955779,43.834452]]}},{"type":"Feature","properties":{"line":"А15","mode":"bus","color":"#03636c","oi":0.37,"n":1,"sw":1},"geometry":{"type":"LineString","coordinates":[[25.955772,43.83445],[25.955802,43.834463]]}},{"type":"Feature","properties":{"line":"А15","mode":"bus","color":"#03636c","oi":0.291,"n":1,"sw":1},"geometry":{"type":"LineString","coordinates":[[25.955795,43.83446],[25.955825,43.834473]]}},{"type":"Feature","properties":{"line":"А15","mode":"bus","color":"#03636c","oi":0.209,"n":1,"sw":1},"geometry":{"type":"LineString","coordinates":[[25.955818,43.83447],[25.955847,43.834484]]}},{"type":"Feature","properties":{"line":"А15","mode":"bus","color":"#03636c","oi":0.13,"n":1,"sw":1},"geometry":{"type":"LineString","coordinates":[[25.955841,43.834481],[25.95587,43.834494]]}},{"type":"Feature","properties":{"line":"А15","mode":"bus","color":"#03636c","oi":0.063,"n":1,"sw":1},"geometry":{"type":"LineString","coordinates":[[25.955864,43.834491],[25.955884,43.8345],[25.955895,43.834502]]}},{"type":"Feature","properties":{"line":"А15","mode":"bus","color":"#03636c","oi":0.017,"n":1,"sw":1},"geometry":{"type":"LineString","coordinates":[[25.955887,43.834501],[25.955921,43.834506]]}},{"type":"Feature","properties":{"line":"А15","mode":"bus","color":"#03636c","oi":0,"n":1,"sw":1},"geometry":{"type":"LineString","coordinates":[[25.955914,43.834505],[25.955947,43.83451]]}},{"type":"Feature","properties":{"line":"А15","mode":"bus","color":"#03636c","oi":0,"n":1,"sw":1},"geometry":{"type":"LineString","coordinates":[[25.95594,43.834509],[25.955974,43.834515]]}},{"type":"Feature","properties":{"line":"А15","mode":"bus","color":"#03636c","oi":0.017,"n":1,"sw":1},"geometry":{"type":"LineString","coordinates":[[25.955966,43.834514],[25.956,43.834519]]}},{"type":"Feature","properties":{"line":"А15","mode":"bus","color":"#03636c","oi":0.063,"n":1,"sw":1},"geometry":{"type":"LineString","coordinates":[[25.955993,43.834518],[25.956026,43.834523]]}},{"type":"Feature","properties":{"line":"А15","mode":"bus","color":"#03636c","oi":0.13,"n":1,"sw":1},"geometry":{"type":"LineString","coordinates":[[25.956019,43.834522],[25.956053,43.834528]]}},{"type":"Feature","properties":{"line":"А15","mode":"bus","color":"#03636c","oi":0.209,"n":1,"sw":1},"geometry":{"type":"LineString","coordinates":[[25.956045,43.834526],[25.956079,43.834532]]}},{"type":"Feature","properties":{"line":"А15","mode":"bus","color":"#03636c","oi":0.291,"n":1,"sw":1},"geometry":{"type":"LineString","coordinates":[[25.956072,43.834531],[25.956105,43.834536]]}},{"type":"Feature","properties":{"line":"А15","mode":"bus","color":"#03636c","oi":0.37,"n":1,"sw":1},"geometry":{"type":"LineString","coordinates":[[25.956098,43.834535],[25.956132,43.834541]]}},{"type":"Feature","properties":{"line":"А15","mode":"bus","color":"#03636c","oi":0.437,"n":1,"sw":1},"geometry":{"type":"LineString","coordinates":[[25.956124,43.834539],[25.956158,43.834545]]}},{"type":"Feature","properties":{"line":"А15","mode":"bus","color":"#03636c","oi":0.483,"n":1,"sw":1},"geometry":{"type":"LineString","coordinates":[[25.956151,43.834544],[25.956184,43.834549]]}},{"type":"Feature","properties":{"line":"А15","mode":"bus","color":"#03636c","oi":0.5,"n":1,"sw":1},"geometry":{"type":"LineString","coordinates":[[25.956177,43.834548],[25.956207,43.834553]]}},{"type":"Feature","properties":{"line":"А15","mode":"bus","color":"#03636c","oi":0,"n":1},"geometry":{"type":"LineString","coordinates":[[25.951264,43.830122],[25.95141,43.830084],[25.951465,43.830026],[25.951469,43.829898]]}},{"type":"Feature","properties":{"line":"А15","mode":"bus","color":"#03636c","oi":0,"n":1},"geometry":{"type":"LineString","coordinates":[[25.942031,43.806698],[25.94212,43.806848],[25.942434,43.80765]]}},{"type":"Feature","properties":{"line":"А15","mode":"bus","color":"#03636c","oi":0,"n":1},"geometry":{"type":"LineString","coordinates":[[25.925982,43.7939],[25.925676,43.793748],[25.92544,43.793672],[25.925217,43.793615],[25.925017,43.793594],[25.924234,43.793547],[25.924012,43.79349],[25.923911,43.793403],[25.923873,43.7933],[25.923889,43.793169],[25.924018,43.792716],[25.924031,43.792542],[25.923913,43.791187],[25.923875,43.790314],[25.92383,43.790169],[25.922348,43.788795],[25.922326,43.788626],[25.922326,43.788471],[25.922388,43.788384],[25.923253,43.788114],[25.923279,43.788102],[25.923293,43.788086],[25.923298,43.788064],[25.923275,43.787179],[25.923218,43.786773],[25.923075,43.786591],[25.922894,43.786442],[25.921781,43.785742],[25.921477,43.785504],[25.920965,43.785038],[25.920753,43.784816],[25.920564,43.784482],[25.920643,43.784124]]}},{"type":"Feature","properties":{"line":"А15","mode":"bus","color":"#03636c","oi":-0.5,"n":1,"sw":1},"geometry":{"type":"LineString","coordinates":[[25.926352,43.794083],[25.926312,43.794063]]}},{"type":"Feature","properties":{"line":"А15","mode":"bus","color":"#03636c","oi":-0.483,"n":1,"sw":1},"geometry":{"type":"LineString","coordinates":[[25.926318,43.794066],[25.926275,43.794045]]}},{"type":"Feature","properties":{"line":"А15","mode":"bus","color":"#03636c","oi":-0.437,"n":1,"sw":1},"geometry":{"type":"LineString","coordinates":[[25.926281,43.794048],[25.926238,43.794026]]}},{"type":"Feature","properties":{"line":"А15","mode":"bus","color":"#03636c","oi":-0.37,"n":1,"sw":1},"geometry":{"type":"LineString","coordinates":[[25.926244,43.79403],[25.926201,43.794008]]}},{"type":"Feature","properties":{"line":"А15","mode":"bus","color":"#03636c","oi":-0.291,"n":1,"sw":1},"geometry":{"type":"LineString","coordinates":[[25.926207,43.794011],[25.926164,43.79399]]}},{"type":"Feature","properties":{"line":"А15","mode":"bus","color":"#03636c","oi":-0.209,"n":1,"sw":1},"geometry":{"type":"LineString","coordinates":[[25.92617,43.793993],[25.926127,43.793971]]}},{"type":"Feature","properties":{"line":"А15","mode":"bus","color":"#03636c","oi":-0.13,"n":1,"sw":1},"geometry":{"type":"LineString","coordinates":[[25.926133,43.793975],[25.92609,43.793953]]}},{"type":"Feature","properties":{"line":"А15","mode":"bus","color":"#03636c","oi":-0.063,"n":1,"sw":1},"geometry":{"type":"LineString","coordinates":[[25.926096,43.793956],[25.926053,43.793935]]}},{"type":"Feature","properties":{"line":"А15","mode":"bus","color":"#03636c","oi":-0.017,"n":1,"sw":1},"geometry":{"type":"LineString","coordinates":[[25.926059,43.793938],[25.926016,43.793916]]}},{"type":"Feature","properties":{"line":"А15","mode":"bus","color":"#03636c","oi":0,"n":1,"sw":1},"geometry":{"type":"LineString","coordinates":[[25.926022,43.79392],[25.925979,43.793898]]}},{"type":"Feature","properties":{"line":"А15","mode":"bus","color":"#03636c","oi":0,"n":1},"geometry":{"type":"LineString","coordinates":[[25.955165,43.833899],[25.955142,43.833927],[25.955118,43.833986],[25.955113,43.834019],[25.955128,43.834051],[25.955176,43.83411]]}},{"type":"Feature","properties":{"line":"А15","mode":"bus","color":"#03636c","oi":-0.5,"n":1,"sw":1},"geometry":{"type":"LineString","coordinates":[[25.955461,43.833875],[25.955427,43.833868]]}},{"type":"Feature","properties":{"line":"А15","mode":"bus","color":"#03636c","oi":-0.483,"n":1,"sw":1},"geometry":{"type":"LineString","coordinates":[[25.955434,43.833869],[25.955397,43.833861]]}},{"type":"Feature","properties":{"line":"А15","mode":"bus","color":"#03636c","oi":-0.437,"n":1,"sw":1},"geometry":{"type":"LineString","coordinates":[[25.955404,43.833863],[25.955366,43.833855]]}},{"type":"Feature","properties":{"line":"А15","mode":"bus","color":"#03636c","oi":-0.37,"n":1,"sw":1},"geometry":{"type":"LineString","coordinates":[[25.955373,43.833856],[25.955336,43.833848],[25.955336,43.833848]]}},{"type":"Feature","properties":{"line":"А15","mode":"bus","color":"#03636c","oi":-0.291,"n":1,"sw":1},"geometry":{"type":"LineString","coordinates":[[25.955343,43.83385],[25.955336,43.833848],[25.955306,43.833856]]}},{"type":"Feature","properties":{"line":"А15","mode":"bus","color":"#03636c","oi":-0.209,"n":1,"sw":1},"geometry":{"type":"LineString","coordinates":[[25.955313,43.833854],[25.955276,43.833863]]}},{"type":"Feature","properties":{"line":"А15","mode":"bus","color":"#03636c","oi":-0.13,"n":1,"sw":1},"geometry":{"type":"LineString","coordinates":[[25.955283,43.833861],[25.955246,43.833871]]}},{"type":"Feature","properties":{"line":"А15","mode":"bus","color":"#03636c","oi":-0.063,"n":1,"sw":1},"geometry":{"type":"LineString","coordinates":[[25.955253,43.833869],[25.955216,43.833878]]}},{"type":"Feature","properties":{"line":"А15","mode":"bus","color":"#03636c","oi":-0.017,"n":1,"sw":1},"geometry":{"type":"LineString","coordinates":[[25.955223,43.833876],[25.955204,43.833881],[25.955188,43.833888]]}},{"type":"Feature","properties":{"line":"А15","mode":"bus","color":"#03636c","oi":0,"n":1,"sw":1},"geometry":{"type":"LineString","coordinates":[[25.955194,43.833886],[25.955165,43.833899],[25.955163,43.833902]]}},{"type":"Feature","properties":{"line":"А15","mode":"bus","color":"#03636c","oi":0,"n":1},"geometry":{"type":"LineString","coordinates":[[25.938812,43.822221],[25.939351,43.822645],[25.940482,43.823365],[25.941428,43.824058],[25.942684,43.825101],[25.944624,43.826646],[25.9453,43.827078],[25.946986,43.827947]]}},{"type":"Feature","properties":{"line":"А15","mode":"bus","color":"#03636c","oi":0,"n":1,"sw":1},"geometry":{"type":"LineString","coordinates":[[25.946983,43.827945],[25.947025,43.827967]]}},{"type":"Feature","properties":{"line":"А15","mode":"bus","color":"#03636c","oi":-0.017,"n":1,"sw":1},"geometry":{"type":"LineString","coordinates":[[25.947019,43.827964],[25.947062,43.827986]]}},{"type":"Feature","properties":{"line":"А15","mode":"bus","color":"#03636c","oi":-0.063,"n":1,"sw":1},"geometry":{"type":"LineString","coordinates":[[25.947056,43.827983],[25.947098,43.828005]]}},{"type":"Feature","properties":{"line":"А15","mode":"bus","color":"#03636c","oi":-0.13,"n":1,"sw":1},"geometry":{"type":"LineString","coordinates":[[25.947092,43.828002],[25.947135,43.828024]]}},{"type":"Feature","properties":{"line":"А15","mode":"bus","color":"#03636c","oi":-0.209,"n":1,"sw":1},"geometry":{"type":"LineString","coordinates":[[25.947129,43.828021],[25.947171,43.828042]]}},{"type":"Feature","properties":{"line":"А15","mode":"bus","color":"#03636c","oi":-0.291,"n":1,"sw":1},"geometry":{"type":"LineString","coordinates":[[25.947165,43.828039],[25.947208,43.828061]]}},{"type":"Feature","properties":{"line":"А15","mode":"bus","color":"#03636c","oi":-0.37,"n":1,"sw":1},"geometry":{"type":"LineString","coordinates":[[25.947202,43.828058],[25.947244,43.82808]]}},{"type":"Feature","properties":{"line":"А15","mode":"bus","color":"#03636c","oi":-0.437,"n":1,"sw":1},"geometry":{"type":"LineString","coordinates":[[25.947238,43.828077],[25.947281,43.828099]]}},{"type":"Feature","properties":{"line":"А15","mode":"bus","color":"#03636c","oi":-0.483,"n":1,"sw":1},"geometry":{"type":"LineString","coordinates":[[25.947275,43.828096],[25.947318,43.828118]]}},{"type":"Feature","properties":{"line":"А15","mode":"bus","color":"#03636c","oi":-0.5,"n":1,"sw":1},"geometry":{"type":"LineString","coordinates":[[25.947311,43.828115],[25.947351,43.828135]]}},{"type":"Feature","properties":{"line":"А15","mode":"bus","color":"#03636c","oi":-0.5,"n":2},"geometry":{"type":"LineString","coordinates":[[25.955868,43.834092],[25.955461,43.833875]]}},{"type":"Feature","properties":{"line":"А15","mode":"bus","color":"#03636c","oi":0.5,"n":4},"geometry":{"type":"LineString","coordinates":[[25.998344,43.85292],[26.00204,43.85341],[26.004484,43.853696]]}},{"type":"Feature","properties":{"line":"А15","mode":"bus","color":"#03636c","oi":0,"n":4,"sw":1},"geometry":{"type":"LineString","coordinates":[[25.997903,43.852861],[25.997951,43.852867]]}},{"type":"Feature","properties":{"line":"А15","mode":"bus","color":"#03636c","oi":0.017,"n":4,"sw":1},"geometry":{"type":"LineString","coordinates":[[25.997943,43.852866],[25.997995,43.852873]]}},{"type":"Feature","properties":{"line":"А15","mode":"bus","color":"#03636c","oi":0.063,"n":4,"sw":1},"geometry":{"type":"LineString","coordinates":[[25.997988,43.852872],[25.998039,43.852879]]}},{"type":"Feature","properties":{"line":"А15","mode":"bus","color":"#03636c","oi":0.13,"n":4,"sw":1},"geometry":{"type":"LineString","coordinates":[[25.998032,43.852878],[25.998083,43.852885]]}},{"type":"Feature","properties":{"line":"А15","mode":"bus","color":"#03636c","oi":0.209,"n":4,"sw":1},"geometry":{"type":"LineString","coordinates":[[25.998076,43.852884],[25.998127,43.852891]]}},{"type":"Feature","properties":{"line":"А15","mode":"bus","color":"#03636c","oi":0.291,"n":4,"sw":1},"geometry":{"type":"LineString","coordinates":[[25.99812,43.85289],[25.998171,43.852897]]}},{"type":"Feature","properties":{"line":"А15","mode":"bus","color":"#03636c","oi":0.37,"n":4,"sw":1},"geometry":{"type":"LineString","coordinates":[[25.998164,43.852896],[25.998216,43.852902]]}},{"type":"Feature","properties":{"line":"А15","mode":"bus","color":"#03636c","oi":0.437,"n":4,"sw":1},"geometry":{"type":"LineString","coordinates":[[25.998208,43.852902],[25.99826,43.852908]]}},{"type":"Feature","properties":{"line":"А15","mode":"bus","color":"#03636c","oi":0.483,"n":4,"sw":1},"geometry":{"type":"LineString","coordinates":[[25.998252,43.852907],[25.998304,43.852914]]}},{"type":"Feature","properties":{"line":"А15","mode":"bus","color":"#03636c","oi":0.5,"n":4,"sw":1},"geometry":{"type":"LineString","coordinates":[[25.998296,43.852913],[25.998348,43.85292]]}},{"type":"Feature","properties":{"line":"А15","mode":"bus","color":"#03636c","oi":0.5,"n":4},"geometry":{"type":"LineString","coordinates":[[25.998306,43.853048],[26.002354,43.85358]]}},{"type":"Feature","properties":{"line":"А15","mode":"bus","color":"#03636c","oi":0,"n":4,"sw":1},"geometry":{"type":"LineString","coordinates":[[25.997865,43.85299],[25.997913,43.852996]]}},{"type":"Feature","properties":{"line":"А15","mode":"bus","color":"#03636c","oi":0.017,"n":4,"sw":1},"geometry":{"type":"LineString","coordinates":[[25.997905,43.852995],[25.997957,43.853002]]}},{"type":"Feature","properties":{"line":"А15","mode":"bus","color":"#03636c","oi":0.063,"n":4,"sw":1},"geometry":{"type":"LineString","coordinates":[[25.99795,43.853001],[25.998001,43.853008]]}},{"type":"Feature","properties":{"line":"А15","mode":"bus","color":"#03636c","oi":0.13,"n":4,"sw":1},"geometry":{"type":"LineString","coordinates":[[25.997994,43.853007],[25.998045,43.853014]]}},{"type":"Feature","properties":{"line":"А15","mode":"bus","color":"#03636c","oi":0.209,"n":4,"sw":1},"geometry":{"type":"LineString","coordinates":[[25.998038,43.853013],[25.998089,43.853019]]}},{"type":"Feature","properties":{"line":"А15","mode":"bus","color":"#03636c","oi":0.291,"n":4,"sw":1},"geometry":{"type":"LineString","coordinates":[[25.998082,43.853019],[25.998134,43.853025]]}},{"type":"Feature","properties":{"line":"А15","mode":"bus","color":"#03636c","oi":0.37,"n":4,"sw":1},"geometry":{"type":"LineString","coordinates":[[25.998126,43.853024],[25.998178,43.853031]]}},{"type":"Feature","properties":{"line":"А15","mode":"bus","color":"#03636c","oi":0.437,"n":4,"sw":1},"geometry":{"type":"LineString","coordinates":[[25.99817,43.85303],[25.998222,43.853037]]}},{"type":"Feature","properties":{"line":"А15","mode":"bus","color":"#03636c","oi":0.483,"n":4,"sw":1},"geometry":{"type":"LineString","coordinates":[[25.998214,43.853036],[25.998266,43.853043]]}},{"type":"Feature","properties":{"line":"А15","mode":"bus","color":"#03636c","oi":0.5,"n":4,"sw":1},"geometry":{"type":"LineString","coordinates":[[25.998259,43.853042],[25.99831,43.853048]]}},{"type":"Feature","properties":{"line":"А15","mode":"bus","color":"#03636c","oi":0.5,"n":2},"geometry":{"type":"LineString","coordinates":[[25.956207,43.834553],[25.956601,43.834613],[25.956785,43.834683],[25.957689,43.835199],[25.957863,43.835348],[25.958019,43.835531],[25.958141,43.835741],[25.958418,43.836419],[25.959419,43.839248]]}},{"type":"Feature","properties":{"line":"А15","mode":"bus","color":"#03636c","oi":0.5,"n":2,"sw":1},"geometry":{"type":"LineString","coordinates":[[25.959418,43.839246],[25.959431,43.839282]]}},{"type":"Feature","properties":{"line":"А15","mode":"bus","color":"#03636c","oi":0.483,"n":2,"sw":1},"geometry":{"type":"LineString","coordinates":[[25.959429,43.839277],[25.959442,43.839314]]}},{"type":"Feature","properties":{"line":"А15","mode":"bus","color":"#03636c","oi":0.437,"n":2,"sw":1},"geometry":{"type":"LineString","coordinates":[[25.95944,43.839308],[25.959453,43.839345]]}},{"type":"Feature","properties":{"line":"А15","mode":"bus","color":"#03636c","oi":0.37,"n":2,"sw":1},"geometry":{"type":"LineString","coordinates":[[25.959451,43.83934],[25.959464,43.839376]]}},{"type":"Feature","properties":{"line":"А15","mode":"bus","color":"#03636c","oi":0.291,"n":2,"sw":1},"geometry":{"type":"LineString","coordinates":[[25.959462,43.839371],[25.959475,43.839408]]}},{"type":"Feature","properties":{"line":"А15","mode":"bus","color":"#03636c","oi":0.209,"n":2,"sw":1},"geometry":{"type":"LineString","coordinates":[[25.959474,43.839402],[25.959487,43.839439]]}},{"type":"Feature","properties":{"line":"А15","mode":"bus","color":"#03636c","oi":0.13,"n":2,"sw":1},"geometry":{"type":"LineString","coordinates":[[25.959485,43.839434],[25.959498,43.83947]]}},{"type":"Feature","properties":{"line":"А15","mode":"bus","color":"#03636c","oi":0.063,"n":2,"sw":1},"geometry":{"type":"LineString","coordinates":[[25.959496,43.839465],[25.959509,43.839502]]}},{"type":"Feature","properties":{"line":"А15","mode":"bus","color":"#03636c","oi":0.017,"n":2,"sw":1},"geometry":{"type":"LineString","coordinates":[[25.959507,43.839497],[25.95952,43.839533]]}},{"type":"Feature","properties":{"line":"А15","mode":"bus","color":"#03636c","oi":0,"n":2,"sw":1},"geometry":{"type":"LineString","coordinates":[[25.959518,43.839528],[25.95953,43.839562]]}},{"type":"Feature","properties":{"line":"А8","mode":"bus","color":"#b59607","oi":-0.5,"n":2},"geometry":{"type":"LineString","coordinates":[[25.949483,43.83806],[25.949948,43.838259]]}},{"type":"Feature","properties":{"line":"А8","mode":"bus","color":"#b59607","oi":0,"n":2,"sw":1},"geometry":{"type":"LineString","coordinates":[[25.949097,43.837895],[25.949139,43.837913]]}},{"type":"Feature","properties":{"line":"А8","mode":"bus","color":"#b59607","oi":-0.017,"n":2,"sw":1},"geometry":{"type":"LineString","coordinates":[[25.949132,43.83791],[25.949177,43.837929]]}},{"type":"Feature","properties":{"line":"А8","mode":"bus","color":"#b59607","oi":-0.063,"n":2,"sw":1},"geometry":{"type":"LineString","coordinates":[[25.949171,43.837927],[25.949216,43.837946]]}},{"type":"Feature","properties":{"line":"А8","mode":"bus","color":"#b59607","oi":-0.13,"n":2,"sw":1},"geometry":{"type":"LineString","coordinates":[[25.94921,43.837943],[25.949255,43.837962]]}},{"type":"Feature","properties":{"line":"А8","mode":"bus","color":"#b59607","oi":-0.209,"n":2,"sw":1},"geometry":{"type":"LineString","coordinates":[[25.949248,43.83796],[25.949293,43.837979]]}},{"type":"Feature","properties":{"line":"А8","mode":"bus","color":"#b59607","oi":-0.291,"n":2,"sw":1},"geometry":{"type":"LineString","coordinates":[[25.949287,43.837976],[25.949332,43.837995]]}},{"type":"Feature","properties":{"line":"А8","mode":"bus","color":"#b59607","oi":-0.37,"n":2,"sw":1},"geometry":{"type":"LineString","coordinates":[[25.949325,43.837993],[25.94937,43.838012]]}},{"type":"Feature","properties":{"line":"А8","mode":"bus","color":"#b59607","oi":-0.437,"n":2,"sw":1},"geometry":{"type":"LineString","coordinates":[[25.949364,43.838009],[25.949409,43.838028]]}},{"type":"Feature","properties":{"line":"А8","mode":"bus","color":"#b59607","oi":-0.483,"n":2,"sw":1},"geometry":{"type":"LineString","coordinates":[[25.949403,43.838026],[25.949448,43.838045]]}},{"type":"Feature","properties":{"line":"А8","mode":"bus","color":"#b59607","oi":-0.5,"n":2,"sw":1},"geometry":{"type":"LineString","coordinates":[[25.949441,43.838042],[25.949486,43.838061]]}},{"type":"Feature","properties":{"line":"А8","mode":"bus","color":"#b59607","oi":-0.5,"n":2,"sw":1},"geometry":{"type":"LineString","coordinates":[[25.949945,43.838258],[25.94999,43.838277]]}},{"type":"Feature","properties":{"line":"А8","mode":"bus","color":"#b59607","oi":-0.483,"n":2,"sw":1},"geometry":{"type":"LineString","coordinates":[[25.949983,43.838274],[25.950028,43.838293]]}},{"type":"Feature","properties":{"line":"А8","mode":"bus","color":"#b59607","oi":-0.437,"n":2,"sw":1},"geometry":{"type":"LineString","coordinates":[[25.950022,43.838291],[25.950067,43.83831]]}},{"type":"Feature","properties":{"line":"А8","mode":"bus","color":"#b59607","oi":-0.37,"n":2,"sw":1},"geometry":{"type":"LineString","coordinates":[[25.950061,43.838307],[25.950106,43.838326]]}},{"type":"Feature","properties":{"line":"А8","mode":"bus","color":"#b59607","oi":-0.291,"n":2,"sw":1},"geometry":{"type":"LineString","coordinates":[[25.950099,43.838324],[25.950144,43.838343]]}},{"type":"Feature","properties":{"line":"А8","mode":"bus","color":"#b59607","oi":-0.209,"n":2,"sw":1},"geometry":{"type":"LineString","coordinates":[[25.950138,43.83834],[25.950183,43.838359]]}},{"type":"Feature","properties":{"line":"А8","mode":"bus","color":"#b59607","oi":-0.13,"n":2,"sw":1},"geometry":{"type":"LineString","coordinates":[[25.950176,43.838357],[25.950221,43.838376]]}},{"type":"Feature","properties":{"line":"А8","mode":"bus","color":"#b59607","oi":-0.063,"n":2,"sw":1},"geometry":{"type":"LineString","coordinates":[[25.950215,43.838373],[25.95026,43.838392]]}},{"type":"Feature","properties":{"line":"А8","mode":"bus","color":"#b59607","oi":-0.017,"n":2,"sw":1},"geometry":{"type":"LineString","coordinates":[[25.950254,43.83839],[25.950299,43.838409]]}},{"type":"Feature","properties":{"line":"А8","mode":"bus","color":"#b59607","oi":0,"n":2,"sw":1},"geometry":{"type":"LineString","coordinates":[[25.950292,43.838406],[25.950334,43.838424]]}},{"type":"Feature","properties":{"line":"А8","mode":"bus","color":"#b59607","oi":0.5,"n":4},"geometry":{"type":"LineString","coordinates":[[25.962524,43.855523],[25.962511,43.85553],[25.962368,43.855634],[25.962278,43.855827]]}},{"type":"Feature","properties":{"line":"А8","mode":"bus","color":"#b59607","oi":0,"n":4,"sw":1},"geometry":{"type":"LineString","coordinates":[[25.962837,43.855304],[25.962817,43.855336]]}},{"type":"Feature","properties":{"line":"А8","mode":"bus","color":"#b59607","oi":0.017,"n":4,"sw":1},"geometry":{"type":"LineString","coordinates":[[25.96282,43.855331],[25.962798,43.855365]]}},{"type":"Feature","properties":{"line":"А8","mode":"bus","color":"#b59607","oi":0.063,"n":4,"sw":1},"geometry":{"type":"LineString","coordinates":[[25.962801,43.85536],[25.962782,43.85539],[25.962776,43.855393]]}},{"type":"Feature","properties":{"line":"А8","mode":"bus","color":"#b59607","oi":0.13,"n":4,"sw":1},"geometry":{"type":"LineString","coordinates":[[25.962782,43.85539],[25.962782,43.85539],[25.96274,43.855412]]}},{"type":"Feature","properties":{"line":"А8","mode":"bus","color":"#b59607","oi":0.209,"n":4,"sw":1},"geometry":{"type":"LineString","coordinates":[[25.962746,43.855409],[25.962703,43.855431]]}},{"type":"Feature","properties":{"line":"А8","mode":"bus","color":"#b59607","oi":0.291,"n":4,"sw":1},"geometry":{"type":"LineString","coordinates":[[25.962709,43.855428],[25.962667,43.85545]]}},{"type":"Feature","properties":{"line":"А8","mode":"bus","color":"#b59607","oi":0.37,"n":4,"sw":1},"geometry":{"type":"LineString","coordinates":[[25.962673,43.855446],[25.96263,43.855468]]}},{"type":"Feature","properties":{"line":"А8","mode":"bus","color":"#b59607","oi":0.437,"n":4,"sw":1},"geometry":{"type":"LineString","coordinates":[[25.962636,43.855465],[25.962594,43.855487]]}},{"type":"Feature","properties":{"line":"А8","mode":"bus","color":"#b59607","oi":0.483,"n":4,"sw":1},"geometry":{"type":"LineString","coordinates":[[25.9626,43.855484],[25.962557,43.855506]]}},{"type":"Feature","properties":{"line":"А8","mode":"bus","color":"#b59607","oi":0.5,"n":4,"sw":1},"geometry":{"type":"LineString","coordinates":[[25.962563,43.855503],[25.962521,43.855525]]}},{"type":"Feature","properties":{"line":"А8","mode":"bus","color":"#b59607","oi":0,"n":3},"geometry":{"type":"LineString","coordinates":[[25.943114,43.806811],[25.944235,43.806231],[25.944571,43.806001],[25.944724,43.805837],[25.946038,43.804108],[25.946295,43.803685],[25.946309,43.803623],[25.946235,43.803539],[25.945928,43.80329]]}},{"type":"Feature","properties":{"line":"А8","mode":"bus","color":"#b59607","oi":0.5,"n":3,"sw":1},"geometry":{"type":"LineString","coordinates":[[25.942749,43.807],[25.942789,43.80698]]}},{"type":"Feature","properties":{"line":"А8","mode":"bus","color":"#b59607","oi":0.483,"n":3,"sw":1},"geometry":{"type":"LineString","coordinates":[[25.942782,43.806983],[25.942825,43.806961]]}},{"type":"Feature","properties":{"line":"А8","mode":"bus","color":"#b59607","oi":0.437,"n":3,"sw":1},"geometry":{"type":"LineString","coordinates":[[25.942819,43.806964],[25.942861,43.806942]]}},{"type":"Feature","properties":{"line":"А8","mode":"bus","color":"#b59607","oi":0.37,"n":3,"sw":1},"geometry":{"type":"LineString","coordinates":[[25.942855,43.806945],[25.942898,43.806923]]}},{"type":"Feature","properties":{"line":"А8","mode":"bus","color":"#b59607","oi":0.291,"n":3,"sw":1},"geometry":{"type":"LineString","coordinates":[[25.942892,43.806926],[25.942934,43.806904]]}},{"type":"Feature","properties":{"line":"А8","mode":"bus","color":"#b59607","oi":0.209,"n":3,"sw":1},"geometry":{"type":"LineString","coordinates":[[25.942928,43.806907],[25.942971,43.806885]]}},{"type":"Feature","properties":{"line":"А8","mode":"bus","color":"#b59607","oi":0.13,"n":3,"sw":1},"geometry":{"type":"LineString","coordinates":[[25.942965,43.806888],[25.943007,43.806866]]}},{"type":"Feature","properties":{"line":"А8","mode":"bus","color":"#b59607","oi":0.063,"n":3,"sw":1},"geometry":{"type":"LineString","coordinates":[[25.943001,43.806869],[25.943044,43.806847]]}},{"type":"Feature","properties":{"line":"А8","mode":"bus","color":"#b59607","oi":0.017,"n":3,"sw":1},"geometry":{"type":"LineString","coordinates":[[25.943038,43.806851],[25.94308,43.806829]]}},{"type":"Feature","properties":{"line":"А8","mode":"bus","color":"#b59607","oi":0,"n":3,"sw":1},"geometry":{"type":"LineString","coordinates":[[25.943074,43.806832],[25.943117,43.80681]]}},{"type":"Feature","properties":{"line":"А8","mode":"bus","color":"#b59607","oi":0.5,"n":4},"geometry":{"type":"LineString","coordinates":[[25.942612,43.807072],[25.942749,43.807]]}},{"type":"Feature","properties":{"line":"А8","mode":"bus","color":"#b59607","oi":1,"n":3},"geometry":{"type":"LineString","coordinates":[[25.938995,43.818179],[25.939211,43.817996],[25.939708,43.817046],[25.939906,43.816485],[25.939973,43.816161],[25.940171,43.815673],[25.940652,43.81461],[25.940862,43.814209],[25.941451,43.81347],[25.941901,43.812958],[25.942368,43.812436],[25.94284,43.811983],[25.943106,43.811685],[25.943304,43.811418],[25.943493,43.811034],[25.943643,43.810499],[25.943621,43.809833],[25.943453,43.809339],[25.943309,43.809074],[25.942639,43.808071],[25.942434,43.80765],[25.942402,43.807471],[25.942419,43.807357]]}},{"type":"Feature","properties":{"line":"А8","mode":"bus","color":"#b59607","oi":1,"n":3,"sw":1},"geometry":{"type":"LineString","coordinates":[[25.942419,43.80736],[25.942422,43.807339],[25.942429,43.807323]]}},{"type":"Feature","properties":{"line":"А8","mode":"bus","color":"#b59607","oi":0.983,"n":3,"sw":1},"geometry":{"type":"LineString","coordinates":[[25.942427,43.807328],[25.942442,43.807292]]}},{"type":"Feature","properties":{"line":"А8","mode":"bus","color":"#b59607","oi":0.937,"n":3,"sw":1},"geometry":{"type":"LineString","coordinates":[[25.94244,43.807297],[25.942455,43.807261]]}},{"type":"Feature","properties":{"line":"А8","mode":"bus","color":"#b59607","oi":0.87,"n":3,"sw":1},"geometry":{"type":"LineString","coordinates":[[25.942453,43.807266],[25.942469,43.80723]]}},{"type":"Feature","properties":{"line":"А8","mode":"bus","color":"#b59607","oi":0.791,"n":3,"sw":1},"geometry":{"type":"LineString","coordinates":[[25.942466,43.807235],[25.942482,43.807199]]}},{"type":"Feature","properties":{"line":"А8","mode":"bus","color":"#b59607","oi":0.709,"n":3,"sw":1},"geometry":{"type":"LineString","coordinates":[[25.94248,43.807204],[25.94249,43.80718],[25.942501,43.80717]]}},{"type":"Feature","properties":{"line":"А8","mode":"bus","color":"#b59607","oi":0.63,"n":3,"sw":1},"geometry":{"type":"LineString","coordinates":[[25.942496,43.807175],[25.942529,43.807145]]}},{"type":"Feature","properties":{"line":"А8","mode":"bus","color":"#b59607","oi":0.563,"n":3,"sw":1},"geometry":{"type":"LineString","coordinates":[[25.942525,43.807149],[25.942558,43.80712]]}},{"type":"Feature","properties":{"line":"А8","mode":"bus","color":"#b59607","oi":0.517,"n":3,"sw":1},"geometry":{"type":"LineString","coordinates":[[25.942553,43.807124],[25.942586,43.807095]]}},{"type":"Feature","properties":{"line":"А8","mode":"bus","color":"#b59607","oi":0.5,"n":3,"sw":1},"geometry":{"type":"LineString","coordinates":[[25.942581,43.807099],[25.942612,43.807072]]}},{"type":"Feature","properties":{"line":"А8","mode":"bus","color":"#b59607","oi":0.5,"n":2},"geometry":{"type":"LineString","coordinates":[[25.945604,43.803066],[25.945483,43.802982],[25.945385,43.802877],[25.945366,43.802773],[25.945387,43.802599],[25.945679,43.801583],[25.945739,43.80128],[25.945865,43.79999],[25.945979,43.798286]]}},{"type":"Feature","properties":{"line":"А8","mode":"bus","color":"#b59607","oi":0,"n":2,"sw":1},"geometry":{"type":"LineString","coordinates":[[25.945928,43.80329],[25.945893,43.803266]]}},{"type":"Feature","properties":{"line":"А8","mode":"bus","color":"#b59607","oi":0.017,"n":2,"sw":1},"geometry":{"type":"LineString","coordinates":[[25.945898,43.803269],[25.945861,43.803243]]}},{"type":"Feature","properties":{"line":"А8","mode":"bus","color":"#b59607","oi":0.063,"n":2,"sw":1},"geometry":{"type":"LineString","coordinates":[[25.945866,43.803247],[25.945828,43.803221]]}},{"type":"Feature","properties":{"line":"А8","mode":"bus","color":"#b59607","oi":0.13,"n":2,"sw":1},"geometry":{"type":"LineString","coordinates":[[25.945834,43.803225],[25.945796,43.803198]]}},{"type":"Feature","properties":{"line":"А8","mode":"bus","color":"#b59607","oi":0.209,"n":2,"sw":1},"geometry":{"type":"LineString","coordinates":[[25.945801,43.803202],[25.945763,43.803176]]}},{"type":"Feature","properties":{"line":"А8","mode":"bus","color":"#b59607","oi":0.291,"n":2,"sw":1},"geometry":{"type":"LineString","coordinates":[[25.945769,43.80318],[25.945731,43.803154]]}},{"type":"Feature","properties":{"line":"А8","mode":"bus","color":"#b59607","oi":0.37,"n":2,"sw":1},"geometry":{"type":"LineString","coordinates":[[25.945736,43.803157],[25.945699,43.803131]]}},{"type":"Feature","properties":{"line":"А8","mode":"bus","color":"#b59607","oi":0.437,"n":2,"sw":1},"geometry":{"type":"LineString","coordinates":[[25.945704,43.803135],[25.945666,43.803109]]}},{"type":"Feature","properties":{"line":"А8","mode":"bus","color":"#b59607","oi":0.483,"n":2,"sw":1},"geometry":{"type":"LineString","coordinates":[[25.945672,43.803113],[25.945634,43.803086]]}},{"type":"Feature","properties":{"line":"А8","mode":"bus","color":"#b59607","oi":0.5,"n":2,"sw":1},"geometry":{"type":"LineString","coordinates":[[25.945639,43.80309],[25.945601,43.803064]]}},{"type":"Feature","properties":{"line":"А8","mode":"bus","color":"#b59607","oi":0.5,"n":2},"geometry":{"type":"LineString","coordinates":[[25.947581,43.836671],[25.947447,43.836548],[25.947431,43.83639],[25.947428,43.836378],[25.947422,43.836371],[25.947419,43.83637]]}},{"type":"Feature","properties":{"line":"А8","mode":"bus","color":"#b59607","oi":0.5,"n":2,"sw":1},"geometry":{"type":"LineString","coordinates":[[25.947423,43.836371],[25.947422,43.836371],[25.947414,43.836368],[25.947403,43.836371],[25.94739,43.836378],[25.947379,43.836385]]}},{"type":"Feature","properties":{"line":"А8","mode":"bus","color":"#b59607","oi":0.483,"n":2,"sw":1},"geometry":{"type":"LineString","coordinates":[[25.947384,43.836381],[25.947345,43.836406]]}},{"type":"Feature","properties":{"line":"А8","mode":"bus","color":"#b59607","oi":0.437,"n":2,"sw":1},"geometry":{"type":"LineString","coordinates":[[25.947351,43.836403],[25.947311,43.836428]]}},{"type":"Feature","properties":{"line":"А8","mode":"bus","color":"#b59607","oi":0.37,"n":2,"sw":1},"geometry":{"type":"LineString","coordinates":[[25.947317,43.836424],[25.947278,43.836449]]}},{"type":"Feature","properties":{"line":"А8","mode":"bus","color":"#b59607","oi":0.291,"n":2,"sw":1},"geometry":{"type":"LineString","coordinates":[[25.947283,43.836446],[25.947272,43.836453],[25.947235,43.836458]]}},{"type":"Feature","properties":{"line":"А8","mode":"bus","color":"#b59607","oi":0.209,"n":2,"sw":1},"geometry":{"type":"LineString","coordinates":[[25.947243,43.836457],[25.947191,43.836463]]}},{"type":"Feature","properties":{"line":"А8","mode":"bus","color":"#b59607","oi":0.13,"n":2,"sw":1},"geometry":{"type":"LineString","coordinates":[[25.947198,43.836462],[25.947147,43.836469]]}},{"type":"Feature","properties":{"line":"А8","mode":"bus","color":"#b59607","oi":0.063,"n":2,"sw":1},"geometry":{"type":"LineString","coordinates":[[25.947154,43.836468],[25.947103,43.836474]]}},{"type":"Feature","properties":{"line":"А8","mode":"bus","color":"#b59607","oi":0.017,"n":2,"sw":1},"geometry":{"type":"LineString","coordinates":[[25.94711,43.836473],[25.947059,43.83648]]}},{"type":"Feature","properties":{"line":"А8","mode":"bus","color":"#b59607","oi":0,"n":2,"sw":1},"geometry":{"type":"LineString","coordinates":[[25.947066,43.836479],[25.947018,43.836485]]}},{"type":"Feature","properties":{"line":"А8","mode":"bus","color":"#b59607","oi":0.5,"n":2},"geometry":{"type":"LineString","coordinates":[[25.936461,43.820337],[25.936533,43.820504],[25.936796,43.820982],[25.937259,43.821936],[25.93774,43.822462],[25.938338,43.823023],[25.939012,43.823575],[25.939578,43.824014],[25.940696,43.824817],[25.941162,43.825229],[25.941481,43.825595],[25.941593,43.825763],[25.941928,43.826444],[25.942099,43.826561],[25.94233,43.826653],[25.942564,43.826784],[25.942999,43.827312],[25.945672,43.829917],[25.945984,43.830285],[25.946297,43.830741],[25.946562,43.831224],[25.946604,43.831414],[25.946597,43.831515],[25.946438,43.832114],[25.945792,43.833948],[25.945348,43.835415],[25.945419,43.835613],[25.9455,43.835703],[25.945642,43.835814],[25.945851,43.8359],[25.946099,43.835931],[25.946951,43.835893],[25.947277,43.835957],[25.947414,43.836048],[25.947468,43.836142],[25.94747,43.836267],[25.947427,43.836354]]}},{"type":"Feature","properties":{"line":"А8","mode":"bus","color":"#b59607","oi":0,"n":2,"sw":1},"geometry":{"type":"LineString","coordinates":[[25.936393,43.820017],[25.9364,43.820052]]}},{"type":"Feature","properties":{"line":"А8","mode":"bus","color":"#b59607","oi":0.017,"n":2,"sw":1},"geometry":{"type":"LineString","coordinates":[[25.936399,43.820046],[25.936406,43.820084]]}},{"type":"Feature","properties":{"line":"А8","mode":"bus","color":"#b59607","oi":0.063,"n":2,"sw":1},"geometry":{"type":"LineString","coordinates":[[25.936405,43.820079],[25.936412,43.820116]]}},{"type":"Feature","properties":{"line":"А8","mode":"bus","color":"#b59607","oi":0.13,"n":2,"sw":1},"geometry":{"type":"LineString","coordinates":[[25.936411,43.820111],[25.936418,43.820148]]}},{"type":"Feature","properties":{"line":"А8","mode":"bus","color":"#b59607","oi":0.209,"n":2,"sw":1},"geometry":{"type":"LineString","coordinates":[[25.936417,43.820143],[25.936424,43.82018]]}},{"type":"Feature","properties":{"line":"А8","mode":"bus","color":"#b59607","oi":0.291,"n":2,"sw":1},"geometry":{"type":"LineString","coordinates":[[25.936423,43.820175],[25.93643,43.820212]]}},{"type":"Feature","properties":{"line":"А8","mode":"bus","color":"#b59607","oi":0.37,"n":2,"sw":1},"geometry":{"type":"LineString","coordinates":[[25.936429,43.820207],[25.936436,43.820244]]}},{"type":"Feature","properties":{"line":"А8","mode":"bus","color":"#b59607","oi":0.437,"n":2,"sw":1},"geometry":{"type":"LineString","coordinates":[[25.936435,43.820239],[25.936442,43.820276]]}},{"type":"Feature","properties":{"line":"А8","mode":"bus","color":"#b59607","oi":0.483,"n":2,"sw":1},"geometry":{"type":"LineString","coordinates":[[25.936441,43.820271],[25.936448,43.820308],[25.936448,43.820309]]}},{"type":"Feature","properties":{"line":"А8","mode":"bus","color":"#b59607","oi":0.5,"n":2,"sw":1},"geometry":{"type":"LineString","coordinates":[[25.936447,43.820303],[25.936448,43.820308],[25.936462,43.820339]]}},{"type":"Feature","properties":{"line":"А8","mode":"bus","color":"#b59607","oi":0.5,"n":2},"geometry":{"type":"LineString","coordinates":[[25.937074,43.819193],[25.937153,43.819084],[25.937399,43.818896],[25.938614,43.81835]]}},{"type":"Feature","properties":{"line":"А8","mode":"bus","color":"#b59607","oi":0.5,"n":2,"sw":1},"geometry":{"type":"LineString","coordinates":[[25.938611,43.818352],[25.938655,43.818332]]}},{"type":"Feature","properties":{"line":"А8","mode":"bus","color":"#b59607","oi":0.517,"n":2,"sw":1},"geometry":{"type":"LineString","coordinates":[[25.938649,43.818334],[25.938693,43.818314]]}},{"type":"Feature","properties":{"line":"А8","mode":"bus","color":"#b59607","oi":0.563,"n":2,"sw":1},"geometry":{"type":"LineString","coordinates":[[25.938687,43.818317],[25.938732,43.818297]]}},{"type":"Feature","properties":{"line":"А8","mode":"bus","color":"#b59607","oi":0.63,"n":2,"sw":1},"geometry":{"type":"LineString","coordinates":[[25.938725,43.8183],[25.93877,43.81828]]}},{"type":"Feature","properties":{"line":"А8","mode":"bus","color":"#b59607","oi":0.709,"n":2,"sw":1},"geometry":{"type":"LineString","coordinates":[[25.938763,43.818283],[25.938808,43.818263]]}},{"type":"Feature","properties":{"line":"А8","mode":"bus","color":"#b59607","oi":0.791,"n":2,"sw":1},"geometry":{"type":"LineString","coordinates":[[25.938801,43.818266],[25.938846,43.818246]]}},{"type":"Feature","properties":{"line":"А8","mode":"bus","color":"#b59607","oi":0.87,"n":2,"sw":1},"geometry":{"type":"LineString","coordinates":[[25.938839,43.818249],[25.938884,43.818229]]}},{"type":"Feature","properties":{"line":"А8","mode":"bus","color":"#b59607","oi":0.937,"n":2,"sw":1},"geometry":{"type":"LineString","coordinates":[[25.938878,43.818232],[25.938922,43.818212]]}},{"type":"Feature","properties":{"line":"А8","mode":"bus","color":"#b59607","oi":0.983,"n":2,"sw":1},"geometry":{"type":"LineString","coordinates":[[25.938916,43.818215],[25.93896,43.818195]]}},{"type":"Feature","properties":{"line":"А8","mode":"bus","color":"#b59607","oi":1,"n":2,"sw":1},"geometry":{"type":"LineString","coordinates":[[25.938954,43.818198],[25.938995,43.818179]]}},{"type":"Feature","properties":{"line":"А8","mode":"bus","color":"#b59607","oi":0.5,"n":2},"geometry":{"type":"LineString","coordinates":[[25.936641,43.81975],[25.936845,43.819582],[25.937054,43.819226],[25.93706,43.819217],[25.937062,43.819211],[25.937061,43.819208],[25.937057,43.819209],[25.937051,43.819213],[25.937041,43.81922],[25.936613,43.819574],[25.936489,43.819706]]}},{"type":"Feature","properties":{"line":"А8","mode":"bus","color":"#b59607","oi":0,"n":2,"sw":1},"geometry":{"type":"LineString","coordinates":[[25.936393,43.820017],[25.936415,43.819986]]}},{"type":"Feature","properties":{"line":"А8","mode":"bus","color":"#b59607","oi":0.017,"n":2,"sw":1},"geometry":{"type":"LineString","coordinates":[[25.936411,43.81999],[25.936435,43.819957]]}},{"type":"Feature","properties":{"line":"А8","mode":"bus","color":"#b59607","oi":0.063,"n":2,"sw":1},"geometry":{"type":"LineString","coordinates":[[25.936431,43.819961],[25.936455,43.819928]]}},{"type":"Feature","properties":{"line":"А8","mode":"bus","color":"#b59607","oi":0.13,"n":2,"sw":1},"geometry":{"type":"LineString","coordinates":[[25.936452,43.819932],[25.936475,43.819899]]}},{"type":"Feature","properties":{"line":"А8","mode":"bus","color":"#b59607","oi":0.209,"n":2,"sw":1},"geometry":{"type":"LineString","coordinates":[[25.936472,43.819904],[25.936492,43.819874],[25.936496,43.81987]]}},{"type":"Feature","properties":{"line":"А8","mode":"bus","color":"#b59607","oi":0.291,"n":2,"sw":1},"geometry":{"type":"LineString","coordinates":[[25.936492,43.819875],[25.936492,43.819874],[25.936526,43.819846]]}},{"type":"Feature","properties":{"line":"А8","mode":"bus","color":"#b59607","oi":0.37,"n":2,"sw":1},"geometry":{"type":"LineString","coordinates":[[25.936521,43.81985],[25.936555,43.819822]]}},{"type":"Feature","properties":{"line":"А8","mode":"bus","color":"#b59607","oi":0.437,"n":2,"sw":1},"geometry":{"type":"LineString","coordinates":[[25.93655,43.819826],[25.936585,43.819797]]}},{"type":"Feature","properties":{"line":"А8","mode":"bus","color":"#b59607","oi":0.483,"n":2,"sw":1},"geometry":{"type":"LineString","coordinates":[[25.93658,43.819801],[25.936614,43.819773]]}},{"type":"Feature","properties":{"line":"А8","mode":"bus","color":"#b59607","oi":0.5,"n":2,"sw":1},"geometry":{"type":"LineString","coordinates":[[25.936609,43.819777],[25.936644,43.819748]]}},{"type":"Feature","properties":{"line":"А8","mode":"bus","color":"#b59607","oi":0.5,"n":2,"sw":1},"geometry":{"type":"LineString","coordinates":[[25.936492,43.819704],[25.936477,43.819719],[25.936467,43.819737]]}},{"type":"Feature","properties":{"line":"А8","mode":"bus","color":"#b59607","oi":0.483,"n":2,"sw":1},"geometry":{"type":"LineString","coordinates":[[25.93647,43.819732],[25.936451,43.819767]]}},{"type":"Feature","properties":{"line":"А8","mode":"bus","color":"#b59607","oi":0.437,"n":2,"sw":1},"geometry":{"type":"LineString","coordinates":[[25.936454,43.819762],[25.936435,43.819797]]}},{"type":"Feature","properties":{"line":"А8","mode":"bus","color":"#b59607","oi":0.37,"n":2,"sw":1},"geometry":{"type":"LineString","coordinates":[[25.936437,43.819792],[25.936418,43.819827]]}},{"type":"Feature","properties":{"line":"А8","mode":"bus","color":"#b59607","oi":0.291,"n":2,"sw":1},"geometry":{"type":"LineString","coordinates":[[25.936421,43.819822],[25.936406,43.81985],[25.936405,43.819858]]}},{"type":"Feature","properties":{"line":"А8","mode":"bus","color":"#b59607","oi":0.209,"n":2,"sw":1},"geometry":{"type":"LineString","coordinates":[[25.936406,43.819853],[25.936403,43.81989]]}},{"type":"Feature","properties":{"line":"А8","mode":"bus","color":"#b59607","oi":0.13,"n":2,"sw":1},"geometry":{"type":"LineString","coordinates":[[25.936403,43.819885],[25.9364,43.819923]]}},{"type":"Feature","properties":{"line":"А8","mode":"bus","color":"#b59607","oi":0.063,"n":2,"sw":1},"geometry":{"type":"LineString","coordinates":[[25.936401,43.819917],[25.936398,43.819955]]}},{"type":"Feature","properties":{"line":"А8","mode":"bus","color":"#b59607","oi":0.017,"n":2,"sw":1},"geometry":{"type":"LineString","coordinates":[[25.936398,43.81995],[25.936395,43.819987]]}},{"type":"Feature","properties":{"line":"А8","mode":"bus","color":"#b59607","oi":0,"n":2,"sw":1},"geometry":{"type":"LineString","coordinates":[[25.936396,43.819982],[25.936393,43.820017]]}},{"type":"Feature","properties":{"line":"А8","mode":"bus","color":"#b59607","oi":0,"n":3},"geometry":{"type":"LineString","coordinates":[[25.963185,43.855265],[25.962099,43.853704]]}},{"type":"Feature","properties":{"line":"А8","mode":"bus","color":"#b59607","oi":0,"n":1},"geometry":{"type":"LineString","coordinates":[[25.96835,43.831053],[25.967472,43.831756],[25.967444,43.83177],[25.967411,43.831771],[25.967379,43.831767],[25.967358,43.831767],[25.967342,43.831774],[25.967331,43.831787],[25.967245,43.831961],[25.967071,43.832711],[25.967074,43.832744],[25.967097,43.832772],[25.968212,43.833628],[25.968224,43.833686],[25.968142,43.833826]]}},{"type":"Feature","properties":{"line":"А8","mode":"bus","color":"#b59607","oi":0,"n":1},"geometry":{"type":"LineString","coordinates":[[25.959579,43.839693],[25.959033,43.839706],[25.958832,43.839691],[25.957415,43.839427],[25.955062,43.839119]]}},{"type":"Feature","properties":{"line":"А8","mode":"bus","color":"#b59607","oi":0,"n":1},"geometry":{"type":"LineString","coordinates":[[25.954994,43.839497],[25.952846,43.84014],[25.951546,43.840593],[25.950143,43.84028],[25.950123,43.840273],[25.950111,43.840263],[25.950107,43.840251],[25.950112,43.840235],[25.950884,43.83867]]}},{"type":"Feature","properties":{"line":"А8","mode":"bus","color":"#b59607","oi":0,"n":1},"geometry":{"type":"LineString","coordinates":[[25.954774,43.840825],[25.955728,43.840902],[25.955757,43.840908],[25.955778,43.840921],[25.955791,43.840941],[25.956359,43.842433],[25.956368,43.842448],[25.95638,43.842456],[25.956398,43.842459],[25.956419,43.842456],[25.957758,43.842118]]}},{"type":"Feature","properties":{"line":"А8","mode":"bus","color":"#b59607","oi":0,"n":1,"sw":1},"geometry":{"type":"LineString","coordinates":[[25.957754,43.842119],[25.957785,43.842111]]}},{"type":"Feature","properties":{"line":"А8","mode":"bus","color":"#b59607","oi":0.01,"n":1,"sw":1},"geometry":{"type":"LineString","coordinates":[[25.957778,43.842113],[25.957808,43.842105]]}},{"type":"Feature","properties":{"line":"А8","mode":"bus","color":"#b59607","oi":0.038,"n":1,"sw":1},"geometry":{"type":"LineString","coordinates":[[25.957801,43.842107],[25.957832,43.842099]]}},{"type":"Feature","properties":{"line":"А8","mode":"bus","color":"#b59607","oi":0.082,"n":1,"sw":1},"geometry":{"type":"LineString","coordinates":[[25.957825,43.842101],[25.957855,43.842093]]}},{"type":"Feature","properties":{"line":"А8","mode":"bus","color":"#b59607","oi":0.14,"n":1,"sw":1},"geometry":{"type":"LineString","coordinates":[[25.957848,43.842095],[25.957879,43.842087]]}},{"type":"Feature","properties":{"line":"А8","mode":"bus","color":"#b59607","oi":0.209,"n":1,"sw":1},"geometry":{"type":"LineString","coordinates":[[25.957872,43.842089],[25.957902,43.842081]]}},{"type":"Feature","properties":{"line":"А8","mode":"bus","color":"#b59607","oi":0.286,"n":1,"sw":1},"geometry":{"type":"LineString","coordinates":[[25.957895,43.842083],[25.957926,43.842075]]}},{"type":"Feature","properties":{"line":"А8","mode":"bus","color":"#b59607","oi":0.369,"n":1,"sw":1},"geometry":{"type":"LineString","coordinates":[[25.957919,43.842077],[25.957949,43.84207]]}},{"type":"Feature","properties":{"line":"А8","mode":"bus","color":"#b59607","oi":0.456,"n":1,"sw":1},"geometry":{"type":"LineString","coordinates":[[25.957942,43.842071],[25.957973,43.842064]]}},{"type":"Feature","properties":{"line":"А8","mode":"bus","color":"#b59607","oi":0.544,"n":1,"sw":1},"geometry":{"type":"LineString","coordinates":[[25.957966,43.842065],[25.957996,43.842058]]}},{"type":"Feature","properties":{"line":"А8","mode":"bus","color":"#b59607","oi":0.631,"n":1,"sw":1},"geometry":{"type":"LineString","coordinates":[[25.957989,43.842059],[25.95802,43.842052]]}},{"type":"Feature","properties":{"line":"А8","mode":"bus","color":"#b59607","oi":0.714,"n":1,"sw":1},"geometry":{"type":"LineString","coordinates":[[25.958013,43.842053],[25.958043,43.842046]]}},{"type":"Feature","properties":{"line":"А8","mode":"bus","color":"#b59607","oi":0.791,"n":1,"sw":1},"geometry":{"type":"LineString","coordinates":[[25.958036,43.842048],[25.958067,43.84204]]}},{"type":"Feature","properties":{"line":"А8","mode":"bus","color":"#b59607","oi":0.86,"n":1,"sw":1},"geometry":{"type":"LineString","coordinates":[[25.95806,43.842042],[25.95809,43.842034]]}},{"type":"Feature","properties":{"line":"А8","mode":"bus","color":"#b59607","oi":0.918,"n":1,"sw":1},"geometry":{"type":"LineString","coordinates":[[25.958083,43.842036],[25.958114,43.842028]]}},{"type":"Feature","properties":{"line":"А8","mode":"bus","color":"#b59607","oi":0.962,"n":1,"sw":1},"geometry":{"type":"LineString","coordinates":[[25.958107,43.84203],[25.958137,43.842022]]}},{"type":"Feature","properties":{"line":"А8","mode":"bus","color":"#b59607","oi":0.99,"n":1,"sw":1},"geometry":{"type":"LineString","coordinates":[[25.95813,43.842024],[25.958161,43.842016]]}},{"type":"Feature","properties":{"line":"А8","mode":"bus","color":"#b59607","oi":1,"n":1,"sw":1},"geometry":{"type":"LineString","coordinates":[[25.958154,43.842018],[25.958181,43.842011]]}},{"type":"Feature","properties":{"line":"А8","mode":"bus","color":"#b59607","oi":0.5,"n":2},"geometry":{"type":"LineString","coordinates":[[25.96002,43.839632],[25.960021,43.839632],[25.960187,43.839535]]}},{"type":"Feature","properties":{"line":"А8","mode":"bus","color":"#b59607","oi":0,"n":2,"sw":1},"geometry":{"type":"LineString","coordinates":[[25.959579,43.839693],[25.959627,43.839686]]}},{"type":"Feature","properties":{"line":"А8","mode":"bus","color":"#b59607","oi":0.017,"n":2,"sw":1},"geometry":{"type":"LineString","coordinates":[[25.959619,43.839687],[25.959671,43.83968]]}},{"type":"Feature","properties":{"line":"А8","mode":"bus","color":"#b59607","oi":0.063,"n":2,"sw":1},"geometry":{"type":"LineString","coordinates":[[25.959663,43.839681],[25.959715,43.839674]]}},{"type":"Feature","properties":{"line":"А8","mode":"bus","color":"#b59607","oi":0.13,"n":2,"sw":1},"geometry":{"type":"LineString","coordinates":[[25.959708,43.839675],[25.959759,43.839668]]}},{"type":"Feature","properties":{"line":"А8","mode":"bus","color":"#b59607","oi":0.209,"n":2,"sw":1},"geometry":{"type":"LineString","coordinates":[[25.959752,43.839669],[25.959803,43.839662]]}},{"type":"Feature","properties":{"line":"А8","mode":"bus","color":"#b59607","oi":0.291,"n":2,"sw":1},"geometry":{"type":"LineString","coordinates":[[25.959796,43.839663],[25.959847,43.839656]]}},{"type":"Feature","properties":{"line":"А8","mode":"bus","color":"#b59607","oi":0.37,"n":2,"sw":1},"geometry":{"type":"LineString","coordinates":[[25.95984,43.839657],[25.959891,43.83965]]}},{"type":"Feature","properties":{"line":"А8","mode":"bus","color":"#b59607","oi":0.437,"n":2,"sw":1},"geometry":{"type":"LineString","coordinates":[[25.959884,43.839651],[25.959935,43.839644]]}},{"type":"Feature","properties":{"line":"А8","mode":"bus","color":"#b59607","oi":0.483,"n":2,"sw":1},"geometry":{"type":"LineString","coordinates":[[25.959928,43.839645],[25.959979,43.839638]]}},{"type":"Feature","properties":{"line":"А8","mode":"bus","color":"#b59607","oi":0.5,"n":2,"sw":1},"geometry":{"type":"LineString","coordinates":[[25.959972,43.839639],[25.960021,43.839632],[25.960023,43.839631]]}},{"type":"Feature","properties":{"line":"А8","mode":"bus","color":"#b59607","oi":0.5,"n":2,"sw":1},"geometry":{"type":"LineString","coordinates":[[25.960184,43.839537],[25.960224,43.839513]]}},{"type":"Feature","properties":{"line":"А8","mode":"bus","color":"#b59607","oi":0.483,"n":2,"sw":1},"geometry":{"type":"LineString","coordinates":[[25.960218,43.839516],[25.960259,43.839493]]}},{"type":"Feature","properties":{"line":"А8","mode":"bus","color":"#b59607","oi":0.437,"n":2,"sw":1},"geometry":{"type":"LineString","coordinates":[[25.960253,43.839496],[25.960294,43.839472]]}},{"type":"Feature","properties":{"line":"А8","mode":"bus","color":"#b59607","oi":0.37,"n":2,"sw":1},"geometry":{"type":"LineString","coordinates":[[25.960288,43.839476],[25.960329,43.839452]]}},{"type":"Feature","properties":{"line":"А8","mode":"bus","color":"#b59607","oi":0.291,"n":2,"sw":1},"geometry":{"type":"LineString","coordinates":[[25.960323,43.839455],[25.960364,43.839431]]}},{"type":"Feature","properties":{"line":"А8","mode":"bus","color":"#b59607","oi":0.209,"n":2,"sw":1},"geometry":{"type":"LineString","coordinates":[[25.960358,43.839435],[25.960399,43.839411]]}},{"type":"Feature","properties":{"line":"А8","mode":"bus","color":"#b59607","oi":0.13,"n":2,"sw":1},"geometry":{"type":"LineString","coordinates":[[25.960393,43.839414],[25.960433,43.839391]]}},{"type":"Feature","properties":{"line":"А8","mode":"bus","color":"#b59607","oi":0.063,"n":2,"sw":1},"geometry":{"type":"LineString","coordinates":[[25.960428,43.839394],[25.960468,43.83937]]}},{"type":"Feature","properties":{"line":"А8","mode":"bus","color":"#b59607","oi":0.017,"n":2,"sw":1},"geometry":{"type":"LineString","coordinates":[[25.960462,43.839374],[25.960503,43.83935]]}},{"type":"Feature","properties":{"line":"А8","mode":"bus","color":"#b59607","oi":0,"n":2,"sw":1},"geometry":{"type":"LineString","coordinates":[[25.960497,43.839353],[25.960535,43.839331]]}},{"type":"Feature","properties":{"line":"А8","mode":"bus","color":"#b59607","oi":0.5,"n":2},"geometry":{"type":"LineString","coordinates":[[25.950716,43.838591],[25.950801,43.838636],[25.950977,43.838694],[25.954634,43.839034]]}},{"type":"Feature","properties":{"line":"А8","mode":"bus","color":"#b59607","oi":0,"n":2,"sw":1},"geometry":{"type":"LineString","coordinates":[[25.950334,43.838424],[25.950378,43.838439]]}},{"type":"Feature","properties":{"line":"А8","mode":"bus","color":"#b59607","oi":0.017,"n":2,"sw":1},"geometry":{"type":"LineString","coordinates":[[25.950371,43.838437],[25.950418,43.838453]]}},{"type":"Feature","properties":{"line":"А8","mode":"bus","color":"#b59607","oi":0.063,"n":2,"sw":1},"geometry":{"type":"LineString","coordinates":[[25.950412,43.838451],[25.950459,43.838467]]}},{"type":"Feature","properties":{"line":"А8","mode":"bus","color":"#b59607","oi":0.13,"n":2,"sw":1},"geometry":{"type":"LineString","coordinates":[[25.950452,43.838465],[25.950499,43.838481]]}},{"type":"Feature","properties":{"line":"А8","mode":"bus","color":"#b59607","oi":0.209,"n":2,"sw":1},"geometry":{"type":"LineString","coordinates":[[25.950493,43.838479],[25.950531,43.838492],[25.950539,43.838496]]}},{"type":"Feature","properties":{"line":"А8","mode":"bus","color":"#b59607","oi":0.291,"n":2,"sw":1},"geometry":{"type":"LineString","coordinates":[[25.950533,43.838493],[25.950575,43.838515]]}},{"type":"Feature","properties":{"line":"А8","mode":"bus","color":"#b59607","oi":0.37,"n":2,"sw":1},"geometry":{"type":"LineString","coordinates":[[25.950569,43.838512],[25.950611,43.838535]]}},{"type":"Feature","properties":{"line":"А8","mode":"bus","color":"#b59607","oi":0.437,"n":2,"sw":1},"geometry":{"type":"LineString","coordinates":[[25.950605,43.838531],[25.950647,43.838554]]}},{"type":"Feature","properties":{"line":"А8","mode":"bus","color":"#b59607","oi":0.483,"n":2,"sw":1},"geometry":{"type":"LineString","coordinates":[[25.950641,43.838551],[25.950683,43.838573]]}},{"type":"Feature","properties":{"line":"А8","mode":"bus","color":"#b59607","oi":0.5,"n":2,"sw":1},"geometry":{"type":"LineString","coordinates":[[25.950677,43.83857],[25.950719,43.838592]]}},{"type":"Feature","properties":{"line":"А8","mode":"bus","color":"#b59607","oi":0.5,"n":2,"sw":1},"geometry":{"type":"LineString","coordinates":[[25.95463,43.839033],[25.954682,43.839038]]}},{"type":"Feature","properties":{"line":"А8","mode":"bus","color":"#b59607","oi":0.483,"n":2,"sw":1},"geometry":{"type":"LineString","coordinates":[[25.954674,43.839037],[25.954726,43.839042]]}},{"type":"Feature","properties":{"line":"А8","mode":"bus","color":"#b59607","oi":0.437,"n":2,"sw":1},"geometry":{"type":"LineString","coordinates":[[25.954719,43.839041],[25.954771,43.839046]]}},{"type":"Feature","properties":{"line":"А8","mode":"bus","color":"#b59607","oi":0.37,"n":2,"sw":1},"geometry":{"type":"LineString","coordinates":[[25.954763,43.839046],[25.954815,43.83905]]}},{"type":"Feature","properties":{"line":"А8","mode":"bus","color":"#b59607","oi":0.291,"n":2,"sw":1},"geometry":{"type":"LineString","coordinates":[[25.954808,43.83905],[25.95486,43.839055]]}},{"type":"Feature","properties":{"line":"А8","mode":"bus","color":"#b59607","oi":0.209,"n":2,"sw":1},"geometry":{"type":"LineString","coordinates":[[25.954852,43.839054],[25.954904,43.839059]]}},{"type":"Feature","properties":{"line":"А8","mode":"bus","color":"#b59607","oi":0.13,"n":2,"sw":1},"geometry":{"type":"LineString","coordinates":[[25.954897,43.839058],[25.95494,43.839062],[25.954949,43.839061]]}},{"type":"Feature","properties":{"line":"А8","mode":"bus","color":"#b59607","oi":0.063,"n":2,"sw":1},"geometry":{"type":"LineString","coordinates":[[25.954941,43.839062],[25.954993,43.839056]]}},{"type":"Feature","properties":{"line":"А8","mode":"bus","color":"#b59607","oi":0.017,"n":2,"sw":1},"geometry":{"type":"LineString","coordinates":[[25.954986,43.839057],[25.955037,43.839051]]}},{"type":"Feature","properties":{"line":"А8","mode":"bus","color":"#b59607","oi":0,"n":2,"sw":1},"geometry":{"type":"LineString","coordinates":[[25.95503,43.839052],[25.955078,43.839046]]}},{"type":"Feature","properties":{"line":"А8","mode":"bus","color":"#b59607","oi":1,"n":3},"geometry":{"type":"LineString","coordinates":[[25.958181,43.842011],[25.960177,43.841726]]}},{"type":"Feature","properties":{"line":"А8","mode":"bus","color":"#b59607","oi":1,"n":3,"sw":1},"geometry":{"type":"LineString","coordinates":[[25.960173,43.841726],[25.960183,43.841725],[25.960206,43.841726]]}},{"type":"Feature","properties":{"line":"А8","mode":"bus","color":"#b59607","oi":0.99,"n":3,"sw":1},"geometry":{"type":"LineString","coordinates":[[25.960198,43.841726],[25.960231,43.841727]]}},{"type":"Feature","properties":{"line":"А8","mode":"bus","color":"#b59607","oi":0.962,"n":3,"sw":1},"geometry":{"type":"LineString","coordinates":[[25.960223,43.841727],[25.960255,43.841728]]}},{"type":"Feature","properties":{"line":"А8","mode":"bus","color":"#b59607","oi":0.918,"n":3,"sw":1},"geometry":{"type":"LineString","coordinates":[[25.960248,43.841727],[25.96028,43.841729]]}},{"type":"Feature","properties":{"line":"А8","mode":"bus","color":"#b59607","oi":0.86,"n":3,"sw":1},"geometry":{"type":"LineString","coordinates":[[25.960273,43.841728],[25.960305,43.84173]]}},{"type":"Feature","properties":{"line":"А8","mode":"bus","color":"#b59607","oi":0.791,"n":3,"sw":1},"geometry":{"type":"LineString","coordinates":[[25.960298,43.841729],[25.96033,43.841731]]}},{"type":"Feature","properties":{"line":"А8","mode":"bus","color":"#b59607","oi":0.714,"n":3,"sw":1},"geometry":{"type":"LineString","coordinates":[[25.960323,43.84173],[25.960355,43.841732]]}},{"type":"Feature","properties":{"line":"А8","mode":"bus","color":"#b59607","oi":0.631,"n":3,"sw":1},"geometry":{"type":"LineString","coordinates":[[25.960347,43.841731],[25.96038,43.841733]]}},{"type":"Feature","properties":{"line":"А8","mode":"bus","color":"#b59607","oi":0.544,"n":3,"sw":1},"geometry":{"type":"LineString","coordinates":[[25.960372,43.841732],[25.960405,43.841734]]}},{"type":"Feature","properties":{"line":"А8","mode":"bus","color":"#b59607","oi":0.456,"n":3,"sw":1},"geometry":{"type":"LineString","coordinates":[[25.960397,43.841733],[25.96043,43.841734]]}},{"type":"Feature","properties":{"line":"А8","mode":"bus","color":"#b59607","oi":0.369,"n":3,"sw":1},"geometry":{"type":"LineString","coordinates":[[25.960422,43.841734],[25.960455,43.841735]]}},{"type":"Feature","properties":{"line":"А8","mode":"bus","color":"#b59607","oi":0.286,"n":3,"sw":1},"geometry":{"type":"LineString","coordinates":[[25.960447,43.841735],[25.960479,43.841736]]}},{"type":"Feature","properties":{"line":"А8","mode":"bus","color":"#b59607","oi":0.209,"n":3,"sw":1},"geometry":{"type":"LineString","coordinates":[[25.960472,43.841736],[25.960504,43.841737]]}},{"type":"Feature","properties":{"line":"А8","mode":"bus","color":"#b59607","oi":0.14,"n":3,"sw":1},"geometry":{"type":"LineString","coordinates":[[25.960497,43.841737],[25.960529,43.841738]]}},{"type":"Feature","properties":{"line":"А8","mode":"bus","color":"#b59607","oi":0.082,"n":3,"sw":1},"geometry":{"type":"LineString","coordinates":[[25.960522,43.841738],[25.960554,43.841739]]}},{"type":"Feature","properties":{"line":"А8","mode":"bus","color":"#b59607","oi":0.038,"n":3,"sw":1},"geometry":{"type":"LineString","coordinates":[[25.960547,43.841739],[25.960579,43.84174]]}},{"type":"Feature","properties":{"line":"А8","mode":"bus","color":"#b59607","oi":0.01,"n":3,"sw":1},"geometry":{"type":"LineString","coordinates":[[25.960571,43.84174],[25.960604,43.841741]]}},{"type":"Feature","properties":{"line":"А8","mode":"bus","color":"#b59607","oi":0,"n":3,"sw":1},"geometry":{"type":"LineString","coordinates":[[25.960596,43.841741],[25.960625,43.841742]]}},{"type":"Feature","properties":{"line":"А6","mode":"bus","color":"#7b3aa8","oi":0.5,"n":4},"geometry":{"type":"LineString","coordinates":[[25.927946,43.814602],[25.928029,43.814678],[25.928093,43.814701],[25.928237,43.814702],[25.928314,43.814679],[25.92842,43.814599],[25.928452,43.814542],[25.928448,43.814325],[25.928448,43.814315],[25.928449,43.814309],[25.928451,43.814307],[25.928454,43.814308],[25.928457,43.814314],[25.928462,43.814323],[25.929027,43.815632],[25.929692,43.816947],[25.930051,43.817769],[25.930905,43.819557],[25.931048,43.819931],[25.931195,43.820454],[25.931449,43.820912],[25.93173,43.821299],[25.932157,43.821771],[25.932206,43.821813]]}},{"type":"Feature","properties":{"line":"А6","mode":"bus","color":"#7b3aa8","oi":0.5,"n":4,"sw":1},"geometry":{"type":"LineString","coordinates":[[25.932204,43.821811],[25.932238,43.82184]]}},{"type":"Feature","properties":{"line":"А6","mode":"bus","color":"#7b3aa8","oi":0.483,"n":4,"sw":1},"geometry":{"type":"LineString","coordinates":[[25.932233,43.821836],[25.932267,43.821865]]}},{"type":"Feature","properties":{"line":"А6","mode":"bus","color":"#7b3aa8","oi":0.437,"n":4,"sw":1},"geometry":{"type":"LineString","coordinates":[[25.932262,43.82186],[25.932296,43.821889]]}},{"type":"Feature","properties":{"line":"А6","mode":"bus","color":"#7b3aa8","oi":0.37,"n":4,"sw":1},"geometry":{"type":"LineString","coordinates":[[25.932291,43.821885],[25.932305,43.821897],[25.932319,43.821917]]}},{"type":"Feature","properties":{"line":"А6","mode":"bus","color":"#7b3aa8","oi":0.291,"n":4,"sw":1},"geometry":{"type":"LineString","coordinates":[[25.932316,43.821912],[25.93234,43.821946]]}},{"type":"Feature","properties":{"line":"А6","mode":"bus","color":"#7b3aa8","oi":0.209,"n":4,"sw":1},"geometry":{"type":"LineString","coordinates":[[25.932336,43.821941],[25.93236,43.821974]]}},{"type":"Feature","properties":{"line":"А6","mode":"bus","color":"#7b3aa8","oi":0.13,"n":4,"sw":1},"geometry":{"type":"LineString","coordinates":[[25.932357,43.821969],[25.932381,43.822003]]}},{"type":"Feature","properties":{"line":"А6","mode":"bus","color":"#7b3aa8","oi":0.063,"n":4,"sw":1},"geometry":{"type":"LineString","coordinates":[[25.932377,43.821998],[25.932402,43.822032]]}},{"type":"Feature","properties":{"line":"А6","mode":"bus","color":"#7b3aa8","oi":0.017,"n":4,"sw":1},"geometry":{"type":"LineString","coordinates":[[25.932398,43.822027],[25.932422,43.822061]]}},{"type":"Feature","properties":{"line":"А6","mode":"bus","color":"#7b3aa8","oi":0,"n":4,"sw":1},"geometry":{"type":"LineString","coordinates":[[25.932419,43.822056],[25.932441,43.822087]]}},{"type":"Feature","properties":{"line":"А6","mode":"bus","color":"#7b3aa8","oi":1,"n":3},"geometry":{"type":"LineString","coordinates":[[25.927961,43.813209],[25.928447,43.814289]]}},{"type":"Feature","properties":{"line":"А6","mode":"bus","color":"#7b3aa8","oi":1,"n":3},"geometry":{"type":"LineString","coordinates":[[25.932305,43.821897],[25.932183,43.8216],[25.932,43.820941],[25.931668,43.820417],[25.931223,43.819915],[25.931041,43.819611],[25.93099,43.819162],[25.931023,43.818874],[25.931086,43.818707],[25.93128,43.818411],[25.931535,43.818154],[25.931912,43.817962],[25.932109,43.817922],[25.932264,43.817936],[25.93235,43.81797],[25.932467,43.818099],[25.932484,43.818168],[25.932452,43.81829],[25.932319,43.818404],[25.932113,43.818442],[25.931906,43.818413],[25.931674,43.818279],[25.931176,43.817918],[25.930532,43.817307],[25.93019,43.816869],[25.929797,43.816283],[25.928404,43.813161]]}},{"type":"Feature","properties":{"line":"А6","mode":"bus","color":"#7b3aa8","oi":0.5,"n":2},"geometry":{"type":"LineString","coordinates":[[25.916829,43.795569],[25.918504,43.798542],[25.919101,43.799749],[25.921124,43.804594],[25.921547,43.805538],[25.92221,43.806663],[25.922586,43.807156],[25.923136,43.807765],[25.926093,43.810486],[25.926915,43.811318],[25.927327,43.811886],[25.927814,43.812903]]}},{"type":"Feature","properties":{"line":"А6","mode":"bus","color":"#7b3aa8","oi":0.5,"n":2,"sw":1},"geometry":{"type":"LineString","coordinates":[[25.927813,43.8129],[25.92783,43.812936]]}},{"type":"Feature","properties":{"line":"А6","mode":"bus","color":"#7b3aa8","oi":0.517,"n":2,"sw":1},"geometry":{"type":"LineString","coordinates":[[25.927828,43.812931],[25.927845,43.812967]]}},{"type":"Feature","properties":{"line":"А6","mode":"bus","color":"#7b3aa8","oi":0.563,"n":2,"sw":1},"geometry":{"type":"LineString","coordinates":[[25.927842,43.812962],[25.92786,43.812997]]}},{"type":"Feature","properties":{"line":"А6","mode":"bus","color":"#7b3aa8","oi":0.63,"n":2,"sw":1},"geometry":{"type":"LineString","coordinates":[[25.927857,43.812992],[25.927874,43.813028]]}},{"type":"Feature","properties":{"line":"А6","mode":"bus","color":"#7b3aa8","oi":0.709,"n":2,"sw":1},"geometry":{"type":"LineString","coordinates":[[25.927872,43.813023],[25.927889,43.813058]]}},{"type":"Feature","properties":{"line":"А6","mode":"bus","color":"#7b3aa8","oi":0.791,"n":2,"sw":1},"geometry":{"type":"LineString","coordinates":[[25.927886,43.813053],[25.927904,43.813089]]}},{"type":"Feature","properties":{"line":"А6","mode":"bus","color":"#7b3aa8","oi":0.87,"n":2,"sw":1},"geometry":{"type":"LineString","coordinates":[[25.927901,43.813084],[25.927918,43.81312]]}},{"type":"Feature","properties":{"line":"А6","mode":"bus","color":"#7b3aa8","oi":0.937,"n":2,"sw":1},"geometry":{"type":"LineString","coordinates":[[25.927916,43.813115],[25.927933,43.81315]]}},{"type":"Feature","properties":{"line":"А6","mode":"bus","color":"#7b3aa8","oi":0.983,"n":2,"sw":1},"geometry":{"type":"LineString","coordinates":[[25.92793,43.813145],[25.927948,43.813181]]}},{"type":"Feature","properties":{"line":"А6","mode":"bus","color":"#7b3aa8","oi":1,"n":2,"sw":1},"geometry":{"type":"LineString","coordinates":[[25.927945,43.813176],[25.927961,43.813209]]}},{"type":"Feature","properties":{"line":"А6","mode":"bus","color":"#7b3aa8","oi":0.5,"n":2},"geometry":{"type":"LineString","coordinates":[[25.91747,43.795949],[25.917203,43.795453]]}},{"type":"Feature","properties":{"line":"А6","mode":"bus","color":"#7b3aa8","oi":0.5,"n":2},"geometry":{"type":"LineString","coordinates":[[25.928262,43.812854],[25.927848,43.81196],[25.927548,43.811533],[25.927103,43.810978],[25.926555,43.810418],[25.923401,43.807537],[25.923075,43.807177],[25.922418,43.806315],[25.92199,43.805529],[25.921728,43.804954],[25.9195,43.7997],[25.919177,43.799004],[25.917704,43.796384]]}},{"type":"Feature","properties":{"line":"А6","mode":"bus","color":"#7b3aa8","oi":1,"n":2,"sw":1},"geometry":{"type":"LineString","coordinates":[[25.928404,43.813161],[25.928389,43.813128]]}},{"type":"Feature","properties":{"line":"А6","mode":"bus","color":"#7b3aa8","oi":0.983,"n":2,"sw":1},"geometry":{"type":"LineString","coordinates":[[25.928391,43.813133],[25.928374,43.813097]]}},{"type":"Feature","properties":{"line":"А6","mode":"bus","color":"#7b3aa8","oi":0.937,"n":2,"sw":1},"geometry":{"type":"LineString","coordinates":[[25.928377,43.813102],[25.92836,43.813066]]}},{"type":"Feature","properties":{"line":"А6","mode":"bus","color":"#7b3aa8","oi":0.87,"n":2,"sw":1},"geometry":{"type":"LineString","coordinates":[[25.928363,43.813071],[25.928346,43.813036]]}},{"type":"Feature","properties":{"line":"А6","mode":"bus","color":"#7b3aa8","oi":0.791,"n":2,"sw":1},"geometry":{"type":"LineString","coordinates":[[25.928348,43.813041],[25.928332,43.813005]]}},{"type":"Feature","properties":{"line":"А6","mode":"bus","color":"#7b3aa8","oi":0.709,"n":2,"sw":1},"geometry":{"type":"LineString","coordinates":[[25.928334,43.81301],[25.928317,43.812974]]}},{"type":"Feature","properties":{"line":"А6","mode":"bus","color":"#7b3aa8","oi":0.63,"n":2,"sw":1},"geometry":{"type":"LineString","coordinates":[[25.92832,43.812979],[25.928303,43.812943]]}},{"type":"Feature","properties":{"line":"А6","mode":"bus","color":"#7b3aa8","oi":0.563,"n":2,"sw":1},"geometry":{"type":"LineString","coordinates":[[25.928306,43.812949],[25.928289,43.812913]]}},{"type":"Feature","properties":{"line":"А6","mode":"bus","color":"#7b3aa8","oi":0.517,"n":2,"sw":1},"geometry":{"type":"LineString","coordinates":[[25.928291,43.812918],[25.928275,43.812882]]}},{"type":"Feature","properties":{"line":"А6","mode":"bus","color":"#7b3aa8","oi":0.5,"n":2,"sw":1},"geometry":{"type":"LineString","coordinates":[[25.928277,43.812887],[25.928261,43.812851]]}},{"type":"Feature","properties":{"line":"А6","mode":"bus","color":"#7b3aa8","oi":1.5,"n":4},"geometry":{"type":"LineString","coordinates":[[25.962524,43.855523],[25.962511,43.85553],[25.962368,43.855634],[25.962278,43.855827]]}},{"type":"Feature","properties":{"line":"А6","mode":"bus","color":"#7b3aa8","oi":0,"n":4,"sw":1},"geometry":{"type":"LineString","coordinates":[[25.962837,43.855304],[25.962828,43.855318]]}},{"type":"Feature","properties":{"line":"А6","mode":"bus","color":"#7b3aa8","oi":0.007,"n":4,"sw":1},"geometry":{"type":"LineString","coordinates":[[25.962831,43.855313],[25.962821,43.855329]]}},{"type":"Feature","properties":{"line":"А6","mode":"bus","color":"#7b3aa8","oi":0.027,"n":4,"sw":1},"geometry":{"type":"LineString","coordinates":[[25.962824,43.855324],[25.962814,43.85534]]}},{"type":"Feature","properties":{"line":"А6","mode":"bus","color":"#7b3aa8","oi":0.06,"n":4,"sw":1},"geometry":{"type":"LineString","coordinates":[[25.962817,43.855335],[25.962806,43.855352]]}},{"type":"Feature","properties":{"line":"А6","mode":"bus","color":"#7b3aa8","oi":0.103,"n":4,"sw":1},"geometry":{"type":"LineString","coordinates":[[25.96281,43.855347],[25.962799,43.855363]]}},{"type":"Feature","properties":{"line":"А6","mode":"bus","color":"#7b3aa8","oi":0.156,"n":4,"sw":1},"geometry":{"type":"LineString","coordinates":[[25.962802,43.855358],[25.962792,43.855374]]}},{"type":"Feature","properties":{"line":"А6","mode":"bus","color":"#7b3aa8","oi":0.218,"n":4,"sw":1},"geometry":{"type":"LineString","coordinates":[[25.962795,43.855369],[25.962785,43.855386]]}},{"type":"Feature","properties":{"line":"А6","mode":"bus","color":"#7b3aa8","oi":0.287,"n":4,"sw":1},"geometry":{"type":"LineString","coordinates":[[25.962788,43.855381],[25.962782,43.85539],[25.962773,43.855394]]}},{"type":"Feature","properties":{"line":"А6","mode":"bus","color":"#7b3aa8","oi":0.362,"n":4,"sw":1},"geometry":{"type":"LineString","coordinates":[[25.962779,43.855391],[25.962759,43.855402]]}},{"type":"Feature","properties":{"line":"А6","mode":"bus","color":"#7b3aa8","oi":0.443,"n":4,"sw":1},"geometry":{"type":"LineString","coordinates":[[25.962765,43.855399],[25.962745,43.855409]]}},{"type":"Feature","properties":{"line":"А6","mode":"bus","color":"#7b3aa8","oi":0.528,"n":4,"sw":1},"geometry":{"type":"LineString","coordinates":[[25.962751,43.855406],[25.962731,43.855416]]}},{"type":"Feature","properties":{"line":"А6","mode":"bus","color":"#7b3aa8","oi":0.616,"n":4,"sw":1},"geometry":{"type":"LineString","coordinates":[[25.962737,43.855413],[25.962717,43.855423]]}},{"type":"Feature","properties":{"line":"А6","mode":"bus","color":"#7b3aa8","oi":0.705,"n":4,"sw":1},"geometry":{"type":"LineString","coordinates":[[25.962723,43.85542],[25.962703,43.855431]]}},{"type":"Feature","properties":{"line":"А6","mode":"bus","color":"#7b3aa8","oi":0.795,"n":4,"sw":1},"geometry":{"type":"LineString","coordinates":[[25.962709,43.855428],[25.962689,43.855438]]}},{"type":"Feature","properties":{"line":"А6","mode":"bus","color":"#7b3aa8","oi":0.884,"n":4,"sw":1},"geometry":{"type":"LineString","coordinates":[[25.962695,43.855435],[25.962675,43.855445]]}},{"type":"Feature","properties":{"line":"А6","mode":"bus","color":"#7b3aa8","oi":0.972,"n":4,"sw":1},"geometry":{"type":"LineString","coordinates":[[25.962681,43.855442],[25.962661,43.855452]]}},{"type":"Feature","properties":{"line":"А6","mode":"bus","color":"#7b3aa8","oi":1.057,"n":4,"sw":1},"geometry":{"type":"LineString","coordinates":[[25.962667,43.855449],[25.962647,43.85546]]}},{"type":"Feature","properties":{"line":"А6","mode":"bus","color":"#7b3aa8","oi":1.138,"n":4,"sw":1},"geometry":{"type":"LineString","coordinates":[[25.962653,43.855457],[25.962633,43.855467]]}},{"type":"Feature","properties":{"line":"А6","mode":"bus","color":"#7b3aa8","oi":1.213,"n":4,"sw":1},"geometry":{"type":"LineString","coordinates":[[25.962639,43.855464],[25.962619,43.855474]]}},{"type":"Feature","properties":{"line":"А6","mode":"bus","color":"#7b3aa8","oi":1.282,"n":4,"sw":1},"geometry":{"type":"LineString","coordinates":[[25.962625,43.855471],[25.962605,43.855481]]}},{"type":"Feature","properties":{"line":"А6","mode":"bus","color":"#7b3aa8","oi":1.344,"n":4,"sw":1},"geometry":{"type":"LineString","coordinates":[[25.962611,43.855478],[25.962591,43.855489]]}},{"type":"Feature","properties":{"line":"А6","mode":"bus","color":"#7b3aa8","oi":1.397,"n":4,"sw":1},"geometry":{"type":"LineString","coordinates":[[25.962597,43.855486],[25.962577,43.855496]]}},{"type":"Feature","properties":{"line":"А6","mode":"bus","color":"#7b3aa8","oi":1.44,"n":4,"sw":1},"geometry":{"type":"LineString","coordinates":[[25.962583,43.855493],[25.962563,43.855503]]}},{"type":"Feature","properties":{"line":"А6","mode":"bus","color":"#7b3aa8","oi":1.473,"n":4,"sw":1},"geometry":{"type":"LineString","coordinates":[[25.962569,43.8555],[25.962549,43.85551]]}},{"type":"Feature","properties":{"line":"А6","mode":"bus","color":"#7b3aa8","oi":1.493,"n":4,"sw":1},"geometry":{"type":"LineString","coordinates":[[25.962555,43.855507],[25.962535,43.855518]]}},{"type":"Feature","properties":{"line":"А6","mode":"bus","color":"#7b3aa8","oi":1.5,"n":4,"sw":1},"geometry":{"type":"LineString","coordinates":[[25.962541,43.855515],[25.962521,43.855525]]}},{"type":"Feature","properties":{"line":"А6","mode":"bus","color":"#7b3aa8","oi":0.5,"n":1,"sw":1},"geometry":{"type":"LineString","coordinates":[[25.917203,43.795453],[25.917175,43.795432]]}},{"type":"Feature","properties":{"line":"А6","mode":"bus","color":"#7b3aa8","oi":0.483,"n":1,"sw":1},"geometry":{"type":"LineString","coordinates":[[25.917181,43.795436],[25.91715,43.795414]]}},{"type":"Feature","properties":{"line":"А6","mode":"bus","color":"#7b3aa8","oi":0.437,"n":1,"sw":1},"geometry":{"type":"LineString","coordinates":[[25.917155,43.795418],[25.917125,43.795395]]}},{"type":"Feature","properties":{"line":"А6","mode":"bus","color":"#7b3aa8","oi":0.37,"n":1,"sw":1},"geometry":{"type":"LineString","coordinates":[[25.91713,43.795399],[25.9171,43.795377]]}},{"type":"Feature","properties":{"line":"А6","mode":"bus","color":"#7b3aa8","oi":0.291,"n":1,"sw":1},"geometry":{"type":"LineString","coordinates":[[25.917105,43.795381],[25.917075,43.795358]]}},{"type":"Feature","properties":{"line":"А6","mode":"bus","color":"#7b3aa8","oi":0.209,"n":1,"sw":1},"geometry":{"type":"LineString","coordinates":[[25.91708,43.795362],[25.917056,43.795344],[25.917048,43.795342]]}},{"type":"Feature","properties":{"line":"А6","mode":"bus","color":"#7b3aa8","oi":0.13,"n":1,"sw":1},"geometry":{"type":"LineString","coordinates":[[25.917055,43.795344],[25.917013,43.795335]]}},{"type":"Feature","properties":{"line":"А6","mode":"bus","color":"#7b3aa8","oi":0.063,"n":1,"sw":1},"geometry":{"type":"LineString","coordinates":[[25.917021,43.795336],[25.916979,43.795327]]}},{"type":"Feature","properties":{"line":"А6","mode":"bus","color":"#7b3aa8","oi":0.017,"n":1,"sw":1},"geometry":{"type":"LineString","coordinates":[[25.916986,43.795329],[25.916974,43.795326],[25.916944,43.795332]]}},{"type":"Feature","properties":{"line":"А6","mode":"bus","color":"#7b3aa8","oi":0,"n":1,"sw":1},"geometry":{"type":"LineString","coordinates":[[25.916951,43.79533],[25.916909,43.795338]]}},{"type":"Feature","properties":{"line":"А6","mode":"bus","color":"#7b3aa8","oi":0,"n":1,"sw":1},"geometry":{"type":"LineString","coordinates":[[25.916917,43.795337],[25.916883,43.795343],[25.916878,43.795348]]}},{"type":"Feature","properties":{"line":"А6","mode":"bus","color":"#7b3aa8","oi":0.017,"n":1,"sw":1},"geometry":{"type":"LineString","coordinates":[[25.916882,43.795344],[25.916856,43.795369]]}},{"type":"Feature","properties":{"line":"А6","mode":"bus","color":"#7b3aa8","oi":0.063,"n":1,"sw":1},"geometry":{"type":"LineString","coordinates":[[25.916861,43.795364],[25.916838,43.795386],[25.916838,43.79539]]}},{"type":"Feature","properties":{"line":"А6","mode":"bus","color":"#7b3aa8","oi":0.13,"n":1,"sw":1},"geometry":{"type":"LineString","coordinates":[[25.916839,43.795385],[25.916838,43.795386],[25.916837,43.795416]]}},{"type":"Feature","properties":{"line":"А6","mode":"bus","color":"#7b3aa8","oi":0.209,"n":1,"sw":1},"geometry":{"type":"LineString","coordinates":[[25.916837,43.795411],[25.916835,43.795442]]}},{"type":"Feature","properties":{"line":"А6","mode":"bus","color":"#7b3aa8","oi":0.291,"n":1,"sw":1},"geometry":{"type":"LineString","coordinates":[[25.916836,43.795437],[25.916834,43.795468]]}},{"type":"Feature","properties":{"line":"А6","mode":"bus","color":"#7b3aa8","oi":0.37,"n":1,"sw":1},"geometry":{"type":"LineString","coordinates":[[25.916834,43.795463],[25.916833,43.795494]]}},{"type":"Feature","properties":{"line":"А6","mode":"bus","color":"#7b3aa8","oi":0.437,"n":1,"sw":1},"geometry":{"type":"LineString","coordinates":[[25.916833,43.795489],[25.916831,43.79552]]}},{"type":"Feature","properties":{"line":"А6","mode":"bus","color":"#7b3aa8","oi":0.483,"n":1,"sw":1},"geometry":{"type":"LineString","coordinates":[[25.916832,43.795514],[25.91683,43.795546]]}},{"type":"Feature","properties":{"line":"А6","mode":"bus","color":"#7b3aa8","oi":0.5,"n":1,"sw":1},"geometry":{"type":"LineString","coordinates":[[25.91683,43.79554],[25.916829,43.795569]]}},{"type":"Feature","properties":{"line":"А6","mode":"bus","color":"#7b3aa8","oi":0,"n":1},"geometry":{"type":"LineString","coordinates":[[25.917704,43.796384],[25.917764,43.79624],[25.91798,43.796089],[25.917991,43.79608],[25.917995,43.796074],[25.917993,43.796071],[25.917983,43.79607],[25.917967,43.796072],[25.917844,43.796093]]}},{"type":"Feature","properties":{"line":"А6","mode":"bus","color":"#7b3aa8","oi":0,"n":1,"sw":1},"geometry":{"type":"LineString","coordinates":[[25.917848,43.796092],[25.917814,43.796098],[25.917796,43.796096]]}},{"type":"Feature","properties":{"line":"А6","mode":"bus","color":"#7b3aa8","oi":0.017,"n":1,"sw":1},"geometry":{"type":"LineString","coordinates":[[25.917804,43.796097],[25.917752,43.796091]]}},{"type":"Feature","properties":{"line":"А6","mode":"bus","color":"#7b3aa8","oi":0.063,"n":1,"sw":1},"geometry":{"type":"LineString","coordinates":[[25.917759,43.796092],[25.91772,43.796088],[25.917708,43.796085]]}},{"type":"Feature","properties":{"line":"А6","mode":"bus","color":"#7b3aa8","oi":0.13,"n":1,"sw":1},"geometry":{"type":"LineString","coordinates":[[25.917715,43.796087],[25.917665,43.796075]]}},{"type":"Feature","properties":{"line":"А6","mode":"bus","color":"#7b3aa8","oi":0.209,"n":1,"sw":1},"geometry":{"type":"LineString","coordinates":[[25.917672,43.796077],[25.917634,43.796068],[25.917626,43.796062]]}},{"type":"Feature","properties":{"line":"А6","mode":"bus","color":"#7b3aa8","oi":0.291,"n":1,"sw":1},"geometry":{"type":"LineString","coordinates":[[25.917631,43.796066],[25.917594,43.796039]]}},{"type":"Feature","properties":{"line":"А6","mode":"bus","color":"#7b3aa8","oi":0.37,"n":1,"sw":1},"geometry":{"type":"LineString","coordinates":[[25.917599,43.796043],[25.917562,43.796016]]}},{"type":"Feature","properties":{"line":"А6","mode":"bus","color":"#7b3aa8","oi":0.437,"n":1,"sw":1},"geometry":{"type":"LineString","coordinates":[[25.917568,43.79602],[25.917531,43.795993]]}},{"type":"Feature","properties":{"line":"А6","mode":"bus","color":"#7b3aa8","oi":0.483,"n":1,"sw":1},"geometry":{"type":"LineString","coordinates":[[25.917536,43.795997],[25.917499,43.79597]]}},{"type":"Feature","properties":{"line":"А6","mode":"bus","color":"#7b3aa8","oi":0.5,"n":1,"sw":1},"geometry":{"type":"LineString","coordinates":[[25.917504,43.795974],[25.91747,43.795949]]}},{"type":"Feature","properties":{"line":"А6","mode":"bus","color":"#7b3aa8","oi":0,"n":1},"geometry":{"type":"LineString","coordinates":[[25.942031,43.806698],[25.942612,43.807072]]}},{"type":"Feature","properties":{"line":"А6","mode":"bus","color":"#7b3aa8","oi":0,"n":1},"geometry":{"type":"LineString","coordinates":[[25.926352,43.794083],[25.92601,43.794065],[25.925541,43.793995],[25.92513,43.793961],[25.924714,43.793957],[25.923794,43.794106],[25.923005,43.794362],[25.922555,43.794558],[25.921406,43.795138],[25.920809,43.795392],[25.920468,43.795488],[25.919637,43.795619],[25.918664,43.795815],[25.918262,43.795941],[25.918016,43.796064]]}},{"type":"Feature","properties":{"line":"А6","mode":"bus","color":"#7b3aa8","oi":0.5,"n":2},"geometry":{"type":"LineString","coordinates":[[25.930711,43.798481],[25.930973,43.798412],[25.93184,43.798307],[25.93196,43.798274],[25.93206,43.798195],[25.932077,43.798177],[25.932081,43.798158],[25.932073,43.798137],[25.931351,43.797046],[25.931268,43.796955],[25.929876,43.795933],[25.928909,43.795442],[25.927162,43.794465],[25.926352,43.794083]]}},{"type":"Feature","properties":{"line":"А6","mode":"bus","color":"#7b3aa8","oi":0.5,"n":2},"geometry":{"type":"LineString","coordinates":[[25.942364,43.806834],[25.941853,43.806614],[25.94162,43.806576],[25.934333,43.80671],[25.932727,43.806635],[25.931922,43.806549],[25.931735,43.806502],[25.928589,43.805187],[25.928188,43.804954],[25.927923,43.804663],[25.927566,43.803871],[25.927187,43.802932],[25.927137,43.802745],[25.927127,43.802443],[25.927209,43.802153],[25.928048,43.800827],[25.928325,43.800449],[25.929125,43.79957],[25.929577,43.799209],[25.930876,43.798366],[25.931741,43.797633]]}},{"type":"Feature","properties":{"line":"А6","mode":"bus","color":"#7b3aa8","oi":0,"n":2,"sw":1},"geometry":{"type":"LineString","coordinates":[[25.942749,43.807],[25.942707,43.806982]]}},{"type":"Feature","properties":{"line":"А6","mode":"bus","color":"#7b3aa8","oi":0.017,"n":2,"sw":1},"geometry":{"type":"LineString","coordinates":[[25.942714,43.806985],[25.942669,43.806965]]}},{"type":"Feature","properties":{"line":"А6","mode":"bus","color":"#7b3aa8","oi":0.063,"n":2,"sw":1},"geometry":{"type":"LineString","coordinates":[[25.942675,43.806968],[25.94263,43.806949]]}},{"type":"Feature","properties":{"line":"А6","mode":"bus","color":"#7b3aa8","oi":0.13,"n":2,"sw":1},"geometry":{"type":"LineString","coordinates":[[25.942637,43.806952],[25.942592,43.806932]]}},{"type":"Feature","properties":{"line":"А6","mode":"bus","color":"#7b3aa8","oi":0.209,"n":2,"sw":1},"geometry":{"type":"LineString","coordinates":[[25.942598,43.806935],[25.942553,43.806916]]}},{"type":"Feature","properties":{"line":"А6","mode":"bus","color":"#7b3aa8","oi":0.291,"n":2,"sw":1},"geometry":{"type":"LineString","coordinates":[[25.94256,43.806918],[25.942515,43.806899]]}},{"type":"Feature","properties":{"line":"А6","mode":"bus","color":"#7b3aa8","oi":0.37,"n":2,"sw":1},"geometry":{"type":"LineString","coordinates":[[25.942521,43.806902],[25.942476,43.806882]]}},{"type":"Feature","properties":{"line":"А6","mode":"bus","color":"#7b3aa8","oi":0.437,"n":2,"sw":1},"geometry":{"type":"LineString","coordinates":[[25.942483,43.806885],[25.942438,43.806866]]}},{"type":"Feature","properties":{"line":"А6","mode":"bus","color":"#7b3aa8","oi":0.483,"n":2,"sw":1},"geometry":{"type":"LineString","coordinates":[[25.942444,43.806869],[25.942399,43.806849]]}},{"type":"Feature","properties":{"line":"А6","mode":"bus","color":"#7b3aa8","oi":0.5,"n":2,"sw":1},"geometry":{"type":"LineString","coordinates":[[25.942405,43.806852],[25.942361,43.806833]]}},{"type":"Feature","properties":{"line":"А6","mode":"bus","color":"#7b3aa8","oi":1,"n":3},"geometry":{"type":"LineString","coordinates":[[25.943114,43.806811],[25.944235,43.806231],[25.944571,43.806001],[25.944724,43.805837],[25.946038,43.804108],[25.946295,43.803685],[25.946309,43.803623],[25.946235,43.803539],[25.945928,43.80329]]}},{"type":"Feature","properties":{"line":"А6","mode":"bus","color":"#7b3aa8","oi":0,"n":3,"sw":1},"geometry":{"type":"LineString","coordinates":[[25.942749,43.807],[25.942772,43.806988]]}},{"type":"Feature","properties":{"line":"А6","mode":"bus","color":"#7b3aa8","oi":0.01,"n":3,"sw":1},"geometry":{"type":"LineString","coordinates":[[25.942766,43.806991],[25.942793,43.806977]]}},{"type":"Feature","properties":{"line":"А6","mode":"bus","color":"#7b3aa8","oi":0.038,"n":3,"sw":1},"geometry":{"type":"LineString","coordinates":[[25.942786,43.806981],[25.942813,43.806967]]}},{"type":"Feature","properties":{"line":"А6","mode":"bus","color":"#7b3aa8","oi":0.082,"n":3,"sw":1},"geometry":{"type":"LineString","coordinates":[[25.942807,43.80697],[25.942833,43.806956]]}},{"type":"Feature","properties":{"line":"А6","mode":"bus","color":"#7b3aa8","oi":0.14,"n":3,"sw":1},"geometry":{"type":"LineString","coordinates":[[25.942827,43.80696],[25.942853,43.806946]]}},{"type":"Feature","properties":{"line":"А6","mode":"bus","color":"#7b3aa8","oi":0.209,"n":3,"sw":1},"geometry":{"type":"LineString","coordinates":[[25.942847,43.806949],[25.942874,43.806936]]}},{"type":"Feature","properties":{"line":"А6","mode":"bus","color":"#7b3aa8","oi":0.286,"n":3,"sw":1},"geometry":{"type":"LineString","coordinates":[[25.942868,43.806939],[25.942894,43.806925]]}},{"type":"Feature","properties":{"line":"А6","mode":"bus","color":"#7b3aa8","oi":0.369,"n":3,"sw":1},"geometry":{"type":"LineString","coordinates":[[25.942888,43.806928],[25.942914,43.806915]]}},{"type":"Feature","properties":{"line":"А6","mode":"bus","color":"#7b3aa8","oi":0.456,"n":3,"sw":1},"geometry":{"type":"LineString","coordinates":[[25.942908,43.806918],[25.942934,43.806904]]}},{"type":"Feature","properties":{"line":"А6","mode":"bus","color":"#7b3aa8","oi":0.544,"n":3,"sw":1},"geometry":{"type":"LineString","coordinates":[[25.942928,43.806907],[25.942955,43.806894]]}},{"type":"Feature","properties":{"line":"А6","mode":"bus","color":"#7b3aa8","oi":0.631,"n":3,"sw":1},"geometry":{"type":"LineString","coordinates":[[25.942949,43.806897],[25.942975,43.806883]]}},{"type":"Feature","properties":{"line":"А6","mode":"bus","color":"#7b3aa8","oi":0.714,"n":3,"sw":1},"geometry":{"type":"LineString","coordinates":[[25.942969,43.806886],[25.942995,43.806873]]}},{"type":"Feature","properties":{"line":"А6","mode":"bus","color":"#7b3aa8","oi":0.791,"n":3,"sw":1},"geometry":{"type":"LineString","coordinates":[[25.942989,43.806876],[25.943015,43.806862]]}},{"type":"Feature","properties":{"line":"А6","mode":"bus","color":"#7b3aa8","oi":0.86,"n":3,"sw":1},"geometry":{"type":"LineString","coordinates":[[25.943009,43.806865],[25.943036,43.806852]]}},{"type":"Feature","properties":{"line":"А6","mode":"bus","color":"#7b3aa8","oi":0.918,"n":3,"sw":1},"geometry":{"type":"LineString","coordinates":[[25.94303,43.806855],[25.943056,43.806841]]}},{"type":"Feature","properties":{"line":"А6","mode":"bus","color":"#7b3aa8","oi":0.962,"n":3,"sw":1},"geometry":{"type":"LineString","coordinates":[[25.94305,43.806844],[25.943076,43.806831]]}},{"type":"Feature","properties":{"line":"А6","mode":"bus","color":"#7b3aa8","oi":0.99,"n":3,"sw":1},"geometry":{"type":"LineString","coordinates":[[25.94307,43.806834],[25.943096,43.80682]]}},{"type":"Feature","properties":{"line":"А6","mode":"bus","color":"#7b3aa8","oi":1,"n":3,"sw":1},"geometry":{"type":"LineString","coordinates":[[25.94309,43.806823],[25.943117,43.80681]]}},{"type":"Feature","properties":{"line":"А6","mode":"bus","color":"#7b3aa8","oi":1.5,"n":4},"geometry":{"type":"LineString","coordinates":[[25.942612,43.807072],[25.94268,43.807036]]}},{"type":"Feature","properties":{"line":"А6","mode":"bus","color":"#7b3aa8","oi":1.5,"n":4,"sw":1},"geometry":{"type":"LineString","coordinates":[[25.942677,43.807038],[25.942693,43.807029]]}},{"type":"Feature","properties":{"line":"А6","mode":"bus","color":"#7b3aa8","oi":1.389,"n":4,"sw":1},"geometry":{"type":"LineString","coordinates":[[25.942687,43.807032],[25.942703,43.807024]]}},{"type":"Feature","properties":{"line":"А6","mode":"bus","color":"#7b3aa8","oi":1.111,"n":4,"sw":1},"geometry":{"type":"LineString","coordinates":[[25.942697,43.807027],[25.942713,43.807019]]}},{"type":"Feature","properties":{"line":"А6","mode":"bus","color":"#7b3aa8","oi":0.75,"n":4,"sw":1},"geometry":{"type":"LineString","coordinates":[[25.942707,43.807022],[25.942723,43.807014]]}},{"type":"Feature","properties":{"line":"А6","mode":"bus","color":"#7b3aa8","oi":0.389,"n":4,"sw":1},"geometry":{"type":"LineString","coordinates":[[25.942717,43.807017],[25.942732,43.807009]]}},{"type":"Feature","properties":{"line":"А6","mode":"bus","color":"#7b3aa8","oi":0.111,"n":4,"sw":1},"geometry":{"type":"LineString","coordinates":[[25.942726,43.807012],[25.942742,43.807004]]}},{"type":"Feature","properties":{"line":"А6","mode":"bus","color":"#7b3aa8","oi":0,"n":4,"sw":1},"geometry":{"type":"LineString","coordinates":[[25.942736,43.807007],[25.942749,43.807]]}},{"type":"Feature","properties":{"line":"А6","mode":"bus","color":"#7b3aa8","oi":1,"n":3},"geometry":{"type":"LineString","coordinates":[[25.962984,43.854976],[25.9623,43.853993]]}},{"type":"Feature","properties":{"line":"А6","mode":"bus","color":"#7b3aa8","oi":0,"n":3,"sw":1},"geometry":{"type":"LineString","coordinates":[[25.963185,43.855265],[25.963172,43.855247]]}},{"type":"Feature","properties":{"line":"А6","mode":"bus","color":"#7b3aa8","oi":0.01,"n":3,"sw":1},"geometry":{"type":"LineString","coordinates":[[25.963175,43.855251],[25.963161,43.85523]]}},{"type":"Feature","properties":{"line":"А6","mode":"bus","color":"#7b3aa8","oi":0.038,"n":3,"sw":1},"geometry":{"type":"LineString","coordinates":[[25.963164,43.855235],[25.96315,43.855214]]}},{"type":"Feature","properties":{"line":"А6","mode":"bus","color":"#7b3aa8","oi":0.082,"n":3,"sw":1},"geometry":{"type":"LineString","coordinates":[[25.963153,43.855219],[25.963139,43.855198]]}},{"type":"Feature","properties":{"line":"А6","mode":"bus","color":"#7b3aa8","oi":0.14,"n":3,"sw":1},"geometry":{"type":"LineString","coordinates":[[25.963142,43.855203],[25.963127,43.855182]]}},{"type":"Feature","properties":{"line":"А6","mode":"bus","color":"#7b3aa8","oi":0.209,"n":3,"sw":1},"geometry":{"type":"LineString","coordinates":[[25.963131,43.855187],[25.963116,43.855166]]}},{"type":"Feature","properties":{"line":"А6","mode":"bus","color":"#7b3aa8","oi":0.286,"n":3,"sw":1},"geometry":{"type":"LineString","coordinates":[[25.96312,43.855171],[25.963105,43.85515]]}},{"type":"Feature","properties":{"line":"А6","mode":"bus","color":"#7b3aa8","oi":0.369,"n":3,"sw":1},"geometry":{"type":"LineString","coordinates":[[25.963108,43.855155],[25.963094,43.855134]]}},{"type":"Feature","properties":{"line":"А6","mode":"bus","color":"#7b3aa8","oi":0.456,"n":3,"sw":1},"geometry":{"type":"LineString","coordinates":[[25.963097,43.855139],[25.963083,43.855118]]}},{"type":"Feature","properties":{"line":"А6","mode":"bus","color":"#7b3aa8","oi":0.544,"n":3,"sw":1},"geometry":{"type":"LineString","coordinates":[[25.963086,43.855123],[25.963071,43.855102]]}},{"type":"Feature","properties":{"line":"А6","mode":"bus","color":"#7b3aa8","oi":0.631,"n":3,"sw":1},"geometry":{"type":"LineString","coordinates":[[25.963075,43.855107],[25.96306,43.855086]]}},{"type":"Feature","properties":{"line":"А6","mode":"bus","color":"#7b3aa8","oi":0.714,"n":3,"sw":1},"geometry":{"type":"LineString","coordinates":[[25.963064,43.855091],[25.963049,43.85507]]}},{"type":"Feature","properties":{"line":"А6","mode":"bus","color":"#7b3aa8","oi":0.791,"n":3,"sw":1},"geometry":{"type":"LineString","coordinates":[[25.963052,43.855074],[25.963038,43.855054]]}},{"type":"Feature","properties":{"line":"А6","mode":"bus","color":"#7b3aa8","oi":0.86,"n":3,"sw":1},"geometry":{"type":"LineString","coordinates":[[25.963041,43.855058],[25.963027,43.855037]]}},{"type":"Feature","properties":{"line":"А6","mode":"bus","color":"#7b3aa8","oi":0.918,"n":3,"sw":1},"geometry":{"type":"LineString","coordinates":[[25.96303,43.855042],[25.963016,43.855021]]}},{"type":"Feature","properties":{"line":"А6","mode":"bus","color":"#7b3aa8","oi":0.962,"n":3,"sw":1},"geometry":{"type":"LineString","coordinates":[[25.963019,43.855026],[25.963004,43.855005]]}},{"type":"Feature","properties":{"line":"А6","mode":"bus","color":"#7b3aa8","oi":0.99,"n":3,"sw":1},"geometry":{"type":"LineString","coordinates":[[25.963008,43.85501],[25.962993,43.854989]]}},{"type":"Feature","properties":{"line":"А6","mode":"bus","color":"#7b3aa8","oi":1,"n":3,"sw":1},"geometry":{"type":"LineString","coordinates":[[25.962996,43.854994],[25.962982,43.854973]]}},{"type":"Feature","properties":{"line":"А6","mode":"bus","color":"#7b3aa8","oi":1,"n":3,"sw":1},"geometry":{"type":"LineString","coordinates":[[25.962302,43.853996],[25.962288,43.853975]]}},{"type":"Feature","properties":{"line":"А6","mode":"bus","color":"#7b3aa8","oi":0.99,"n":3,"sw":1},"geometry":{"type":"LineString","coordinates":[[25.962291,43.85398],[25.962276,43.853959]]}},{"type":"Feature","properties":{"line":"А6","mode":"bus","color":"#7b3aa8","oi":0.962,"n":3,"sw":1},"geometry":{"type":"LineString","coordinates":[[25.96228,43.853964],[25.962265,43.853943]]}},{"type":"Feature","properties":{"line":"А6","mode":"bus","color":"#7b3aa8","oi":0.918,"n":3,"sw":1},"geometry":{"type":"LineString","coordinates":[[25.962268,43.853948],[25.962254,43.853927]]}},{"type":"Feature","properties":{"line":"А6","mode":"bus","color":"#7b3aa8","oi":0.86,"n":3,"sw":1},"geometry":{"type":"LineString","coordinates":[[25.962257,43.853932],[25.962243,43.853911]]}},{"type":"Feature","properties":{"line":"А6","mode":"bus","color":"#7b3aa8","oi":0.791,"n":3,"sw":1},"geometry":{"type":"LineString","coordinates":[[25.962246,43.853915],[25.962232,43.853895]]}},{"type":"Feature","properties":{"line":"А6","mode":"bus","color":"#7b3aa8","oi":0.714,"n":3,"sw":1},"geometry":{"type":"LineString","coordinates":[[25.962235,43.853899],[25.96222,43.853878]]}},{"type":"Feature","properties":{"line":"А6","mode":"bus","color":"#7b3aa8","oi":0.631,"n":3,"sw":1},"geometry":{"type":"LineString","coordinates":[[25.962224,43.853883],[25.962209,43.853862]]}},{"type":"Feature","properties":{"line":"А6","mode":"bus","color":"#7b3aa8","oi":0.544,"n":3,"sw":1},"geometry":{"type":"LineString","coordinates":[[25.962213,43.853867],[25.962198,43.853846]]}},{"type":"Feature","properties":{"line":"А6","mode":"bus","color":"#7b3aa8","oi":0.456,"n":3,"sw":1},"geometry":{"type":"LineString","coordinates":[[25.962201,43.853851],[25.962187,43.85383]]}},{"type":"Feature","properties":{"line":"А6","mode":"bus","color":"#7b3aa8","oi":0.369,"n":3,"sw":1},"geometry":{"type":"LineString","coordinates":[[25.96219,43.853835],[25.962176,43.853814]]}},{"type":"Feature","properties":{"line":"А6","mode":"bus","color":"#7b3aa8","oi":0.286,"n":3,"sw":1},"geometry":{"type":"LineString","coordinates":[[25.962179,43.853819],[25.962164,43.853798]]}},{"type":"Feature","properties":{"line":"А6","mode":"bus","color":"#7b3aa8","oi":0.209,"n":3,"sw":1},"geometry":{"type":"LineString","coordinates":[[25.962168,43.853803],[25.962153,43.853782]]}},{"type":"Feature","properties":{"line":"А6","mode":"bus","color":"#7b3aa8","oi":0.14,"n":3,"sw":1},"geometry":{"type":"LineString","coordinates":[[25.962157,43.853787],[25.962142,43.853766]]}},{"type":"Feature","properties":{"line":"А6","mode":"bus","color":"#7b3aa8","oi":0.082,"n":3,"sw":1},"geometry":{"type":"LineString","coordinates":[[25.962145,43.853771],[25.962131,43.85375]]}},{"type":"Feature","properties":{"line":"А6","mode":"bus","color":"#7b3aa8","oi":0.038,"n":3,"sw":1},"geometry":{"type":"LineString","coordinates":[[25.962134,43.853755],[25.96212,43.853734]]}},{"type":"Feature","properties":{"line":"А6","mode":"bus","color":"#7b3aa8","oi":0.01,"n":3,"sw":1},"geometry":{"type":"LineString","coordinates":[[25.962123,43.853739],[25.962109,43.853718]]}},{"type":"Feature","properties":{"line":"А6","mode":"bus","color":"#7b3aa8","oi":0,"n":3,"sw":1},"geometry":{"type":"LineString","coordinates":[[25.962112,43.853722],[25.962099,43.853704]]}},{"type":"Feature","properties":{"line":"А16","mode":"bus","color":"#f57145","oi":-0.5,"n":4},"geometry":{"type":"LineString","coordinates":[[25.927946,43.814602],[25.928029,43.814678],[25.928093,43.814701],[25.928237,43.814702],[25.928314,43.814679],[25.92842,43.814599],[25.928452,43.814542],[25.928448,43.814325],[25.928448,43.814315],[25.928449,43.814309],[25.928451,43.814307],[25.928454,43.814308],[25.928457,43.814314],[25.928462,43.814323],[25.929027,43.815632],[25.929692,43.816947],[25.930051,43.817769],[25.930905,43.819557],[25.931048,43.819931],[25.931195,43.820454],[25.931449,43.820912],[25.93173,43.821299],[25.932157,43.821771],[25.932206,43.821813]]}},{"type":"Feature","properties":{"line":"А16","mode":"bus","color":"#f57145","oi":-0.5,"n":4,"sw":1},"geometry":{"type":"LineString","coordinates":[[25.932204,43.821811],[25.932238,43.82184]]}},{"type":"Feature","properties":{"line":"А16","mode":"bus","color":"#f57145","oi":-0.483,"n":4,"sw":1},"geometry":{"type":"LineString","coordinates":[[25.932233,43.821836],[25.932267,43.821865]]}},{"type":"Feature","properties":{"line":"А16","mode":"bus","color":"#f57145","oi":-0.437,"n":4,"sw":1},"geometry":{"type":"LineString","coordinates":[[25.932262,43.82186],[25.932296,43.821889]]}},{"type":"Feature","properties":{"line":"А16","mode":"bus","color":"#f57145","oi":-0.37,"n":4,"sw":1},"geometry":{"type":"LineString","coordinates":[[25.932291,43.821885],[25.932305,43.821897],[25.932319,43.821917]]}},{"type":"Feature","properties":{"line":"А16","mode":"bus","color":"#f57145","oi":-0.291,"n":4,"sw":1},"geometry":{"type":"LineString","coordinates":[[25.932316,43.821912],[25.93234,43.821946]]}},{"type":"Feature","properties":{"line":"А16","mode":"bus","color":"#f57145","oi":-0.209,"n":4,"sw":1},"geometry":{"type":"LineString","coordinates":[[25.932336,43.821941],[25.93236,43.821974]]}},{"type":"Feature","properties":{"line":"А16","mode":"bus","color":"#f57145","oi":-0.13,"n":4,"sw":1},"geometry":{"type":"LineString","coordinates":[[25.932357,43.821969],[25.932381,43.822003]]}},{"type":"Feature","properties":{"line":"А16","mode":"bus","color":"#f57145","oi":-0.063,"n":4,"sw":1},"geometry":{"type":"LineString","coordinates":[[25.932377,43.821998],[25.932402,43.822032]]}},{"type":"Feature","properties":{"line":"А16","mode":"bus","color":"#f57145","oi":-0.017,"n":4,"sw":1},"geometry":{"type":"LineString","coordinates":[[25.932398,43.822027],[25.932422,43.822061]]}},{"type":"Feature","properties":{"line":"А16","mode":"bus","color":"#f57145","oi":0,"n":4,"sw":1},"geometry":{"type":"LineString","coordinates":[[25.932419,43.822056],[25.932441,43.822087]]}},{"type":"Feature","properties":{"line":"А16","mode":"bus","color":"#f57145","oi":0,"n":3},"geometry":{"type":"LineString","coordinates":[[25.927961,43.813209],[25.928447,43.814289]]}},{"type":"Feature","properties":{"line":"А16","mode":"bus","color":"#f57145","oi":0,"n":3},"geometry":{"type":"LineString","coordinates":[[25.932305,43.821897],[25.932183,43.8216],[25.932,43.820941],[25.931668,43.820417],[25.931223,43.819915],[25.931041,43.819611],[25.93099,43.819162],[25.931023,43.818874],[25.931086,43.818707],[25.93128,43.818411],[25.931535,43.818154],[25.931912,43.817962],[25.932109,43.817922],[25.932264,43.817936],[25.93235,43.81797],[25.932467,43.818099],[25.932484,43.818168],[25.932452,43.81829],[25.932319,43.818404],[25.932113,43.818442],[25.931906,43.818413],[25.931674,43.818279],[25.931176,43.817918],[25.930532,43.817307],[25.93019,43.816869],[25.929797,43.816283],[25.928404,43.813161]]}},{"type":"Feature","properties":{"line":"А16","mode":"bus","color":"#f57145","oi":-0.5,"n":2},"geometry":{"type":"LineString","coordinates":[[25.916829,43.795569],[25.918504,43.798542],[25.919101,43.799749],[25.921124,43.804594],[25.921547,43.805538],[25.92221,43.806663],[25.922586,43.807156],[25.923136,43.807765],[25.926093,43.810486],[25.926915,43.811318],[25.927327,43.811886],[25.927814,43.812903]]}},{"type":"Feature","properties":{"line":"А16","mode":"bus","color":"#f57145","oi":-0.5,"n":2,"sw":1},"geometry":{"type":"LineString","coordinates":[[25.927813,43.8129],[25.92783,43.812936]]}},{"type":"Feature","properties":{"line":"А16","mode":"bus","color":"#f57145","oi":-0.483,"n":2,"sw":1},"geometry":{"type":"LineString","coordinates":[[25.927828,43.812931],[25.927845,43.812967]]}},{"type":"Feature","properties":{"line":"А16","mode":"bus","color":"#f57145","oi":-0.437,"n":2,"sw":1},"geometry":{"type":"LineString","coordinates":[[25.927842,43.812962],[25.92786,43.812997]]}},{"type":"Feature","properties":{"line":"А16","mode":"bus","color":"#f57145","oi":-0.37,"n":2,"sw":1},"geometry":{"type":"LineString","coordinates":[[25.927857,43.812992],[25.927874,43.813028]]}},{"type":"Feature","properties":{"line":"А16","mode":"bus","color":"#f57145","oi":-0.291,"n":2,"sw":1},"geometry":{"type":"LineString","coordinates":[[25.927872,43.813023],[25.927889,43.813058]]}},{"type":"Feature","properties":{"line":"А16","mode":"bus","color":"#f57145","oi":-0.209,"n":2,"sw":1},"geometry":{"type":"LineString","coordinates":[[25.927886,43.813053],[25.927904,43.813089]]}},{"type":"Feature","properties":{"line":"А16","mode":"bus","color":"#f57145","oi":-0.13,"n":2,"sw":1},"geometry":{"type":"LineString","coordinates":[[25.927901,43.813084],[25.927918,43.81312]]}},{"type":"Feature","properties":{"line":"А16","mode":"bus","color":"#f57145","oi":-0.063,"n":2,"sw":1},"geometry":{"type":"LineString","coordinates":[[25.927916,43.813115],[25.927933,43.81315]]}},{"type":"Feature","properties":{"line":"А16","mode":"bus","color":"#f57145","oi":-0.017,"n":2,"sw":1},"geometry":{"type":"LineString","coordinates":[[25.92793,43.813145],[25.927948,43.813181]]}},{"type":"Feature","properties":{"line":"А16","mode":"bus","color":"#f57145","oi":0,"n":2,"sw":1},"geometry":{"type":"LineString","coordinates":[[25.927945,43.813176],[25.927961,43.813209]]}},{"type":"Feature","properties":{"line":"А16","mode":"bus","color":"#f57145","oi":-0.5,"n":2},"geometry":{"type":"LineString","coordinates":[[25.91747,43.795949],[25.917203,43.795453]]}},{"type":"Feature","properties":{"line":"А16","mode":"bus","color":"#f57145","oi":-0.5,"n":2},"geometry":{"type":"LineString","coordinates":[[25.928262,43.812854],[25.927848,43.81196],[25.927548,43.811533],[25.927103,43.810978],[25.926555,43.810418],[25.923401,43.807537],[25.923075,43.807177],[25.922418,43.806315],[25.92199,43.805529],[25.921728,43.804954],[25.9195,43.7997],[25.919177,43.799004],[25.917704,43.796384]]}},{"type":"Feature","properties":{"line":"А16","mode":"bus","color":"#f57145","oi":0,"n":2,"sw":1},"geometry":{"type":"LineString","coordinates":[[25.928404,43.813161],[25.928389,43.813128]]}},{"type":"Feature","properties":{"line":"А16","mode":"bus","color":"#f57145","oi":-0.017,"n":2,"sw":1},"geometry":{"type":"LineString","coordinates":[[25.928391,43.813133],[25.928374,43.813097]]}},{"type":"Feature","properties":{"line":"А16","mode":"bus","color":"#f57145","oi":-0.063,"n":2,"sw":1},"geometry":{"type":"LineString","coordinates":[[25.928377,43.813102],[25.92836,43.813066]]}},{"type":"Feature","properties":{"line":"А16","mode":"bus","color":"#f57145","oi":-0.13,"n":2,"sw":1},"geometry":{"type":"LineString","coordinates":[[25.928363,43.813071],[25.928346,43.813036]]}},{"type":"Feature","properties":{"line":"А16","mode":"bus","color":"#f57145","oi":-0.209,"n":2,"sw":1},"geometry":{"type":"LineString","coordinates":[[25.928348,43.813041],[25.928332,43.813005]]}},{"type":"Feature","properties":{"line":"А16","mode":"bus","color":"#f57145","oi":-0.291,"n":2,"sw":1},"geometry":{"type":"LineString","coordinates":[[25.928334,43.81301],[25.928317,43.812974]]}},{"type":"Feature","properties":{"line":"А16","mode":"bus","color":"#f57145","oi":-0.37,"n":2,"sw":1},"geometry":{"type":"LineString","coordinates":[[25.92832,43.812979],[25.928303,43.812943]]}},{"type":"Feature","properties":{"line":"А16","mode":"bus","color":"#f57145","oi":-0.437,"n":2,"sw":1},"geometry":{"type":"LineString","coordinates":[[25.928306,43.812949],[25.928289,43.812913]]}},{"type":"Feature","properties":{"line":"А16","mode":"bus","color":"#f57145","oi":-0.483,"n":2,"sw":1},"geometry":{"type":"LineString","coordinates":[[25.928291,43.812918],[25.928275,43.812882]]}},{"type":"Feature","properties":{"line":"А16","mode":"bus","color":"#f57145","oi":-0.5,"n":2,"sw":1},"geometry":{"type":"LineString","coordinates":[[25.928277,43.812887],[25.928261,43.812851]]}},{"type":"Feature","properties":{"line":"А16","mode":"bus","color":"#f57145","oi":0,"n":1},"geometry":{"type":"LineString","coordinates":[[25.917037,43.795152],[25.915316,43.792041],[25.915201,43.791902],[25.915193,43.791893],[25.915188,43.791889],[25.915184,43.791887],[25.915183,43.79189],[25.915184,43.791896],[25.915186,43.791906],[25.915278,43.792192],[25.916012,43.79384],[25.916684,43.795262]]}},{"type":"Feature","properties":{"line":"А16","mode":"bus","color":"#f57145","oi":-0.5,"n":1,"sw":1},"geometry":{"type":"LineString","coordinates":[[25.917203,43.795453],[25.917185,43.79542]]}},{"type":"Feature","properties":{"line":"А16","mode":"bus","color":"#f57145","oi":-0.483,"n":1,"sw":1},"geometry":{"type":"LineString","coordinates":[[25.917188,43.795425],[25.917168,43.79539]]}},{"type":"Feature","properties":{"line":"А16","mode":"bus","color":"#f57145","oi":-0.437,"n":1,"sw":1},"geometry":{"type":"LineString","coordinates":[[25.917171,43.795395],[25.917152,43.79536]]}},{"type":"Feature","properties":{"line":"А16","mode":"bus","color":"#f57145","oi":-0.37,"n":1,"sw":1},"geometry":{"type":"LineString","coordinates":[[25.917154,43.795365],[25.917135,43.79533]]}},{"type":"Feature","properties":{"line":"А16","mode":"bus","color":"#f57145","oi":-0.291,"n":1,"sw":1},"geometry":{"type":"LineString","coordinates":[[25.917138,43.795335],[25.917118,43.7953]]}},{"type":"Feature","properties":{"line":"А16","mode":"bus","color":"#f57145","oi":-0.209,"n":1,"sw":1},"geometry":{"type":"LineString","coordinates":[[25.917121,43.795305],[25.917102,43.79527]]}},{"type":"Feature","properties":{"line":"А16","mode":"bus","color":"#f57145","oi":-0.13,"n":1,"sw":1},"geometry":{"type":"LineString","coordinates":[[25.917105,43.795275],[25.917085,43.79524]]}},{"type":"Feature","properties":{"line":"А16","mode":"bus","color":"#f57145","oi":-0.063,"n":1,"sw":1},"geometry":{"type":"LineString","coordinates":[[25.917088,43.795245],[25.917069,43.79521]]}},{"type":"Feature","properties":{"line":"А16","mode":"bus","color":"#f57145","oi":-0.017,"n":1,"sw":1},"geometry":{"type":"LineString","coordinates":[[25.917071,43.795215],[25.917052,43.79518]]}},{"type":"Feature","properties":{"line":"А16","mode":"bus","color":"#f57145","oi":0,"n":1,"sw":1},"geometry":{"type":"LineString","coordinates":[[25.917055,43.795185],[25.917035,43.79515]]}},{"type":"Feature","properties":{"line":"А16","mode":"bus","color":"#f57145","oi":0,"n":1,"sw":1},"geometry":{"type":"LineString","coordinates":[[25.916683,43.79526],[25.9167,43.795296]]}},{"type":"Feature","properties":{"line":"А16","mode":"bus","color":"#f57145","oi":-0.017,"n":1,"sw":1},"geometry":{"type":"LineString","coordinates":[[25.916697,43.795291],[25.916714,43.795326]]}},{"type":"Feature","properties":{"line":"А16","mode":"bus","color":"#f57145","oi":-0.063,"n":1,"sw":1},"geometry":{"type":"LineString","coordinates":[[25.916712,43.795321],[25.916729,43.795357]]}},{"type":"Feature","properties":{"line":"А16","mode":"bus","color":"#f57145","oi":-0.13,"n":1,"sw":1},"geometry":{"type":"LineString","coordinates":[[25.916726,43.795352],[25.916743,43.795388]]}},{"type":"Feature","properties":{"line":"А16","mode":"bus","color":"#f57145","oi":-0.209,"n":1,"sw":1},"geometry":{"type":"LineString","coordinates":[[25.916741,43.795382],[25.916758,43.795418]]}},{"type":"Feature","properties":{"line":"А16","mode":"bus","color":"#f57145","oi":-0.291,"n":1,"sw":1},"geometry":{"type":"LineString","coordinates":[[25.916755,43.795413],[25.916772,43.795449]]}},{"type":"Feature","properties":{"line":"А16","mode":"bus","color":"#f57145","oi":-0.37,"n":1,"sw":1},"geometry":{"type":"LineString","coordinates":[[25.91677,43.795444],[25.916787,43.79548]]}},{"type":"Feature","properties":{"line":"А16","mode":"bus","color":"#f57145","oi":-0.437,"n":1,"sw":1},"geometry":{"type":"LineString","coordinates":[[25.916784,43.795474],[25.916801,43.79551]]}},{"type":"Feature","properties":{"line":"А16","mode":"bus","color":"#f57145","oi":-0.483,"n":1,"sw":1},"geometry":{"type":"LineString","coordinates":[[25.916799,43.795505],[25.916816,43.795541]]}},{"type":"Feature","properties":{"line":"А16","mode":"bus","color":"#f57145","oi":-0.5,"n":1,"sw":1},"geometry":{"type":"LineString","coordinates":[[25.916813,43.795536],[25.916829,43.795569]]}},{"type":"Feature","properties":{"line":"А16","mode":"bus","color":"#f57145","oi":-0.5,"n":1,"sw":1},"geometry":{"type":"LineString","coordinates":[[25.917704,43.796384],[25.917691,43.79636]]}},{"type":"Feature","properties":{"line":"А16","mode":"bus","color":"#f57145","oi":-0.483,"n":1,"sw":1},"geometry":{"type":"LineString","coordinates":[[25.917694,43.796365],[25.917679,43.796338]]}},{"type":"Feature","properties":{"line":"А16","mode":"bus","color":"#f57145","oi":-0.437,"n":1,"sw":1},"geometry":{"type":"LineString","coordinates":[[25.917682,43.796343],[25.917668,43.796316]]}},{"type":"Feature","properties":{"line":"А16","mode":"bus","color":"#f57145","oi":-0.37,"n":1,"sw":1},"geometry":{"type":"LineString","coordinates":[[25.91767,43.796321],[25.917656,43.796294]]}},{"type":"Feature","properties":{"line":"А16","mode":"bus","color":"#f57145","oi":-0.291,"n":1,"sw":1},"geometry":{"type":"LineString","coordinates":[[25.917659,43.7963],[25.917644,43.796273]]}},{"type":"Feature","properties":{"line":"А16","mode":"bus","color":"#f57145","oi":-0.209,"n":1,"sw":1},"geometry":{"type":"LineString","coordinates":[[25.917647,43.796278],[25.917632,43.796251]]}},{"type":"Feature","properties":{"line":"А16","mode":"bus","color":"#f57145","oi":-0.13,"n":1,"sw":1},"geometry":{"type":"LineString","coordinates":[[25.917635,43.796256],[25.917621,43.796229]]}},{"type":"Feature","properties":{"line":"А16","mode":"bus","color":"#f57145","oi":-0.063,"n":1,"sw":1},"geometry":{"type":"LineString","coordinates":[[25.917623,43.796234],[25.917609,43.796207]]}},{"type":"Feature","properties":{"line":"А16","mode":"bus","color":"#f57145","oi":-0.017,"n":1,"sw":1},"geometry":{"type":"LineString","coordinates":[[25.917612,43.796213],[25.917597,43.796186]]}},{"type":"Feature","properties":{"line":"А16","mode":"bus","color":"#f57145","oi":0,"n":1,"sw":1},"geometry":{"type":"LineString","coordinates":[[25.9176,43.796191],[25.917586,43.796164]]}},{"type":"Feature","properties":{"line":"А16","mode":"bus","color":"#f57145","oi":0,"n":1,"sw":1},"geometry":{"type":"LineString","coordinates":[[25.917588,43.796169],[25.917574,43.796142]]}},{"type":"Feature","properties":{"line":"А16","mode":"bus","color":"#f57145","oi":-0.017,"n":1,"sw":1},"geometry":{"type":"LineString","coordinates":[[25.917577,43.796147],[25.917562,43.79612]]}},{"type":"Feature","properties":{"line":"А16","mode":"bus","color":"#f57145","oi":-0.063,"n":1,"sw":1},"geometry":{"type":"LineString","coordinates":[[25.917565,43.796126],[25.917551,43.796099]]}},{"type":"Feature","properties":{"line":"А16","mode":"bus","color":"#f57145","oi":-0.13,"n":1,"sw":1},"geometry":{"type":"LineString","coordinates":[[25.917553,43.796104],[25.917539,43.796077]]}},{"type":"Feature","properties":{"line":"А16","mode":"bus","color":"#f57145","oi":-0.209,"n":1,"sw":1},"geometry":{"type":"LineString","coordinates":[[25.917542,43.796082],[25.917527,43.796055]]}},{"type":"Feature","properties":{"line":"А16","mode":"bus","color":"#f57145","oi":-0.291,"n":1,"sw":1},"geometry":{"type":"LineString","coordinates":[[25.91753,43.79606],[25.917515,43.796033]]}},{"type":"Feature","properties":{"line":"А16","mode":"bus","color":"#f57145","oi":-0.37,"n":1,"sw":1},"geometry":{"type":"LineString","coordinates":[[25.917518,43.796039],[25.917504,43.796012]]}},{"type":"Feature","properties":{"line":"А16","mode":"bus","color":"#f57145","oi":-0.437,"n":1,"sw":1},"geometry":{"type":"LineString","coordinates":[[25.917506,43.796017],[25.917492,43.79599]]}},{"type":"Feature","properties":{"line":"А16","mode":"bus","color":"#f57145","oi":-0.483,"n":1,"sw":1},"geometry":{"type":"LineString","coordinates":[[25.917495,43.795995],[25.91748,43.795968]]}},{"type":"Feature","properties":{"line":"А16","mode":"bus","color":"#f57145","oi":-0.5,"n":1,"sw":1},"geometry":{"type":"LineString","coordinates":[[25.917483,43.795973],[25.91747,43.795949]]}},{"type":"Feature","properties":{"line":"А16","mode":"bus","color":"#f57145","oi":0,"n":1},"geometry":{"type":"LineString","coordinates":[[25.90271,43.763379],[25.902638,43.76394],[25.902468,43.764387],[25.901435,43.766518],[25.900795,43.767908],[25.900386,43.768437],[25.899969,43.768846],[25.89931,43.769338],[25.898869,43.769727],[25.898303,43.770166],[25.897926,43.770541],[25.897614,43.770999],[25.897382,43.77148],[25.897254,43.772054],[25.897228,43.772525],[25.897668,43.775916],[25.897786,43.776312],[25.897978,43.776677],[25.898284,43.777014],[25.898488,43.77721],[25.898944,43.777481],[25.899266,43.777626],[25.905368,43.779771],[25.905887,43.78],[25.906278,43.780221],[25.906581,43.78044],[25.906937,43.780747],[25.910358,43.784234],[25.911217,43.785069],[25.912097,43.786039],[25.913092,43.787042],[25.913428,43.787458],[25.913637,43.787793],[25.913782,43.788116],[25.914012,43.788759],[25.914375,43.789977],[25.914759,43.791002],[25.915175,43.791871]]}},{"type":"Feature","properties":{"line":"А16","mode":"bus","color":"#f57145","oi":0,"n":1},"geometry":{"type":"LineString","coordinates":[[25.887122,43.766119],[25.889085,43.766084],[25.88988,43.766184],[25.890489,43.766321],[25.891102,43.766522],[25.894316,43.768],[25.895149,43.768462],[25.895701,43.768868],[25.896666,43.769932],[25.896943,43.770173],[25.897321,43.770382],[25.897611,43.770479],[25.897926,43.770541]]}},{"type":"Feature","properties":{"line":"А16","mode":"bus","color":"#f57145","oi":1.5,"n":4},"geometry":{"type":"LineString","coordinates":[[25.997428,43.857626],[25.997375,43.857618],[25.997349,43.857611],[25.99733,43.857596],[25.997297,43.857558],[25.997288,43.857539],[25.997289,43.85752],[25.997303,43.857482],[25.997369,43.857445],[25.997456,43.857446],[25.9975,43.857473],[25.997517,43.857489],[25.997524,43.857509],[25.997526,43.857554],[25.997522,43.857573],[25.997506,43.85759],[25.997468,43.857617]]}},{"type":"Feature","properties":{"line":"А16","mode":"bus","color":"#f57145","oi":1.5,"n":4},"geometry":{"type":"LineString","coordinates":[[25.997152,43.855841],[25.997004,43.856459],[25.996986,43.85672],[25.997369,43.857445]]}},{"type":"Feature","properties":{"line":"А16","mode":"bus","color":"#f57145","oi":0,"n":4,"sw":1},"geometry":{"type":"LineString","coordinates":[[25.997228,43.855522],[25.997224,43.855537]]}},{"type":"Feature","properties":{"line":"А16","mode":"bus","color":"#f57145","oi":0.007,"n":4,"sw":1},"geometry":{"type":"LineString","coordinates":[[25.997226,43.855532],[25.997221,43.855549]]}},{"type":"Feature","properties":{"line":"А16","mode":"bus","color":"#f57145","oi":0.027,"n":4,"sw":1},"geometry":{"type":"LineString","coordinates":[[25.997223,43.855544],[25.997219,43.855561]]}},{"type":"Feature","properties":{"line":"А16","mode":"bus","color":"#f57145","oi":0.06,"n":4,"sw":1},"geometry":{"type":"LineString","coordinates":[[25.99722,43.855556],[25.997216,43.855574]]}},{"type":"Feature","properties":{"line":"А16","mode":"bus","color":"#f57145","oi":0.103,"n":4,"sw":1},"geometry":{"type":"LineString","coordinates":[[25.997217,43.855568],[25.997213,43.855586]]}},{"type":"Feature","properties":{"line":"А16","mode":"bus","color":"#f57145","oi":0.156,"n":4,"sw":1},"geometry":{"type":"LineString","coordinates":[[25.997214,43.855581],[25.99721,43.855598]]}},{"type":"Feature","properties":{"line":"А16","mode":"bus","color":"#f57145","oi":0.218,"n":4,"sw":1},"geometry":{"type":"LineString","coordinates":[[25.997211,43.855593],[25.997207,43.855611]]}},{"type":"Feature","properties":{"line":"А16","mode":"bus","color":"#f57145","oi":0.287,"n":4,"sw":1},"geometry":{"type":"LineString","coordinates":[[25.997208,43.855605],[25.997204,43.855623]]}},{"type":"Feature","properties":{"line":"А16","mode":"bus","color":"#f57145","oi":0.362,"n":4,"sw":1},"geometry":{"type":"LineString","coordinates":[[25.997205,43.855618],[25.997201,43.855635]]}},{"type":"Feature","properties":{"line":"А16","mode":"bus","color":"#f57145","oi":0.443,"n":4,"sw":1},"geometry":{"type":"LineString","coordinates":[[25.997202,43.85563],[25.997198,43.855647]]}},{"type":"Feature","properties":{"line":"А16","mode":"bus","color":"#f57145","oi":0.528,"n":4,"sw":1},"geometry":{"type":"LineString","coordinates":[[25.997199,43.855642],[25.997195,43.85566]]}},{"type":"Feature","properties":{"line":"А16","mode":"bus","color":"#f57145","oi":0.616,"n":4,"sw":1},"geometry":{"type":"LineString","coordinates":[[25.997196,43.855654],[25.997192,43.855672]]}},{"type":"Feature","properties":{"line":"А16","mode":"bus","color":"#f57145","oi":0.705,"n":4,"sw":1},"geometry":{"type":"LineString","coordinates":[[25.997193,43.855667],[25.997189,43.855684]]}},{"type":"Feature","properties":{"line":"А16","mode":"bus","color":"#f57145","oi":0.795,"n":4,"sw":1},"geometry":{"type":"LineString","coordinates":[[25.99719,43.855679],[25.997186,43.855697]]}},{"type":"Feature","properties":{"line":"А16","mode":"bus","color":"#f57145","oi":0.884,"n":4,"sw":1},"geometry":{"type":"LineString","coordinates":[[25.997188,43.855691],[25.997183,43.855709]]}},{"type":"Feature","properties":{"line":"А16","mode":"bus","color":"#f57145","oi":0.972,"n":4,"sw":1},"geometry":{"type":"LineString","coordinates":[[25.997185,43.855704],[25.99718,43.855721]]}},{"type":"Feature","properties":{"line":"А16","mode":"bus","color":"#f57145","oi":1.057,"n":4,"sw":1},"geometry":{"type":"LineString","coordinates":[[25.997182,43.855716],[25.997177,43.855733]]}},{"type":"Feature","properties":{"line":"А16","mode":"bus","color":"#f57145","oi":1.138,"n":4,"sw":1},"geometry":{"type":"LineString","coordinates":[[25.997179,43.855728],[25.997175,43.855746]]}},{"type":"Feature","properties":{"line":"А16","mode":"bus","color":"#f57145","oi":1.213,"n":4,"sw":1},"geometry":{"type":"LineString","coordinates":[[25.997176,43.85574],[25.997172,43.855758]]}},{"type":"Feature","properties":{"line":"А16","mode":"bus","color":"#f57145","oi":1.282,"n":4,"sw":1},"geometry":{"type":"LineString","coordinates":[[25.997173,43.855753],[25.997169,43.85577]]}},{"type":"Feature","properties":{"line":"А16","mode":"bus","color":"#f57145","oi":1.344,"n":4,"sw":1},"geometry":{"type":"LineString","coordinates":[[25.99717,43.855765],[25.997166,43.855782]]}},{"type":"Feature","properties":{"line":"А16","mode":"bus","color":"#f57145","oi":1.397,"n":4,"sw":1},"geometry":{"type":"LineString","coordinates":[[25.997167,43.855777],[25.997163,43.855795]]}},{"type":"Feature","properties":{"line":"А16","mode":"bus","color":"#f57145","oi":1.44,"n":4,"sw":1},"geometry":{"type":"LineString","coordinates":[[25.997164,43.855789],[25.99716,43.855807]]}},{"type":"Feature","properties":{"line":"А16","mode":"bus","color":"#f57145","oi":1.473,"n":4,"sw":1},"geometry":{"type":"LineString","coordinates":[[25.997161,43.855802],[25.997157,43.855819]]}},{"type":"Feature","properties":{"line":"А16","mode":"bus","color":"#f57145","oi":1.493,"n":4,"sw":1},"geometry":{"type":"LineString","coordinates":[[25.997158,43.855814],[25.997154,43.855832]]}},{"type":"Feature","properties":{"line":"А16","mode":"bus","color":"#f57145","oi":1.5,"n":4,"sw":1},"geometry":{"type":"LineString","coordinates":[[25.997155,43.855826],[25.997151,43.855844]]}},{"type":"Feature","properties":{"line":"Т27","mode":"bus","color":"#ff627e","oi":-1.5,"n":4},"geometry":{"type":"LineString","coordinates":[[25.967551,43.824873],[25.967718,43.824945]]}},{"type":"Feature","properties":{"line":"Т27","mode":"bus","color":"#ff627e","oi":0,"n":4,"sw":1},"geometry":{"type":"LineString","coordinates":[[25.967167,43.824706],[25.967185,43.824714]]}},{"type":"Feature","properties":{"line":"Т27","mode":"bus","color":"#ff627e","oi":-0.007,"n":4,"sw":1},"geometry":{"type":"LineString","coordinates":[[25.967179,43.824711],[25.9672,43.82472]]}},{"type":"Feature","properties":{"line":"Т27","mode":"bus","color":"#ff627e","oi":-0.027,"n":4,"sw":1},"geometry":{"type":"LineString","coordinates":[[25.967193,43.824717],[25.967215,43.824727]]}},{"type":"Feature","properties":{"line":"Т27","mode":"bus","color":"#ff627e","oi":-0.06,"n":4,"sw":1},"geometry":{"type":"LineString","coordinates":[[25.967208,43.824724],[25.967229,43.824733]]}},{"type":"Feature","properties":{"line":"Т27","mode":"bus","color":"#ff627e","oi":-0.103,"n":4,"sw":1},"geometry":{"type":"LineString","coordinates":[[25.967223,43.82473],[25.967244,43.824739]]}},{"type":"Feature","properties":{"line":"Т27","mode":"bus","color":"#ff627e","oi":-0.156,"n":4,"sw":1},"geometry":{"type":"LineString","coordinates":[[25.967238,43.824737],[25.967259,43.824746]]}},{"type":"Feature","properties":{"line":"Т27","mode":"bus","color":"#ff627e","oi":-0.218,"n":4,"sw":1},"geometry":{"type":"LineString","coordinates":[[25.967253,43.824743],[25.967274,43.824752]]}},{"type":"Feature","properties":{"line":"Т27","mode":"bus","color":"#ff627e","oi":-0.287,"n":4,"sw":1},"geometry":{"type":"LineString","coordinates":[[25.967267,43.82475],[25.967289,43.824759]]}},{"type":"Feature","properties":{"line":"Т27","mode":"bus","color":"#ff627e","oi":-0.362,"n":4,"sw":1},"geometry":{"type":"LineString","coordinates":[[25.967282,43.824756],[25.967303,43.824765]]}},{"type":"Feature","properties":{"line":"Т27","mode":"bus","color":"#ff627e","oi":-0.443,"n":4,"sw":1},"geometry":{"type":"LineString","coordinates":[[25.967297,43.824762],[25.967318,43.824772]]}},{"type":"Feature","properties":{"line":"Т27","mode":"bus","color":"#ff627e","oi":-0.528,"n":4,"sw":1},"geometry":{"type":"LineString","coordinates":[[25.967312,43.824769],[25.967333,43.824778]]}},{"type":"Feature","properties":{"line":"Т27","mode":"bus","color":"#ff627e","oi":-0.616,"n":4,"sw":1},"geometry":{"type":"LineString","coordinates":[[25.967326,43.824775],[25.967348,43.824784]]}},{"type":"Feature","properties":{"line":"Т27","mode":"bus","color":"#ff627e","oi":-0.705,"n":4,"sw":1},"geometry":{"type":"LineString","coordinates":[[25.967341,43.824782],[25.967362,43.824791]]}},{"type":"Feature","properties":{"line":"Т27","mode":"bus","color":"#ff627e","oi":-0.795,"n":4,"sw":1},"geometry":{"type":"LineString","coordinates":[[25.967356,43.824788],[25.967377,43.824797]]}},{"type":"Feature","properties":{"line":"Т27","mode":"bus","color":"#ff627e","oi":-0.884,"n":4,"sw":1},"geometry":{"type":"LineString","coordinates":[[25.967371,43.824795],[25.967392,43.824804]]}},{"type":"Feature","properties":{"line":"Т27","mode":"bus","color":"#ff627e","oi":-0.972,"n":4,"sw":1},"geometry":{"type":"LineString","coordinates":[[25.967386,43.824801],[25.967407,43.82481]]}},{"type":"Feature","properties":{"line":"Т27","mode":"bus","color":"#ff627e","oi":-1.057,"n":4,"sw":1},"geometry":{"type":"LineString","coordinates":[[25.9674,43.824807],[25.967422,43.824817]]}},{"type":"Feature","properties":{"line":"Т27","mode":"bus","color":"#ff627e","oi":-1.138,"n":4,"sw":1},"geometry":{"type":"LineString","coordinates":[[25.967415,43.824814],[25.967436,43.824823]]}},{"type":"Feature","properties":{"line":"Т27","mode":"bus","color":"#ff627e","oi":-1.213,"n":4,"sw":1},"geometry":{"type":"LineString","coordinates":[[25.96743,43.82482],[25.967451,43.824829]]}},{"type":"Feature","properties":{"line":"Т27","mode":"bus","color":"#ff627e","oi":-1.282,"n":4,"sw":1},"geometry":{"type":"LineString","coordinates":[[25.967445,43.824827],[25.967466,43.824836]]}},{"type":"Feature","properties":{"line":"Т27","mode":"bus","color":"#ff627e","oi":-1.344,"n":4,"sw":1},"geometry":{"type":"LineString","coordinates":[[25.96746,43.824833],[25.967481,43.824842]]}},{"type":"Feature","properties":{"line":"Т27","mode":"bus","color":"#ff627e","oi":-1.397,"n":4,"sw":1},"geometry":{"type":"LineString","coordinates":[[25.967474,43.824839],[25.967496,43.824849]]}},{"type":"Feature","properties":{"line":"Т27","mode":"bus","color":"#ff627e","oi":-1.44,"n":4,"sw":1},"geometry":{"type":"LineString","coordinates":[[25.967489,43.824846],[25.96751,43.824855]]}},{"type":"Feature","properties":{"line":"Т27","mode":"bus","color":"#ff627e","oi":-1.473,"n":4,"sw":1},"geometry":{"type":"LineString","coordinates":[[25.967504,43.824852],[25.967525,43.824861]]}},{"type":"Feature","properties":{"line":"Т27","mode":"bus","color":"#ff627e","oi":-1.493,"n":4,"sw":1},"geometry":{"type":"LineString","coordinates":[[25.967519,43.824859],[25.96754,43.824868]]}},{"type":"Feature","properties":{"line":"Т27","mode":"bus","color":"#ff627e","oi":-1.5,"n":4,"sw":1},"geometry":{"type":"LineString","coordinates":[[25.967533,43.824865],[25.967555,43.824874]]}},{"type":"Feature","properties":{"line":"Т27","mode":"bus","color":"#ff627e","oi":-1.5,"n":4,"sw":1},"geometry":{"type":"LineString","coordinates":[[25.967714,43.824944],[25.967736,43.824953]]}},{"type":"Feature","properties":{"line":"Т27","mode":"bus","color":"#ff627e","oi":-1.493,"n":4,"sw":1},"geometry":{"type":"LineString","coordinates":[[25.967729,43.82495],[25.96775,43.824959]]}},{"type":"Feature","properties":{"line":"Т27","mode":"bus","color":"#ff627e","oi":-1.473,"n":4,"sw":1},"geometry":{"type":"LineString","coordinates":[[25.967744,43.824957],[25.967765,43.824966]]}},{"type":"Feature","properties":{"line":"Т27","mode":"bus","color":"#ff627e","oi":-1.44,"n":4,"sw":1},"geometry":{"type":"LineString","coordinates":[[25.967759,43.824963],[25.96778,43.824972]]}},{"type":"Feature","properties":{"line":"Т27","mode":"bus","color":"#ff627e","oi":-1.397,"n":4,"sw":1},"geometry":{"type":"LineString","coordinates":[[25.967773,43.824969],[25.967795,43.824979]]}},{"type":"Feature","properties":{"line":"Т27","mode":"bus","color":"#ff627e","oi":-1.344,"n":4,"sw":1},"geometry":{"type":"LineString","coordinates":[[25.967788,43.824976],[25.967809,43.824985]]}},{"type":"Feature","properties":{"line":"Т27","mode":"bus","color":"#ff627e","oi":-1.282,"n":4,"sw":1},"geometry":{"type":"LineString","coordinates":[[25.967803,43.824982],[25.967824,43.824991]]}},{"type":"Feature","properties":{"line":"Т27","mode":"bus","color":"#ff627e","oi":-1.213,"n":4,"sw":1},"geometry":{"type":"LineString","coordinates":[[25.967818,43.824989],[25.967839,43.824998]]}},{"type":"Feature","properties":{"line":"Т27","mode":"bus","color":"#ff627e","oi":-1.138,"n":4,"sw":1},"geometry":{"type":"LineString","coordinates":[[25.967833,43.824995],[25.967854,43.825004]]}},{"type":"Feature","properties":{"line":"Т27","mode":"bus","color":"#ff627e","oi":-1.057,"n":4,"sw":1},"geometry":{"type":"LineString","coordinates":[[25.967847,43.825001],[25.967869,43.825011]]}},{"type":"Feature","properties":{"line":"Т27","mode":"bus","color":"#ff627e","oi":-0.972,"n":4,"sw":1},"geometry":{"type":"LineString","coordinates":[[25.967862,43.825008],[25.967883,43.825017]]}},{"type":"Feature","properties":{"line":"Т27","mode":"bus","color":"#ff627e","oi":-0.884,"n":4,"sw":1},"geometry":{"type":"LineString","coordinates":[[25.967877,43.825014],[25.967898,43.825023]]}},{"type":"Feature","properties":{"line":"Т27","mode":"bus","color":"#ff627e","oi":-0.795,"n":4,"sw":1},"geometry":{"type":"LineString","coordinates":[[25.967892,43.825021],[25.967913,43.82503]]}},{"type":"Feature","properties":{"line":"Т27","mode":"bus","color":"#ff627e","oi":-0.705,"n":4,"sw":1},"geometry":{"type":"LineString","coordinates":[[25.967907,43.825027],[25.967928,43.825036]]}},{"type":"Feature","properties":{"line":"Т27","mode":"bus","color":"#ff627e","oi":-0.616,"n":4,"sw":1},"geometry":{"type":"LineString","coordinates":[[25.967921,43.825034],[25.967943,43.825043]]}},{"type":"Feature","properties":{"line":"Т27","mode":"bus","color":"#ff627e","oi":-0.528,"n":4,"sw":1},"geometry":{"type":"LineString","coordinates":[[25.967936,43.82504],[25.967957,43.825049]]}},{"type":"Feature","properties":{"line":"Т27","mode":"bus","color":"#ff627e","oi":-0.443,"n":4,"sw":1},"geometry":{"type":"LineString","coordinates":[[25.967951,43.825046],[25.967972,43.825056]]}},{"type":"Feature","properties":{"line":"Т27","mode":"bus","color":"#ff627e","oi":-0.362,"n":4,"sw":1},"geometry":{"type":"LineString","coordinates":[[25.967966,43.825053],[25.967987,43.825062]]}},{"type":"Feature","properties":{"line":"Т27","mode":"bus","color":"#ff627e","oi":-0.287,"n":4,"sw":1},"geometry":{"type":"LineString","coordinates":[[25.96798,43.825059],[25.968002,43.825068]]}},{"type":"Feature","properties":{"line":"Т27","mode":"bus","color":"#ff627e","oi":-0.218,"n":4,"sw":1},"geometry":{"type":"LineString","coordinates":[[25.967995,43.825066],[25.968016,43.825075]]}},{"type":"Feature","properties":{"line":"Т27","mode":"bus","color":"#ff627e","oi":-0.156,"n":4,"sw":1},"geometry":{"type":"LineString","coordinates":[[25.96801,43.825072],[25.968031,43.825081]]}},{"type":"Feature","properties":{"line":"Т27","mode":"bus","color":"#ff627e","oi":-0.103,"n":4,"sw":1},"geometry":{"type":"LineString","coordinates":[[25.968025,43.825079],[25.968046,43.825088]]}},{"type":"Feature","properties":{"line":"Т27","mode":"bus","color":"#ff627e","oi":-0.06,"n":4,"sw":1},"geometry":{"type":"LineString","coordinates":[[25.96804,43.825085],[25.968061,43.825094]]}},{"type":"Feature","properties":{"line":"Т27","mode":"bus","color":"#ff627e","oi":-0.027,"n":4,"sw":1},"geometry":{"type":"LineString","coordinates":[[25.968054,43.825091],[25.968076,43.825101]]}},{"type":"Feature","properties":{"line":"Т27","mode":"bus","color":"#ff627e","oi":-0.007,"n":4,"sw":1},"geometry":{"type":"LineString","coordinates":[[25.968069,43.825098],[25.96809,43.825107]]}},{"type":"Feature","properties":{"line":"Т27","mode":"bus","color":"#ff627e","oi":0,"n":4,"sw":1},"geometry":{"type":"LineString","coordinates":[[25.968084,43.825104],[25.968102,43.825112]]}},{"type":"Feature","properties":{"line":"Т27","mode":"bus","color":"#ff627e","oi":0,"n":4,"sw":1},"geometry":{"type":"LineString","coordinates":[[25.973814,43.858652],[25.973828,43.858658]]}},{"type":"Feature","properties":{"line":"Т27","mode":"bus","color":"#ff627e","oi":-0.13,"n":4,"sw":1},"geometry":{"type":"LineString","coordinates":[[25.973822,43.858655],[25.973839,43.858663]]}},{"type":"Feature","properties":{"line":"Т27","mode":"bus","color":"#ff627e","oi":-0.37,"n":4,"sw":1},"geometry":{"type":"LineString","coordinates":[[25.973832,43.85866],[25.973849,43.858668]]}},{"type":"Feature","properties":{"line":"Т27","mode":"bus","color":"#ff627e","oi":-0.5,"n":4,"sw":1},"geometry":{"type":"LineString","coordinates":[[25.973843,43.858665],[25.97386,43.858672]]}},{"type":"Feature","properties":{"line":"Т27","mode":"bus","color":"#ff627e","oi":-0.5,"n":4,"sw":1},"geometry":{"type":"LineString","coordinates":[[25.973854,43.85867],[25.973871,43.858677]]}},{"type":"Feature","properties":{"line":"Т27","mode":"bus","color":"#ff627e","oi":-0.37,"n":4,"sw":1},"geometry":{"type":"LineString","coordinates":[[25.973865,43.858674],[25.973882,43.858682]]}},{"type":"Feature","properties":{"line":"Т27","mode":"bus","color":"#ff627e","oi":-0.13,"n":4,"sw":1},"geometry":{"type":"LineString","coordinates":[[25.973875,43.858679],[25.973892,43.858687]]}},{"type":"Feature","properties":{"line":"Т27","mode":"bus","color":"#ff627e","oi":0,"n":4,"sw":1},"geometry":{"type":"LineString","coordinates":[[25.973886,43.858684],[25.9739,43.85869]]}},{"type":"Feature","properties":{"line":"Т27","mode":"bus","color":"#ff627e","oi":-1.5,"n":4},"geometry":{"type":"LineString","coordinates":[[25.968691,43.831264],[25.969911,43.832017],[25.970033,43.832111]]}},{"type":"Feature","properties":{"line":"Т27","mode":"bus","color":"#ff627e","oi":0,"n":4,"sw":1},"geometry":{"type":"LineString","coordinates":[[25.96835,43.831053],[25.968366,43.831063]]}},{"type":"Feature","properties":{"line":"Т27","mode":"bus","color":"#ff627e","oi":-0.007,"n":4,"sw":1},"geometry":{"type":"LineString","coordinates":[[25.96836,43.831059],[25.968379,43.831071]]}},{"type":"Feature","properties":{"line":"Т27","mode":"bus","color":"#ff627e","oi":-0.027,"n":4,"sw":1},"geometry":{"type":"LineString","coordinates":[[25.968373,43.831067],[25.968392,43.831079]]}},{"type":"Feature","properties":{"line":"Т27","mode":"bus","color":"#ff627e","oi":-0.06,"n":4,"sw":1},"geometry":{"type":"LineString","coordinates":[[25.968386,43.831076],[25.968405,43.831087]]}},{"type":"Feature","properties":{"line":"Т27","mode":"bus","color":"#ff627e","oi":-0.103,"n":4,"sw":1},"geometry":{"type":"LineString","coordinates":[[25.9684,43.831084],[25.968418,43.831095]]}},{"type":"Feature","properties":{"line":"Т27","mode":"bus","color":"#ff627e","oi":-0.156,"n":4,"sw":1},"geometry":{"type":"LineString","coordinates":[[25.968413,43.831092],[25.968432,43.831103]]}},{"type":"Feature","properties":{"line":"Т27","mode":"bus","color":"#ff627e","oi":-0.218,"n":4,"sw":1},"geometry":{"type":"LineString","coordinates":[[25.968426,43.8311],[25.968445,43.831111]]}},{"type":"Feature","properties":{"line":"Т27","mode":"bus","color":"#ff627e","oi":-0.287,"n":4,"sw":1},"geometry":{"type":"LineString","coordinates":[[25.968439,43.831108],[25.968458,43.83112]]}},{"type":"Feature","properties":{"line":"Т27","mode":"bus","color":"#ff627e","oi":-0.362,"n":4,"sw":1},"geometry":{"type":"LineString","coordinates":[[25.968452,43.831116],[25.968471,43.831128]]}},{"type":"Feature","properties":{"line":"Т27","mode":"bus","color":"#ff627e","oi":-0.443,"n":4,"sw":1},"geometry":{"type":"LineString","coordinates":[[25.968465,43.831124],[25.968484,43.831136]]}},{"type":"Feature","properties":{"line":"Т27","mode":"bus","color":"#ff627e","oi":-0.528,"n":4,"sw":1},"geometry":{"type":"LineString","coordinates":[[25.968478,43.831132],[25.968497,43.831144]]}},{"type":"Feature","properties":{"line":"Т27","mode":"bus","color":"#ff627e","oi":-0.616,"n":4,"sw":1},"geometry":{"type":"LineString","coordinates":[[25.968491,43.83114],[25.96851,43.831152]]}},{"type":"Feature","properties":{"line":"Т27","mode":"bus","color":"#ff627e","oi":-0.705,"n":4,"sw":1},"geometry":{"type":"LineString","coordinates":[[25.968505,43.831148],[25.968523,43.83116]]}},{"type":"Feature","properties":{"line":"Т27","mode":"bus","color":"#ff627e","oi":-0.795,"n":4,"sw":1},"geometry":{"type":"LineString","coordinates":[[25.968518,43.831157],[25.968536,43.831168]]}},{"type":"Feature","properties":{"line":"Т27","mode":"bus","color":"#ff627e","oi":-0.884,"n":4,"sw":1},"geometry":{"type":"LineString","coordinates":[[25.968531,43.831165],[25.96855,43.831176]]}},{"type":"Feature","properties":{"line":"Т27","mode":"bus","color":"#ff627e","oi":-0.972,"n":4,"sw":1},"geometry":{"type":"LineString","coordinates":[[25.968544,43.831173],[25.968563,43.831184]]}},{"type":"Feature","properties":{"line":"Т27","mode":"bus","color":"#ff627e","oi":-1.057,"n":4,"sw":1},"geometry":{"type":"LineString","coordinates":[[25.968557,43.831181],[25.968576,43.831192]]}},{"type":"Feature","properties":{"line":"Т27","mode":"bus","color":"#ff627e","oi":-1.138,"n":4,"sw":1},"geometry":{"type":"LineString","coordinates":[[25.96857,43.831189],[25.968589,43.831201]]}},{"type":"Feature","properties":{"line":"Т27","mode":"bus","color":"#ff627e","oi":-1.213,"n":4,"sw":1},"geometry":{"type":"LineString","coordinates":[[25.968583,43.831197],[25.968602,43.831209]]}},{"type":"Feature","properties":{"line":"Т27","mode":"bus","color":"#ff627e","oi":-1.282,"n":4,"sw":1},"geometry":{"type":"LineString","coordinates":[[25.968596,43.831205],[25.968615,43.831217]]}},{"type":"Feature","properties":{"line":"Т27","mode":"bus","color":"#ff627e","oi":-1.344,"n":4,"sw":1},"geometry":{"type":"LineString","coordinates":[[25.968609,43.831213],[25.968628,43.831225]]}},{"type":"Feature","properties":{"line":"Т27","mode":"bus","color":"#ff627e","oi":-1.397,"n":4,"sw":1},"geometry":{"type":"LineString","coordinates":[[25.968623,43.831221],[25.968641,43.831233]]}},{"type":"Feature","properties":{"line":"Т27","mode":"bus","color":"#ff627e","oi":-1.44,"n":4,"sw":1},"geometry":{"type":"LineString","coordinates":[[25.968636,43.831229],[25.968654,43.831241]]}},{"type":"Feature","properties":{"line":"Т27","mode":"bus","color":"#ff627e","oi":-1.473,"n":4,"sw":1},"geometry":{"type":"LineString","coordinates":[[25.968649,43.831238],[25.968668,43.831249]]}},{"type":"Feature","properties":{"line":"Т27","mode":"bus","color":"#ff627e","oi":-1.493,"n":4,"sw":1},"geometry":{"type":"LineString","coordinates":[[25.968662,43.831246],[25.968681,43.831257]]}},{"type":"Feature","properties":{"line":"Т27","mode":"bus","color":"#ff627e","oi":-1.5,"n":4,"sw":1},"geometry":{"type":"LineString","coordinates":[[25.968675,43.831254],[25.968694,43.831265]]}},{"type":"Feature","properties":{"line":"Т27","mode":"bus","color":"#ff627e","oi":-1.5,"n":4,"sw":1},"geometry":{"type":"LineString","coordinates":[[25.97003,43.832109],[25.970047,43.832122]]}},{"type":"Feature","properties":{"line":"Т27","mode":"bus","color":"#ff627e","oi":-1.493,"n":4,"sw":1},"geometry":{"type":"LineString","coordinates":[[25.970042,43.832118],[25.970059,43.832131]]}},{"type":"Feature","properties":{"line":"Т27","mode":"bus","color":"#ff627e","oi":-1.473,"n":4,"sw":1},"geometry":{"type":"LineString","coordinates":[[25.970054,43.832127],[25.970071,43.83214]]}},{"type":"Feature","properties":{"line":"Т27","mode":"bus","color":"#ff627e","oi":-1.44,"n":4,"sw":1},"geometry":{"type":"LineString","coordinates":[[25.970066,43.832136],[25.970083,43.832149]]}},{"type":"Feature","properties":{"line":"Т27","mode":"bus","color":"#ff627e","oi":-1.397,"n":4,"sw":1},"geometry":{"type":"LineString","coordinates":[[25.970078,43.832145],[25.970095,43.832158]]}},{"type":"Feature","properties":{"line":"Т27","mode":"bus","color":"#ff627e","oi":-1.344,"n":4,"sw":1},"geometry":{"type":"LineString","coordinates":[[25.970089,43.832154],[25.970106,43.832167]]}},{"type":"Feature","properties":{"line":"Т27","mode":"bus","color":"#ff627e","oi":-1.282,"n":4,"sw":1},"geometry":{"type":"LineString","coordinates":[[25.970101,43.832163],[25.970118,43.832176]]}},{"type":"Feature","properties":{"line":"Т27","mode":"bus","color":"#ff627e","oi":-1.213,"n":4,"sw":1},"geometry":{"type":"LineString","coordinates":[[25.970113,43.832172],[25.97013,43.832185]]}},{"type":"Feature","properties":{"line":"Т27","mode":"bus","color":"#ff627e","oi":-1.138,"n":4,"sw":1},"geometry":{"type":"LineString","coordinates":[[25.970125,43.832182],[25.970142,43.832195]]}},{"type":"Feature","properties":{"line":"Т27","mode":"bus","color":"#ff627e","oi":-1.057,"n":4,"sw":1},"geometry":{"type":"LineString","coordinates":[[25.970137,43.832191],[25.970154,43.832204]]}},{"type":"Feature","properties":{"line":"Т27","mode":"bus","color":"#ff627e","oi":-0.972,"n":4,"sw":1},"geometry":{"type":"LineString","coordinates":[[25.970148,43.8322],[25.970165,43.832213]]}},{"type":"Feature","properties":{"line":"Т27","mode":"bus","color":"#ff627e","oi":-0.884,"n":4,"sw":1},"geometry":{"type":"LineString","coordinates":[[25.97016,43.832209],[25.970177,43.832222]]}},{"type":"Feature","properties":{"line":"Т27","mode":"bus","color":"#ff627e","oi":-0.795,"n":4,"sw":1},"geometry":{"type":"LineString","coordinates":[[25.970172,43.832218],[25.970189,43.832231]]}},{"type":"Feature","properties":{"line":"Т27","mode":"bus","color":"#ff627e","oi":-0.705,"n":4,"sw":1},"geometry":{"type":"LineString","coordinates":[[25.970184,43.832227],[25.970201,43.83224]]}},{"type":"Feature","properties":{"line":"Т27","mode":"bus","color":"#ff627e","oi":-0.616,"n":4,"sw":1},"geometry":{"type":"LineString","coordinates":[[25.970196,43.832236],[25.970213,43.832249]]}},{"type":"Feature","properties":{"line":"Т27","mode":"bus","color":"#ff627e","oi":-0.528,"n":4,"sw":1},"geometry":{"type":"LineString","coordinates":[[25.970208,43.832245],[25.970224,43.832258]]}},{"type":"Feature","properties":{"line":"Т27","mode":"bus","color":"#ff627e","oi":-0.443,"n":4,"sw":1},"geometry":{"type":"LineString","coordinates":[[25.970219,43.832254],[25.970236,43.832267]]}},{"type":"Feature","properties":{"line":"Т27","mode":"bus","color":"#ff627e","oi":-0.362,"n":4,"sw":1},"geometry":{"type":"LineString","coordinates":[[25.970231,43.832263],[25.970248,43.832276]]}},{"type":"Feature","properties":{"line":"Т27","mode":"bus","color":"#ff627e","oi":-0.287,"n":4,"sw":1},"geometry":{"type":"LineString","coordinates":[[25.970243,43.832272],[25.97026,43.832285]]}},{"type":"Feature","properties":{"line":"Т27","mode":"bus","color":"#ff627e","oi":-0.218,"n":4,"sw":1},"geometry":{"type":"LineString","coordinates":[[25.970255,43.832281],[25.970272,43.832294]]}},{"type":"Feature","properties":{"line":"Т27","mode":"bus","color":"#ff627e","oi":-0.156,"n":4,"sw":1},"geometry":{"type":"LineString","coordinates":[[25.970267,43.832291],[25.970284,43.832304]]}},{"type":"Feature","properties":{"line":"Т27","mode":"bus","color":"#ff627e","oi":-0.103,"n":4,"sw":1},"geometry":{"type":"LineString","coordinates":[[25.970278,43.8323],[25.970295,43.832313]]}},{"type":"Feature","properties":{"line":"Т27","mode":"bus","color":"#ff627e","oi":-0.06,"n":4,"sw":1},"geometry":{"type":"LineString","coordinates":[[25.97029,43.832309],[25.970307,43.832322]]}},{"type":"Feature","properties":{"line":"Т27","mode":"bus","color":"#ff627e","oi":-0.027,"n":4,"sw":1},"geometry":{"type":"LineString","coordinates":[[25.970302,43.832318],[25.970319,43.832331]]}},{"type":"Feature","properties":{"line":"Т27","mode":"bus","color":"#ff627e","oi":-0.007,"n":4,"sw":1},"geometry":{"type":"LineString","coordinates":[[25.970314,43.832327],[25.970331,43.83234]]}},{"type":"Feature","properties":{"line":"Т27","mode":"bus","color":"#ff627e","oi":0,"n":4,"sw":1},"geometry":{"type":"LineString","coordinates":[[25.970326,43.832336],[25.97034,43.832347]]}},{"type":"Feature","properties":{"line":"А10","mode":"bus","color":"#a72d06","oi":0,"n":3},"geometry":{"type":"LineString","coordinates":[[25.974796,43.833476],[25.975017,43.833338]]}},{"type":"Feature","properties":{"line":"А10","mode":"bus","color":"#a72d06","oi":0,"n":3},"geometry":{"type":"LineString","coordinates":[[25.975734,43.83931],[25.97673,43.838919],[25.976747,43.83891],[25.976755,43.838899],[25.976753,43.838888],[25.976741,43.838875],[25.97664,43.83879],[25.976313,43.838683]]}},{"type":"Feature","properties":{"line":"А10","mode":"bus","color":"#a72d06","oi":0,"n":3},"geometry":{"type":"LineString","coordinates":[[25.976522,43.838989],[25.976566,43.838918],[25.976555,43.838848],[25.976515,43.838801],[25.976313,43.838683],[25.975458,43.838351],[25.974528,43.837921],[25.974305,43.837782],[25.973991,43.837502],[25.973839,43.83733],[25.973669,43.837022],[25.973618,43.836753],[25.973615,43.836442],[25.973657,43.835218],[25.973734,43.834836],[25.973999,43.834255],[25.974149,43.834054],[25.974581,43.833646],[25.974796,43.833476],[25.974938,43.833297]]}},{"type":"Feature","properties":{"line":"А10","mode":"bus","color":"#a72d06","oi":-0.5,"n":4},"geometry":{"type":"LineString","coordinates":[[25.962524,43.855523],[25.962511,43.85553],[25.962368,43.855634],[25.962278,43.855827]]}},{"type":"Feature","properties":{"line":"А10","mode":"bus","color":"#a72d06","oi":0,"n":4,"sw":1},"geometry":{"type":"LineString","coordinates":[[25.962837,43.855304],[25.962817,43.855336]]}},{"type":"Feature","properties":{"line":"А10","mode":"bus","color":"#a72d06","oi":-0.017,"n":4,"sw":1},"geometry":{"type":"LineString","coordinates":[[25.96282,43.855331],[25.962798,43.855365]]}},{"type":"Feature","properties":{"line":"А10","mode":"bus","color":"#a72d06","oi":-0.063,"n":4,"sw":1},"geometry":{"type":"LineString","coordinates":[[25.962801,43.85536],[25.962782,43.85539],[25.962776,43.855393]]}},{"type":"Feature","properties":{"line":"А10","mode":"bus","color":"#a72d06","oi":-0.13,"n":4,"sw":1},"geometry":{"type":"LineString","coordinates":[[25.962782,43.85539],[25.962782,43.85539],[25.96274,43.855412]]}},{"type":"Feature","properties":{"line":"А10","mode":"bus","color":"#a72d06","oi":-0.209,"n":4,"sw":1},"geometry":{"type":"LineString","coordinates":[[25.962746,43.855409],[25.962703,43.855431]]}},{"type":"Feature","properties":{"line":"А10","mode":"bus","color":"#a72d06","oi":-0.291,"n":4,"sw":1},"geometry":{"type":"LineString","coordinates":[[25.962709,43.855428],[25.962667,43.85545]]}},{"type":"Feature","properties":{"line":"А10","mode":"bus","color":"#a72d06","oi":-0.37,"n":4,"sw":1},"geometry":{"type":"LineString","coordinates":[[25.962673,43.855446],[25.96263,43.855468]]}},{"type":"Feature","properties":{"line":"А10","mode":"bus","color":"#a72d06","oi":-0.437,"n":4,"sw":1},"geometry":{"type":"LineString","coordinates":[[25.962636,43.855465],[25.962594,43.855487]]}},{"type":"Feature","properties":{"line":"А10","mode":"bus","color":"#a72d06","oi":-0.483,"n":4,"sw":1},"geometry":{"type":"LineString","coordinates":[[25.9626,43.855484],[25.962557,43.855506]]}},{"type":"Feature","properties":{"line":"А10","mode":"bus","color":"#a72d06","oi":-0.5,"n":4,"sw":1},"geometry":{"type":"LineString","coordinates":[[25.962563,43.855503],[25.962521,43.855525]]}},{"type":"Feature","properties":{"line":"А10","mode":"bus","color":"#a72d06","oi":-1,"n":3},"geometry":{"type":"LineString","coordinates":[[25.962984,43.854976],[25.9623,43.853993]]}},{"type":"Feature","properties":{"line":"А10","mode":"bus","color":"#a72d06","oi":0,"n":3,"sw":1},"geometry":{"type":"LineString","coordinates":[[25.963185,43.855265],[25.963172,43.855247]]}},{"type":"Feature","properties":{"line":"А10","mode":"bus","color":"#a72d06","oi":-0.01,"n":3,"sw":1},"geometry":{"type":"LineString","coordinates":[[25.963175,43.855251],[25.963161,43.85523]]}},{"type":"Feature","properties":{"line":"А10","mode":"bus","color":"#a72d06","oi":-0.038,"n":3,"sw":1},"geometry":{"type":"LineString","coordinates":[[25.963164,43.855235],[25.96315,43.855214]]}},{"type":"Feature","properties":{"line":"А10","mode":"bus","color":"#a72d06","oi":-0.082,"n":3,"sw":1},"geometry":{"type":"LineString","coordinates":[[25.963153,43.855219],[25.963139,43.855198]]}},{"type":"Feature","properties":{"line":"А10","mode":"bus","color":"#a72d06","oi":-0.14,"n":3,"sw":1},"geometry":{"type":"LineString","coordinates":[[25.963142,43.855203],[25.963127,43.855182]]}},{"type":"Feature","properties":{"line":"А10","mode":"bus","color":"#a72d06","oi":-0.209,"n":3,"sw":1},"geometry":{"type":"LineString","coordinates":[[25.963131,43.855187],[25.963116,43.855166]]}},{"type":"Feature","properties":{"line":"А10","mode":"bus","color":"#a72d06","oi":-0.286,"n":3,"sw":1},"geometry":{"type":"LineString","coordinates":[[25.96312,43.855171],[25.963105,43.85515]]}},{"type":"Feature","properties":{"line":"А10","mode":"bus","color":"#a72d06","oi":-0.369,"n":3,"sw":1},"geometry":{"type":"LineString","coordinates":[[25.963108,43.855155],[25.963094,43.855134]]}},{"type":"Feature","properties":{"line":"А10","mode":"bus","color":"#a72d06","oi":-0.456,"n":3,"sw":1},"geometry":{"type":"LineString","coordinates":[[25.963097,43.855139],[25.963083,43.855118]]}},{"type":"Feature","properties":{"line":"А10","mode":"bus","color":"#a72d06","oi":-0.544,"n":3,"sw":1},"geometry":{"type":"LineString","coordinates":[[25.963086,43.855123],[25.963071,43.855102]]}},{"type":"Feature","properties":{"line":"А10","mode":"bus","color":"#a72d06","oi":-0.631,"n":3,"sw":1},"geometry":{"type":"LineString","coordinates":[[25.963075,43.855107],[25.96306,43.855086]]}},{"type":"Feature","properties":{"line":"А10","mode":"bus","color":"#a72d06","oi":-0.714,"n":3,"sw":1},"geometry":{"type":"LineString","coordinates":[[25.963064,43.855091],[25.963049,43.85507]]}},{"type":"Feature","properties":{"line":"А10","mode":"bus","color":"#a72d06","oi":-0.791,"n":3,"sw":1},"geometry":{"type":"LineString","coordinates":[[25.963052,43.855074],[25.963038,43.855054]]}},{"type":"Feature","properties":{"line":"А10","mode":"bus","color":"#a72d06","oi":-0.86,"n":3,"sw":1},"geometry":{"type":"LineString","coordinates":[[25.963041,43.855058],[25.963027,43.855037]]}},{"type":"Feature","properties":{"line":"А10","mode":"bus","color":"#a72d06","oi":-0.918,"n":3,"sw":1},"geometry":{"type":"LineString","coordinates":[[25.96303,43.855042],[25.963016,43.855021]]}},{"type":"Feature","properties":{"line":"А10","mode":"bus","color":"#a72d06","oi":-0.962,"n":3,"sw":1},"geometry":{"type":"LineString","coordinates":[[25.963019,43.855026],[25.963004,43.855005]]}},{"type":"Feature","properties":{"line":"А10","mode":"bus","color":"#a72d06","oi":-0.99,"n":3,"sw":1},"geometry":{"type":"LineString","coordinates":[[25.963008,43.85501],[25.962993,43.854989]]}},{"type":"Feature","properties":{"line":"А10","mode":"bus","color":"#a72d06","oi":-1,"n":3,"sw":1},"geometry":{"type":"LineString","coordinates":[[25.962996,43.854994],[25.962982,43.854973]]}},{"type":"Feature","properties":{"line":"А10","mode":"bus","color":"#a72d06","oi":-1,"n":3,"sw":1},"geometry":{"type":"LineString","coordinates":[[25.962302,43.853996],[25.962288,43.853975]]}},{"type":"Feature","properties":{"line":"А10","mode":"bus","color":"#a72d06","oi":-0.99,"n":3,"sw":1},"geometry":{"type":"LineString","coordinates":[[25.962291,43.85398],[25.962276,43.853959]]}},{"type":"Feature","properties":{"line":"А10","mode":"bus","color":"#a72d06","oi":-0.962,"n":3,"sw":1},"geometry":{"type":"LineString","coordinates":[[25.96228,43.853964],[25.962265,43.853943]]}},{"type":"Feature","properties":{"line":"А10","mode":"bus","color":"#a72d06","oi":-0.918,"n":3,"sw":1},"geometry":{"type":"LineString","coordinates":[[25.962268,43.853948],[25.962254,43.853927]]}},{"type":"Feature","properties":{"line":"А10","mode":"bus","color":"#a72d06","oi":-0.86,"n":3,"sw":1},"geometry":{"type":"LineString","coordinates":[[25.962257,43.853932],[25.962243,43.853911]]}},{"type":"Feature","properties":{"line":"А10","mode":"bus","color":"#a72d06","oi":-0.791,"n":3,"sw":1},"geometry":{"type":"LineString","coordinates":[[25.962246,43.853915],[25.962232,43.853895]]}},{"type":"Feature","properties":{"line":"А10","mode":"bus","color":"#a72d06","oi":-0.714,"n":3,"sw":1},"geometry":{"type":"LineString","coordinates":[[25.962235,43.853899],[25.96222,43.853878]]}},{"type":"Feature","properties":{"line":"А10","mode":"bus","color":"#a72d06","oi":-0.631,"n":3,"sw":1},"geometry":{"type":"LineString","coordinates":[[25.962224,43.853883],[25.962209,43.853862]]}},{"type":"Feature","properties":{"line":"А10","mode":"bus","color":"#a72d06","oi":-0.544,"n":3,"sw":1},"geometry":{"type":"LineString","coordinates":[[25.962213,43.853867],[25.962198,43.853846]]}},{"type":"Feature","properties":{"line":"А10","mode":"bus","color":"#a72d06","oi":-0.456,"n":3,"sw":1},"geometry":{"type":"LineString","coordinates":[[25.962201,43.853851],[25.962187,43.85383]]}},{"type":"Feature","properties":{"line":"А10","mode":"bus","color":"#a72d06","oi":-0.369,"n":3,"sw":1},"geometry":{"type":"LineString","coordinates":[[25.96219,43.853835],[25.962176,43.853814]]}},{"type":"Feature","properties":{"line":"А10","mode":"bus","color":"#a72d06","oi":-0.286,"n":3,"sw":1},"geometry":{"type":"LineString","coordinates":[[25.962179,43.853819],[25.962164,43.853798]]}},{"type":"Feature","properties":{"line":"А10","mode":"bus","color":"#a72d06","oi":-0.209,"n":3,"sw":1},"geometry":{"type":"LineString","coordinates":[[25.962168,43.853803],[25.962153,43.853782]]}},{"type":"Feature","properties":{"line":"А10","mode":"bus","color":"#a72d06","oi":-0.14,"n":3,"sw":1},"geometry":{"type":"LineString","coordinates":[[25.962157,43.853787],[25.962142,43.853766]]}},{"type":"Feature","properties":{"line":"А10","mode":"bus","color":"#a72d06","oi":-0.082,"n":3,"sw":1},"geometry":{"type":"LineString","coordinates":[[25.962145,43.853771],[25.962131,43.85375]]}},{"type":"Feature","properties":{"line":"А10","mode":"bus","color":"#a72d06","oi":-0.038,"n":3,"sw":1},"geometry":{"type":"LineString","coordinates":[[25.962134,43.853755],[25.96212,43.853734]]}},{"type":"Feature","properties":{"line":"А10","mode":"bus","color":"#a72d06","oi":-0.01,"n":3,"sw":1},"geometry":{"type":"LineString","coordinates":[[25.962123,43.853739],[25.962109,43.853718]]}},{"type":"Feature","properties":{"line":"А10","mode":"bus","color":"#a72d06","oi":0,"n":3,"sw":1},"geometry":{"type":"LineString","coordinates":[[25.962112,43.853722],[25.962099,43.853704]]}},{"type":"Feature","properties":{"line":"А10","mode":"bus","color":"#a72d06","oi":0,"n":1},"geometry":{"type":"LineString","coordinates":[[25.977217,43.838781],[25.976845,43.838797],[25.976544,43.83875]]}},{"type":"Feature","properties":{"line":"А10","mode":"bus","color":"#a72d06","oi":0,"n":1},"geometry":{"type":"LineString","coordinates":[[26.031772,43.826234],[26.031667,43.826235],[26.030083,43.826531],[26.029512,43.826581],[26.028203,43.826623],[26.027284,43.826492],[26.026028,43.826211],[26.02583,43.82623],[26.025704,43.826297],[26.025622,43.826399],[26.025568,43.826581],[26.025464,43.826784],[26.025359,43.82689],[26.024293,43.827447],[26.022646,43.82839],[26.020466,43.829067],[26.019566,43.829406],[26.018213,43.830383],[26.017857,43.830753],[26.017689,43.830969],[26.017514,43.831516],[26.017399,43.831729],[26.016578,43.832872],[26.016392,43.833093],[26.016158,43.833284],[26.01563,43.833561],[26.015498,43.83374],[26.015356,43.834056],[26.015183,43.834159],[26.014685,43.83435],[26.01421,43.834638],[26.013354,43.835279],[26.01075,43.836476],[26.010265,43.836647],[26.009959,43.836699],[26.009418,43.836724],[26.00547,43.836726],[26.00409,43.836833],[26.003726,43.836968],[26.003596,43.83707],[26.00335,43.837361],[26.003172,43.837529],[26.002951,43.83767],[26.002719,43.837762],[26.002419,43.837835],[26.001332,43.837874],[25.998206,43.838191],[25.996942,43.838386],[25.99586,43.838663],[25.994756,43.839107],[25.992618,43.839658],[25.9919,43.839889],[25.99069,43.840222],[25.990169,43.84028],[25.986061,43.840457],[25.9851,43.84046],[25.984679,43.840383],[25.983978,43.840189],[25.983097,43.839848],[25.981842,43.83931],[25.980056,43.838658],[25.979076,43.838509],[25.978472,43.838542],[25.977509,43.838711],[25.976774,43.838902]]}},{"type":"Feature","properties":{"line":"А10","mode":"bus","color":"#a72d06","oi":0,"n":1},"geometry":{"type":"LineString","coordinates":[[25.976515,43.838801],[25.976753,43.838909]]}},{"type":"Feature","properties":{"line":"А20","mode":"bus","color":"#02af5a","oi":0,"n":3},"geometry":{"type":"LineString","coordinates":[[25.982132,43.850824],[25.982271,43.850728]]}},{"type":"Feature","properties":{"line":"А20","mode":"bus","color":"#02af5a","oi":-0.5,"n":2},"geometry":{"type":"LineString","coordinates":[[25.984205,43.845816],[25.98595,43.84676],[25.986337,43.846947],[25.987198,43.847303],[25.988748,43.848127],[25.992397,43.849463]]}},{"type":"Feature","properties":{"line":"А20","mode":"bus","color":"#02af5a","oi":0,"n":1},"geometry":{"type":"LineString","coordinates":[[25.992797,43.84961],[25.996093,43.850825]]}},{"type":"Feature","properties":{"line":"А20","mode":"bus","color":"#02af5a","oi":-0.5,"n":1,"sw":1},"geometry":{"type":"LineString","coordinates":[[25.992397,43.849463],[25.99244,43.849479]]}},{"type":"Feature","properties":{"line":"А20","mode":"bus","color":"#02af5a","oi":-0.483,"n":1,"sw":1},"geometry":{"type":"LineString","coordinates":[[25.992434,43.849476],[25.99248,43.849494]]}},{"type":"Feature","properties":{"line":"А20","mode":"bus","color":"#02af5a","oi":-0.437,"n":1,"sw":1},"geometry":{"type":"LineString","coordinates":[[25.992474,43.849491],[25.99252,43.849508]]}},{"type":"Feature","properties":{"line":"А20","mode":"bus","color":"#02af5a","oi":-0.37,"n":1,"sw":1},"geometry":{"type":"LineString","coordinates":[[25.992514,43.849506],[25.99256,43.849523]]}},{"type":"Feature","properties":{"line":"А20","mode":"bus","color":"#02af5a","oi":-0.291,"n":1,"sw":1},"geometry":{"type":"LineString","coordinates":[[25.992554,43.849521],[25.9926,43.849538]]}},{"type":"Feature","properties":{"line":"А20","mode":"bus","color":"#02af5a","oi":-0.209,"n":1,"sw":1},"geometry":{"type":"LineString","coordinates":[[25.992593,43.849535],[25.99264,43.849553]]}},{"type":"Feature","properties":{"line":"А20","mode":"bus","color":"#02af5a","oi":-0.13,"n":1,"sw":1},"geometry":{"type":"LineString","coordinates":[[25.992633,43.84955],[25.99268,43.849567]]}},{"type":"Feature","properties":{"line":"А20","mode":"bus","color":"#02af5a","oi":-0.063,"n":1,"sw":1},"geometry":{"type":"LineString","coordinates":[[25.992673,43.849565],[25.99272,43.849582]]}},{"type":"Feature","properties":{"line":"А20","mode":"bus","color":"#02af5a","oi":-0.017,"n":1,"sw":1},"geometry":{"type":"LineString","coordinates":[[25.992713,43.84958],[25.99276,43.849597]]}},{"type":"Feature","properties":{"line":"А20","mode":"bus","color":"#02af5a","oi":0,"n":1,"sw":1},"geometry":{"type":"LineString","coordinates":[[25.992753,43.849594],[25.9928,43.849611]]}},{"type":"Feature","properties":{"line":"А20","mode":"bus","color":"#02af5a","oi":0,"n":1},"geometry":{"type":"LineString","coordinates":[[25.985232,43.85136],[25.98532,43.851123],[25.986337,43.846947]]}},{"type":"Feature","properties":{"line":"А20","mode":"bus","color":"#02af5a","oi":0.5,"n":2},"geometry":{"type":"LineString","coordinates":[[25.982344,43.850408],[25.982568,43.849425],[25.982875,43.8478],[25.982947,43.847559],[25.983091,43.847244],[25.983561,43.846693],[25.983995,43.846102]]}},{"type":"Feature","properties":{"line":"А20","mode":"bus","color":"#02af5a","oi":0,"n":2,"sw":1},"geometry":{"type":"LineString","coordinates":[[25.982271,43.850728],[25.982279,43.850693]]}},{"type":"Feature","properties":{"line":"А20","mode":"bus","color":"#02af5a","oi":0.017,"n":2,"sw":1},"geometry":{"type":"LineString","coordinates":[[25.982278,43.850699],[25.982286,43.850661]]}},{"type":"Feature","properties":{"line":"А20","mode":"bus","color":"#02af5a","oi":0.063,"n":2,"sw":1},"geometry":{"type":"LineString","coordinates":[[25.982285,43.850667],[25.982293,43.850629]]}},{"type":"Feature","properties":{"line":"А20","mode":"bus","color":"#02af5a","oi":0.13,"n":2,"sw":1},"geometry":{"type":"LineString","coordinates":[[25.982292,43.850635],[25.982301,43.850597]]}},{"type":"Feature","properties":{"line":"А20","mode":"bus","color":"#02af5a","oi":0.209,"n":2,"sw":1},"geometry":{"type":"LineString","coordinates":[[25.9823,43.850603],[25.982308,43.850566]]}},{"type":"Feature","properties":{"line":"А20","mode":"bus","color":"#02af5a","oi":0.291,"n":2,"sw":1},"geometry":{"type":"LineString","coordinates":[[25.982307,43.850571],[25.982315,43.850534]]}},{"type":"Feature","properties":{"line":"А20","mode":"bus","color":"#02af5a","oi":0.37,"n":2,"sw":1},"geometry":{"type":"LineString","coordinates":[[25.982314,43.850539],[25.982323,43.850502]]}},{"type":"Feature","properties":{"line":"А20","mode":"bus","color":"#02af5a","oi":0.437,"n":2,"sw":1},"geometry":{"type":"LineString","coordinates":[[25.982321,43.850507],[25.98233,43.85047]]}},{"type":"Feature","properties":{"line":"А20","mode":"bus","color":"#02af5a","oi":0.483,"n":2,"sw":1},"geometry":{"type":"LineString","coordinates":[[25.982329,43.850475],[25.982337,43.850438]]}},{"type":"Feature","properties":{"line":"А20","mode":"bus","color":"#02af5a","oi":0.5,"n":2,"sw":1},"geometry":{"type":"LineString","coordinates":[[25.982336,43.850443],[25.982344,43.850406]]}},{"type":"Feature","properties":{"line":"А20","mode":"bus","color":"#02af5a","oi":0.5,"n":2,"sw":1},"geometry":{"type":"LineString","coordinates":[[25.983993,43.846105],[25.984018,43.846071]]}},{"type":"Feature","properties":{"line":"А20","mode":"bus","color":"#02af5a","oi":0.483,"n":2,"sw":1},"geometry":{"type":"LineString","coordinates":[[25.984014,43.846076],[25.984039,43.846043]]}},{"type":"Feature","properties":{"line":"А20","mode":"bus","color":"#02af5a","oi":0.437,"n":2,"sw":1},"geometry":{"type":"LineString","coordinates":[[25.984035,43.846047],[25.98406,43.846014]]}},{"type":"Feature","properties":{"line":"А20","mode":"bus","color":"#02af5a","oi":0.37,"n":2,"sw":1},"geometry":{"type":"LineString","coordinates":[[25.984056,43.846019],[25.984081,43.845985]]}},{"type":"Feature","properties":{"line":"А20","mode":"bus","color":"#02af5a","oi":0.291,"n":2,"sw":1},"geometry":{"type":"LineString","coordinates":[[25.984077,43.84599],[25.984102,43.845957]]}},{"type":"Feature","properties":{"line":"А20","mode":"bus","color":"#02af5a","oi":0.209,"n":2,"sw":1},"geometry":{"type":"LineString","coordinates":[[25.984098,43.845961],[25.984123,43.845928]]}},{"type":"Feature","properties":{"line":"А20","mode":"bus","color":"#02af5a","oi":0.13,"n":2,"sw":1},"geometry":{"type":"LineString","coordinates":[[25.984119,43.845933],[25.984144,43.845899]]}},{"type":"Feature","properties":{"line":"А20","mode":"bus","color":"#02af5a","oi":0.063,"n":2,"sw":1},"geometry":{"type":"LineString","coordinates":[[25.98414,43.845904],[25.984165,43.845871]]}},{"type":"Feature","properties":{"line":"А20","mode":"bus","color":"#02af5a","oi":0.017,"n":2,"sw":1},"geometry":{"type":"LineString","coordinates":[[25.984161,43.845876],[25.984186,43.845842]]}},{"type":"Feature","properties":{"line":"А20","mode":"bus","color":"#02af5a","oi":0,"n":2,"sw":1},"geometry":{"type":"LineString","coordinates":[[25.984182,43.845847],[25.984205,43.845816]]}},{"type":"Feature","properties":{"line":"А50","mode":"bus","color":"#ff5e9b","oi":-1,"n":3},"geometry":{"type":"LineString","coordinates":[[25.943114,43.806811],[25.944235,43.806231],[25.944571,43.806001],[25.944724,43.805837],[25.946038,43.804108],[25.946295,43.803685],[25.946309,43.803623],[25.946235,43.803539],[25.945928,43.80329]]}},{"type":"Feature","properties":{"line":"А50","mode":"bus","color":"#ff5e9b","oi":-1.5,"n":3,"sw":1},"geometry":{"type":"LineString","coordinates":[[25.942749,43.807],[25.942789,43.80698]]}},{"type":"Feature","properties":{"line":"А50","mode":"bus","color":"#ff5e9b","oi":-1.483,"n":3,"sw":1},"geometry":{"type":"LineString","coordinates":[[25.942782,43.806983],[25.942825,43.806961]]}},{"type":"Feature","properties":{"line":"А50","mode":"bus","color":"#ff5e9b","oi":-1.437,"n":3,"sw":1},"geometry":{"type":"LineString","coordinates":[[25.942819,43.806964],[25.942861,43.806942]]}},{"type":"Feature","properties":{"line":"А50","mode":"bus","color":"#ff5e9b","oi":-1.37,"n":3,"sw":1},"geometry":{"type":"LineString","coordinates":[[25.942855,43.806945],[25.942898,43.806923]]}},{"type":"Feature","properties":{"line":"А50","mode":"bus","color":"#ff5e9b","oi":-1.291,"n":3,"sw":1},"geometry":{"type":"LineString","coordinates":[[25.942892,43.806926],[25.942934,43.806904]]}},{"type":"Feature","properties":{"line":"А50","mode":"bus","color":"#ff5e9b","oi":-1.209,"n":3,"sw":1},"geometry":{"type":"LineString","coordinates":[[25.942928,43.806907],[25.942971,43.806885]]}},{"type":"Feature","properties":{"line":"А50","mode":"bus","color":"#ff5e9b","oi":-1.13,"n":3,"sw":1},"geometry":{"type":"LineString","coordinates":[[25.942965,43.806888],[25.943007,43.806866]]}},{"type":"Feature","properties":{"line":"А50","mode":"bus","color":"#ff5e9b","oi":-1.063,"n":3,"sw":1},"geometry":{"type":"LineString","coordinates":[[25.943001,43.806869],[25.943044,43.806847]]}},{"type":"Feature","properties":{"line":"А50","mode":"bus","color":"#ff5e9b","oi":-1.017,"n":3,"sw":1},"geometry":{"type":"LineString","coordinates":[[25.943038,43.806851],[25.94308,43.806829]]}},{"type":"Feature","properties":{"line":"А50","mode":"bus","color":"#ff5e9b","oi":-1,"n":3,"sw":1},"geometry":{"type":"LineString","coordinates":[[25.943074,43.806832],[25.943117,43.80681]]}},{"type":"Feature","properties":{"line":"А50","mode":"bus","color":"#ff5e9b","oi":-1.5,"n":4},"geometry":{"type":"LineString","coordinates":[[25.942612,43.807072],[25.942749,43.807]]}},{"type":"Feature","properties":{"line":"А50","mode":"bus","color":"#ff5e9b","oi":-1,"n":3},"geometry":{"type":"LineString","coordinates":[[25.938995,43.818179],[25.939211,43.817996],[25.939708,43.817046],[25.939906,43.816485],[25.939973,43.816161],[25.940171,43.815673],[25.940652,43.81461],[25.940862,43.814209],[25.941451,43.81347],[25.941901,43.812958],[25.942368,43.812436],[25.94284,43.811983],[25.943106,43.811685],[25.943304,43.811418],[25.943493,43.811034],[25.943643,43.810499],[25.943621,43.809833],[25.943453,43.809339],[25.943309,43.809074],[25.942639,43.808071],[25.942434,43.80765],[25.942402,43.807471],[25.942419,43.807357]]}},{"type":"Feature","properties":{"line":"А50","mode":"bus","color":"#ff5e9b","oi":-1,"n":3,"sw":1},"geometry":{"type":"LineString","coordinates":[[25.942419,43.80736],[25.942422,43.807339],[25.942429,43.807323]]}},{"type":"Feature","properties":{"line":"А50","mode":"bus","color":"#ff5e9b","oi":-1.017,"n":3,"sw":1},"geometry":{"type":"LineString","coordinates":[[25.942427,43.807328],[25.942442,43.807292]]}},{"type":"Feature","properties":{"line":"А50","mode":"bus","color":"#ff5e9b","oi":-1.063,"n":3,"sw":1},"geometry":{"type":"LineString","coordinates":[[25.94244,43.807297],[25.942455,43.807261]]}},{"type":"Feature","properties":{"line":"А50","mode":"bus","color":"#ff5e9b","oi":-1.13,"n":3,"sw":1},"geometry":{"type":"LineString","coordinates":[[25.942453,43.807266],[25.942469,43.80723]]}},{"type":"Feature","properties":{"line":"А50","mode":"bus","color":"#ff5e9b","oi":-1.209,"n":3,"sw":1},"geometry":{"type":"LineString","coordinates":[[25.942466,43.807235],[25.942482,43.807199]]}},{"type":"Feature","properties":{"line":"А50","mode":"bus","color":"#ff5e9b","oi":-1.291,"n":3,"sw":1},"geometry":{"type":"LineString","coordinates":[[25.94248,43.807204],[25.94249,43.80718],[25.942501,43.80717]]}},{"type":"Feature","properties":{"line":"А50","mode":"bus","color":"#ff5e9b","oi":-1.37,"n":3,"sw":1},"geometry":{"type":"LineString","coordinates":[[25.942496,43.807175],[25.942529,43.807145]]}},{"type":"Feature","properties":{"line":"А50","mode":"bus","color":"#ff5e9b","oi":-1.437,"n":3,"sw":1},"geometry":{"type":"LineString","coordinates":[[25.942525,43.807149],[25.942558,43.80712]]}},{"type":"Feature","properties":{"line":"А50","mode":"bus","color":"#ff5e9b","oi":-1.483,"n":3,"sw":1},"geometry":{"type":"LineString","coordinates":[[25.942553,43.807124],[25.942586,43.807095]]}},{"type":"Feature","properties":{"line":"А50","mode":"bus","color":"#ff5e9b","oi":-1.5,"n":3,"sw":1},"geometry":{"type":"LineString","coordinates":[[25.942581,43.807099],[25.942612,43.807072]]}},{"type":"Feature","properties":{"line":"А50","mode":"bus","color":"#ff5e9b","oi":-0.5,"n":2},"geometry":{"type":"LineString","coordinates":[[25.945604,43.803066],[25.945483,43.802982],[25.945385,43.802877],[25.945366,43.802773],[25.945387,43.802599],[25.945679,43.801583],[25.945739,43.80128],[25.945865,43.79999],[25.945979,43.798286]]}},{"type":"Feature","properties":{"line":"А50","mode":"bus","color":"#ff5e9b","oi":-1,"n":2,"sw":1},"geometry":{"type":"LineString","coordinates":[[25.945928,43.80329],[25.945893,43.803266]]}},{"type":"Feature","properties":{"line":"А50","mode":"bus","color":"#ff5e9b","oi":-0.983,"n":2,"sw":1},"geometry":{"type":"LineString","coordinates":[[25.945898,43.803269],[25.945861,43.803243]]}},{"type":"Feature","properties":{"line":"А50","mode":"bus","color":"#ff5e9b","oi":-0.937,"n":2,"sw":1},"geometry":{"type":"LineString","coordinates":[[25.945866,43.803247],[25.945828,43.803221]]}},{"type":"Feature","properties":{"line":"А50","mode":"bus","color":"#ff5e9b","oi":-0.87,"n":2,"sw":1},"geometry":{"type":"LineString","coordinates":[[25.945834,43.803225],[25.945796,43.803198]]}},{"type":"Feature","properties":{"line":"А50","mode":"bus","color":"#ff5e9b","oi":-0.791,"n":2,"sw":1},"geometry":{"type":"LineString","coordinates":[[25.945801,43.803202],[25.945763,43.803176]]}},{"type":"Feature","properties":{"line":"А50","mode":"bus","color":"#ff5e9b","oi":-0.709,"n":2,"sw":1},"geometry":{"type":"LineString","coordinates":[[25.945769,43.80318],[25.945731,43.803154]]}},{"type":"Feature","properties":{"line":"А50","mode":"bus","color":"#ff5e9b","oi":-0.63,"n":2,"sw":1},"geometry":{"type":"LineString","coordinates":[[25.945736,43.803157],[25.945699,43.803131]]}},{"type":"Feature","properties":{"line":"А50","mode":"bus","color":"#ff5e9b","oi":-0.563,"n":2,"sw":1},"geometry":{"type":"LineString","coordinates":[[25.945704,43.803135],[25.945666,43.803109]]}},{"type":"Feature","properties":{"line":"А50","mode":"bus","color":"#ff5e9b","oi":-0.517,"n":2,"sw":1},"geometry":{"type":"LineString","coordinates":[[25.945672,43.803113],[25.945634,43.803086]]}},{"type":"Feature","properties":{"line":"А50","mode":"bus","color":"#ff5e9b","oi":-0.5,"n":2,"sw":1},"geometry":{"type":"LineString","coordinates":[[25.945639,43.80309],[25.945601,43.803064]]}},{"type":"Feature","properties":{"line":"А50","mode":"bus","color":"#ff5e9b","oi":-0.5,"n":2},"geometry":{"type":"LineString","coordinates":[[25.947581,43.836671],[25.947447,43.836548],[25.947431,43.83639],[25.947428,43.836378],[25.947422,43.836371],[25.947419,43.83637]]}},{"type":"Feature","properties":{"line":"А50","mode":"bus","color":"#ff5e9b","oi":-0.5,"n":2,"sw":1},"geometry":{"type":"LineString","coordinates":[[25.947423,43.836371],[25.947422,43.836371],[25.947414,43.836368],[25.947403,43.836371],[25.94739,43.836378],[25.947379,43.836385]]}},{"type":"Feature","properties":{"line":"А50","mode":"bus","color":"#ff5e9b","oi":-0.483,"n":2,"sw":1},"geometry":{"type":"LineString","coordinates":[[25.947384,43.836381],[25.947345,43.836406]]}},{"type":"Feature","properties":{"line":"А50","mode":"bus","color":"#ff5e9b","oi":-0.437,"n":2,"sw":1},"geometry":{"type":"LineString","coordinates":[[25.947351,43.836403],[25.947311,43.836428]]}},{"type":"Feature","properties":{"line":"А50","mode":"bus","color":"#ff5e9b","oi":-0.37,"n":2,"sw":1},"geometry":{"type":"LineString","coordinates":[[25.947317,43.836424],[25.947278,43.836449]]}},{"type":"Feature","properties":{"line":"А50","mode":"bus","color":"#ff5e9b","oi":-0.291,"n":2,"sw":1},"geometry":{"type":"LineString","coordinates":[[25.947283,43.836446],[25.947272,43.836453],[25.947235,43.836458]]}},{"type":"Feature","properties":{"line":"А50","mode":"bus","color":"#ff5e9b","oi":-0.209,"n":2,"sw":1},"geometry":{"type":"LineString","coordinates":[[25.947243,43.836457],[25.947191,43.836463]]}},{"type":"Feature","properties":{"line":"А50","mode":"bus","color":"#ff5e9b","oi":-0.13,"n":2,"sw":1},"geometry":{"type":"LineString","coordinates":[[25.947198,43.836462],[25.947147,43.836469]]}},{"type":"Feature","properties":{"line":"А50","mode":"bus","color":"#ff5e9b","oi":-0.063,"n":2,"sw":1},"geometry":{"type":"LineString","coordinates":[[25.947154,43.836468],[25.947103,43.836474]]}},{"type":"Feature","properties":{"line":"А50","mode":"bus","color":"#ff5e9b","oi":-0.017,"n":2,"sw":1},"geometry":{"type":"LineString","coordinates":[[25.94711,43.836473],[25.947059,43.83648]]}},{"type":"Feature","properties":{"line":"А50","mode":"bus","color":"#ff5e9b","oi":0,"n":2,"sw":1},"geometry":{"type":"LineString","coordinates":[[25.947066,43.836479],[25.947018,43.836485]]}},{"type":"Feature","properties":{"line":"А50","mode":"bus","color":"#ff5e9b","oi":-0.5,"n":2},"geometry":{"type":"LineString","coordinates":[[25.936461,43.820337],[25.936533,43.820504],[25.936796,43.820982],[25.937259,43.821936],[25.93774,43.822462],[25.938338,43.823023],[25.939012,43.823575],[25.939578,43.824014],[25.940696,43.824817],[25.941162,43.825229],[25.941481,43.825595],[25.941593,43.825763],[25.941928,43.826444],[25.942099,43.826561],[25.94233,43.826653],[25.942564,43.826784],[25.942999,43.827312],[25.945672,43.829917],[25.945984,43.830285],[25.946297,43.830741],[25.946562,43.831224],[25.946604,43.831414],[25.946597,43.831515],[25.946438,43.832114],[25.945792,43.833948],[25.945348,43.835415],[25.945419,43.835613],[25.9455,43.835703],[25.945642,43.835814],[25.945851,43.8359],[25.946099,43.835931],[25.946951,43.835893],[25.947277,43.835957],[25.947414,43.836048],[25.947468,43.836142],[25.94747,43.836267],[25.947427,43.836354]]}},{"type":"Feature","properties":{"line":"А50","mode":"bus","color":"#ff5e9b","oi":0,"n":2,"sw":1},"geometry":{"type":"LineString","coordinates":[[25.936393,43.820017],[25.9364,43.820052]]}},{"type":"Feature","properties":{"line":"А50","mode":"bus","color":"#ff5e9b","oi":-0.017,"n":2,"sw":1},"geometry":{"type":"LineString","coordinates":[[25.936399,43.820046],[25.936406,43.820084]]}},{"type":"Feature","properties":{"line":"А50","mode":"bus","color":"#ff5e9b","oi":-0.063,"n":2,"sw":1},"geometry":{"type":"LineString","coordinates":[[25.936405,43.820079],[25.936412,43.820116]]}},{"type":"Feature","properties":{"line":"А50","mode":"bus","color":"#ff5e9b","oi":-0.13,"n":2,"sw":1},"geometry":{"type":"LineString","coordinates":[[25.936411,43.820111],[25.936418,43.820148]]}},{"type":"Feature","properties":{"line":"А50","mode":"bus","color":"#ff5e9b","oi":-0.209,"n":2,"sw":1},"geometry":{"type":"LineString","coordinates":[[25.936417,43.820143],[25.936424,43.82018]]}},{"type":"Feature","properties":{"line":"А50","mode":"bus","color":"#ff5e9b","oi":-0.291,"n":2,"sw":1},"geometry":{"type":"LineString","coordinates":[[25.936423,43.820175],[25.93643,43.820212]]}},{"type":"Feature","properties":{"line":"А50","mode":"bus","color":"#ff5e9b","oi":-0.37,"n":2,"sw":1},"geometry":{"type":"LineString","coordinates":[[25.936429,43.820207],[25.936436,43.820244]]}},{"type":"Feature","properties":{"line":"А50","mode":"bus","color":"#ff5e9b","oi":-0.437,"n":2,"sw":1},"geometry":{"type":"LineString","coordinates":[[25.936435,43.820239],[25.936442,43.820276]]}},{"type":"Feature","properties":{"line":"А50","mode":"bus","color":"#ff5e9b","oi":-0.483,"n":2,"sw":1},"geometry":{"type":"LineString","coordinates":[[25.936441,43.820271],[25.936448,43.820308],[25.936448,43.820309]]}},{"type":"Feature","properties":{"line":"А50","mode":"bus","color":"#ff5e9b","oi":-0.5,"n":2,"sw":1},"geometry":{"type":"LineString","coordinates":[[25.936447,43.820303],[25.936448,43.820308],[25.936462,43.820339]]}},{"type":"Feature","properties":{"line":"А50","mode":"bus","color":"#ff5e9b","oi":-0.5,"n":2},"geometry":{"type":"LineString","coordinates":[[25.937074,43.819193],[25.937153,43.819084],[25.937399,43.818896],[25.938614,43.81835]]}},{"type":"Feature","properties":{"line":"А50","mode":"bus","color":"#ff5e9b","oi":-0.5,"n":2,"sw":1},"geometry":{"type":"LineString","coordinates":[[25.938611,43.818352],[25.938655,43.818332]]}},{"type":"Feature","properties":{"line":"А50","mode":"bus","color":"#ff5e9b","oi":-0.517,"n":2,"sw":1},"geometry":{"type":"LineString","coordinates":[[25.938649,43.818334],[25.938693,43.818314]]}},{"type":"Feature","properties":{"line":"А50","mode":"bus","color":"#ff5e9b","oi":-0.563,"n":2,"sw":1},"geometry":{"type":"LineString","coordinates":[[25.938687,43.818317],[25.938732,43.818297]]}},{"type":"Feature","properties":{"line":"А50","mode":"bus","color":"#ff5e9b","oi":-0.63,"n":2,"sw":1},"geometry":{"type":"LineString","coordinates":[[25.938725,43.8183],[25.93877,43.81828]]}},{"type":"Feature","properties":{"line":"А50","mode":"bus","color":"#ff5e9b","oi":-0.709,"n":2,"sw":1},"geometry":{"type":"LineString","coordinates":[[25.938763,43.818283],[25.938808,43.818263]]}},{"type":"Feature","properties":{"line":"А50","mode":"bus","color":"#ff5e9b","oi":-0.791,"n":2,"sw":1},"geometry":{"type":"LineString","coordinates":[[25.938801,43.818266],[25.938846,43.818246]]}},{"type":"Feature","properties":{"line":"А50","mode":"bus","color":"#ff5e9b","oi":-0.87,"n":2,"sw":1},"geometry":{"type":"LineString","coordinates":[[25.938839,43.818249],[25.938884,43.818229]]}},{"type":"Feature","properties":{"line":"А50","mode":"bus","color":"#ff5e9b","oi":-0.937,"n":2,"sw":1},"geometry":{"type":"LineString","coordinates":[[25.938878,43.818232],[25.938922,43.818212]]}},{"type":"Feature","properties":{"line":"А50","mode":"bus","color":"#ff5e9b","oi":-0.983,"n":2,"sw":1},"geometry":{"type":"LineString","coordinates":[[25.938916,43.818215],[25.93896,43.818195]]}},{"type":"Feature","properties":{"line":"А50","mode":"bus","color":"#ff5e9b","oi":-1,"n":2,"sw":1},"geometry":{"type":"LineString","coordinates":[[25.938954,43.818198],[25.938995,43.818179]]}},{"type":"Feature","properties":{"line":"А50","mode":"bus","color":"#ff5e9b","oi":-0.5,"n":2},"geometry":{"type":"LineString","coordinates":[[25.936641,43.81975],[25.936845,43.819582],[25.937054,43.819226],[25.93706,43.819217],[25.937062,43.819211],[25.937061,43.819208],[25.937057,43.819209],[25.937051,43.819213],[25.937041,43.81922],[25.936613,43.819574],[25.936489,43.819706]]}},{"type":"Feature","properties":{"line":"А50","mode":"bus","color":"#ff5e9b","oi":0,"n":2,"sw":1},"geometry":{"type":"LineString","coordinates":[[25.936393,43.820017],[25.936415,43.819986]]}},{"type":"Feature","properties":{"line":"А50","mode":"bus","color":"#ff5e9b","oi":-0.017,"n":2,"sw":1},"geometry":{"type":"LineString","coordinates":[[25.936411,43.81999],[25.936435,43.819957]]}},{"type":"Feature","properties":{"line":"А50","mode":"bus","color":"#ff5e9b","oi":-0.063,"n":2,"sw":1},"geometry":{"type":"LineString","coordinates":[[25.936431,43.819961],[25.936455,43.819928]]}},{"type":"Feature","properties":{"line":"А50","mode":"bus","color":"#ff5e9b","oi":-0.13,"n":2,"sw":1},"geometry":{"type":"LineString","coordinates":[[25.936452,43.819932],[25.936475,43.819899]]}},{"type":"Feature","properties":{"line":"А50","mode":"bus","color":"#ff5e9b","oi":-0.209,"n":2,"sw":1},"geometry":{"type":"LineString","coordinates":[[25.936472,43.819904],[25.936492,43.819874],[25.936496,43.81987]]}},{"type":"Feature","properties":{"line":"А50","mode":"bus","color":"#ff5e9b","oi":-0.291,"n":2,"sw":1},"geometry":{"type":"LineString","coordinates":[[25.936492,43.819875],[25.936492,43.819874],[25.936526,43.819846]]}},{"type":"Feature","properties":{"line":"А50","mode":"bus","color":"#ff5e9b","oi":-0.37,"n":2,"sw":1},"geometry":{"type":"LineString","coordinates":[[25.936521,43.81985],[25.936555,43.819822]]}},{"type":"Feature","properties":{"line":"А50","mode":"bus","color":"#ff5e9b","oi":-0.437,"n":2,"sw":1},"geometry":{"type":"LineString","coordinates":[[25.93655,43.819826],[25.936585,43.819797]]}},{"type":"Feature","properties":{"line":"А50","mode":"bus","color":"#ff5e9b","oi":-0.483,"n":2,"sw":1},"geometry":{"type":"LineString","coordinates":[[25.93658,43.819801],[25.936614,43.819773]]}},{"type":"Feature","properties":{"line":"А50","mode":"bus","color":"#ff5e9b","oi":-0.5,"n":2,"sw":1},"geometry":{"type":"LineString","coordinates":[[25.936609,43.819777],[25.936644,43.819748]]}},{"type":"Feature","properties":{"line":"А50","mode":"bus","color":"#ff5e9b","oi":-0.5,"n":2,"sw":1},"geometry":{"type":"LineString","coordinates":[[25.936492,43.819704],[25.936477,43.819719],[25.936467,43.819737]]}},{"type":"Feature","properties":{"line":"А50","mode":"bus","color":"#ff5e9b","oi":-0.483,"n":2,"sw":1},"geometry":{"type":"LineString","coordinates":[[25.93647,43.819732],[25.936451,43.819767]]}},{"type":"Feature","properties":{"line":"А50","mode":"bus","color":"#ff5e9b","oi":-0.437,"n":2,"sw":1},"geometry":{"type":"LineString","coordinates":[[25.936454,43.819762],[25.936435,43.819797]]}},{"type":"Feature","properties":{"line":"А50","mode":"bus","color":"#ff5e9b","oi":-0.37,"n":2,"sw":1},"geometry":{"type":"LineString","coordinates":[[25.936437,43.819792],[25.936418,43.819827]]}},{"type":"Feature","properties":{"line":"А50","mode":"bus","color":"#ff5e9b","oi":-0.291,"n":2,"sw":1},"geometry":{"type":"LineString","coordinates":[[25.936421,43.819822],[25.936406,43.81985],[25.936405,43.819858]]}},{"type":"Feature","properties":{"line":"А50","mode":"bus","color":"#ff5e9b","oi":-0.209,"n":2,"sw":1},"geometry":{"type":"LineString","coordinates":[[25.936406,43.819853],[25.936403,43.81989]]}},{"type":"Feature","properties":{"line":"А50","mode":"bus","color":"#ff5e9b","oi":-0.13,"n":2,"sw":1},"geometry":{"type":"LineString","coordinates":[[25.936403,43.819885],[25.9364,43.819923]]}},{"type":"Feature","properties":{"line":"А50","mode":"bus","color":"#ff5e9b","oi":-0.063,"n":2,"sw":1},"geometry":{"type":"LineString","coordinates":[[25.936401,43.819917],[25.936398,43.819955]]}},{"type":"Feature","properties":{"line":"А50","mode":"bus","color":"#ff5e9b","oi":-0.017,"n":2,"sw":1},"geometry":{"type":"LineString","coordinates":[[25.936398,43.81995],[25.936395,43.819987]]}},{"type":"Feature","properties":{"line":"А50","mode":"bus","color":"#ff5e9b","oi":0,"n":2,"sw":1},"geometry":{"type":"LineString","coordinates":[[25.936396,43.819982],[25.936393,43.820017]]}},{"type":"Feature","properties":{"line":"Т9","mode":"bus","color":"#095d97","oi":0,"n":3},"geometry":{"type":"LineString","coordinates":[[25.958181,43.842011],[25.960183,43.841725],[25.960625,43.841742]]}},{"type":"Feature","properties":{"line":"Т9","mode":"bus","color":"#095d97","oi":0.5,"n":2},"geometry":{"type":"LineString","coordinates":[[25.959751,43.845691],[25.959812,43.845682],[25.95984,43.845666]]}},{"type":"Feature","properties":{"line":"Т9","mode":"bus","color":"#095d97","oi":0,"n":2,"sw":1},"geometry":{"type":"LineString","coordinates":[[25.959312,43.845757],[25.95936,43.84575]]}},{"type":"Feature","properties":{"line":"Т9","mode":"bus","color":"#095d97","oi":0.017,"n":2,"sw":1},"geometry":{"type":"LineString","coordinates":[[25.959352,43.845751],[25.959404,43.845743]]}},{"type":"Feature","properties":{"line":"Т9","mode":"bus","color":"#095d97","oi":0.063,"n":2,"sw":1},"geometry":{"type":"LineString","coordinates":[[25.959396,43.845744],[25.959447,43.845737]]}},{"type":"Feature","properties":{"line":"Т9","mode":"bus","color":"#095d97","oi":0.13,"n":2,"sw":1},"geometry":{"type":"LineString","coordinates":[[25.95944,43.845738],[25.959491,43.84573]]}},{"type":"Feature","properties":{"line":"Т9","mode":"bus","color":"#095d97","oi":0.209,"n":2,"sw":1},"geometry":{"type":"LineString","coordinates":[[25.959484,43.845731],[25.959535,43.845724]]}},{"type":"Feature","properties":{"line":"Т9","mode":"bus","color":"#095d97","oi":0.291,"n":2,"sw":1},"geometry":{"type":"LineString","coordinates":[[25.959528,43.845725],[25.959579,43.845717]]}},{"type":"Feature","properties":{"line":"Т9","mode":"bus","color":"#095d97","oi":0.37,"n":2,"sw":1},"geometry":{"type":"LineString","coordinates":[[25.959572,43.845718],[25.959623,43.84571]]}},{"type":"Feature","properties":{"line":"Т9","mode":"bus","color":"#095d97","oi":0.437,"n":2,"sw":1},"geometry":{"type":"LineString","coordinates":[[25.959616,43.845711],[25.959667,43.845704]]}},{"type":"Feature","properties":{"line":"Т9","mode":"bus","color":"#095d97","oi":0.483,"n":2,"sw":1},"geometry":{"type":"LineString","coordinates":[[25.95966,43.845705],[25.959711,43.845697]]}},{"type":"Feature","properties":{"line":"Т9","mode":"bus","color":"#095d97","oi":0.5,"n":2,"sw":1},"geometry":{"type":"LineString","coordinates":[[25.959704,43.845698],[25.959755,43.845691]]}},{"type":"Feature","properties":{"line":"Т9","mode":"bus","color":"#095d97","oi":0.5,"n":2,"sw":1},"geometry":{"type":"LineString","coordinates":[[25.959837,43.845668],[25.959878,43.845645]]}},{"type":"Feature","properties":{"line":"Т9","mode":"bus","color":"#095d97","oi":0.483,"n":2,"sw":1},"geometry":{"type":"LineString","coordinates":[[25.959872,43.845648],[25.959913,43.845625]]}},{"type":"Feature","properties":{"line":"Т9","mode":"bus","color":"#095d97","oi":0.437,"n":2,"sw":1},"geometry":{"type":"LineString","coordinates":[[25.959907,43.845628],[25.959949,43.845605]]}},{"type":"Feature","properties":{"line":"Т9","mode":"bus","color":"#095d97","oi":0.37,"n":2,"sw":1},"geometry":{"type":"LineString","coordinates":[[25.959943,43.845608],[25.959984,43.845585]]}},{"type":"Feature","properties":{"line":"Т9","mode":"bus","color":"#095d97","oi":0.291,"n":2,"sw":1},"geometry":{"type":"LineString","coordinates":[[25.959978,43.845588],[25.960015,43.845567],[25.960017,43.845563]]}},{"type":"Feature","properties":{"line":"Т9","mode":"bus","color":"#095d97","oi":0.209,"n":2,"sw":1},"geometry":{"type":"LineString","coordinates":[[25.960013,43.845568],[25.960015,43.845567],[25.960035,43.845534]]}},{"type":"Feature","properties":{"line":"Т9","mode":"bus","color":"#095d97","oi":0.13,"n":2,"sw":1},"geometry":{"type":"LineString","coordinates":[[25.960032,43.845539],[25.960054,43.845504]]}},{"type":"Feature","properties":{"line":"Т9","mode":"bus","color":"#095d97","oi":0.063,"n":2,"sw":1},"geometry":{"type":"LineString","coordinates":[[25.960051,43.845509],[25.960072,43.845475]]}},{"type":"Feature","properties":{"line":"Т9","mode":"bus","color":"#095d97","oi":0.017,"n":2,"sw":1},"geometry":{"type":"LineString","coordinates":[[25.960069,43.84548],[25.96009,43.845445]]}},{"type":"Feature","properties":{"line":"Т9","mode":"bus","color":"#095d97","oi":0,"n":2,"sw":1},"geometry":{"type":"LineString","coordinates":[[25.960087,43.84545],[25.960107,43.845418]]}},{"type":"Feature","properties":{"line":"Т9","mode":"bus","color":"#095d97","oi":0.5,"n":2},"geometry":{"type":"LineString","coordinates":[[25.958029,43.845503],[25.958251,43.84431],[25.958265,43.844117],[25.958245,43.842877],[25.958205,43.842334]]}},{"type":"Feature","properties":{"line":"Т9","mode":"bus","color":"#095d97","oi":0.5,"n":2,"sw":1},"geometry":{"type":"LineString","coordinates":[[25.958205,43.842337],[25.958202,43.842299]]}},{"type":"Feature","properties":{"line":"Т9","mode":"bus","color":"#095d97","oi":0.483,"n":2,"sw":1},"geometry":{"type":"LineString","coordinates":[[25.958203,43.842305],[25.9582,43.842267]]}},{"type":"Feature","properties":{"line":"Т9","mode":"bus","color":"#095d97","oi":0.437,"n":2,"sw":1},"geometry":{"type":"LineString","coordinates":[[25.9582,43.842272],[25.958198,43.842235]]}},{"type":"Feature","properties":{"line":"Т9","mode":"bus","color":"#095d97","oi":0.37,"n":2,"sw":1},"geometry":{"type":"LineString","coordinates":[[25.958198,43.84224],[25.958195,43.842202]]}},{"type":"Feature","properties":{"line":"Т9","mode":"bus","color":"#095d97","oi":0.291,"n":2,"sw":1},"geometry":{"type":"LineString","coordinates":[[25.958196,43.842208],[25.958193,43.84217]]}},{"type":"Feature","properties":{"line":"Т9","mode":"bus","color":"#095d97","oi":0.209,"n":2,"sw":1},"geometry":{"type":"LineString","coordinates":[[25.958193,43.842175],[25.95819,43.842138]]}},{"type":"Feature","properties":{"line":"Т9","mode":"bus","color":"#095d97","oi":0.13,"n":2,"sw":1},"geometry":{"type":"LineString","coordinates":[[25.958191,43.842143],[25.958188,43.842105]]}},{"type":"Feature","properties":{"line":"Т9","mode":"bus","color":"#095d97","oi":0.063,"n":2,"sw":1},"geometry":{"type":"LineString","coordinates":[[25.958188,43.842111],[25.958186,43.842073]]}},{"type":"Feature","properties":{"line":"Т9","mode":"bus","color":"#095d97","oi":0.017,"n":2,"sw":1},"geometry":{"type":"LineString","coordinates":[[25.958186,43.842078],[25.958183,43.842041]]}},{"type":"Feature","properties":{"line":"Т9","mode":"bus","color":"#095d97","oi":0,"n":2,"sw":1},"geometry":{"type":"LineString","coordinates":[[25.958184,43.842046],[25.958181,43.842011]]}},{"type":"Feature","properties":{"line":"Т24","mode":"bus","color":"#076734","oi":-1,"n":3},"geometry":{"type":"LineString","coordinates":[[25.958181,43.842011],[25.960177,43.841726]]}},{"type":"Feature","properties":{"line":"Т24","mode":"bus","color":"#076734","oi":-1,"n":3,"sw":1},"geometry":{"type":"LineString","coordinates":[[25.960173,43.841726],[25.960183,43.841725],[25.960206,43.841726]]}},{"type":"Feature","properties":{"line":"Т24","mode":"bus","color":"#076734","oi":-0.99,"n":3,"sw":1},"geometry":{"type":"LineString","coordinates":[[25.960198,43.841726],[25.960231,43.841727]]}},{"type":"Feature","properties":{"line":"Т24","mode":"bus","color":"#076734","oi":-0.962,"n":3,"sw":1},"geometry":{"type":"LineString","coordinates":[[25.960223,43.841727],[25.960255,43.841728]]}},{"type":"Feature","properties":{"line":"Т24","mode":"bus","color":"#076734","oi":-0.918,"n":3,"sw":1},"geometry":{"type":"LineString","coordinates":[[25.960248,43.841727],[25.96028,43.841729]]}},{"type":"Feature","properties":{"line":"Т24","mode":"bus","color":"#076734","oi":-0.86,"n":3,"sw":1},"geometry":{"type":"LineString","coordinates":[[25.960273,43.841728],[25.960305,43.84173]]}},{"type":"Feature","properties":{"line":"Т24","mode":"bus","color":"#076734","oi":-0.791,"n":3,"sw":1},"geometry":{"type":"LineString","coordinates":[[25.960298,43.841729],[25.96033,43.841731]]}},{"type":"Feature","properties":{"line":"Т24","mode":"bus","color":"#076734","oi":-0.714,"n":3,"sw":1},"geometry":{"type":"LineString","coordinates":[[25.960323,43.84173],[25.960355,43.841732]]}},{"type":"Feature","properties":{"line":"Т24","mode":"bus","color":"#076734","oi":-0.631,"n":3,"sw":1},"geometry":{"type":"LineString","coordinates":[[25.960347,43.841731],[25.96038,43.841733]]}},{"type":"Feature","properties":{"line":"Т24","mode":"bus","color":"#076734","oi":-0.544,"n":3,"sw":1},"geometry":{"type":"LineString","coordinates":[[25.960372,43.841732],[25.960405,43.841734]]}},{"type":"Feature","properties":{"line":"Т24","mode":"bus","color":"#076734","oi":-0.456,"n":3,"sw":1},"geometry":{"type":"LineString","coordinates":[[25.960397,43.841733],[25.96043,43.841734]]}},{"type":"Feature","properties":{"line":"Т24","mode":"bus","color":"#076734","oi":-0.369,"n":3,"sw":1},"geometry":{"type":"LineString","coordinates":[[25.960422,43.841734],[25.960455,43.841735]]}},{"type":"Feature","properties":{"line":"Т24","mode":"bus","color":"#076734","oi":-0.286,"n":3,"sw":1},"geometry":{"type":"LineString","coordinates":[[25.960447,43.841735],[25.960479,43.841736]]}},{"type":"Feature","properties":{"line":"Т24","mode":"bus","color":"#076734","oi":-0.209,"n":3,"sw":1},"geometry":{"type":"LineString","coordinates":[[25.960472,43.841736],[25.960504,43.841737]]}},{"type":"Feature","properties":{"line":"Т24","mode":"bus","color":"#076734","oi":-0.14,"n":3,"sw":1},"geometry":{"type":"LineString","coordinates":[[25.960497,43.841737],[25.960529,43.841738]]}},{"type":"Feature","properties":{"line":"Т24","mode":"bus","color":"#076734","oi":-0.082,"n":3,"sw":1},"geometry":{"type":"LineString","coordinates":[[25.960522,43.841738],[25.960554,43.841739]]}},{"type":"Feature","properties":{"line":"Т24","mode":"bus","color":"#076734","oi":-0.038,"n":3,"sw":1},"geometry":{"type":"LineString","coordinates":[[25.960547,43.841739],[25.960579,43.84174]]}},{"type":"Feature","properties":{"line":"Т24","mode":"bus","color":"#076734","oi":-0.01,"n":3,"sw":1},"geometry":{"type":"LineString","coordinates":[[25.960571,43.84174],[25.960604,43.841741]]}},{"type":"Feature","properties":{"line":"Т24","mode":"bus","color":"#076734","oi":0,"n":3,"sw":1},"geometry":{"type":"LineString","coordinates":[[25.960596,43.841741],[25.960625,43.841742]]}},{"type":"Feature","properties":{"line":"Т24","mode":"bus","color":"#076734","oi":-0.5,"n":4},"geometry":{"type":"LineString","coordinates":[[25.968691,43.831264],[25.969911,43.832017],[25.970033,43.832111]]}},{"type":"Feature","properties":{"line":"Т24","mode":"bus","color":"#076734","oi":0,"n":4,"sw":1},"geometry":{"type":"LineString","coordinates":[[25.96835,43.831053],[25.968387,43.831076]]}},{"type":"Feature","properties":{"line":"Т24","mode":"bus","color":"#076734","oi":-0.017,"n":4,"sw":1},"geometry":{"type":"LineString","coordinates":[[25.968381,43.831072],[25.968421,43.831097]]}},{"type":"Feature","properties":{"line":"Т24","mode":"bus","color":"#076734","oi":-0.063,"n":4,"sw":1},"geometry":{"type":"LineString","coordinates":[[25.968415,43.831093],[25.968455,43.831118]]}},{"type":"Feature","properties":{"line":"Т24","mode":"bus","color":"#076734","oi":-0.13,"n":4,"sw":1},"geometry":{"type":"LineString","coordinates":[[25.968449,43.831114],[25.968489,43.831139]]}},{"type":"Feature","properties":{"line":"Т24","mode":"bus","color":"#076734","oi":-0.209,"n":4,"sw":1},"geometry":{"type":"LineString","coordinates":[[25.968484,43.831135],[25.968523,43.83116]]}},{"type":"Feature","properties":{"line":"Т24","mode":"bus","color":"#076734","oi":-0.291,"n":4,"sw":1},"geometry":{"type":"LineString","coordinates":[[25.968518,43.831157],[25.968557,43.831181]]}},{"type":"Feature","properties":{"line":"Т24","mode":"bus","color":"#076734","oi":-0.37,"n":4,"sw":1},"geometry":{"type":"LineString","coordinates":[[25.968552,43.831178],[25.968592,43.831202]]}},{"type":"Feature","properties":{"line":"Т24","mode":"bus","color":"#076734","oi":-0.437,"n":4,"sw":1},"geometry":{"type":"LineString","coordinates":[[25.968586,43.831199],[25.968626,43.831223]]}},{"type":"Feature","properties":{"line":"Т24","mode":"bus","color":"#076734","oi":-0.483,"n":4,"sw":1},"geometry":{"type":"LineString","coordinates":[[25.96862,43.83122],[25.96866,43.831244]]}},{"type":"Feature","properties":{"line":"Т24","mode":"bus","color":"#076734","oi":-0.5,"n":4,"sw":1},"geometry":{"type":"LineString","coordinates":[[25.968654,43.831241],[25.968694,43.831265]]}},{"type":"Feature","properties":{"line":"Т24","mode":"bus","color":"#076734","oi":-0.5,"n":4,"sw":1},"geometry":{"type":"LineString","coordinates":[[25.97003,43.832109],[25.970066,43.832136]]}},{"type":"Feature","properties":{"line":"Т24","mode":"bus","color":"#076734","oi":-0.483,"n":4,"sw":1},"geometry":{"type":"LineString","coordinates":[[25.970061,43.832132],[25.970097,43.83216]]}},{"type":"Feature","properties":{"line":"Т24","mode":"bus","color":"#076734","oi":-0.437,"n":4,"sw":1},"geometry":{"type":"LineString","coordinates":[[25.970092,43.832156],[25.970128,43.832184]]}},{"type":"Feature","properties":{"line":"Т24","mode":"bus","color":"#076734","oi":-0.37,"n":4,"sw":1},"geometry":{"type":"LineString","coordinates":[[25.970123,43.83218],[25.970158,43.832207]]}},{"type":"Feature","properties":{"line":"Т24","mode":"bus","color":"#076734","oi":-0.291,"n":4,"sw":1},"geometry":{"type":"LineString","coordinates":[[25.970153,43.832203],[25.970189,43.832231]]}},{"type":"Feature","properties":{"line":"Т24","mode":"bus","color":"#076734","oi":-0.209,"n":4,"sw":1},"geometry":{"type":"LineString","coordinates":[[25.970184,43.832227],[25.97022,43.832254]]}},{"type":"Feature","properties":{"line":"Т24","mode":"bus","color":"#076734","oi":-0.13,"n":4,"sw":1},"geometry":{"type":"LineString","coordinates":[[25.970215,43.832251],[25.97025,43.832278]]}},{"type":"Feature","properties":{"line":"Т24","mode":"bus","color":"#076734","oi":-0.063,"n":4,"sw":1},"geometry":{"type":"LineString","coordinates":[[25.970245,43.832274],[25.970281,43.832302]]}},{"type":"Feature","properties":{"line":"Т24","mode":"bus","color":"#076734","oi":-0.017,"n":4,"sw":1},"geometry":{"type":"LineString","coordinates":[[25.970276,43.832298],[25.970312,43.832325]]}},{"type":"Feature","properties":{"line":"Т24","mode":"bus","color":"#076734","oi":0,"n":4,"sw":1},"geometry":{"type":"LineString","coordinates":[[25.970307,43.832321],[25.97034,43.832347]]}},{"type":"Feature","properties":{"line":"Т24","mode":"bus","color":"#076734","oi":-0.5,"n":2},"geometry":{"type":"LineString","coordinates":[[25.959751,43.845691],[25.959812,43.845682],[25.95984,43.845666]]}},{"type":"Feature","properties":{"line":"Т24","mode":"bus","color":"#076734","oi":0,"n":2,"sw":1},"geometry":{"type":"LineString","coordinates":[[25.959312,43.845757],[25.95936,43.84575]]}},{"type":"Feature","properties":{"line":"Т24","mode":"bus","color":"#076734","oi":-0.017,"n":2,"sw":1},"geometry":{"type":"LineString","coordinates":[[25.959352,43.845751],[25.959404,43.845743]]}},{"type":"Feature","properties":{"line":"Т24","mode":"bus","color":"#076734","oi":-0.063,"n":2,"sw":1},"geometry":{"type":"LineString","coordinates":[[25.959396,43.845744],[25.959447,43.845737]]}},{"type":"Feature","properties":{"line":"Т24","mode":"bus","color":"#076734","oi":-0.13,"n":2,"sw":1},"geometry":{"type":"LineString","coordinates":[[25.95944,43.845738],[25.959491,43.84573]]}},{"type":"Feature","properties":{"line":"Т24","mode":"bus","color":"#076734","oi":-0.209,"n":2,"sw":1},"geometry":{"type":"LineString","coordinates":[[25.959484,43.845731],[25.959535,43.845724]]}},{"type":"Feature","properties":{"line":"Т24","mode":"bus","color":"#076734","oi":-0.291,"n":2,"sw":1},"geometry":{"type":"LineString","coordinates":[[25.959528,43.845725],[25.959579,43.845717]]}},{"type":"Feature","properties":{"line":"Т24","mode":"bus","color":"#076734","oi":-0.37,"n":2,"sw":1},"geometry":{"type":"LineString","coordinates":[[25.959572,43.845718],[25.959623,43.84571]]}},{"type":"Feature","properties":{"line":"Т24","mode":"bus","color":"#076734","oi":-0.437,"n":2,"sw":1},"geometry":{"type":"LineString","coordinates":[[25.959616,43.845711],[25.959667,43.845704]]}},{"type":"Feature","properties":{"line":"Т24","mode":"bus","color":"#076734","oi":-0.483,"n":2,"sw":1},"geometry":{"type":"LineString","coordinates":[[25.95966,43.845705],[25.959711,43.845697]]}},{"type":"Feature","properties":{"line":"Т24","mode":"bus","color":"#076734","oi":-0.5,"n":2,"sw":1},"geometry":{"type":"LineString","coordinates":[[25.959704,43.845698],[25.959755,43.845691]]}},{"type":"Feature","properties":{"line":"Т24","mode":"bus","color":"#076734","oi":-0.5,"n":2,"sw":1},"geometry":{"type":"LineString","coordinates":[[25.959837,43.845668],[25.959878,43.845645]]}},{"type":"Feature","properties":{"line":"Т24","mode":"bus","color":"#076734","oi":-0.483,"n":2,"sw":1},"geometry":{"type":"LineString","coordinates":[[25.959872,43.845648],[25.959913,43.845625]]}},{"type":"Feature","properties":{"line":"Т24","mode":"bus","color":"#076734","oi":-0.437,"n":2,"sw":1},"geometry":{"type":"LineString","coordinates":[[25.959907,43.845628],[25.959949,43.845605]]}},{"type":"Feature","properties":{"line":"Т24","mode":"bus","color":"#076734","oi":-0.37,"n":2,"sw":1},"geometry":{"type":"LineString","coordinates":[[25.959943,43.845608],[25.959984,43.845585]]}},{"type":"Feature","properties":{"line":"Т24","mode":"bus","color":"#076734","oi":-0.291,"n":2,"sw":1},"geometry":{"type":"LineString","coordinates":[[25.959978,43.845588],[25.960015,43.845567],[25.960017,43.845563]]}},{"type":"Feature","properties":{"line":"Т24","mode":"bus","color":"#076734","oi":-0.209,"n":2,"sw":1},"geometry":{"type":"LineString","coordinates":[[25.960013,43.845568],[25.960015,43.845567],[25.960035,43.845534]]}},{"type":"Feature","properties":{"line":"Т24","mode":"bus","color":"#076734","oi":-0.13,"n":2,"sw":1},"geometry":{"type":"LineString","coordinates":[[25.960032,43.845539],[25.960054,43.845504]]}},{"type":"Feature","properties":{"line":"Т24","mode":"bus","color":"#076734","oi":-0.063,"n":2,"sw":1},"geometry":{"type":"LineString","coordinates":[[25.960051,43.845509],[25.960072,43.845475]]}},{"type":"Feature","properties":{"line":"Т24","mode":"bus","color":"#076734","oi":-0.017,"n":2,"sw":1},"geometry":{"type":"LineString","coordinates":[[25.960069,43.84548],[25.96009,43.845445]]}},{"type":"Feature","properties":{"line":"Т24","mode":"bus","color":"#076734","oi":0,"n":2,"sw":1},"geometry":{"type":"LineString","coordinates":[[25.960087,43.84545],[25.960107,43.845418]]}},{"type":"Feature","properties":{"line":"Т24","mode":"bus","color":"#076734","oi":-0.5,"n":2},"geometry":{"type":"LineString","coordinates":[[25.958029,43.845503],[25.958251,43.84431],[25.958265,43.844117],[25.958245,43.842877],[25.958205,43.842334]]}},{"type":"Feature","properties":{"line":"Т24","mode":"bus","color":"#076734","oi":-0.5,"n":2,"sw":1},"geometry":{"type":"LineString","coordinates":[[25.958205,43.842337],[25.958202,43.842299]]}},{"type":"Feature","properties":{"line":"Т24","mode":"bus","color":"#076734","oi":-0.483,"n":2,"sw":1},"geometry":{"type":"LineString","coordinates":[[25.958203,43.842305],[25.9582,43.842267]]}},{"type":"Feature","properties":{"line":"Т24","mode":"bus","color":"#076734","oi":-0.437,"n":2,"sw":1},"geometry":{"type":"LineString","coordinates":[[25.9582,43.842272],[25.958198,43.842235]]}},{"type":"Feature","properties":{"line":"Т24","mode":"bus","color":"#076734","oi":-0.37,"n":2,"sw":1},"geometry":{"type":"LineString","coordinates":[[25.958198,43.84224],[25.958195,43.842202]]}},{"type":"Feature","properties":{"line":"Т24","mode":"bus","color":"#076734","oi":-0.291,"n":2,"sw":1},"geometry":{"type":"LineString","coordinates":[[25.958196,43.842208],[25.958193,43.84217]]}},{"type":"Feature","properties":{"line":"Т24","mode":"bus","color":"#076734","oi":-0.209,"n":2,"sw":1},"geometry":{"type":"LineString","coordinates":[[25.958193,43.842175],[25.95819,43.842138]]}},{"type":"Feature","properties":{"line":"Т24","mode":"bus","color":"#076734","oi":-0.13,"n":2,"sw":1},"geometry":{"type":"LineString","coordinates":[[25.958191,43.842143],[25.958188,43.842105]]}},{"type":"Feature","properties":{"line":"Т24","mode":"bus","color":"#076734","oi":-0.063,"n":2,"sw":1},"geometry":{"type":"LineString","coordinates":[[25.958188,43.842111],[25.958186,43.842073]]}},{"type":"Feature","properties":{"line":"Т24","mode":"bus","color":"#076734","oi":-0.017,"n":2,"sw":1},"geometry":{"type":"LineString","coordinates":[[25.958186,43.842078],[25.958183,43.842041]]}},{"type":"Feature","properties":{"line":"Т24","mode":"bus","color":"#076734","oi":0,"n":2,"sw":1},"geometry":{"type":"LineString","coordinates":[[25.958184,43.842046],[25.958181,43.842011]]}},{"type":"Feature","properties":{"line":"Т29","mode":"bus","color":"#5a5d02","oi":0,"n":4,"sw":1},"geometry":{"type":"LineString","coordinates":[[25.973814,43.858652],[25.973828,43.858658]]}},{"type":"Feature","properties":{"line":"Т29","mode":"bus","color":"#5a5d02","oi":-0.389,"n":4,"sw":1},"geometry":{"type":"LineString","coordinates":[[25.973822,43.858655],[25.973839,43.858663]]}},{"type":"Feature","properties":{"line":"Т29","mode":"bus","color":"#5a5d02","oi":-1.111,"n":4,"sw":1},"geometry":{"type":"LineString","coordinates":[[25.973832,43.85866],[25.973849,43.858668]]}},{"type":"Feature","properties":{"line":"Т29","mode":"bus","color":"#5a5d02","oi":-1.5,"n":4,"sw":1},"geometry":{"type":"LineString","coordinates":[[25.973843,43.858665],[25.97386,43.858672]]}},{"type":"Feature","properties":{"line":"Т29","mode":"bus","color":"#5a5d02","oi":-1.5,"n":4,"sw":1},"geometry":{"type":"LineString","coordinates":[[25.973854,43.85867],[25.973871,43.858677]]}},{"type":"Feature","properties":{"line":"Т29","mode":"bus","color":"#5a5d02","oi":-1.111,"n":4,"sw":1},"geometry":{"type":"LineString","coordinates":[[25.973865,43.858674],[25.973882,43.858682]]}},{"type":"Feature","properties":{"line":"Т29","mode":"bus","color":"#5a5d02","oi":-0.389,"n":4,"sw":1},"geometry":{"type":"LineString","coordinates":[[25.973875,43.858679],[25.973892,43.858687]]}},{"type":"Feature","properties":{"line":"Т29","mode":"bus","color":"#5a5d02","oi":0,"n":4,"sw":1},"geometry":{"type":"LineString","coordinates":[[25.973886,43.858684],[25.9739,43.85869]]}},{"type":"Feature","properties":{"line":"Т2","mode":"bus","color":"#c17aef","oi":-1.5,"n":4},"geometry":{"type":"LineString","coordinates":[[25.998344,43.85292],[26.00204,43.85341],[26.004484,43.853696]]}},{"type":"Feature","properties":{"line":"Т2","mode":"bus","color":"#c17aef","oi":0,"n":4,"sw":1},"geometry":{"type":"LineString","coordinates":[[25.997903,43.852861],[25.997924,43.852864]]}},{"type":"Feature","properties":{"line":"Т2","mode":"bus","color":"#c17aef","oi":-0.007,"n":4,"sw":1},"geometry":{"type":"LineString","coordinates":[[25.997916,43.852863],[25.997941,43.852866]]}},{"type":"Feature","properties":{"line":"Т2","mode":"bus","color":"#c17aef","oi":-0.027,"n":4,"sw":1},"geometry":{"type":"LineString","coordinates":[[25.997933,43.852865],[25.997958,43.852868]]}},{"type":"Feature","properties":{"line":"Т2","mode":"bus","color":"#c17aef","oi":-0.06,"n":4,"sw":1},"geometry":{"type":"LineString","coordinates":[[25.99795,43.852867],[25.997975,43.85287]]}},{"type":"Feature","properties":{"line":"Т2","mode":"bus","color":"#c17aef","oi":-0.103,"n":4,"sw":1},"geometry":{"type":"LineString","coordinates":[[25.997967,43.85287],[25.997992,43.852873]]}},{"type":"Feature","properties":{"line":"Т2","mode":"bus","color":"#c17aef","oi":-0.156,"n":4,"sw":1},"geometry":{"type":"LineString","coordinates":[[25.997984,43.852872],[25.998009,43.852875]]}},{"type":"Feature","properties":{"line":"Т2","mode":"bus","color":"#c17aef","oi":-0.218,"n":4,"sw":1},"geometry":{"type":"LineString","coordinates":[[25.998001,43.852874],[25.998025,43.852877]]}},{"type":"Feature","properties":{"line":"Т2","mode":"bus","color":"#c17aef","oi":-0.287,"n":4,"sw":1},"geometry":{"type":"LineString","coordinates":[[25.998018,43.852876],[25.998042,43.85288]]}},{"type":"Feature","properties":{"line":"Т2","mode":"bus","color":"#c17aef","oi":-0.362,"n":4,"sw":1},"geometry":{"type":"LineString","coordinates":[[25.998035,43.852879],[25.998059,43.852882]]}},{"type":"Feature","properties":{"line":"Т2","mode":"bus","color":"#c17aef","oi":-0.443,"n":4,"sw":1},"geometry":{"type":"LineString","coordinates":[[25.998052,43.852881],[25.998076,43.852884]]}},{"type":"Feature","properties":{"line":"Т2","mode":"bus","color":"#c17aef","oi":-0.528,"n":4,"sw":1},"geometry":{"type":"LineString","coordinates":[[25.998069,43.852883],[25.998093,43.852886]]}},{"type":"Feature","properties":{"line":"Т2","mode":"bus","color":"#c17aef","oi":-0.616,"n":4,"sw":1},"geometry":{"type":"LineString","coordinates":[[25.998086,43.852885],[25.99811,43.852889]]}},{"type":"Feature","properties":{"line":"Т2","mode":"bus","color":"#c17aef","oi":-0.705,"n":4,"sw":1},"geometry":{"type":"LineString","coordinates":[[25.998103,43.852888],[25.998127,43.852891]]}},{"type":"Feature","properties":{"line":"Т2","mode":"bus","color":"#c17aef","oi":-0.795,"n":4,"sw":1},"geometry":{"type":"LineString","coordinates":[[25.99812,43.85289],[25.998144,43.852893]]}},{"type":"Feature","properties":{"line":"Т2","mode":"bus","color":"#c17aef","oi":-0.884,"n":4,"sw":1},"geometry":{"type":"LineString","coordinates":[[25.998137,43.852892],[25.998161,43.852895]]}},{"type":"Feature","properties":{"line":"Т2","mode":"bus","color":"#c17aef","oi":-0.972,"n":4,"sw":1},"geometry":{"type":"LineString","coordinates":[[25.998154,43.852894],[25.998178,43.852898]]}},{"type":"Feature","properties":{"line":"Т2","mode":"bus","color":"#c17aef","oi":-1.057,"n":4,"sw":1},"geometry":{"type":"LineString","coordinates":[[25.998171,43.852897],[25.998195,43.8529]]}},{"type":"Feature","properties":{"line":"Т2","mode":"bus","color":"#c17aef","oi":-1.138,"n":4,"sw":1},"geometry":{"type":"LineString","coordinates":[[25.998188,43.852899],[25.998212,43.852902]]}},{"type":"Feature","properties":{"line":"Т2","mode":"bus","color":"#c17aef","oi":-1.213,"n":4,"sw":1},"geometry":{"type":"LineString","coordinates":[[25.998205,43.852901],[25.998229,43.852904]]}},{"type":"Feature","properties":{"line":"Т2","mode":"bus","color":"#c17aef","oi":-1.282,"n":4,"sw":1},"geometry":{"type":"LineString","coordinates":[[25.998222,43.852903],[25.998246,43.852907]]}},{"type":"Feature","properties":{"line":"Т2","mode":"bus","color":"#c17aef","oi":-1.344,"n":4,"sw":1},"geometry":{"type":"LineString","coordinates":[[25.998239,43.852906],[25.998263,43.852909]]}},{"type":"Feature","properties":{"line":"Т2","mode":"bus","color":"#c17aef","oi":-1.397,"n":4,"sw":1},"geometry":{"type":"LineString","coordinates":[[25.998256,43.852908],[25.99828,43.852911]]}},{"type":"Feature","properties":{"line":"Т2","mode":"bus","color":"#c17aef","oi":-1.44,"n":4,"sw":1},"geometry":{"type":"LineString","coordinates":[[25.998273,43.85291],[25.998297,43.852913]]}},{"type":"Feature","properties":{"line":"Т2","mode":"bus","color":"#c17aef","oi":-1.473,"n":4,"sw":1},"geometry":{"type":"LineString","coordinates":[[25.99829,43.852912],[25.998314,43.852916]]}},{"type":"Feature","properties":{"line":"Т2","mode":"bus","color":"#c17aef","oi":-1.493,"n":4,"sw":1},"geometry":{"type":"LineString","coordinates":[[25.998307,43.852915],[25.998331,43.852918]]}},{"type":"Feature","properties":{"line":"Т2","mode":"bus","color":"#c17aef","oi":-1.5,"n":4,"sw":1},"geometry":{"type":"LineString","coordinates":[[25.998324,43.852917],[25.998348,43.85292]]}},{"type":"Feature","properties":{"line":"Т2","mode":"bus","color":"#c17aef","oi":-1.5,"n":4},"geometry":{"type":"LineString","coordinates":[[25.998306,43.853048],[26.002354,43.85358]]}},{"type":"Feature","properties":{"line":"Т2","mode":"bus","color":"#c17aef","oi":0,"n":4,"sw":1},"geometry":{"type":"LineString","coordinates":[[25.997865,43.85299],[25.997886,43.852993]]}},{"type":"Feature","properties":{"line":"Т2","mode":"bus","color":"#c17aef","oi":-0.007,"n":4,"sw":1},"geometry":{"type":"LineString","coordinates":[[25.997878,43.852992],[25.997903,43.852995]]}},{"type":"Feature","properties":{"line":"Т2","mode":"bus","color":"#c17aef","oi":-0.027,"n":4,"sw":1},"geometry":{"type":"LineString","coordinates":[[25.997895,43.852994],[25.99792,43.852997]]}},{"type":"Feature","properties":{"line":"Т2","mode":"bus","color":"#c17aef","oi":-0.06,"n":4,"sw":1},"geometry":{"type":"LineString","coordinates":[[25.997912,43.852996],[25.997937,43.852999]]}},{"type":"Feature","properties":{"line":"Т2","mode":"bus","color":"#c17aef","oi":-0.103,"n":4,"sw":1},"geometry":{"type":"LineString","coordinates":[[25.997929,43.852998],[25.997954,43.853002]]}},{"type":"Feature","properties":{"line":"Т2","mode":"bus","color":"#c17aef","oi":-0.156,"n":4,"sw":1},"geometry":{"type":"LineString","coordinates":[[25.997946,43.853001],[25.997971,43.853004]]}},{"type":"Feature","properties":{"line":"Т2","mode":"bus","color":"#c17aef","oi":-0.218,"n":4,"sw":1},"geometry":{"type":"LineString","coordinates":[[25.997963,43.853003],[25.997988,43.853006]]}},{"type":"Feature","properties":{"line":"Т2","mode":"bus","color":"#c17aef","oi":-0.287,"n":4,"sw":1},"geometry":{"type":"LineString","coordinates":[[25.99798,43.853005],[25.998004,43.853008]]}},{"type":"Feature","properties":{"line":"Т2","mode":"bus","color":"#c17aef","oi":-0.362,"n":4,"sw":1},"geometry":{"type":"LineString","coordinates":[[25.997997,43.853007],[25.998021,43.853011]]}},{"type":"Feature","properties":{"line":"Т2","mode":"bus","color":"#c17aef","oi":-0.443,"n":4,"sw":1},"geometry":{"type":"LineString","coordinates":[[25.998014,43.85301],[25.998038,43.853013]]}},{"type":"Feature","properties":{"line":"Т2","mode":"bus","color":"#c17aef","oi":-0.528,"n":4,"sw":1},"geometry":{"type":"LineString","coordinates":[[25.998031,43.853012],[25.998055,43.853015]]}},{"type":"Feature","properties":{"line":"Т2","mode":"bus","color":"#c17aef","oi":-0.616,"n":4,"sw":1},"geometry":{"type":"LineString","coordinates":[[25.998048,43.853014],[25.998072,43.853017]]}},{"type":"Feature","properties":{"line":"Т2","mode":"bus","color":"#c17aef","oi":-0.705,"n":4,"sw":1},"geometry":{"type":"LineString","coordinates":[[25.998065,43.853016],[25.998089,43.853019]]}},{"type":"Feature","properties":{"line":"Т2","mode":"bus","color":"#c17aef","oi":-0.795,"n":4,"sw":1},"geometry":{"type":"LineString","coordinates":[[25.998082,43.853019],[25.998106,43.853022]]}},{"type":"Feature","properties":{"line":"Т2","mode":"bus","color":"#c17aef","oi":-0.884,"n":4,"sw":1},"geometry":{"type":"LineString","coordinates":[[25.998099,43.853021],[25.998123,43.853024]]}},{"type":"Feature","properties":{"line":"Т2","mode":"bus","color":"#c17aef","oi":-0.972,"n":4,"sw":1},"geometry":{"type":"LineString","coordinates":[[25.998116,43.853023],[25.99814,43.853026]]}},{"type":"Feature","properties":{"line":"Т2","mode":"bus","color":"#c17aef","oi":-1.057,"n":4,"sw":1},"geometry":{"type":"LineString","coordinates":[[25.998133,43.853025],[25.998157,43.853028]]}},{"type":"Feature","properties":{"line":"Т2","mode":"bus","color":"#c17aef","oi":-1.138,"n":4,"sw":1},"geometry":{"type":"LineString","coordinates":[[25.99815,43.853027],[25.998174,43.853031]]}},{"type":"Feature","properties":{"line":"Т2","mode":"bus","color":"#c17aef","oi":-1.213,"n":4,"sw":1},"geometry":{"type":"LineString","coordinates":[[25.998167,43.85303],[25.998191,43.853033]]}},{"type":"Feature","properties":{"line":"Т2","mode":"bus","color":"#c17aef","oi":-1.282,"n":4,"sw":1},"geometry":{"type":"LineString","coordinates":[[25.998184,43.853032],[25.998208,43.853035]]}},{"type":"Feature","properties":{"line":"Т2","mode":"bus","color":"#c17aef","oi":-1.344,"n":4,"sw":1},"geometry":{"type":"LineString","coordinates":[[25.998201,43.853034],[25.998225,43.853037]]}},{"type":"Feature","properties":{"line":"Т2","mode":"bus","color":"#c17aef","oi":-1.397,"n":4,"sw":1},"geometry":{"type":"LineString","coordinates":[[25.998218,43.853036],[25.998242,43.85304]]}},{"type":"Feature","properties":{"line":"Т2","mode":"bus","color":"#c17aef","oi":-1.44,"n":4,"sw":1},"geometry":{"type":"LineString","coordinates":[[25.998235,43.853039],[25.998259,43.853042]]}},{"type":"Feature","properties":{"line":"Т2","mode":"bus","color":"#c17aef","oi":-1.473,"n":4,"sw":1},"geometry":{"type":"LineString","coordinates":[[25.998252,43.853041],[25.998276,43.853044]]}},{"type":"Feature","properties":{"line":"Т2","mode":"bus","color":"#c17aef","oi":-1.493,"n":4,"sw":1},"geometry":{"type":"LineString","coordinates":[[25.998269,43.853043],[25.998293,43.853046]]}},{"type":"Feature","properties":{"line":"Т2","mode":"bus","color":"#c17aef","oi":-1.5,"n":4,"sw":1},"geometry":{"type":"LineString","coordinates":[[25.998286,43.853045],[25.99831,43.853048]]}},{"type":"Feature","properties":{"line":"А33","mode":"bus","color":"#4d4aba","oi":0.5,"n":4},"geometry":{"type":"LineString","coordinates":[[25.997428,43.857626],[25.997375,43.857618],[25.997349,43.857611],[25.99733,43.857596],[25.997297,43.857558],[25.997288,43.857539],[25.997289,43.85752],[25.997303,43.857482],[25.997369,43.857445],[25.997456,43.857446],[25.9975,43.857473],[25.997517,43.857489],[25.997524,43.857509],[25.997526,43.857554],[25.997522,43.857573],[25.997506,43.85759],[25.997468,43.857617]]}},{"type":"Feature","properties":{"line":"А33","mode":"bus","color":"#4d4aba","oi":0.5,"n":4},"geometry":{"type":"LineString","coordinates":[[25.997152,43.855841],[25.997004,43.856459],[25.996986,43.85672],[25.997369,43.857445]]}},{"type":"Feature","properties":{"line":"А33","mode":"bus","color":"#4d4aba","oi":0,"n":4,"sw":1},"geometry":{"type":"LineString","coordinates":[[25.997228,43.855522],[25.99722,43.855557]]}},{"type":"Feature","properties":{"line":"А33","mode":"bus","color":"#4d4aba","oi":0.017,"n":4,"sw":1},"geometry":{"type":"LineString","coordinates":[[25.997221,43.855551],[25.997212,43.855589]]}},{"type":"Feature","properties":{"line":"А33","mode":"bus","color":"#4d4aba","oi":0.063,"n":4,"sw":1},"geometry":{"type":"LineString","coordinates":[[25.997213,43.855583],[25.997204,43.85562]]}},{"type":"Feature","properties":{"line":"А33","mode":"bus","color":"#4d4aba","oi":0.13,"n":4,"sw":1},"geometry":{"type":"LineString","coordinates":[[25.997206,43.855615],[25.997197,43.855652]]}},{"type":"Feature","properties":{"line":"А33","mode":"bus","color":"#4d4aba","oi":0.209,"n":4,"sw":1},"geometry":{"type":"LineString","coordinates":[[25.997198,43.855647],[25.997189,43.855684]]}},{"type":"Feature","properties":{"line":"А33","mode":"bus","color":"#4d4aba","oi":0.291,"n":4,"sw":1},"geometry":{"type":"LineString","coordinates":[[25.99719,43.855679],[25.997182,43.855716]]}},{"type":"Feature","properties":{"line":"А33","mode":"bus","color":"#4d4aba","oi":0.37,"n":4,"sw":1},"geometry":{"type":"LineString","coordinates":[[25.997183,43.855711],[25.997174,43.855748]]}},{"type":"Feature","properties":{"line":"А33","mode":"bus","color":"#4d4aba","oi":0.437,"n":4,"sw":1},"geometry":{"type":"LineString","coordinates":[[25.997175,43.855743],[25.997166,43.85578]]}},{"type":"Feature","properties":{"line":"А33","mode":"bus","color":"#4d4aba","oi":0.483,"n":4,"sw":1},"geometry":{"type":"LineString","coordinates":[[25.997168,43.855775],[25.997159,43.855812]]}},{"type":"Feature","properties":{"line":"А33","mode":"bus","color":"#4d4aba","oi":0.5,"n":4,"sw":1},"geometry":{"type":"LineString","coordinates":[[25.99716,43.855807],[25.997151,43.855844]]}},{"type":"Feature","properties":{"line":"А33","mode":"bus","color":"#4d4aba","oi":0,"n":1},"geometry":{"type":"LineString","coordinates":[[25.984483,43.804827],[25.984373,43.804766],[25.984354,43.804758],[25.984339,43.804758],[25.984326,43.804764],[25.984316,43.804778],[25.984184,43.805035],[25.98418,43.805051],[25.984183,43.805063],[25.984195,43.805073],[25.984215,43.80508],[25.984918,43.805237],[25.985136,43.805337],[25.985226,43.805501],[25.985197,43.805658],[25.985109,43.80587],[25.984334,43.80726],[25.982464,43.810537],[25.982088,43.811608],[25.981929,43.812136],[25.981836,43.812568],[25.981765,43.813109],[25.981735,43.813819],[25.981871,43.815441],[25.982134,43.817598],[25.982131,43.818206],[25.982054,43.818735],[25.981774,43.81969],[25.981085,43.821522],[25.979732,43.825288],[25.979293,43.826353],[25.978954,43.826812],[25.978705,43.827081],[25.978443,43.827322],[25.97805,43.827617],[25.976336,43.828651],[25.976047,43.828753],[25.97596,43.82881],[25.97587,43.828933],[25.975425,43.829214],[25.972961,43.830666],[25.971988,43.83127]]}},{"type":"Feature","properties":{"line":"А33","mode":"bus","color":"#4d4aba","oi":0,"n":1},"geometry":{"type":"LineString","coordinates":[[25.972117,43.831383],[25.97473,43.829784],[25.975338,43.829467],[25.975455,43.829349],[25.977775,43.827931],[25.978366,43.827524],[25.978652,43.827294],[25.97899,43.826972],[25.979338,43.826528],[25.979455,43.826324],[25.980681,43.823097],[25.98206,43.819288],[25.982177,43.818872],[25.982275,43.818229],[25.982298,43.81785],[25.982217,43.816944],[25.98197,43.814984],[25.981904,43.814165],[25.981893,43.813314],[25.982015,43.812427],[25.982221,43.811646],[25.982417,43.811067],[25.982712,43.810386],[25.984659,43.806963],[25.985418,43.805566],[25.985767,43.805056],[25.986777,43.804043],[25.986785,43.804035],[25.986789,43.80403],[25.98679,43.804028],[25.986788,43.804029],[25.986782,43.804033],[25.986772,43.80404],[25.986351,43.804371],[25.985392,43.805234],[25.985294,43.805252],[25.984968,43.805239],[25.984954,43.805239],[25.984945,43.805239],[25.984943,43.80524],[25.984945,43.805241],[25.984953,43.805243],[25.984966,43.805246],[25.985549,43.805351]]}},{"type":"Feature","properties":{"line":"А33","mode":"bus","color":"#4d4aba","oi":0,"n":1},"geometry":{"type":"LineString","coordinates":[[26.031527,43.793528],[26.031012,43.793951],[26.030645,43.794202],[26.030426,43.794311],[26.030201,43.794391],[26.029892,43.794457],[26.029547,43.794472],[26.02936,43.794443],[26.029028,43.794334],[26.028904,43.794234],[26.027206,43.793152],[26.018949,43.787982],[26.017951,43.787319],[26.017643,43.787044],[26.017188,43.786543],[26.014892,43.783682],[26.013435,43.781929],[26.013421,43.781917],[26.013407,43.781913],[26.013392,43.781915],[26.013376,43.781925],[26.012176,43.782929],[26.007033,43.787108],[26.003523,43.790078],[25.999705,43.793412],[25.992595,43.799331],[25.989881,43.80155],[25.986806,43.804014]]}},{"type":"Feature","properties":{"line":"Т13","mode":"bus","color":"#19a9a8","oi":-0.5,"n":4},"geometry":{"type":"LineString","coordinates":[[25.997428,43.857626],[25.997375,43.857618],[25.997349,43.857611],[25.99733,43.857596],[25.997297,43.857558],[25.997288,43.857539],[25.997289,43.85752],[25.997303,43.857482],[25.997369,43.857445],[25.997456,43.857446],[25.9975,43.857473],[25.997517,43.857489],[25.997524,43.857509],[25.997526,43.857554],[25.997522,43.857573],[25.997506,43.85759],[25.997468,43.857617]]}},{"type":"Feature","properties":{"line":"Т13","mode":"bus","color":"#19a9a8","oi":-0.5,"n":4},"geometry":{"type":"LineString","coordinates":[[25.997152,43.855841],[25.997004,43.856459],[25.996986,43.85672],[25.997369,43.857445]]}},{"type":"Feature","properties":{"line":"Т13","mode":"bus","color":"#19a9a8","oi":0,"n":4,"sw":1},"geometry":{"type":"LineString","coordinates":[[25.997228,43.855522],[25.99722,43.855557]]}},{"type":"Feature","properties":{"line":"Т13","mode":"bus","color":"#19a9a8","oi":-0.017,"n":4,"sw":1},"geometry":{"type":"LineString","coordinates":[[25.997221,43.855551],[25.997212,43.855589]]}},{"type":"Feature","properties":{"line":"Т13","mode":"bus","color":"#19a9a8","oi":-0.063,"n":4,"sw":1},"geometry":{"type":"LineString","coordinates":[[25.997213,43.855583],[25.997204,43.85562]]}},{"type":"Feature","properties":{"line":"Т13","mode":"bus","color":"#19a9a8","oi":-0.13,"n":4,"sw":1},"geometry":{"type":"LineString","coordinates":[[25.997206,43.855615],[25.997197,43.855652]]}},{"type":"Feature","properties":{"line":"Т13","mode":"bus","color":"#19a9a8","oi":-0.209,"n":4,"sw":1},"geometry":{"type":"LineString","coordinates":[[25.997198,43.855647],[25.997189,43.855684]]}},{"type":"Feature","properties":{"line":"Т13","mode":"bus","color":"#19a9a8","oi":-0.291,"n":4,"sw":1},"geometry":{"type":"LineString","coordinates":[[25.99719,43.855679],[25.997182,43.855716]]}},{"type":"Feature","properties":{"line":"Т13","mode":"bus","color":"#19a9a8","oi":-0.37,"n":4,"sw":1},"geometry":{"type":"LineString","coordinates":[[25.997183,43.855711],[25.997174,43.855748]]}},{"type":"Feature","properties":{"line":"Т13","mode":"bus","color":"#19a9a8","oi":-0.437,"n":4,"sw":1},"geometry":{"type":"LineString","coordinates":[[25.997175,43.855743],[25.997166,43.85578]]}},{"type":"Feature","properties":{"line":"Т13","mode":"bus","color":"#19a9a8","oi":-0.483,"n":4,"sw":1},"geometry":{"type":"LineString","coordinates":[[25.997168,43.855775],[25.997159,43.855812]]}},{"type":"Feature","properties":{"line":"Т13","mode":"bus","color":"#19a9a8","oi":-0.5,"n":4,"sw":1},"geometry":{"type":"LineString","coordinates":[[25.99716,43.855807],[25.997151,43.855844]]}},{"type":"Feature","properties":{"line":"Т13","mode":"bus","color":"#19a9a8","oi":0.5,"n":4},"geometry":{"type":"LineString","coordinates":[[25.968691,43.831264],[25.969911,43.832017],[25.970033,43.832111]]}},{"type":"Feature","properties":{"line":"Т13","mode":"bus","color":"#19a9a8","oi":0,"n":4,"sw":1},"geometry":{"type":"LineString","coordinates":[[25.96835,43.831053],[25.968387,43.831076]]}},{"type":"Feature","properties":{"line":"Т13","mode":"bus","color":"#19a9a8","oi":0.017,"n":4,"sw":1},"geometry":{"type":"LineString","coordinates":[[25.968381,43.831072],[25.968421,43.831097]]}},{"type":"Feature","properties":{"line":"Т13","mode":"bus","color":"#19a9a8","oi":0.063,"n":4,"sw":1},"geometry":{"type":"LineString","coordinates":[[25.968415,43.831093],[25.968455,43.831118]]}},{"type":"Feature","properties":{"line":"Т13","mode":"bus","color":"#19a9a8","oi":0.13,"n":4,"sw":1},"geometry":{"type":"LineString","coordinates":[[25.968449,43.831114],[25.968489,43.831139]]}},{"type":"Feature","properties":{"line":"Т13","mode":"bus","color":"#19a9a8","oi":0.209,"n":4,"sw":1},"geometry":{"type":"LineString","coordinates":[[25.968484,43.831135],[25.968523,43.83116]]}},{"type":"Feature","properties":{"line":"Т13","mode":"bus","color":"#19a9a8","oi":0.291,"n":4,"sw":1},"geometry":{"type":"LineString","coordinates":[[25.968518,43.831157],[25.968557,43.831181]]}},{"type":"Feature","properties":{"line":"Т13","mode":"bus","color":"#19a9a8","oi":0.37,"n":4,"sw":1},"geometry":{"type":"LineString","coordinates":[[25.968552,43.831178],[25.968592,43.831202]]}},{"type":"Feature","properties":{"line":"Т13","mode":"bus","color":"#19a9a8","oi":0.437,"n":4,"sw":1},"geometry":{"type":"LineString","coordinates":[[25.968586,43.831199],[25.968626,43.831223]]}},{"type":"Feature","properties":{"line":"Т13","mode":"bus","color":"#19a9a8","oi":0.483,"n":4,"sw":1},"geometry":{"type":"LineString","coordinates":[[25.96862,43.83122],[25.96866,43.831244]]}},{"type":"Feature","properties":{"line":"Т13","mode":"bus","color":"#19a9a8","oi":0.5,"n":4,"sw":1},"geometry":{"type":"LineString","coordinates":[[25.968654,43.831241],[25.968694,43.831265]]}},{"type":"Feature","properties":{"line":"Т13","mode":"bus","color":"#19a9a8","oi":0.5,"n":4,"sw":1},"geometry":{"type":"LineString","coordinates":[[25.97003,43.832109],[25.970066,43.832136]]}},{"type":"Feature","properties":{"line":"Т13","mode":"bus","color":"#19a9a8","oi":0.483,"n":4,"sw":1},"geometry":{"type":"LineString","coordinates":[[25.970061,43.832132],[25.970097,43.83216]]}},{"type":"Feature","properties":{"line":"Т13","mode":"bus","color":"#19a9a8","oi":0.437,"n":4,"sw":1},"geometry":{"type":"LineString","coordinates":[[25.970092,43.832156],[25.970128,43.832184]]}},{"type":"Feature","properties":{"line":"Т13","mode":"bus","color":"#19a9a8","oi":0.37,"n":4,"sw":1},"geometry":{"type":"LineString","coordinates":[[25.970123,43.83218],[25.970158,43.832207]]}},{"type":"Feature","properties":{"line":"Т13","mode":"bus","color":"#19a9a8","oi":0.291,"n":4,"sw":1},"geometry":{"type":"LineString","coordinates":[[25.970153,43.832203],[25.970189,43.832231]]}},{"type":"Feature","properties":{"line":"Т13","mode":"bus","color":"#19a9a8","oi":0.209,"n":4,"sw":1},"geometry":{"type":"LineString","coordinates":[[25.970184,43.832227],[25.97022,43.832254]]}},{"type":"Feature","properties":{"line":"Т13","mode":"bus","color":"#19a9a8","oi":0.13,"n":4,"sw":1},"geometry":{"type":"LineString","coordinates":[[25.970215,43.832251],[25.97025,43.832278]]}},{"type":"Feature","properties":{"line":"Т13","mode":"bus","color":"#19a9a8","oi":0.063,"n":4,"sw":1},"geometry":{"type":"LineString","coordinates":[[25.970245,43.832274],[25.970281,43.832302]]}},{"type":"Feature","properties":{"line":"Т13","mode":"bus","color":"#19a9a8","oi":0.017,"n":4,"sw":1},"geometry":{"type":"LineString","coordinates":[[25.970276,43.832298],[25.970312,43.832325]]}},{"type":"Feature","properties":{"line":"Т13","mode":"bus","color":"#19a9a8","oi":0,"n":4,"sw":1},"geometry":{"type":"LineString","coordinates":[[25.970307,43.832321],[25.97034,43.832347]]}},{"type":"Feature","properties":{"line":"Т21","mode":"bus","color":"#b0045c","oi":-1.5,"n":4},"geometry":{"type":"LineString","coordinates":[[25.997428,43.857626],[25.997375,43.857618],[25.997349,43.857611],[25.99733,43.857596],[25.997297,43.857558],[25.997288,43.857539],[25.997289,43.85752],[25.997303,43.857482],[25.997369,43.857445],[25.997456,43.857446],[25.9975,43.857473],[25.997517,43.857489],[25.997524,43.857509],[25.997526,43.857554],[25.997522,43.857573],[25.997506,43.85759],[25.997468,43.857617]]}},{"type":"Feature","properties":{"line":"Т21","mode":"bus","color":"#b0045c","oi":-1.5,"n":4},"geometry":{"type":"LineString","coordinates":[[25.997152,43.855841],[25.997004,43.856459],[25.996986,43.85672],[25.997369,43.857445]]}},{"type":"Feature","properties":{"line":"Т21","mode":"bus","color":"#b0045c","oi":0,"n":4,"sw":1},"geometry":{"type":"LineString","coordinates":[[25.997228,43.855522],[25.997224,43.855537]]}},{"type":"Feature","properties":{"line":"Т21","mode":"bus","color":"#b0045c","oi":-0.007,"n":4,"sw":1},"geometry":{"type":"LineString","coordinates":[[25.997226,43.855532],[25.997221,43.855549]]}},{"type":"Feature","properties":{"line":"Т21","mode":"bus","color":"#b0045c","oi":-0.027,"n":4,"sw":1},"geometry":{"type":"LineString","coordinates":[[25.997223,43.855544],[25.997219,43.855561]]}},{"type":"Feature","properties":{"line":"Т21","mode":"bus","color":"#b0045c","oi":-0.06,"n":4,"sw":1},"geometry":{"type":"LineString","coordinates":[[25.99722,43.855556],[25.997216,43.855574]]}},{"type":"Feature","properties":{"line":"Т21","mode":"bus","color":"#b0045c","oi":-0.103,"n":4,"sw":1},"geometry":{"type":"LineString","coordinates":[[25.997217,43.855568],[25.997213,43.855586]]}},{"type":"Feature","properties":{"line":"Т21","mode":"bus","color":"#b0045c","oi":-0.156,"n":4,"sw":1},"geometry":{"type":"LineString","coordinates":[[25.997214,43.855581],[25.99721,43.855598]]}},{"type":"Feature","properties":{"line":"Т21","mode":"bus","color":"#b0045c","oi":-0.218,"n":4,"sw":1},"geometry":{"type":"LineString","coordinates":[[25.997211,43.855593],[25.997207,43.855611]]}},{"type":"Feature","properties":{"line":"Т21","mode":"bus","color":"#b0045c","oi":-0.287,"n":4,"sw":1},"geometry":{"type":"LineString","coordinates":[[25.997208,43.855605],[25.997204,43.855623]]}},{"type":"Feature","properties":{"line":"Т21","mode":"bus","color":"#b0045c","oi":-0.362,"n":4,"sw":1},"geometry":{"type":"LineString","coordinates":[[25.997205,43.855618],[25.997201,43.855635]]}},{"type":"Feature","properties":{"line":"Т21","mode":"bus","color":"#b0045c","oi":-0.443,"n":4,"sw":1},"geometry":{"type":"LineString","coordinates":[[25.997202,43.85563],[25.997198,43.855647]]}},{"type":"Feature","properties":{"line":"Т21","mode":"bus","color":"#b0045c","oi":-0.528,"n":4,"sw":1},"geometry":{"type":"LineString","coordinates":[[25.997199,43.855642],[25.997195,43.85566]]}},{"type":"Feature","properties":{"line":"Т21","mode":"bus","color":"#b0045c","oi":-0.616,"n":4,"sw":1},"geometry":{"type":"LineString","coordinates":[[25.997196,43.855654],[25.997192,43.855672]]}},{"type":"Feature","properties":{"line":"Т21","mode":"bus","color":"#b0045c","oi":-0.705,"n":4,"sw":1},"geometry":{"type":"LineString","coordinates":[[25.997193,43.855667],[25.997189,43.855684]]}},{"type":"Feature","properties":{"line":"Т21","mode":"bus","color":"#b0045c","oi":-0.795,"n":4,"sw":1},"geometry":{"type":"LineString","coordinates":[[25.99719,43.855679],[25.997186,43.855697]]}},{"type":"Feature","properties":{"line":"Т21","mode":"bus","color":"#b0045c","oi":-0.884,"n":4,"sw":1},"geometry":{"type":"LineString","coordinates":[[25.997188,43.855691],[25.997183,43.855709]]}},{"type":"Feature","properties":{"line":"Т21","mode":"bus","color":"#b0045c","oi":-0.972,"n":4,"sw":1},"geometry":{"type":"LineString","coordinates":[[25.997185,43.855704],[25.99718,43.855721]]}},{"type":"Feature","properties":{"line":"Т21","mode":"bus","color":"#b0045c","oi":-1.057,"n":4,"sw":1},"geometry":{"type":"LineString","coordinates":[[25.997182,43.855716],[25.997177,43.855733]]}},{"type":"Feature","properties":{"line":"Т21","mode":"bus","color":"#b0045c","oi":-1.138,"n":4,"sw":1},"geometry":{"type":"LineString","coordinates":[[25.997179,43.855728],[25.997175,43.855746]]}},{"type":"Feature","properties":{"line":"Т21","mode":"bus","color":"#b0045c","oi":-1.213,"n":4,"sw":1},"geometry":{"type":"LineString","coordinates":[[25.997176,43.85574],[25.997172,43.855758]]}},{"type":"Feature","properties":{"line":"Т21","mode":"bus","color":"#b0045c","oi":-1.282,"n":4,"sw":1},"geometry":{"type":"LineString","coordinates":[[25.997173,43.855753],[25.997169,43.85577]]}},{"type":"Feature","properties":{"line":"Т21","mode":"bus","color":"#b0045c","oi":-1.344,"n":4,"sw":1},"geometry":{"type":"LineString","coordinates":[[25.99717,43.855765],[25.997166,43.855782]]}},{"type":"Feature","properties":{"line":"Т21","mode":"bus","color":"#b0045c","oi":-1.397,"n":4,"sw":1},"geometry":{"type":"LineString","coordinates":[[25.997167,43.855777],[25.997163,43.855795]]}},{"type":"Feature","properties":{"line":"Т21","mode":"bus","color":"#b0045c","oi":-1.44,"n":4,"sw":1},"geometry":{"type":"LineString","coordinates":[[25.997164,43.855789],[25.99716,43.855807]]}},{"type":"Feature","properties":{"line":"Т21","mode":"bus","color":"#b0045c","oi":-1.473,"n":4,"sw":1},"geometry":{"type":"LineString","coordinates":[[25.997161,43.855802],[25.997157,43.855819]]}},{"type":"Feature","properties":{"line":"Т21","mode":"bus","color":"#b0045c","oi":-1.493,"n":4,"sw":1},"geometry":{"type":"LineString","coordinates":[[25.997158,43.855814],[25.997154,43.855832]]}},{"type":"Feature","properties":{"line":"Т21","mode":"bus","color":"#b0045c","oi":-1.5,"n":4,"sw":1},"geometry":{"type":"LineString","coordinates":[[25.997155,43.855826],[25.997151,43.855844]]}},{"type":"Feature","properties":{"line":"G7","mode":"bus","color":"#7b3aa8","oi":0,"n":1},"geometry":{"type":"LineString","coordinates":[[25.979897,43.905348],[25.981119,43.907453],[25.981271,43.907779]]}},{"type":"Feature","properties":{"line":"G7","mode":"bus","color":"#7b3aa8","oi":-1,"n":1,"sw":1},"geometry":{"type":"LineString","coordinates":[[25.979724,43.905049],[25.979735,43.905068]]}},{"type":"Feature","properties":{"line":"G7","mode":"bus","color":"#7b3aa8","oi":-0.99,"n":1,"sw":1},"geometry":{"type":"LineString","coordinates":[[25.979732,43.905063],[25.979745,43.905085]]}},{"type":"Feature","properties":{"line":"G7","mode":"bus","color":"#7b3aa8","oi":-0.962,"n":1,"sw":1},"geometry":{"type":"LineString","coordinates":[[25.979742,43.90508],[25.979754,43.905101]]}},{"type":"Feature","properties":{"line":"G7","mode":"bus","color":"#7b3aa8","oi":-0.918,"n":1,"sw":1},"geometry":{"type":"LineString","coordinates":[[25.979751,43.905096],[25.979764,43.905118]]}},{"type":"Feature","properties":{"line":"G7","mode":"bus","color":"#7b3aa8","oi":-0.86,"n":1,"sw":1},"geometry":{"type":"LineString","coordinates":[[25.979761,43.905113],[25.979774,43.905134]]}},{"type":"Feature","properties":{"line":"G7","mode":"bus","color":"#7b3aa8","oi":-0.791,"n":1,"sw":1},"geometry":{"type":"LineString","coordinates":[[25.979771,43.90513],[25.979783,43.905151]]}},{"type":"Feature","properties":{"line":"G7","mode":"bus","color":"#7b3aa8","oi":-0.714,"n":1,"sw":1},"geometry":{"type":"LineString","coordinates":[[25.97978,43.905146],[25.979793,43.905168]]}},{"type":"Feature","properties":{"line":"G7","mode":"bus","color":"#7b3aa8","oi":-0.631,"n":1,"sw":1},"geometry":{"type":"LineString","coordinates":[[25.97979,43.905163],[25.979802,43.905184]]}},{"type":"Feature","properties":{"line":"G7","mode":"bus","color":"#7b3aa8","oi":-0.544,"n":1,"sw":1},"geometry":{"type":"LineString","coordinates":[[25.9798,43.905179],[25.979812,43.905201]]}},{"type":"Feature","properties":{"line":"G7","mode":"bus","color":"#7b3aa8","oi":-0.456,"n":1,"sw":1},"geometry":{"type":"LineString","coordinates":[[25.979809,43.905196],[25.979822,43.905217]]}},{"type":"Feature","properties":{"line":"G7","mode":"bus","color":"#7b3aa8","oi":-0.369,"n":1,"sw":1},"geometry":{"type":"LineString","coordinates":[[25.979819,43.905212],[25.979831,43.905234]]}},{"type":"Feature","properties":{"line":"G7","mode":"bus","color":"#7b3aa8","oi":-0.286,"n":1,"sw":1},"geometry":{"type":"LineString","coordinates":[[25.979829,43.905229],[25.979841,43.905251]]}},{"type":"Feature","properties":{"line":"G7","mode":"bus","color":"#7b3aa8","oi":-0.209,"n":1,"sw":1},"geometry":{"type":"LineString","coordinates":[[25.979838,43.905246],[25.979851,43.905267]]}},{"type":"Feature","properties":{"line":"G7","mode":"bus","color":"#7b3aa8","oi":-0.14,"n":1,"sw":1},"geometry":{"type":"LineString","coordinates":[[25.979848,43.905262],[25.97986,43.905284]]}},{"type":"Feature","properties":{"line":"G7","mode":"bus","color":"#7b3aa8","oi":-0.082,"n":1,"sw":1},"geometry":{"type":"LineString","coordinates":[[25.979857,43.905279],[25.97987,43.9053]]}},{"type":"Feature","properties":{"line":"G7","mode":"bus","color":"#7b3aa8","oi":-0.038,"n":1,"sw":1},"geometry":{"type":"LineString","coordinates":[[25.979867,43.905295],[25.97988,43.905317]]}},{"type":"Feature","properties":{"line":"G7","mode":"bus","color":"#7b3aa8","oi":-0.01,"n":1,"sw":1},"geometry":{"type":"LineString","coordinates":[[25.979877,43.905312],[25.979889,43.905334]]}},{"type":"Feature","properties":{"line":"G7","mode":"bus","color":"#7b3aa8","oi":0,"n":1,"sw":1},"geometry":{"type":"LineString","coordinates":[[25.979886,43.905329],[25.979899,43.90535]]}},{"type":"Feature","properties":{"line":"G7","mode":"bus","color":"#7b3aa8","oi":-1,"n":3},"geometry":{"type":"LineString","coordinates":[[25.979618,43.904867],[25.979724,43.905049]]}},{"type":"Feature","properties":{"line":"G7","mode":"bus","color":"#7b3aa8","oi":0,"n":3,"sw":1},"geometry":{"type":"LineString","coordinates":[[25.979512,43.904684],[25.979519,43.904697]]}},{"type":"Feature","properties":{"line":"G7","mode":"bus","color":"#7b3aa8","oi":-0.01,"n":3,"sw":1},"geometry":{"type":"LineString","coordinates":[[25.979516,43.904692],[25.979525,43.904707]]}},{"type":"Feature","properties":{"line":"G7","mode":"bus","color":"#7b3aa8","oi":-0.038,"n":3,"sw":1},"geometry":{"type":"LineString","coordinates":[[25.979522,43.904702],[25.979531,43.904717]]}},{"type":"Feature","properties":{"line":"G7","mode":"bus","color":"#7b3aa8","oi":-0.082,"n":3,"sw":1},"geometry":{"type":"LineString","coordinates":[[25.979528,43.904712],[25.979537,43.904727]]}},{"type":"Feature","properties":{"line":"G7","mode":"bus","color":"#7b3aa8","oi":-0.14,"n":3,"sw":1},"geometry":{"type":"LineString","coordinates":[[25.979534,43.904722],[25.979543,43.904737]]}},{"type":"Feature","properties":{"line":"G7","mode":"bus","color":"#7b3aa8","oi":-0.209,"n":3,"sw":1},"geometry":{"type":"LineString","coordinates":[[25.97954,43.904732],[25.979549,43.904747]]}},{"type":"Feature","properties":{"line":"G7","mode":"bus","color":"#7b3aa8","oi":-0.286,"n":3,"sw":1},"geometry":{"type":"LineString","coordinates":[[25.979546,43.904742],[25.979555,43.904757]]}},{"type":"Feature","properties":{"line":"G7","mode":"bus","color":"#7b3aa8","oi":-0.369,"n":3,"sw":1},"geometry":{"type":"LineString","coordinates":[[25.979552,43.904752],[25.979561,43.904768]]}},{"type":"Feature","properties":{"line":"G7","mode":"bus","color":"#7b3aa8","oi":-0.456,"n":3,"sw":1},"geometry":{"type":"LineString","coordinates":[[25.979558,43.904763],[25.979566,43.904778]]}},{"type":"Feature","properties":{"line":"G7","mode":"bus","color":"#7b3aa8","oi":-0.544,"n":3,"sw":1},"geometry":{"type":"LineString","coordinates":[[25.979564,43.904773],[25.979572,43.904788]]}},{"type":"Feature","properties":{"line":"G7","mode":"bus","color":"#7b3aa8","oi":-0.631,"n":3,"sw":1},"geometry":{"type":"LineString","coordinates":[[25.979569,43.904783],[25.979578,43.904798]]}},{"type":"Feature","properties":{"line":"G7","mode":"bus","color":"#7b3aa8","oi":-0.714,"n":3,"sw":1},"geometry":{"type":"LineString","coordinates":[[25.979575,43.904793],[25.979584,43.904808]]}},{"type":"Feature","properties":{"line":"G7","mode":"bus","color":"#7b3aa8","oi":-0.791,"n":3,"sw":1},"geometry":{"type":"LineString","coordinates":[[25.979581,43.904803],[25.97959,43.904818]]}},{"type":"Feature","properties":{"line":"G7","mode":"bus","color":"#7b3aa8","oi":-0.86,"n":3,"sw":1},"geometry":{"type":"LineString","coordinates":[[25.979587,43.904813],[25.979596,43.904828]]}},{"type":"Feature","properties":{"line":"G7","mode":"bus","color":"#7b3aa8","oi":-0.918,"n":3,"sw":1},"geometry":{"type":"LineString","coordinates":[[25.979593,43.904823],[25.979602,43.904839]]}},{"type":"Feature","properties":{"line":"G7","mode":"bus","color":"#7b3aa8","oi":-0.962,"n":3,"sw":1},"geometry":{"type":"LineString","coordinates":[[25.979599,43.904834],[25.979608,43.904849]]}},{"type":"Feature","properties":{"line":"G7","mode":"bus","color":"#7b3aa8","oi":-0.99,"n":3,"sw":1},"geometry":{"type":"LineString","coordinates":[[25.979605,43.904844],[25.979614,43.904859]]}},{"type":"Feature","properties":{"line":"G7","mode":"bus","color":"#7b3aa8","oi":-1,"n":3,"sw":1},"geometry":{"type":"LineString","coordinates":[[25.979611,43.904854],[25.979619,43.904869]]}},{"type":"Feature","properties":{"line":"G4","mode":"bus","color":"#6b5806","oi":1,"n":3},"geometry":{"type":"LineString","coordinates":[[25.979618,43.904867],[25.979724,43.905049]]}},{"type":"Feature","properties":{"line":"G4","mode":"bus","color":"#6b5806","oi":0,"n":3,"sw":1},"geometry":{"type":"LineString","coordinates":[[25.979512,43.904684],[25.979519,43.904697]]}},{"type":"Feature","properties":{"line":"G4","mode":"bus","color":"#6b5806","oi":0.01,"n":3,"sw":1},"geometry":{"type":"LineString","coordinates":[[25.979516,43.904692],[25.979525,43.904707]]}},{"type":"Feature","properties":{"line":"G4","mode":"bus","color":"#6b5806","oi":0.038,"n":3,"sw":1},"geometry":{"type":"LineString","coordinates":[[25.979522,43.904702],[25.979531,43.904717]]}},{"type":"Feature","properties":{"line":"G4","mode":"bus","color":"#6b5806","oi":0.082,"n":3,"sw":1},"geometry":{"type":"LineString","coordinates":[[25.979528,43.904712],[25.979537,43.904727]]}},{"type":"Feature","properties":{"line":"G4","mode":"bus","color":"#6b5806","oi":0.14,"n":3,"sw":1},"geometry":{"type":"LineString","coordinates":[[25.979534,43.904722],[25.979543,43.904737]]}},{"type":"Feature","properties":{"line":"G4","mode":"bus","color":"#6b5806","oi":0.209,"n":3,"sw":1},"geometry":{"type":"LineString","coordinates":[[25.97954,43.904732],[25.979549,43.904747]]}},{"type":"Feature","properties":{"line":"G4","mode":"bus","color":"#6b5806","oi":0.286,"n":3,"sw":1},"geometry":{"type":"LineString","coordinates":[[25.979546,43.904742],[25.979555,43.904757]]}},{"type":"Feature","properties":{"line":"G4","mode":"bus","color":"#6b5806","oi":0.369,"n":3,"sw":1},"geometry":{"type":"LineString","coordinates":[[25.979552,43.904752],[25.979561,43.904768]]}},{"type":"Feature","properties":{"line":"G4","mode":"bus","color":"#6b5806","oi":0.456,"n":3,"sw":1},"geometry":{"type":"LineString","coordinates":[[25.979558,43.904763],[25.979566,43.904778]]}},{"type":"Feature","properties":{"line":"G4","mode":"bus","color":"#6b5806","oi":0.544,"n":3,"sw":1},"geometry":{"type":"LineString","coordinates":[[25.979564,43.904773],[25.979572,43.904788]]}},{"type":"Feature","properties":{"line":"G4","mode":"bus","color":"#6b5806","oi":0.631,"n":3,"sw":1},"geometry":{"type":"LineString","coordinates":[[25.979569,43.904783],[25.979578,43.904798]]}},{"type":"Feature","properties":{"line":"G4","mode":"bus","color":"#6b5806","oi":0.714,"n":3,"sw":1},"geometry":{"type":"LineString","coordinates":[[25.979575,43.904793],[25.979584,43.904808]]}},{"type":"Feature","properties":{"line":"G4","mode":"bus","color":"#6b5806","oi":0.791,"n":3,"sw":1},"geometry":{"type":"LineString","coordinates":[[25.979581,43.904803],[25.97959,43.904818]]}},{"type":"Feature","properties":{"line":"G4","mode":"bus","color":"#6b5806","oi":0.86,"n":3,"sw":1},"geometry":{"type":"LineString","coordinates":[[25.979587,43.904813],[25.979596,43.904828]]}},{"type":"Feature","properties":{"line":"G4","mode":"bus","color":"#6b5806","oi":0.918,"n":3,"sw":1},"geometry":{"type":"LineString","coordinates":[[25.979593,43.904823],[25.979602,43.904839]]}},{"type":"Feature","properties":{"line":"G4","mode":"bus","color":"#6b5806","oi":0.962,"n":3,"sw":1},"geometry":{"type":"LineString","coordinates":[[25.979599,43.904834],[25.979608,43.904849]]}},{"type":"Feature","properties":{"line":"G4","mode":"bus","color":"#6b5806","oi":0.99,"n":3,"sw":1},"geometry":{"type":"LineString","coordinates":[[25.979605,43.904844],[25.979614,43.904859]]}},{"type":"Feature","properties":{"line":"G4","mode":"bus","color":"#6b5806","oi":1,"n":3,"sw":1},"geometry":{"type":"LineString","coordinates":[[25.979611,43.904854],[25.979619,43.904869]]}},{"type":"Feature","properties":{"line":"G4","mode":"bus","color":"#6b5806","oi":0,"n":4,"sw":1},"geometry":{"type":"LineString","coordinates":[[25.966735,43.891431],[25.966725,43.891422]]}},{"type":"Feature","properties":{"line":"G4","mode":"bus","color":"#6b5806","oi":-0.037,"n":4,"sw":1},"geometry":{"type":"LineString","coordinates":[[25.96673,43.891426],[25.966717,43.891415]]}},{"type":"Feature","properties":{"line":"G4","mode":"bus","color":"#6b5806","oi":-0.13,"n":4,"sw":1},"geometry":{"type":"LineString","coordinates":[[25.966722,43.891419],[25.966709,43.891408]]}},{"type":"Feature","properties":{"line":"G4","mode":"bus","color":"#6b5806","oi":-0.25,"n":4,"sw":1},"geometry":{"type":"LineString","coordinates":[[25.966714,43.891412],[25.966702,43.891401]]}},{"type":"Feature","properties":{"line":"G4","mode":"bus","color":"#6b5806","oi":-0.37,"n":4,"sw":1},"geometry":{"type":"LineString","coordinates":[[25.966706,43.891405],[25.966694,43.891394]]}},{"type":"Feature","properties":{"line":"G4","mode":"bus","color":"#6b5806","oi":-0.463,"n":4,"sw":1},"geometry":{"type":"LineString","coordinates":[[25.966698,43.891398],[25.966686,43.891386]]}},{"type":"Feature","properties":{"line":"G4","mode":"bus","color":"#6b5806","oi":-0.5,"n":4,"sw":1},"geometry":{"type":"LineString","coordinates":[[25.966691,43.891391],[25.966678,43.891379]]}},{"type":"Feature","properties":{"line":"G4","mode":"bus","color":"#6b5806","oi":-0.5,"n":4,"sw":1},"geometry":{"type":"LineString","coordinates":[[25.966683,43.891384],[25.96667,43.891372]]}},{"type":"Feature","properties":{"line":"G4","mode":"bus","color":"#6b5806","oi":-0.463,"n":4,"sw":1},"geometry":{"type":"LineString","coordinates":[[25.966675,43.891377],[25.966663,43.891365]]}},{"type":"Feature","properties":{"line":"G4","mode":"bus","color":"#6b5806","oi":-0.37,"n":4,"sw":1},"geometry":{"type":"LineString","coordinates":[[25.966667,43.891369],[25.966655,43.891358]]}},{"type":"Feature","properties":{"line":"G4","mode":"bus","color":"#6b5806","oi":-0.25,"n":4,"sw":1},"geometry":{"type":"LineString","coordinates":[[25.966659,43.891362],[25.966647,43.891351]]}},{"type":"Feature","properties":{"line":"G4","mode":"bus","color":"#6b5806","oi":-0.13,"n":4,"sw":1},"geometry":{"type":"LineString","coordinates":[[25.966652,43.891355],[25.966639,43.891344]]}},{"type":"Feature","properties":{"line":"G4","mode":"bus","color":"#6b5806","oi":-0.037,"n":4,"sw":1},"geometry":{"type":"LineString","coordinates":[[25.966644,43.891348],[25.966631,43.891337]]}},{"type":"Feature","properties":{"line":"G4","mode":"bus","color":"#6b5806","oi":0,"n":4,"sw":1},"geometry":{"type":"LineString","coordinates":[[25.966636,43.891341],[25.966626,43.891332]]}},{"type":"Feature","properties":{"line":"G4","mode":"bus","color":"#6b5806","oi":0,"n":3},"geometry":{"type":"LineString","coordinates":[[25.971793,43.911528],[25.97186,43.912801],[25.971841,43.91353]]}},{"type":"Feature","properties":{"line":"G4","mode":"bus","color":"#6b5806","oi":0,"n":3},"geometry":{"type":"LineString","coordinates":[[25.971639,43.909286],[25.971468,43.908427],[25.971424,43.908056]]}},{"type":"Feature","properties":{"line":"G4","mode":"bus","color":"#6b5806","oi":0,"n":3},"geometry":{"type":"LineString","coordinates":[[25.971774,43.911213],[25.971721,43.911307],[25.971731,43.911424],[25.971773,43.911495],[25.971781,43.911505],[25.971789,43.911511],[25.971796,43.91151],[25.971803,43.911505],[25.97181,43.911494],[25.971846,43.91142],[25.971836,43.911303],[25.971774,43.911213],[25.971675,43.909601]]}},{"type":"Feature","properties":{"line":"G4","mode":"bus","color":"#6b5806","oi":0,"n":3},"geometry":{"type":"LineString","coordinates":[[25.971675,43.909601],[25.971604,43.9095],[25.971589,43.909383],[25.971622,43.909319],[25.971629,43.909308],[25.971637,43.909303],[25.971644,43.909302],[25.971653,43.909307],[25.971661,43.909317],[25.971703,43.909374],[25.971719,43.909492],[25.971675,43.909601]]}},{"type":"Feature","properties":{"line":"G4","mode":"bus","color":"#6b5806","oi":-0.5,"n":2},"geometry":{"type":"LineString","coordinates":[[25.964806,43.891176],[25.963805,43.891462],[25.963477,43.891516],[25.963341,43.891588],[25.962915,43.891937],[25.962892,43.89195],[25.962867,43.891952],[25.96284,43.891944],[25.962072,43.89158],[25.958114,43.890038]]}},{"type":"Feature","properties":{"line":"G4","mode":"bus","color":"#6b5806","oi":0,"n":2,"sw":1},"geometry":{"type":"LineString","coordinates":[[25.965223,43.891057],[25.965178,43.89107]]}},{"type":"Feature","properties":{"line":"G4","mode":"bus","color":"#6b5806","oi":-0.017,"n":2,"sw":1},"geometry":{"type":"LineString","coordinates":[[25.965185,43.891068],[25.965136,43.891082]]}},{"type":"Feature","properties":{"line":"G4","mode":"bus","color":"#6b5806","oi":-0.063,"n":2,"sw":1},"geometry":{"type":"LineString","coordinates":[[25.965143,43.89108],[25.965094,43.891094]]}},{"type":"Feature","properties":{"line":"G4","mode":"bus","color":"#6b5806","oi":-0.13,"n":2,"sw":1},"geometry":{"type":"LineString","coordinates":[[25.965101,43.891092],[25.965053,43.891106]]}},{"type":"Feature","properties":{"line":"G4","mode":"bus","color":"#6b5806","oi":-0.209,"n":2,"sw":1},"geometry":{"type":"LineString","coordinates":[[25.96506,43.891104],[25.965011,43.891118]]}},{"type":"Feature","properties":{"line":"G4","mode":"bus","color":"#6b5806","oi":-0.291,"n":2,"sw":1},"geometry":{"type":"LineString","coordinates":[[25.965018,43.891116],[25.964969,43.891129]]}},{"type":"Feature","properties":{"line":"G4","mode":"bus","color":"#6b5806","oi":-0.37,"n":2,"sw":1},"geometry":{"type":"LineString","coordinates":[[25.964976,43.891127],[25.964927,43.891141]]}},{"type":"Feature","properties":{"line":"G4","mode":"bus","color":"#6b5806","oi":-0.437,"n":2,"sw":1},"geometry":{"type":"LineString","coordinates":[[25.964934,43.891139],[25.964886,43.891153]]}},{"type":"Feature","properties":{"line":"G4","mode":"bus","color":"#6b5806","oi":-0.483,"n":2,"sw":1},"geometry":{"type":"LineString","coordinates":[[25.964893,43.891151],[25.964844,43.891165]]}},{"type":"Feature","properties":{"line":"G4","mode":"bus","color":"#6b5806","oi":-0.5,"n":2,"sw":1},"geometry":{"type":"LineString","coordinates":[[25.964851,43.891163],[25.964802,43.891177]]}},{"type":"Feature","properties":{"line":"G4","mode":"bus","color":"#6b5806","oi":-0.5,"n":2},"geometry":{"type":"LineString","coordinates":[[25.953051,43.894707],[25.953801,43.894718]]}},{"type":"Feature","properties":{"line":"G4","mode":"bus","color":"#6b5806","oi":0,"n":1},"geometry":{"type":"LineString","coordinates":[[25.95378,43.898518],[25.954096,43.901373],[25.95422,43.903059],[25.954218,43.903729],[25.95417,43.904599],[25.954072,43.905488],[25.953991,43.905946],[25.953856,43.906576],[25.953705,43.907021],[25.950664,43.91386]]}},{"type":"Feature","properties":{"line":"G4","mode":"bus","color":"#6b5806","oi":0,"n":1},"geometry":{"type":"LineString","coordinates":[[25.953801,43.894718],[25.955051,43.897668]]}},{"type":"Feature","properties":{"line":"G4","mode":"bus","color":"#6b5806","oi":0,"n":1},"geometry":{"type":"LineString","coordinates":[[25.958114,43.890038],[25.955512,43.891486],[25.954257,43.892243],[25.954097,43.892457],[25.953051,43.894707]]}},{"type":"Feature","properties":{"line":"G4","mode":"bus","color":"#6b5806","oi":0,"n":1},"geometry":{"type":"LineString","coordinates":[[25.969536,43.913648],[25.969615,43.913977],[25.969649,43.913995],[25.969668,43.914002],[25.969689,43.914002],[25.970142,43.913943],[25.970164,43.913943],[25.97018,43.913948],[25.970192,43.913957],[25.970198,43.913973],[25.9703,43.91451],[25.970601,43.915581],[25.970602,43.915597],[25.970596,43.915609],[25.970583,43.915617],[25.970562,43.915622],[25.966888,43.916083]]}},{"type":"Feature","properties":{"line":"G4","mode":"bus","color":"#6b5806","oi":0.5,"n":1,"sw":1},"geometry":{"type":"LineString","coordinates":[[25.969926,43.913555],[25.969878,43.913561]]}},{"type":"Feature","properties":{"line":"G4","mode":"bus","color":"#6b5806","oi":0.483,"n":1,"sw":1},"geometry":{"type":"LineString","coordinates":[[25.969885,43.91356],[25.969834,43.913566]]}},{"type":"Feature","properties":{"line":"G4","mode":"bus","color":"#6b5806","oi":0.437,"n":1,"sw":1},"geometry":{"type":"LineString","coordinates":[[25.969841,43.913565],[25.96979,43.913572]]}},{"type":"Feature","properties":{"line":"G4","mode":"bus","color":"#6b5806","oi":0.37,"n":1,"sw":1},"geometry":{"type":"LineString","coordinates":[[25.969797,43.913571],[25.969745,43.913577]]}},{"type":"Feature","properties":{"line":"G4","mode":"bus","color":"#6b5806","oi":0.291,"n":1,"sw":1},"geometry":{"type":"LineString","coordinates":[[25.969753,43.913576],[25.969701,43.913582]]}},{"type":"Feature","properties":{"line":"G4","mode":"bus","color":"#6b5806","oi":0.209,"n":1,"sw":1},"geometry":{"type":"LineString","coordinates":[[25.969709,43.913582],[25.969657,43.913588]]}},{"type":"Feature","properties":{"line":"G4","mode":"bus","color":"#6b5806","oi":0.13,"n":1,"sw":1},"geometry":{"type":"LineString","coordinates":[[25.969664,43.913587],[25.969613,43.913593]]}},{"type":"Feature","properties":{"line":"G4","mode":"bus","color":"#6b5806","oi":0.063,"n":1,"sw":1},"geometry":{"type":"LineString","coordinates":[[25.96962,43.913592],[25.969574,43.913598],[25.969569,43.913599]]}},{"type":"Feature","properties":{"line":"G4","mode":"bus","color":"#6b5806","oi":0.017,"n":1,"sw":1},"geometry":{"type":"LineString","coordinates":[[25.969576,43.913598],[25.969574,43.913598],[25.969553,43.913603],[25.969539,43.913611],[25.969536,43.913618]]}},{"type":"Feature","properties":{"line":"G4","mode":"bus","color":"#6b5806","oi":0,"n":1,"sw":1},"geometry":{"type":"LineString","coordinates":[[25.969538,43.913613],[25.969533,43.913624],[25.969534,43.913639],[25.969536,43.91365]]}},{"type":"Feature","properties":{"line":"G4","mode":"bus","color":"#6b5806","oi":0.5,"n":2},"geometry":{"type":"LineString","coordinates":[[25.955051,43.897668],[25.95378,43.898518]]}},{"type":"Feature","properties":{"line":"G4","mode":"bus","color":"#6b5806","oi":0.5,"n":2},"geometry":{"type":"LineString","coordinates":[[25.979502,43.905116],[25.97928,43.905183]]}},{"type":"Feature","properties":{"line":"G4","mode":"bus","color":"#6b5806","oi":0,"n":2,"sw":1},"geometry":{"type":"LineString","coordinates":[[25.979724,43.905049],[25.979698,43.905057]]}},{"type":"Feature","properties":{"line":"G4","mode":"bus","color":"#6b5806","oi":0.017,"n":2,"sw":1},"geometry":{"type":"LineString","coordinates":[[25.979705,43.905055],[25.979676,43.905063]]}},{"type":"Feature","properties":{"line":"G4","mode":"bus","color":"#6b5806","oi":0.063,"n":2,"sw":1},"geometry":{"type":"LineString","coordinates":[[25.979683,43.905061],[25.979654,43.90507]]}},{"type":"Feature","properties":{"line":"G4","mode":"bus","color":"#6b5806","oi":0.13,"n":2,"sw":1},"geometry":{"type":"LineString","coordinates":[[25.979661,43.905068],[25.979632,43.905077]]}},{"type":"Feature","properties":{"line":"G4","mode":"bus","color":"#6b5806","oi":0.209,"n":2,"sw":1},"geometry":{"type":"LineString","coordinates":[[25.979639,43.905075],[25.97961,43.905084]]}},{"type":"Feature","properties":{"line":"G4","mode":"bus","color":"#6b5806","oi":0.291,"n":2,"sw":1},"geometry":{"type":"LineString","coordinates":[[25.979616,43.905081],[25.979587,43.90509]]}},{"type":"Feature","properties":{"line":"G4","mode":"bus","color":"#6b5806","oi":0.37,"n":2,"sw":1},"geometry":{"type":"LineString","coordinates":[[25.979594,43.905088],[25.979565,43.905097]]}},{"type":"Feature","properties":{"line":"G4","mode":"bus","color":"#6b5806","oi":0.437,"n":2,"sw":1},"geometry":{"type":"LineString","coordinates":[[25.979572,43.905095],[25.979543,43.905104]]}},{"type":"Feature","properties":{"line":"G4","mode":"bus","color":"#6b5806","oi":0.483,"n":2,"sw":1},"geometry":{"type":"LineString","coordinates":[[25.97955,43.905102],[25.979521,43.90511]]}},{"type":"Feature","properties":{"line":"G4","mode":"bus","color":"#6b5806","oi":0.5,"n":2,"sw":1},"geometry":{"type":"LineString","coordinates":[[25.979528,43.905108],[25.979499,43.905117]]}},{"type":"Feature","properties":{"line":"G4","mode":"bus","color":"#6b5806","oi":0.5,"n":2},"geometry":{"type":"LineString","coordinates":[[25.97187,43.908024],[25.975525,43.907762],[25.975889,43.907706],[25.976146,43.907648],[25.977746,43.907172],[25.979558,43.906606],[25.979582,43.906595],[25.97959,43.906579],[25.979585,43.906559],[25.979459,43.906339],[25.979454,43.906319],[25.979462,43.906303],[25.979486,43.906292],[25.979774,43.906202],[25.979798,43.906191],[25.979807,43.906175],[25.979802,43.906155],[25.979663,43.905902],[25.979547,43.905823],[25.979496,43.905755],[25.979255,43.905297],[25.97928,43.905183],[25.979088,43.904848]]}},{"type":"Feature","properties":{"line":"G4","mode":"bus","color":"#6b5806","oi":0,"n":2,"sw":1},"geometry":{"type":"LineString","coordinates":[[25.971424,43.908056],[25.971472,43.908053]]}},{"type":"Feature","properties":{"line":"G4","mode":"bus","color":"#6b5806","oi":0.017,"n":2,"sw":1},"geometry":{"type":"LineString","coordinates":[[25.971465,43.908053],[25.971517,43.908049]]}},{"type":"Feature","properties":{"line":"G4","mode":"bus","color":"#6b5806","oi":0.063,"n":2,"sw":1},"geometry":{"type":"LineString","coordinates":[[25.97151,43.90805],[25.971562,43.908046]]}},{"type":"Feature","properties":{"line":"G4","mode":"bus","color":"#6b5806","oi":0.13,"n":2,"sw":1},"geometry":{"type":"LineString","coordinates":[[25.971554,43.908047],[25.971606,43.908043]]}},{"type":"Feature","properties":{"line":"G4","mode":"bus","color":"#6b5806","oi":0.209,"n":2,"sw":1},"geometry":{"type":"LineString","coordinates":[[25.971599,43.908043],[25.971651,43.90804]]}},{"type":"Feature","properties":{"line":"G4","mode":"bus","color":"#6b5806","oi":0.291,"n":2,"sw":1},"geometry":{"type":"LineString","coordinates":[[25.971643,43.90804],[25.971696,43.908037]]}},{"type":"Feature","properties":{"line":"G4","mode":"bus","color":"#6b5806","oi":0.37,"n":2,"sw":1},"geometry":{"type":"LineString","coordinates":[[25.971688,43.908037],[25.97174,43.908033]]}},{"type":"Feature","properties":{"line":"G4","mode":"bus","color":"#6b5806","oi":0.437,"n":2,"sw":1},"geometry":{"type":"LineString","coordinates":[[25.971733,43.908034],[25.971785,43.90803]]}},{"type":"Feature","properties":{"line":"G4","mode":"bus","color":"#6b5806","oi":0.483,"n":2,"sw":1},"geometry":{"type":"LineString","coordinates":[[25.971777,43.908031],[25.97183,43.908027]]}},{"type":"Feature","properties":{"line":"G4","mode":"bus","color":"#6b5806","oi":0.5,"n":2,"sw":1},"geometry":{"type":"LineString","coordinates":[[25.971822,43.908027],[25.971874,43.908024]]}},{"type":"Feature","properties":{"line":"G4","mode":"bus","color":"#6b5806","oi":0.5,"n":2},"geometry":{"type":"LineString","coordinates":[[25.971393,43.913513],[25.970537,43.913481],[25.969926,43.913555]]}},{"type":"Feature","properties":{"line":"G4","mode":"bus","color":"#6b5806","oi":0,"n":2,"sw":1},"geometry":{"type":"LineString","coordinates":[[25.971841,43.91353],[25.971792,43.913528]]}},{"type":"Feature","properties":{"line":"G4","mode":"bus","color":"#6b5806","oi":0.017,"n":2,"sw":1},"geometry":{"type":"LineString","coordinates":[[25.9718,43.913528],[25.971748,43.913526]]}},{"type":"Feature","properties":{"line":"G4","mode":"bus","color":"#6b5806","oi":0.063,"n":2,"sw":1},"geometry":{"type":"LineString","coordinates":[[25.971755,43.913527],[25.971703,43.913525]]}},{"type":"Feature","properties":{"line":"G4","mode":"bus","color":"#6b5806","oi":0.13,"n":2,"sw":1},"geometry":{"type":"LineString","coordinates":[[25.97171,43.913525],[25.971658,43.913523]]}},{"type":"Feature","properties":{"line":"G4","mode":"bus","color":"#6b5806","oi":0.209,"n":2,"sw":1},"geometry":{"type":"LineString","coordinates":[[25.971666,43.913523],[25.971613,43.913521]]}},{"type":"Feature","properties":{"line":"G4","mode":"bus","color":"#6b5806","oi":0.291,"n":2,"sw":1},"geometry":{"type":"LineString","coordinates":[[25.971621,43.913522],[25.971568,43.91352]]}},{"type":"Feature","properties":{"line":"G4","mode":"bus","color":"#6b5806","oi":0.37,"n":2,"sw":1},"geometry":{"type":"LineString","coordinates":[[25.971576,43.91352],[25.971524,43.913518]]}},{"type":"Feature","properties":{"line":"G4","mode":"bus","color":"#6b5806","oi":0.437,"n":2,"sw":1},"geometry":{"type":"LineString","coordinates":[[25.971531,43.913518],[25.971479,43.913516]]}},{"type":"Feature","properties":{"line":"G4","mode":"bus","color":"#6b5806","oi":0.483,"n":2,"sw":1},"geometry":{"type":"LineString","coordinates":[[25.971486,43.913517],[25.971434,43.913515]]}},{"type":"Feature","properties":{"line":"G4","mode":"bus","color":"#6b5806","oi":0.5,"n":2,"sw":1},"geometry":{"type":"LineString","coordinates":[[25.971442,43.913515],[25.971389,43.913513]]}},{"type":"Feature","properties":{"line":"G1","mode":"bus","color":"#e47e2b","oi":0,"n":4,"sw":1},"geometry":{"type":"LineString","coordinates":[[25.966735,43.891431],[25.966725,43.891422]]}},{"type":"Feature","properties":{"line":"G1","mode":"bus","color":"#e47e2b","oi":0.111,"n":4,"sw":1},"geometry":{"type":"LineString","coordinates":[[25.96673,43.891426],[25.966717,43.891415]]}},{"type":"Feature","properties":{"line":"G1","mode":"bus","color":"#e47e2b","oi":0.389,"n":4,"sw":1},"geometry":{"type":"LineString","coordinates":[[25.966722,43.891419],[25.966709,43.891408]]}},{"type":"Feature","properties":{"line":"G1","mode":"bus","color":"#e47e2b","oi":0.75,"n":4,"sw":1},"geometry":{"type":"LineString","coordinates":[[25.966714,43.891412],[25.966702,43.891401]]}},{"type":"Feature","properties":{"line":"G1","mode":"bus","color":"#e47e2b","oi":1.111,"n":4,"sw":1},"geometry":{"type":"LineString","coordinates":[[25.966706,43.891405],[25.966694,43.891394]]}},{"type":"Feature","properties":{"line":"G1","mode":"bus","color":"#e47e2b","oi":1.389,"n":4,"sw":1},"geometry":{"type":"LineString","coordinates":[[25.966698,43.891398],[25.966686,43.891386]]}},{"type":"Feature","properties":{"line":"G1","mode":"bus","color":"#e47e2b","oi":1.5,"n":4,"sw":1},"geometry":{"type":"LineString","coordinates":[[25.966691,43.891391],[25.966678,43.891379]]}},{"type":"Feature","properties":{"line":"G1","mode":"bus","color":"#e47e2b","oi":1.5,"n":4,"sw":1},"geometry":{"type":"LineString","coordinates":[[25.966683,43.891384],[25.96667,43.891372]]}},{"type":"Feature","properties":{"line":"G1","mode":"bus","color":"#e47e2b","oi":1.389,"n":4,"sw":1},"geometry":{"type":"LineString","coordinates":[[25.966675,43.891377],[25.966663,43.891365]]}},{"type":"Feature","properties":{"line":"G1","mode":"bus","color":"#e47e2b","oi":1.111,"n":4,"sw":1},"geometry":{"type":"LineString","coordinates":[[25.966667,43.891369],[25.966655,43.891358]]}},{"type":"Feature","properties":{"line":"G1","mode":"bus","color":"#e47e2b","oi":0.75,"n":4,"sw":1},"geometry":{"type":"LineString","coordinates":[[25.966659,43.891362],[25.966647,43.891351]]}},{"type":"Feature","properties":{"line":"G1","mode":"bus","color":"#e47e2b","oi":0.389,"n":4,"sw":1},"geometry":{"type":"LineString","coordinates":[[25.966652,43.891355],[25.966639,43.891344]]}},{"type":"Feature","properties":{"line":"G1","mode":"bus","color":"#e47e2b","oi":0.111,"n":4,"sw":1},"geometry":{"type":"LineString","coordinates":[[25.966644,43.891348],[25.966631,43.891337]]}},{"type":"Feature","properties":{"line":"G1","mode":"bus","color":"#e47e2b","oi":0,"n":4,"sw":1},"geometry":{"type":"LineString","coordinates":[[25.966636,43.891341],[25.966626,43.891332]]}},{"type":"Feature","properties":{"line":"G1","mode":"bus","color":"#e47e2b","oi":0.5,"n":2},"geometry":{"type":"LineString","coordinates":[[25.96514,43.890739],[25.96514,43.890738],[25.96528,43.890457],[25.965277,43.890349],[25.965235,43.890245],[25.96514,43.89014],[25.965046,43.89008],[25.96489,43.890024],[25.96465,43.889984],[25.96455,43.88993],[25.964459,43.889843],[25.964061,43.889145],[25.96273,43.886648]]}},{"type":"Feature","properties":{"line":"G1","mode":"bus","color":"#e47e2b","oi":0,"n":2,"sw":1},"geometry":{"type":"LineString","coordinates":[[25.965223,43.891057],[25.965214,43.891023]]}},{"type":"Feature","properties":{"line":"G1","mode":"bus","color":"#e47e2b","oi":0.017,"n":2,"sw":1},"geometry":{"type":"LineString","coordinates":[[25.965215,43.891028],[25.965206,43.890991]]}},{"type":"Feature","properties":{"line":"G1","mode":"bus","color":"#e47e2b","oi":0.063,"n":2,"sw":1},"geometry":{"type":"LineString","coordinates":[[25.965207,43.890996],[25.965197,43.890959]]}},{"type":"Feature","properties":{"line":"G1","mode":"bus","color":"#e47e2b","oi":0.13,"n":2,"sw":1},"geometry":{"type":"LineString","coordinates":[[25.965199,43.890964],[25.965189,43.890927]]}},{"type":"Feature","properties":{"line":"G1","mode":"bus","color":"#e47e2b","oi":0.209,"n":2,"sw":1},"geometry":{"type":"LineString","coordinates":[[25.965191,43.890932],[25.965181,43.890895]]}},{"type":"Feature","properties":{"line":"G1","mode":"bus","color":"#e47e2b","oi":0.291,"n":2,"sw":1},"geometry":{"type":"LineString","coordinates":[[25.965182,43.8909],[25.965173,43.890863]]}},{"type":"Feature","properties":{"line":"G1","mode":"bus","color":"#e47e2b","oi":0.37,"n":2,"sw":1},"geometry":{"type":"LineString","coordinates":[[25.965174,43.890869],[25.965164,43.890831]]}},{"type":"Feature","properties":{"line":"G1","mode":"bus","color":"#e47e2b","oi":0.437,"n":2,"sw":1},"geometry":{"type":"LineString","coordinates":[[25.965166,43.890837],[25.965156,43.8908]]}},{"type":"Feature","properties":{"line":"G1","mode":"bus","color":"#e47e2b","oi":0.483,"n":2,"sw":1},"geometry":{"type":"LineString","coordinates":[[25.965157,43.890805],[25.965148,43.890768]]}},{"type":"Feature","properties":{"line":"G1","mode":"bus","color":"#e47e2b","oi":0.5,"n":2,"sw":1},"geometry":{"type":"LineString","coordinates":[[25.965149,43.890773],[25.96514,43.890738],[25.965141,43.890736]]}},{"type":"Feature","properties":{"line":"G1","mode":"bus","color":"#e47e2b","oi":0,"n":1},"geometry":{"type":"LineString","coordinates":[[25.962566,43.886347],[25.962454,43.886142],[25.962368,43.885896],[25.962358,43.885541],[25.962476,43.88517],[25.962715,43.884823],[25.963104,43.884393],[25.964077,43.883534],[25.964933,43.882727],[25.965376,43.882122],[25.965656,43.881538],[25.965793,43.881124],[25.967267,43.873521]]}},{"type":"Feature","properties":{"line":"G1","mode":"bus","color":"#e47e2b","oi":0.5,"n":1,"sw":1},"geometry":{"type":"LineString","coordinates":[[25.96273,43.886648],[25.962712,43.886615]]}},{"type":"Feature","properties":{"line":"G1","mode":"bus","color":"#e47e2b","oi":0.483,"n":1,"sw":1},"geometry":{"type":"LineString","coordinates":[[25.962715,43.88662],[25.962696,43.886585]]}},{"type":"Feature","properties":{"line":"G1","mode":"bus","color":"#e47e2b","oi":0.437,"n":1,"sw":1},"geometry":{"type":"LineString","coordinates":[[25.962698,43.88659],[25.962679,43.886555]]}},{"type":"Feature","properties":{"line":"G1","mode":"bus","color":"#e47e2b","oi":0.37,"n":1,"sw":1},"geometry":{"type":"LineString","coordinates":[[25.962682,43.88656],[25.962663,43.886525]]}},{"type":"Feature","properties":{"line":"G1","mode":"bus","color":"#e47e2b","oi":0.291,"n":1,"sw":1},"geometry":{"type":"LineString","coordinates":[[25.962666,43.88653],[25.962646,43.886495]]}},{"type":"Feature","properties":{"line":"G1","mode":"bus","color":"#e47e2b","oi":0.209,"n":1,"sw":1},"geometry":{"type":"LineString","coordinates":[[25.962649,43.8865],[25.96263,43.886465]]}},{"type":"Feature","properties":{"line":"G1","mode":"bus","color":"#e47e2b","oi":0.13,"n":1,"sw":1},"geometry":{"type":"LineString","coordinates":[[25.962633,43.88647],[25.962614,43.886435]]}},{"type":"Feature","properties":{"line":"G1","mode":"bus","color":"#e47e2b","oi":0.063,"n":1,"sw":1},"geometry":{"type":"LineString","coordinates":[[25.962616,43.88644],[25.962597,43.886404]]}},{"type":"Feature","properties":{"line":"G1","mode":"bus","color":"#e47e2b","oi":0.017,"n":1,"sw":1},"geometry":{"type":"LineString","coordinates":[[25.9626,43.886409],[25.962581,43.886374]]}},{"type":"Feature","properties":{"line":"G1","mode":"bus","color":"#e47e2b","oi":0,"n":1,"sw":1},"geometry":{"type":"LineString","coordinates":[[25.962583,43.886379],[25.962564,43.886344]]}},{"type":"Feature","properties":{"line":"train","mode":"tram","color":"#b11526","oi":0,"n":1},"geometry":{"type":"LineString","coordinates":[[25.961135,43.895605],[25.961595,43.898465],[25.962027,43.901398],[25.962366,43.904046],[25.963566,43.912038],[25.965438,43.925166],[25.966567,43.932241],[25.96782,43.941105],[25.968131,43.942968],[25.970053,43.956039],[25.970275,43.957343],[25.970685,43.960805],[25.971253,43.964599],[25.97153,43.966038],[25.97191,43.967372],[25.972101,43.967895],[25.972566,43.968929],[25.973168,43.970072],[25.974434,43.971963],[25.975589,43.973601],[25.977189,43.975943],[25.978851,43.978287],[25.981308,43.981853],[25.981902,43.982658],[25.982642,43.983526],[25.983245,43.984175],[25.983796,43.984716],[25.984781,43.985586],[25.985831,43.986404],[25.98653,43.986891],[25.990854,43.989679]]}},{"type":"Feature","properties":{"line":"train","mode":"tram","color":"#b11526","oi":0,"n":1},"geometry":{"type":"LineString","coordinates":[[25.956306,43.83316],[25.958535,43.834366],[25.959086,43.834705],[25.959552,43.835068],[25.960206,43.835647],[25.960803,43.836194],[25.961331,43.836747],[25.965993,43.843058],[25.966346,43.843616],[25.96833,43.847045],[25.968779,43.847622],[25.969243,43.848074],[25.96985,43.848536],[25.9756,43.85254],[25.976375,43.853177],[25.978862,43.85547],[25.979193,43.855737],[25.979866,43.856204],[25.980627,43.856642],[25.986519,43.859528],[25.987046,43.859764],[25.987608,43.859957],[25.9879,43.860032],[25.9885,43.860145],[25.98881,43.860175],[25.989736,43.860183],[25.990357,43.860113],[25.990704,43.860048],[25.991577,43.859814],[26.005873,43.855629],[26.007392,43.855218],[26.008085,43.855084],[26.008571,43.855018],[26.010408,43.854826],[26.014029,43.854584],[26.014528,43.854567],[26.015183,43.854602],[26.015799,43.854688],[26.016174,43.854772],[26.016508,43.854865],[26.017093,43.855091],[26.017539,43.85531],[26.017845,43.855491],[26.018234,43.855776],[26.018452,43.855968],[26.018927,43.856506],[26.019054,43.856702],[26.019275,43.857137],[26.019427,43.857597],[26.019494,43.858122],[26.020192,43.872745],[26.020119,43.873493],[26.019977,43.874107],[26.019577,43.874957],[26.019292,43.875385],[26.019136,43.87557],[26.017461,43.877295],[26.014443,43.880233],[26.013165,43.881512],[26.011778,43.882804],[26.006627,43.887972],[26.001413,43.893276],[26.000631,43.893992],[25.999308,43.895335],[25.997233,43.897359],[25.996675,43.897815],[25.996186,43.89816],[25.994279,43.899342],[25.983409,43.906236],[25.977591,43.909958],[25.976089,43.91082],[25.975476,43.911112],[25.974852,43.911337],[25.973907,43.911576],[25.968464,43.912603],[25.967518,43.912817],[25.966831,43.913063],[25.966367,43.913293],[25.965755,43.9137],[25.965276,43.914165],[25.964651,43.914984],[25.964484,43.915337],[25.964363,43.915699],[25.96429,43.91624],[25.964297,43.91649],[25.964641,43.919166],[25.964637,43.919569]]}}]}