{"type":"FeatureCollection","features":[{"type":"Feature","properties":{"lines":"3, 4, 30, 9, 21, 29","arr":["А3","А4","А30","Т9","Т21","Т29"],"mode":"bus","angle":38.3,"l0":"3, ","c0":"#52ac3c","l1":"4, ","c1":"#4d4aba","l2":"30, ","c2":"#cf8a11","l3":"9, ","c3":"#095d97","l4":"21, ","c4":"#b0045c","l5":"29","c5":"#5a5d02"},"geometry":{"type":"Point","coordinates":[25.976032,43.832569]}},{"type":"Feature","properties":{"lines":"3, 4, 10, 9, 21, 29","arr":["А3","А4","А10","Т9","Т21","Т29"],"mode":"bus","angle":-39.9,"l0":"3, ","c0":"#52ac3c","l1":"4, ","c1":"#4d4aba","l2":"10, ","c2":"#a72d06","l3":"9, ","c3":"#095d97","l4":"21, ","c4":"#b0045c","l5":"29","c5":"#5a5d02"},"geometry":{"type":"Point","coordinates":[25.973396,43.832391]}},{"type":"Feature","properties":{"lines":"3, 4, 8, 23, 28, 13, 24, 27","arr":["А3","А4","А8","А23","А28","Т13","Т24","Т27"],"mode":"bus","angle":-47.1,"l0":"3, ","c0":"#52ac3c","l1":"4, ","c1":"#4d4aba","l2":"8, ","c2":"#b59607","l3":"23, ","c3":"#e16cd6","l4":"28, ","c4":"#119efc","l5":"13, ","c5":"#19a9a8","l6":"24, ","c6":"#076734","l7":"27","c7":"#ff627e"},"geometry":{"type":"Point","coordinates":[25.971022,43.830413]}},{"type":"Feature","properties":{"lines":"3, 23","arr":["А3","А23"],"mode":"bus","angle":-27.5,"l0":"3, ","c0":"#52ac3c","l1":"23","c1":"#e16cd6"},"geometry":{"type":"Point","coordinates":[25.966879,43.828499]}},{"type":"Feature","properties":{"lines":"3, 23","arr":["А3","А23"],"mode":"bus","angle":-29.8,"extra":1,"ei":0,"l0":"3, ","c0":"#52ac3c","l1":"23","c1":"#e16cd6"},"geometry":{"type":"Point","coordinates":[25.96875,43.829201]}},{"type":"Feature","properties":{"lines":"3, 23","arr":["А3","А23"],"mode":"bus","angle":-24.4,"extra":1,"ei":1,"l0":"3, ","c0":"#52ac3c","l1":"23","c1":"#e16cd6"},"geometry":{"type":"Point","coordinates":[25.964059,43.827527]}},{"type":"Feature","properties":{"lines":"3, 11, 18, 23","arr":["А3","А11","А18","А23"],"mode":"bus","angle":42.3,"l0":"3, ","c0":"#52ac3c","l1":"11, ","c1":"#b0045c","l2":"18, ","c2":"#8e4604","l3":"23","c3":"#e16cd6"},"geometry":{"type":"Point","coordinates":[25.958781,43.831]}},{"type":"Feature","properties":{"lines":"3, 18, 23","arr":["А3","А18","А23"],"mode":"bus","angle":47.8,"l0":"3, ","c0":"#52ac3c","l1":"18, ","c1":"#8e4604","l2":"23","c2":"#e16cd6"},"geometry":{"type":"Point","coordinates":[25.96225,43.828667]}},{"type":"Feature","properties":{"lines":"3, 18, 23","arr":["А3","А18","А23"],"mode":"bus","angle":48,"extra":1,"ei":0,"l0":"3, ","c0":"#52ac3c","l1":"18, ","c1":"#8e4604","l2":"23","c2":"#e16cd6"},"geometry":{"type":"Point","coordinates":[25.963349,43.827793]}},{"type":"Feature","properties":{"lines":"18","arr":["А18"],"mode":"bus","angle":48.5,"l0":"18","c0":"#8e4604"},"geometry":{"type":"Point","coordinates":[25.965487,43.82608]}},{"type":"Feature","properties":{"lines":"4, 18, 23, 28, 27","arr":["А4","А18","А23","А28","Т27"],"mode":"bus","angle":53.2,"mi":3,"l0":"4, ","c0":"#4d4aba","l1":"18, ","c1":"#8e4604","l2":"23, ","c2":"#e16cd6","l3":"28, ","c3":"#119efc","l4":"27","c4":"#ff627e"},"geometry":{"type":"Point","coordinates":[25.969452,43.822625]}},{"type":"Feature","properties":{"lines":"4, 18, 23, 28, 27","arr":["А4","А18","А23","А28","Т27"],"mode":"bus","angle":50.9,"extra":1,"ei":0,"l0":"4, ","c0":"#4d4aba","l1":"18, ","c1":"#8e4604","l2":"23, ","c2":"#e16cd6","l3":"28, ","c3":"#119efc","l4":"27","c4":"#ff627e"},"geometry":{"type":"Point","coordinates":[25.968008,43.823982]}},{"type":"Feature","properties":{"lines":"4, 18, 23, 28, 27","arr":["А4","А18","А23","А28","Т27"],"mode":"bus","angle":52.8,"extra":1,"ei":1,"l0":"4, ","c0":"#4d4aba","l1":"18, ","c1":"#8e4604","l2":"23, ","c2":"#e16cd6","l3":"28, ","c3":"#119efc","l4":"27","c4":"#ff627e"},"geometry":{"type":"Point","coordinates":[25.9712,43.820989]}},{"type":"Feature","properties":{"lines":"3, 11, 18","arr":["А3","А11","А18"],"mode":"bus","angle":-28,"mi":2,"l0":"3, ","c0":"#52ac3c","l1":"11, ","c1":"#b0045c","l2":"18","c2":"#8e4604"},"geometry":{"type":"Point","coordinates":[25.958565,43.832953]}},{"type":"Feature","properties":{"lines":"3, 11, 18","arr":["А3","А11","А18"],"mode":"bus","angle":-26,"side":-1,"extra":1,"ei":0,"l0":"3, ","c0":"#52ac3c","l1":"11, ","c1":"#b0045c","l2":"18","c2":"#8e4604"},"geometry":{"type":"Point","coordinates":[25.960465,43.833466]}},{"type":"Feature","properties":{"lines":"3, 11, 18","arr":["А3","А11","А18"],"mode":"bus","angle":-24.2,"side":-1,"extra":1,"ei":1,"l0":"3, ","c0":"#52ac3c","l1":"11, ","c1":"#b0045c","l2":"18","c2":"#8e4604"},"geometry":{"type":"Point","coordinates":[25.962839,43.834262]}},{"type":"Feature","properties":{"lines":"3, 11, 18","arr":["А3","А11","А18"],"mode":"bus","angle":-41.6,"side":-1,"extra":1,"ei":2,"l0":"3, ","c0":"#52ac3c","l1":"11, ","c1":"#b0045c","l2":"18","c2":"#8e4604"},"geometry":{"type":"Point","coordinates":[25.9651,43.835195]}},{"type":"Feature","properties":{"lines":"3, 11, 18","arr":["А3","А11","А18"],"mode":"bus","angle":-27.2,"extra":1,"ei":0,"l0":"3, ","c0":"#52ac3c","l1":"11, ","c1":"#b0045c","l2":"18","c2":"#8e4604"},"geometry":{"type":"Point","coordinates":[25.955499,43.831753]}},{"type":"Feature","properties":{"lines":"3, 11, 18","arr":["А3","А11","А18"],"mode":"bus","angle":-27.7,"extra":1,"ei":1,"l0":"3, ","c0":"#52ac3c","l1":"11, ","c1":"#b0045c","l2":"18","c2":"#8e4604"},"geometry":{"type":"Point","coordinates":[25.953168,43.830892]}},{"type":"Feature","properties":{"lines":"3, 11, 18","arr":["А3","А11","А18"],"mode":"bus","angle":87.8,"mi":1,"l0":"3, ","c0":"#52ac3c","l1":"11, ","c1":"#b0045c","l2":"18","c2":"#8e4604"},"geometry":{"type":"Point","coordinates":[25.967133,43.836101]}},{"type":"Feature","properties":{"lines":"3, 11, 18","arr":["А3","А11","А18"],"mode":"bus","angle":-18.8,"l0":"3, ","c0":"#52ac3c","l1":"11, ","c1":"#b0045c","l2":"18","c2":"#8e4604"},"geometry":{"type":"Point","coordinates":[25.966068,43.836989]}},{"type":"Feature","properties":{"lines":"3, 11, 18","arr":["А3","А11","А18"],"mode":"bus","angle":51.9,"side":-1,"l0":"3, ","c0":"#52ac3c","l1":"11, ","c1":"#b0045c","l2":"18","c2":"#8e4604"},"geometry":{"type":"Point","coordinates":[25.947327,43.827922]}},{"type":"Feature","properties":{"lines":"8, 10, 23, 28, 33, 9, 13, 21, 24, 27, 29","arr":["А8","А10","А23","А28","А33","Т9","Т13","Т21","Т24","Т27","Т29"],"mode":"bus","angle":43.1,"mi":1,"l0":"8, ","c0":"#b59607","l1":"10, ","c1":"#a72d06","l2":"23, ","c2":"#e16cd6","l3":"28, ","c3":"#119efc","l4":"33, ","c4":"#4d4aba","l5":"9, ","c5":"#095d97","l6":"13, ","c6":"#19a9a8","l7":"21, ","c7":"#b0045c","l8":"24, ","c8":"#076734","l9":"27, ","c9":"#ff627e","l10":"29","c10":"#5a5d02"},"geometry":{"type":"Point","coordinates":[25.962949,43.837499]}},{"type":"Feature","properties":{"lines":"8, 10, 23, 28, 33, 9, 13, 21, 24, 27, 29","arr":["А8","А10","А23","А28","А33","Т9","Т13","Т21","Т24","Т27","Т29"],"mode":"bus","angle":41.1,"mi":2,"l0":"8, ","c0":"#b59607","l1":"10, ","c1":"#a72d06","l2":"23, ","c2":"#e16cd6","l3":"28, ","c3":"#119efc","l4":"33, ","c4":"#4d4aba","l5":"9, ","c5":"#095d97","l6":"13, ","c6":"#19a9a8","l7":"21, ","c7":"#b0045c","l8":"24, ","c8":"#076734","l9":"27, ","c9":"#ff627e","l10":"29","c10":"#5a5d02"},"geometry":{"type":"Point","coordinates":[25.970786,43.832219]}},{"type":"Feature","properties":{"lines":"8, 10, 23, 28, 33, 9, 13, 21, 24, 27, 29","arr":["А8","А10","А23","А28","А33","Т9","Т13","Т21","Т24","Т27","Т29"],"mode":"bus","angle":42.7,"l0":"8, ","c0":"#b59607","l1":"10, ","c1":"#a72d06","l2":"23, ","c2":"#e16cd6","l3":"28, ","c3":"#119efc","l4":"33, ","c4":"#4d4aba","l5":"9, ","c5":"#095d97","l6":"13, ","c6":"#19a9a8","l7":"21, ","c7":"#b0045c","l8":"24, ","c8":"#076734","l9":"27, ","c9":"#ff627e","l10":"29","c10":"#5a5d02"},"geometry":{"type":"Point","coordinates":[25.96681,43.834903]}},{"type":"Feature","properties":{"lines":"8, 10, 23, 28, 33, 9, 13, 21, 24, 27, 29","arr":["А8","А10","А23","А28","А33","Т9","Т13","Т21","Т24","Т27","Т29"],"mode":"bus","angle":43.1,"extra":1,"ei":0,"l0":"8, ","c0":"#b59607","l1":"10, ","c1":"#a72d06","l2":"23, ","c2":"#e16cd6","l3":"28, ","c3":"#119efc","l4":"33, ","c4":"#4d4aba","l5":"9, ","c5":"#095d97","l6":"13, ","c6":"#19a9a8","l7":"21, ","c7":"#b0045c","l8":"24, ","c8":"#076734","l9":"27, ","c9":"#ff627e","l10":"29","c10":"#5a5d02"},"geometry":{"type":"Point","coordinates":[25.964553,43.836417]}},{"type":"Feature","properties":{"lines":"8, 10, 23, 28, 33, 9, 13, 21, 24, 27, 29","arr":["А8","А10","А23","А28","А33","Т9","Т13","Т21","Т24","Т27","Т29"],"mode":"bus","angle":48.6,"extra":1,"ei":1,"l0":"8, ","c0":"#b59607","l1":"10, ","c1":"#a72d06","l2":"23, ","c2":"#e16cd6","l3":"28, ","c3":"#119efc","l4":"33, ","c4":"#4d4aba","l5":"9, ","c5":"#095d97","l6":"13, ","c6":"#19a9a8","l7":"21, ","c7":"#b0045c","l8":"24, ","c8":"#076734","l9":"27, ","c9":"#ff627e","l10":"29","c10":"#5a5d02"},"geometry":{"type":"Point","coordinates":[25.960828,43.839069]}},{"type":"Feature","properties":{"lines":"3, 11, 15, 18","arr":["А3","А11","А15","А18"],"mode":"bus","angle":-37.8,"l0":"3, ","c0":"#52ac3c","l1":"11, ","c1":"#b0045c","l2":"15, ","c2":"#03636c","l3":"18","c3":"#8e4604"},"geometry":{"type":"Point","coordinates":[25.949289,43.829149]}},{"type":"Feature","properties":{"lines":"3, 11, 15, 18","arr":["А3","А11","А15","А18"],"mode":"bus","angle":-51.6,"mi":1,"l0":"3, ","c0":"#52ac3c","l1":"11, ","c1":"#b0045c","l2":"15, ","c2":"#03636c","l3":"18","c3":"#8e4604"},"geometry":{"type":"Point","coordinates":[25.950174,43.828684]}},{"type":"Feature","properties":{"lines":"3, 11, 15, 18","arr":["А3","А11","А15","А18"],"mode":"bus","angle":-60.6,"side":-1,"mi":2,"l0":"3, ","c0":"#52ac3c","l1":"11, ","c1":"#b0045c","l2":"15, ","c2":"#03636c","l3":"18","c3":"#8e4604"},"geometry":{"type":"Point","coordinates":[25.949842,43.8304]}},{"type":"Feature","properties":{"lines":"3, 5, 11, 15, 18","arr":["А3","А5","А11","А15","А18"],"mode":"bus","angle":-32.1,"side":-1,"l0":"3, ","c0":"#52ac3c","l1":"5, ","c1":"#119efc","l2":"11, ","c2":"#b0045c","l3":"15, ","c3":"#03636c","l4":"18","c4":"#8e4604"},"geometry":{"type":"Point","coordinates":[25.953277,43.832711]}},{"type":"Feature","properties":{"lines":"3, 5, 18","arr":["А3","А5","А18"],"mode":"bus","angle":51.4,"l0":"3, ","c0":"#52ac3c","l1":"5, ","c1":"#119efc","l2":"18","c2":"#8e4604"},"geometry":{"type":"Point","coordinates":[25.953224,43.835678]}},{"type":"Feature","properties":{"lines":"3, 5, 6, 8, 16, 18, 19, 50, 2, 9, 24","arr":["А3","А5","А6","А8","А16","А18","А19","А50","Т2","Т9","Т24"],"mode":"bus","angle":54.2,"l0":"3, ","c0":"#52ac3c","l1":"5, ","c1":"#119efc","l2":"6, ","c2":"#7b3aa8","l3":"8, ","c3":"#b59607","l4":"16, ","c4":"#f57145","l5":"18, ","c5":"#8e4604","l6":"19, ","c6":"#19a9a8","l7":"50, ","c7":"#ff5e9b","l8":"2, ","c8":"#c17aef","l9":"9, ","c9":"#095d97","l10":"24","c10":"#076734"},"geometry":{"type":"Point","coordinates":[25.951133,43.837671]}},{"type":"Feature","properties":{"lines":"3, 5, 6, 8, 16, 18, 19, 20, 50, 2, 9, 24","arr":["А3","А5","А6","А8","А16","А18","А19","А20","А50","Т2","Т9","Т24"],"mode":"bus","angle":51.4,"l0":"3, ","c0":"#52ac3c","l1":"5, ","c1":"#119efc","l2":"6, ","c2":"#7b3aa8","l3":"8, ","c3":"#b59607","l4":"16, ","c4":"#f57145","l5":"18, ","c5":"#8e4604","l6":"19, ","c6":"#19a9a8","l7":"20, ","c7":"#02af5a","l8":"50, ","c8":"#ff5e9b","l9":"2, ","c9":"#c17aef","l10":"9, ","c10":"#095d97","l11":"24","c11":"#076734"},"geometry":{"type":"Point","coordinates":[25.950575,43.838207]}},{"type":"Feature","properties":{"lines":"3, 8","arr":["А3","А8"],"mode":"bus","angle":-31.4,"l0":"3, ","c0":"#52ac3c","l1":"8","c1":"#b59607"},"geometry":{"type":"Point","coordinates":[25.949716,43.83816]}},{"type":"Feature","properties":{"lines":"5, 6, 16, 19, 20, 50, 2, 9, 24","arr":["А5","А6","А16","А19","А20","А50","Т2","Т9","Т24"],"mode":"bus","angle":77.2,"mi":3,"l0":"5, ","c0":"#119efc","l1":"6, ","c1":"#7b3aa8","l2":"16, ","c2":"#f57145","l3":"19, ","c3":"#19a9a8","l4":"20, ","c4":"#02af5a","l5":"50, ","c5":"#ff5e9b","l6":"2, ","c6":"#c17aef","l7":"9, ","c7":"#095d97","l8":"24","c8":"#076734"},"geometry":{"type":"Point","coordinates":[25.948701,43.839074]}},{"type":"Feature","properties":{"lines":"3, 5, 6, 8, 16, 19, 50, 2, 9, 24","arr":["А3","А5","А6","А8","А16","А19","А50","Т2","Т9","Т24"],"mode":"bus","angle":79.3,"l0":"3, ","c0":"#52ac3c","l1":"5, ","c1":"#119efc","l2":"6, ","c2":"#7b3aa8","l3":"8, ","c3":"#b59607","l4":"16, ","c4":"#f57145","l5":"19, ","c5":"#19a9a8","l6":"50, ","c6":"#ff5e9b","l7":"2, ","c7":"#c17aef","l8":"9, ","c8":"#095d97","l9":"24","c9":"#076734"},"geometry":{"type":"Point","coordinates":[25.949212,43.83744]}},{"type":"Feature","properties":{"lines":"5","arr":["А5"],"mode":"bus","angle":85.9,"l0":"5","c0":"#119efc"},"geometry":{"type":"Point","coordinates":[25.95008,43.834496]}},{"type":"Feature","properties":{"lines":"5","arr":["А5"],"mode":"bus","angle":74.8,"extra":1,"ei":0,"l0":"5","c0":"#119efc"},"geometry":{"type":"Point","coordinates":[25.949617,43.836273]}},{"type":"Feature","properties":{"lines":"5","arr":["А5"],"mode":"bus","angle":84.7,"extra":1,"ei":1,"l0":"5","c0":"#119efc"},"geometry":{"type":"Point","coordinates":[25.950302,43.832536]}},{"type":"Feature","properties":{"lines":"3, 6, 8, 16, 19, 50, 2, 9, 24","arr":["А3","А6","А8","А16","А19","А50","Т2","Т9","Т24"],"mode":"bus","angle":-56.3,"l0":"3, ","c0":"#52ac3c","l1":"6, ","c1":"#7b3aa8","l2":"8, ","c2":"#b59607","l3":"16, ","c3":"#f57145","l4":"19, ","c4":"#19a9a8","l5":"50, ","c5":"#ff5e9b","l6":"2, ","c6":"#c17aef","l7":"9, ","c7":"#095d97","l8":"24","c8":"#076734"},"geometry":{"type":"Point","coordinates":[25.949214,43.836995]}},{"type":"Feature","properties":{"lines":"6, 8, 16, 19, 50, 2, 9, 24","arr":["А6","А8","А16","А19","А50","Т2","Т9","Т24"],"mode":"bus","angle":-13,"l0":"6, ","c0":"#7b3aa8","l1":"8, ","c1":"#b59607","l2":"16, ","c2":"#f57145","l3":"19, ","c3":"#19a9a8","l4":"50, ","c4":"#ff5e9b","l5":"2, ","c5":"#c17aef","l6":"9, ","c6":"#095d97","l7":"24","c7":"#076734"},"geometry":{"type":"Point","coordinates":[25.950274,43.837064]}},{"type":"Feature","properties":{"lines":"3, 6, 8, 16, 19, 50, 2, 9, 24","arr":["А3","А6","А8","А16","А19","А50","Т2","Т9","Т24"],"mode":"bus","angle":-14.4,"mi":1,"l0":"3, ","c0":"#52ac3c","l1":"6, ","c1":"#7b3aa8","l2":"8, ","c2":"#b59607","l3":"16, ","c3":"#f57145","l4":"19, ","c4":"#19a9a8","l5":"50, ","c5":"#ff5e9b","l6":"2, ","c6":"#c17aef","l7":"9, ","c7":"#095d97","l8":"24","c8":"#076734"},"geometry":{"type":"Point","coordinates":[25.947976,43.836768]}},{"type":"Feature","properties":{"lines":"3, 6, 16, 19, 2, 9, 24","arr":["А3","А6","А16","А19","Т2","Т9","Т24"],"mode":"bus","angle":-28.1,"l0":"3, ","c0":"#52ac3c","l1":"6, ","c1":"#7b3aa8","l2":"16, ","c2":"#f57145","l3":"19, ","c3":"#19a9a8","l4":"2, ","c4":"#c17aef","l5":"9, ","c5":"#095d97","l6":"24","c6":"#076734"},"geometry":{"type":"Point","coordinates":[25.945164,43.835771]}},{"type":"Feature","properties":{"lines":"3, 6, 16, 19, 2, 9, 24","arr":["А3","А6","А16","А19","Т2","Т9","Т24"],"mode":"bus","angle":-30.2,"extra":1,"ei":0,"l0":"3, ","c0":"#52ac3c","l1":"6, ","c1":"#7b3aa8","l2":"16, ","c2":"#f57145","l3":"19, ","c3":"#19a9a8","l4":"2, ","c4":"#c17aef","l5":"9, ","c5":"#095d97","l6":"24","c6":"#076734"},"geometry":{"type":"Point","coordinates":[25.943557,43.835147]}},{"type":"Feature","properties":{"lines":"3, 6, 16, 19, 2, 9, 24","arr":["А3","А6","А16","А19","Т2","Т9","Т24"],"mode":"bus","angle":-57.2,"mi":1,"l0":"3, ","c0":"#52ac3c","l1":"6, ","c1":"#7b3aa8","l2":"16, ","c2":"#f57145","l3":"19, ","c3":"#19a9a8","l4":"2, ","c4":"#c17aef","l5":"9, ","c5":"#095d97","l6":"24","c6":"#076734"},"geometry":{"type":"Point","coordinates":[25.937294,43.828842]}},{"type":"Feature","properties":{"lines":"3, 6, 16, 19, 2, 9, 24","arr":["А3","А6","А16","А19","Т2","Т9","Т24"],"mode":"bus","angle":-46.9,"extra":1,"ei":0,"l0":"3, ","c0":"#52ac3c","l1":"6, ","c1":"#7b3aa8","l2":"16, ","c2":"#f57145","l3":"19, ","c3":"#19a9a8","l4":"2, ","c4":"#c17aef","l5":"9, ","c5":"#095d97","l6":"24","c6":"#076734"},"geometry":{"type":"Point","coordinates":[25.942396,43.834379]}},{"type":"Feature","properties":{"lines":"3, 6, 16, 19, 2, 9, 24","arr":["А3","А6","А16","А19","Т2","Т9","Т24"],"mode":"bus","angle":-48.9,"extra":1,"ei":1,"l0":"3, ","c0":"#52ac3c","l1":"6, ","c1":"#7b3aa8","l2":"16, ","c2":"#f57145","l3":"19, ","c3":"#19a9a8","l4":"2, ","c4":"#c17aef","l5":"9, ","c5":"#095d97","l6":"24","c6":"#076734"},"geometry":{"type":"Point","coordinates":[25.940689,43.832948]}},{"type":"Feature","properties":{"lines":"3, 6, 16, 19, 2, 9, 24","arr":["А3","А6","А16","А19","Т2","Т9","Т24"],"mode":"bus","angle":-60.9,"extra":1,"ei":2,"l0":"3, ","c0":"#52ac3c","l1":"6, ","c1":"#7b3aa8","l2":"16, ","c2":"#f57145","l3":"19, ","c3":"#19a9a8","l4":"2, ","c4":"#c17aef","l5":"9, ","c5":"#095d97","l6":"24","c6":"#076734"},"geometry":{"type":"Point","coordinates":[25.939139,43.831432]}},{"type":"Feature","properties":{"lines":"3, 6, 16, 19, 2, 9, 24","arr":["А3","А6","А16","А19","Т2","Т9","Т24"],"mode":"bus","angle":-68.4,"extra":1,"ei":3,"l0":"3, ","c0":"#52ac3c","l1":"6, ","c1":"#7b3aa8","l2":"16, ","c2":"#f57145","l3":"19, ","c3":"#19a9a8","l4":"2, ","c4":"#c17aef","l5":"9, ","c5":"#095d97","l6":"24","c6":"#076734"},"geometry":{"type":"Point","coordinates":[25.935514,43.826434]}},{"type":"Feature","properties":{"lines":"3, 6, 16, 19, 2, 9, 24","arr":["А3","А6","А16","А19","Т2","Т9","Т24"],"mode":"bus","angle":-62.7,"extra":1,"ei":4,"l0":"3, ","c0":"#52ac3c","l1":"6, ","c1":"#7b3aa8","l2":"16, ","c2":"#f57145","l3":"19, ","c3":"#19a9a8","l4":"2, ","c4":"#c17aef","l5":"9, ","c5":"#095d97","l6":"24","c6":"#076734"},"geometry":{"type":"Point","coordinates":[25.93434,43.824747]}},{"type":"Feature","properties":{"lines":"3, 6, 16, 19, 2, 9, 24","arr":["А3","А6","А16","А19","Т2","Т9","Т24"],"mode":"bus","angle":-62.7,"extra":1,"ei":5,"l0":"3, ","c0":"#52ac3c","l1":"6, ","c1":"#7b3aa8","l2":"16, ","c2":"#f57145","l3":"19, ","c3":"#19a9a8","l4":"2, ","c4":"#c17aef","l5":"9, ","c5":"#095d97","l6":"24","c6":"#076734"},"geometry":{"type":"Point","coordinates":[25.933141,43.823068]}},{"type":"Feature","properties":{"lines":"3, 6, 16, 19","arr":["А3","А6","А16","А19"],"mode":"bus","angle":-65.5,"mi":3,"l0":"3, ","c0":"#52ac3c","l1":"6, ","c1":"#7b3aa8","l2":"16, ","c2":"#f57145","l3":"19","c3":"#19a9a8"},"geometry":{"type":"Point","coordinates":[25.93144,43.820896]}},{"type":"Feature","properties":{"lines":"3, 6, 16, 19","arr":["А3","А6","А16","А19"],"mode":"bus","angle":-71.2,"l0":"3, ","c0":"#52ac3c","l1":"6, ","c1":"#7b3aa8","l2":"16, ","c2":"#f57145","l3":"19","c3":"#19a9a8"},"geometry":{"type":"Point","coordinates":[25.930282,43.818256]}},{"type":"Feature","properties":{"lines":"3, 6, 16, 19","arr":["А3","А6","А16","А19"],"mode":"bus","angle":43.2,"side":-1,"mi":2,"l0":"3, ","c0":"#52ac3c","l1":"6, ","c1":"#7b3aa8","l2":"16, ","c2":"#f57145","l3":"19","c3":"#19a9a8"},"geometry":{"type":"Point","coordinates":[25.928373,43.814642]}},{"type":"Feature","properties":{"lines":"3, 6, 16, 19","arr":["А3","А6","А16","А19"],"mode":"bus","angle":-71.6,"mi":1,"l0":"3, ","c0":"#52ac3c","l1":"6, ","c1":"#7b3aa8","l2":"16, ","c2":"#f57145","l3":"19","c3":"#19a9a8"},"geometry":{"type":"Point","coordinates":[25.929026,43.815629]}},{"type":"Feature","properties":{"lines":"6, 16, 19","arr":["А6","А16","А19"],"mode":"bus","angle":-71.8,"l0":"6, ","c0":"#7b3aa8","l1":"16, ","c1":"#f57145","l2":"19","c2":"#19a9a8"},"geometry":{"type":"Point","coordinates":[25.929664,43.815981]}},{"type":"Feature","properties":{"lines":"6, 16, 19","arr":["А6","А16","А19"],"mode":"bus","angle":-72,"extra":1,"ei":0,"l0":"6, ","c0":"#7b3aa8","l1":"16, ","c1":"#f57145","l2":"19","c2":"#19a9a8"},"geometry":{"type":"Point","coordinates":[25.928043,43.813391]}},{"type":"Feature","properties":{"lines":"6, 16, 19","arr":["А6","А16","А19"],"mode":"bus","angle":-53.4,"extra":1,"ei":0,"l0":"6, ","c0":"#7b3aa8","l1":"16, ","c1":"#f57145","l2":"19","c2":"#19a9a8"},"geometry":{"type":"Point","coordinates":[25.930769,43.817538]}},{"type":"Feature","properties":{"lines":"6, 16","arr":["А6","А16"],"mode":"bus","angle":-72.2,"l0":"6, ","c0":"#7b3aa8","l1":"16","c1":"#f57145"},"geometry":{"type":"Point","coordinates":[25.921225,43.80482]}},{"type":"Feature","properties":{"lines":"6, 16","arr":["А6","А16"],"mode":"bus","angle":-70.8,"extra":1,"ei":0,"l0":"6, ","c0":"#7b3aa8","l1":"16","c1":"#f57145"},"geometry":{"type":"Point","coordinates":[25.927539,43.812315]}},{"type":"Feature","properties":{"lines":"6, 16","arr":["А6","А16"],"mode":"bus","angle":-54.7,"extra":1,"ei":1,"l0":"6, ","c0":"#7b3aa8","l1":"16","c1":"#f57145"},"geometry":{"type":"Point","coordinates":[25.926271,43.810677]}},{"type":"Feature","properties":{"lines":"6, 16","arr":["А6","А16"],"mode":"bus","angle":-51.8,"extra":1,"ei":2,"l0":"6, ","c0":"#7b3aa8","l1":"16","c1":"#f57145"},"geometry":{"type":"Point","coordinates":[25.924671,43.809183]}},{"type":"Feature","properties":{"lines":"6, 16","arr":["А6","А16"],"mode":"bus","angle":-55.8,"extra":1,"ei":3,"l0":"6, ","c0":"#7b3aa8","l1":"16","c1":"#f57145"},"geometry":{"type":"Point","coordinates":[25.923068,43.80769]}},{"type":"Feature","properties":{"lines":"6, 16","arr":["А6","А16"],"mode":"bus","angle":-66.4,"extra":1,"ei":4,"l0":"6, ","c0":"#7b3aa8","l1":"16","c1":"#f57145"},"geometry":{"type":"Point","coordinates":[25.921829,43.806032]}},{"type":"Feature","properties":{"lines":"6, 16","arr":["А6","А16"],"mode":"bus","angle":-73.4,"extra":1,"ei":5,"l0":"6, ","c0":"#7b3aa8","l1":"16","c1":"#f57145"},"geometry":{"type":"Point","coordinates":[25.920228,43.802439]}},{"type":"Feature","properties":{"lines":"6, 16","arr":["А6","А16"],"mode":"bus","angle":-73.2,"extra":1,"ei":6,"l0":"6, ","c0":"#7b3aa8","l1":"16","c1":"#f57145"},"geometry":{"type":"Point","coordinates":[25.919471,43.800631]}},{"type":"Feature","properties":{"lines":"6, 16","arr":["А6","А16"],"mode":"bus","angle":-70.3,"extra":1,"ei":7,"l0":"6, ","c0":"#7b3aa8","l1":"16","c1":"#f57145"},"geometry":{"type":"Point","coordinates":[25.918651,43.798838]}},{"type":"Feature","properties":{"lines":"6, 16","arr":["А6","А16"],"mode":"bus","angle":-68.2,"extra":1,"ei":8,"l0":"6, ","c0":"#7b3aa8","l1":"16","c1":"#f57145"},"geometry":{"type":"Point","coordinates":[25.91767,43.797087]}},{"type":"Feature","properties":{"lines":"4, 18, 23, 28, 27","arr":["А4","А18","А23","А28","Т27"],"mode":"bus","angle":-35.4,"mi":1,"l0":"4, ","c0":"#4d4aba","l1":"18, ","c1":"#8e4604","l2":"23, ","c2":"#e16cd6","l3":"28, ","c3":"#119efc","l4":"27","c4":"#ff627e"},"geometry":{"type":"Point","coordinates":[25.973816,43.823388]}},{"type":"Feature","properties":{"lines":"4, 18, 23, 28, 27","arr":["А4","А18","А23","А28","Т27"],"mode":"bus","angle":55,"l0":"4, ","c0":"#4d4aba","l1":"18, ","c1":"#8e4604","l2":"23, ","c2":"#e16cd6","l3":"28, ","c3":"#119efc","l4":"27","c4":"#ff627e"},"geometry":{"type":"Point","coordinates":[25.973914,43.822579]}},{"type":"Feature","properties":{"lines":"4, 18, 23, 28, 27","arr":["А4","А18","А23","А28","Т27"],"mode":"bus","angle":-38.4,"mi":2,"l0":"4, ","c0":"#4d4aba","l1":"18, ","c1":"#8e4604","l2":"23, ","c2":"#e16cd6","l3":"28, ","c3":"#119efc","l4":"27","c4":"#ff627e"},"geometry":{"type":"Point","coordinates":[25.973342,43.821305]}},{"type":"Feature","properties":{"lines":"4, 23, 28, 27","arr":["А4","А23","А28","Т27"],"mode":"bus","angle":-30.8,"l0":"4, ","c0":"#4d4aba","l1":"23, ","c1":"#e16cd6","l2":"28, ","c2":"#119efc","l3":"27","c3":"#ff627e"},"geometry":{"type":"Point","coordinates":[25.967632,43.824912]}},{"type":"Feature","properties":{"lines":"4, 23, 28, 13, 24, 27","arr":["А4","А23","А28","Т13","Т24","Т27"],"mode":"bus","angle":-16.6,"l0":"4, ","c0":"#4d4aba","l1":"23, ","c1":"#e16cd6","l2":"28, ","c2":"#119efc","l3":"13, ","c3":"#19a9a8","l4":"24, ","c4":"#076734","l5":"27","c5":"#ff627e"},"geometry":{"type":"Point","coordinates":[25.969456,43.825502]}},{"type":"Feature","properties":{"lines":"4, 8, 23, 28, 13, 24, 27","arr":["А4","А8","А23","А28","Т13","Т24","Т27"],"mode":"bus","angle":66.3,"l0":"4, ","c0":"#4d4aba","l1":"8, ","c1":"#b59607","l2":"23, ","c2":"#e16cd6","l3":"28, ","c3":"#119efc","l4":"13, ","c4":"#19a9a8","l5":"24, ","c5":"#076734","l6":"27","c6":"#ff627e"},"geometry":{"type":"Point","coordinates":[25.971916,43.82778]}},{"type":"Feature","properties":{"lines":"4, 8, 23, 28, 13, 24, 27","arr":["А4","А8","А23","А28","Т13","Т24","Т27"],"mode":"bus","angle":-72,"extra":1,"ei":0,"l0":"4, ","c0":"#4d4aba","l1":"8, ","c1":"#b59607","l2":"23, ","c2":"#e16cd6","l3":"28, ","c3":"#119efc","l4":"13, ","c4":"#19a9a8","l5":"24, ","c5":"#076734","l6":"27","c6":"#ff627e"},"geometry":{"type":"Point","coordinates":[25.971842,43.826339]}},{"type":"Feature","properties":{"lines":"4, 8, 23, 28, 13, 24, 27","arr":["А4","А8","А23","А28","Т13","Т24","Т27"],"mode":"bus","angle":51.5,"extra":1,"ei":1,"l0":"4, ","c0":"#4d4aba","l1":"8, ","c1":"#b59607","l2":"23, ","c2":"#e16cd6","l3":"28, ","c3":"#119efc","l4":"13, ","c4":"#19a9a8","l5":"24, ","c5":"#076734","l6":"27","c6":"#ff627e"},"geometry":{"type":"Point","coordinates":[25.969962,43.829603]}},{"type":"Feature","properties":{"lines":"4, 10, 30","arr":["А4","А10","А30"],"mode":"bus","angle":-89.7,"l0":"4, ","c0":"#4d4aba","l1":"10, ","c1":"#a72d06","l2":"30","c2":"#cf8a11"},"geometry":{"type":"Point","coordinates":[25.973616,43.836532]}},{"type":"Feature","properties":{"lines":"4, 10, 30","arr":["А4","А10","А30"],"mode":"bus","angle":-29.3,"extra":1,"ei":0,"l0":"4, ","c0":"#4d4aba","l1":"10, ","c1":"#a72d06","l2":"30","c2":"#cf8a11"},"geometry":{"type":"Point","coordinates":[25.975639,43.838421]}},{"type":"Feature","properties":{"lines":"4, 10, 30","arr":["А4","А10","А30"],"mode":"bus","angle":87.3,"extra":1,"ei":1,"l0":"4, ","c0":"#4d4aba","l1":"10, ","c1":"#a72d06","l2":"30","c2":"#cf8a11"},"geometry":{"type":"Point","coordinates":[25.973656,43.835301]}},{"type":"Feature","properties":{"lines":"4, 10, 30","arr":["А4","А10","А30"],"mode":"bus","angle":52,"extra":1,"ei":2,"l0":"4, ","c0":"#4d4aba","l1":"10, ","c1":"#a72d06","l2":"30","c2":"#cf8a11"},"geometry":{"type":"Point","coordinates":[25.974642,43.833598]}},{"type":"Feature","properties":{"lines":"4, 10, 30","arr":["А4","А10","А30"],"mode":"bus","angle":28.8,"mi":1,"l0":"4, ","c0":"#4d4aba","l1":"10, ","c1":"#a72d06","l2":"30","c2":"#cf8a11"},"geometry":{"type":"Point","coordinates":[25.976249,43.839099]}},{"type":"Feature","properties":{"lines":"4, 30","arr":["А4","А30"],"mode":"bus","angle":-83.5,"side":-1,"l0":"4, ","c0":"#4d4aba","l1":"30","c1":"#cf8a11"},"geometry":{"type":"Point","coordinates":[25.970299,43.840323]}},{"type":"Feature","properties":{"lines":"4, 30","arr":["А4","А30"],"mode":"bus","angle":17.3,"mi":2,"l0":"4, ","c0":"#4d4aba","l1":"30","c1":"#cf8a11"},"geometry":{"type":"Point","coordinates":[25.974727,43.839692]}},{"type":"Feature","properties":{"lines":"4, 30","arr":["А4","А30"],"mode":"bus","angle":-22.4,"extra":1,"ei":0,"l0":"4, ","c0":"#4d4aba","l1":"30","c1":"#cf8a11"},"geometry":{"type":"Point","coordinates":[25.972374,43.839734]}},{"type":"Feature","properties":{"lines":"4, 30","arr":["А4","А30"],"mode":"bus","angle":9.2,"mi":1,"l0":"4, ","c0":"#4d4aba","l1":"30","c1":"#cf8a11"},"geometry":{"type":"Point","coordinates":[25.969198,43.84038]}},{"type":"Feature","properties":{"lines":"4, 5, 30","arr":["А4","А5","А30"],"mode":"bus","angle":3.9,"l0":"4, ","c0":"#4d4aba","l1":"5, ","c1":"#119efc","l2":"30","c2":"#cf8a11"},"geometry":{"type":"Point","coordinates":[25.966781,43.840966]}},{"type":"Feature","properties":{"lines":"4, 5, 30","arr":["А4","А5","А30"],"mode":"bus","angle":78.3,"mi":1,"l0":"4, ","c0":"#4d4aba","l1":"5, ","c1":"#119efc","l2":"30","c2":"#cf8a11"},"geometry":{"type":"Point","coordinates":[25.965497,43.841414]}},{"type":"Feature","properties":{"lines":"4, 5, 19, 30","arr":["А4","А5","А19","А30"],"mode":"bus","angle":-30.9,"l0":"4, ","c0":"#4d4aba","l1":"5, ","c1":"#119efc","l2":"19, ","c2":"#19a9a8","l3":"30","c3":"#cf8a11"},"geometry":{"type":"Point","coordinates":[25.966691,43.843297]}},{"type":"Feature","properties":{"lines":"4, 5, 19, 30","arr":["А4","А5","А19","А30"],"mode":"bus","angle":-22.8,"mi":1,"l0":"4, ","c0":"#4d4aba","l1":"5, ","c1":"#119efc","l2":"19, ","c2":"#19a9a8","l3":"30","c3":"#cf8a11"},"geometry":{"type":"Point","coordinates":[25.970562,43.844186]}},{"type":"Feature","properties":{"lines":"4, 19","arr":["А4","А19"],"mode":"bus","angle":-57.8,"l0":"4, ","c0":"#4d4aba","l1":"19","c1":"#19a9a8"},"geometry":{"type":"Point","coordinates":[25.976208,43.84636]}},{"type":"Feature","properties":{"lines":"4, 19","arr":["А4","А19"],"mode":"bus","angle":-16.9,"mi":2,"l0":"4, ","c0":"#4d4aba","l1":"19","c1":"#19a9a8"},"geometry":{"type":"Point","coordinates":[25.969988,43.844057]}},{"type":"Feature","properties":{"lines":"4, 19","arr":["А4","А19"],"mode":"bus","angle":-56.4,"extra":1,"ei":0,"l0":"4, ","c0":"#4d4aba","l1":"19","c1":"#19a9a8"},"geometry":{"type":"Point","coordinates":[25.978533,43.849037]}},{"type":"Feature","properties":{"lines":"4, 19","arr":["А4","А19"],"mode":"bus","angle":-56.8,"extra":1,"ei":1,"l0":"4, ","c0":"#4d4aba","l1":"19","c1":"#19a9a8"},"geometry":{"type":"Point","coordinates":[25.977152,43.847436]}},{"type":"Feature","properties":{"lines":"4, 19","arr":["А4","А19"],"mode":"bus","angle":-19.3,"extra":1,"ei":2,"l0":"4, ","c0":"#4d4aba","l1":"19","c1":"#19a9a8"},"geometry":{"type":"Point","coordinates":[25.973566,43.844922]}},{"type":"Feature","properties":{"lines":"4, 19","arr":["А4","А19"],"mode":"bus","angle":80.2,"side":-1,"mi":1,"l0":"4, ","c0":"#4d4aba","l1":"19","c1":"#19a9a8"},"geometry":{"type":"Point","coordinates":[25.979278,43.850029]}},{"type":"Feature","properties":{"lines":"4, 19, 30","arr":["А4","А19","А30"],"mode":"bus","angle":81.1,"l0":"4, ","c0":"#4d4aba","l1":"19, ","c1":"#19a9a8","l2":"30","c2":"#cf8a11"},"geometry":{"type":"Point","coordinates":[25.979364,43.850289]}},{"type":"Feature","properties":{"lines":"4, 16, 18, 19, 20, 30","arr":["А4","А16","А18","А19","А20","А30"],"mode":"bus","angle":81.8,"side":-1,"mi":1,"l0":"4, ","c0":"#4d4aba","l1":"16, ","c1":"#f57145","l2":"18, ","c2":"#8e4604","l3":"19, ","c3":"#19a9a8","l4":"20, ","c4":"#02af5a","l5":"30","c5":"#cf8a11"},"geometry":{"type":"Point","coordinates":[25.978907,43.851794]}},{"type":"Feature","properties":{"lines":"4, 16, 18, 19, 20, 30","arr":["А4","А16","А18","А19","А20","А30"],"mode":"bus","angle":53.7,"side":-1,"l0":"4, ","c0":"#4d4aba","l1":"16, ","c1":"#f57145","l2":"18, ","c2":"#8e4604","l3":"19, ","c3":"#19a9a8","l4":"20, ","c4":"#02af5a","l5":"30","c5":"#cf8a11"},"geometry":{"type":"Point","coordinates":[25.97646,43.856038]}},{"type":"Feature","properties":{"lines":"4, 16, 18, 19, 20, 30","arr":["А4","А16","А18","А19","А20","А30"],"mode":"bus","angle":56.3,"extra":1,"ei":0,"l0":"4, ","c0":"#4d4aba","l1":"16, ","c1":"#f57145","l2":"18, ","c2":"#8e4604","l3":"19, ","c3":"#19a9a8","l4":"20, ","c4":"#02af5a","l5":"30","c5":"#cf8a11"},"geometry":{"type":"Point","coordinates":[25.978265,43.854239]}},{"type":"Feature","properties":{"lines":"4, 16, 18, 19, 20, 30","arr":["А4","А16","А18","А19","А20","А30"],"mode":"bus","angle":54.4,"extra":1,"ei":1,"l0":"4, ","c0":"#4d4aba","l1":"16, ","c1":"#f57145","l2":"18, ","c2":"#8e4604","l3":"19, ","c3":"#19a9a8","l4":"20, ","c4":"#02af5a","l5":"30","c5":"#cf8a11"},"geometry":{"type":"Point","coordinates":[25.975232,43.857312]}},{"type":"Feature","properties":{"lines":"4, 11, 28, 27, 29","arr":["А4","А11","А28","Т27","Т29"],"mode":"bus","angle":-33.7,"mi":1,"l0":"4, ","c0":"#4d4aba","l1":"11, ","c1":"#b0045c","l2":"28, ","c2":"#119efc","l3":"27, ","c3":"#ff627e","l4":"29","c4":"#5a5d02"},"geometry":{"type":"Point","coordinates":[25.977729,43.860585]}},{"type":"Feature","properties":{"lines":"4, 11, 28, 27, 29","arr":["А4","А11","А28","Т27","Т29"],"mode":"bus","angle":-34.7,"extra":1,"ei":0,"l0":"4, ","c0":"#4d4aba","l1":"11, ","c1":"#b0045c","l2":"28, ","c2":"#119efc","l3":"27, ","c3":"#ff627e","l4":"29","c4":"#5a5d02"},"geometry":{"type":"Point","coordinates":[25.974972,43.859232]}},{"type":"Feature","properties":{"lines":"4, 11, 28, 27, 29","arr":["А4","А11","А28","Т27","Т29"],"mode":"bus","angle":-33.4,"extra":1,"ei":1,"l0":"4, ","c0":"#4d4aba","l1":"11, ","c1":"#b0045c","l2":"28, ","c2":"#119efc","l3":"27, ","c3":"#ff627e","l4":"29","c4":"#5a5d02"},"geometry":{"type":"Point","coordinates":[25.979304,43.861354]}},{"type":"Feature","properties":{"lines":"4, 11, 28, 27, 29","arr":["А4","А11","А28","Т27","Т29"],"mode":"bus","angle":-52.3,"side":-1,"extra":1,"ei":2,"l0":"4, ","c0":"#4d4aba","l1":"11, ","c1":"#b0045c","l2":"28, ","c2":"#119efc","l3":"27, ","c3":"#ff627e","l4":"29","c4":"#5a5d02"},"geometry":{"type":"Point","coordinates":[25.981135,43.862685]}},{"type":"Feature","properties":{"lines":"4, 11, 28, 27, 29","arr":["А4","А11","А28","Т27","Т29"],"mode":"bus","angle":-35.9,"mi":2,"l0":"4, ","c0":"#4d4aba","l1":"11, ","c1":"#b0045c","l2":"28, ","c2":"#119efc","l3":"27, ","c3":"#ff627e","l4":"29","c4":"#5a5d02"},"geometry":{"type":"Point","coordinates":[25.986256,43.866002]}},{"type":"Feature","properties":{"lines":"4, 11, 28, 27, 29","arr":["А4","А11","А28","Т27","Т29"],"mode":"bus","angle":-47.8,"side":-1,"extra":1,"ei":0,"l0":"4, ","c0":"#4d4aba","l1":"11, ","c1":"#b0045c","l2":"28, ","c2":"#119efc","l3":"27, ","c3":"#ff627e","l4":"29","c4":"#5a5d02"},"geometry":{"type":"Point","coordinates":[25.982008,43.863505]}},{"type":"Feature","properties":{"lines":"4, 11, 28, 27, 29","arr":["А4","А11","А28","Т27","Т29"],"mode":"bus","angle":-36.6,"side":-1,"extra":1,"ei":1,"l0":"4, ","c0":"#4d4aba","l1":"11, ","c1":"#b0045c","l2":"28, ","c2":"#119efc","l3":"27, ","c3":"#ff627e","l4":"29","c4":"#5a5d02"},"geometry":{"type":"Point","coordinates":[25.984058,43.864675]}},{"type":"Feature","properties":{"lines":"4, 11, 28, 27, 29","arr":["А4","А11","А28","Т27","Т29"],"mode":"bus","angle":-28.5,"side":-1,"extra":1,"ei":2,"l0":"4, ","c0":"#4d4aba","l1":"11, ","c1":"#b0045c","l2":"28, ","c2":"#119efc","l3":"27, ","c3":"#ff627e","l4":"29","c4":"#5a5d02"},"geometry":{"type":"Point","coordinates":[25.988363,43.866818]}},{"type":"Feature","properties":{"lines":"4, 11, 28, 27, 29","arr":["А4","А11","А28","Т27","Т29"],"mode":"bus","angle":-30.2,"side":-1,"extra":1,"ei":3,"l0":"4, ","c0":"#4d4aba","l1":"11, ","c1":"#b0045c","l2":"28, ","c2":"#119efc","l3":"27, ","c3":"#ff627e","l4":"29","c4":"#5a5d02"},"geometry":{"type":"Point","coordinates":[25.990658,43.867727]}},{"type":"Feature","properties":{"lines":"4, 11, 28","arr":["А4","А11","А28"],"mode":"bus","angle":-19.1,"side":-1,"l0":"4, ","c0":"#4d4aba","l1":"11, ","c1":"#b0045c","l2":"28","c2":"#119efc"},"geometry":{"type":"Point","coordinates":[25.999737,43.871614]}},{"type":"Feature","properties":{"lines":"4, 11, 28","arr":["А4","А11","А28"],"mode":"bus","angle":-14.7,"side":-1,"l0":"4, ","c0":"#4d4aba","l1":"11, ","c1":"#b0045c","l2":"28","c2":"#119efc"},"geometry":{"type":"Point","coordinates":[26.01237,43.873994]}},{"type":"Feature","properties":{"lines":"4, 11, 28","arr":["А4","А11","А28"],"mode":"bus","angle":-29.6,"side":-1,"extra":1,"ei":0,"l0":"4, ","c0":"#4d4aba","l1":"11, ","c1":"#b0045c","l2":"28","c2":"#119efc"},"geometry":{"type":"Point","coordinates":[25.993357,43.868846]}},{"type":"Feature","properties":{"lines":"4, 11, 28","arr":["А4","А11","А28"],"mode":"bus","angle":-31.6,"side":-1,"extra":1,"ei":1,"l0":"4, ","c0":"#4d4aba","l1":"11, ","c1":"#b0045c","l2":"28","c2":"#119efc"},"geometry":{"type":"Point","coordinates":[25.995625,43.86979]}},{"type":"Feature","properties":{"lines":"4, 11, 28","arr":["А4","А11","А28"],"mode":"bus","angle":-43.9,"extra":1,"ei":2,"l0":"4, ","c0":"#4d4aba","l1":"11, ","c1":"#b0045c","l2":"28","c2":"#119efc"},"geometry":{"type":"Point","coordinates":[25.997927,43.870573]}},{"type":"Feature","properties":{"lines":"4, 11, 28","arr":["А4","А11","А28"],"mode":"bus","angle":-13.9,"side":-1,"extra":1,"ei":3,"l0":"4, ","c0":"#4d4aba","l1":"11, ","c1":"#b0045c","l2":"28","c2":"#119efc"},"geometry":{"type":"Point","coordinates":[26.002479,43.872114]}},{"type":"Feature","properties":{"lines":"4, 11, 28","arr":["А4","А11","А28"],"mode":"bus","angle":-13.9,"side":-1,"extra":1,"ei":4,"l0":"4, ","c0":"#4d4aba","l1":"11, ","c1":"#b0045c","l2":"28","c2":"#119efc"},"geometry":{"type":"Point","coordinates":[26.00502,43.872568]}},{"type":"Feature","properties":{"lines":"4, 11, 28","arr":["А4","А11","А28"],"mode":"bus","angle":-14,"side":-1,"extra":1,"ei":5,"l0":"4, ","c0":"#4d4aba","l1":"11, ","c1":"#b0045c","l2":"28","c2":"#119efc"},"geometry":{"type":"Point","coordinates":[26.007562,43.873022]}},{"type":"Feature","properties":{"lines":"4, 11, 28","arr":["А4","А11","А28"],"mode":"bus","angle":-13.8,"side":-1,"extra":1,"ei":0,"l0":"4, ","c0":"#4d4aba","l1":"11, ","c1":"#b0045c","l2":"28","c2":"#119efc"},"geometry":{"type":"Point","coordinates":[26.01003,43.873565]}},{"type":"Feature","properties":{"lines":"4, 11, 28","arr":["А4","А11","А28"],"mode":"bus","angle":-37.4,"side":-1,"extra":1,"ei":1,"l0":"4, ","c0":"#4d4aba","l1":"11, ","c1":"#b0045c","l2":"28","c2":"#119efc"},"geometry":{"type":"Point","coordinates":[26.014848,43.874914]}},{"type":"Feature","properties":{"lines":"4, 28","arr":["А4","А28"],"mode":"bus","angle":-33.6,"side":-1,"l0":"4, ","c0":"#4d4aba","l1":"28","c1":"#119efc"},"geometry":{"type":"Point","coordinates":[26.015846,43.875464]}},{"type":"Feature","properties":{"lines":"4","arr":["А4"],"mode":"bus","angle":-85.7,"l0":"4","c0":"#4d4aba"},"geometry":{"type":"Point","coordinates":[26.015358,43.868481]}},{"type":"Feature","properties":{"lines":"4","arr":["А4"],"mode":"bus","angle":-75.2,"extra":1,"ei":0,"l0":"4","c0":"#4d4aba"},"geometry":{"type":"Point","coordinates":[26.016036,43.874611]}},{"type":"Feature","properties":{"lines":"4","arr":["А4"],"mode":"bus","angle":-86.5,"extra":1,"ei":1,"l0":"4","c0":"#4d4aba"},"geometry":{"type":"Point","coordinates":[26.01576,43.872737]}},{"type":"Feature","properties":{"lines":"4","arr":["А4"],"mode":"bus","angle":-86.2,"extra":1,"ei":2,"l0":"4","c0":"#4d4aba"},"geometry":{"type":"Point","coordinates":[26.015605,43.870851]}},{"type":"Feature","properties":{"lines":"4","arr":["А4"],"mode":"bus","angle":-85.9,"extra":1,"ei":3,"l0":"4","c0":"#4d4aba"},"geometry":{"type":"Point","coordinates":[26.015214,43.867085]}},{"type":"Feature","properties":{"lines":"4","arr":["А4"],"mode":"bus","angle":-86.2,"extra":1,"ei":4,"l0":"4","c0":"#4d4aba"},"geometry":{"type":"Point","coordinates":[26.015044,43.8652]}},{"type":"Feature","properties":{"lines":"4","arr":["А4"],"mode":"bus","angle":-85.8,"extra":1,"ei":5,"l0":"4","c0":"#4d4aba"},"geometry":{"type":"Point","coordinates":[26.014867,43.863316]}},{"type":"Feature","properties":{"lines":"4","arr":["А4"],"mode":"bus","angle":-85.8,"extra":1,"ei":6,"l0":"4","c0":"#4d4aba"},"geometry":{"type":"Point","coordinates":[26.014677,43.861432]}},{"type":"Feature","properties":{"lines":"12","arr":["А12"],"mode":"bus","angle":-66.1,"mi":3,"l0":"12","c0":"#5d8606"},"geometry":{"type":"Point","coordinates":[26.014309,43.857764]}},{"type":"Feature","properties":{"lines":"12","arr":["А12"],"mode":"bus","angle":-86.2,"extra":1,"ei":0,"l0":"12","c0":"#5d8606"},"geometry":{"type":"Point","coordinates":[26.015086,43.861503]}},{"type":"Feature","properties":{"lines":"12","arr":["А12"],"mode":"bus","angle":-85.2,"extra":1,"ei":1,"l0":"12","c0":"#5d8606"},"geometry":{"type":"Point","coordinates":[26.014897,43.859619]}},{"type":"Feature","properties":{"lines":"12","arr":["А12"],"mode":"bus","angle":-46.9,"extra":1,"ei":2,"l0":"12","c0":"#5d8606"},"geometry":{"type":"Point","coordinates":[26.012791,43.856274]}},{"type":"Feature","properties":{"lines":"12","arr":["А12"],"mode":"bus","angle":-45.5,"extra":1,"ei":3,"l0":"12","c0":"#5d8606"},"geometry":{"type":"Point","coordinates":[26.010971,43.854917]}},{"type":"Feature","properties":{"lines":"4, 12","arr":["А4","А12"],"mode":"bus","angle":-85.7,"side":-1,"l0":"4, ","c0":"#4d4aba","l1":"12","c1":"#5d8606"},"geometry":{"type":"Point","coordinates":[26.015805,43.869032]}},{"type":"Feature","properties":{"lines":"4, 12","arr":["А4","А12"],"mode":"bus","angle":-86.2,"side":-1,"extra":1,"ei":0,"l0":"4, ","c0":"#4d4aba","l1":"12","c1":"#5d8606"},"geometry":{"type":"Point","coordinates":[26.01526,43.863387]}},{"type":"Feature","properties":{"lines":"4, 12","arr":["А4","А12"],"mode":"bus","angle":-86.2,"side":-1,"extra":1,"ei":1,"l0":"4, ","c0":"#4d4aba","l1":"12","c1":"#5d8606"},"geometry":{"type":"Point","coordinates":[26.015433,43.865272]}},{"type":"Feature","properties":{"lines":"4, 12","arr":["А4","А12"],"mode":"bus","angle":-85.9,"extra":1,"ei":2,"l0":"4, ","c0":"#4d4aba","l1":"12","c1":"#5d8606"},"geometry":{"type":"Point","coordinates":[26.015623,43.867155]}},{"type":"Feature","properties":{"lines":"4, 12","arr":["А4","А12"],"mode":"bus","angle":-85.8,"side":-1,"extra":1,"ei":3,"l0":"4, ","c0":"#4d4aba","l1":"12","c1":"#5d8606"},"geometry":{"type":"Point","coordinates":[26.016001,43.870922]}},{"type":"Feature","properties":{"lines":"4, 12","arr":["А4","А12"],"mode":"bus","angle":-86.2,"extra":1,"ei":4,"l0":"4, ","c0":"#4d4aba","l1":"12","c1":"#5d8606"},"geometry":{"type":"Point","coordinates":[26.016175,43.872807]}},{"type":"Feature","properties":{"lines":"4, 12","arr":["А4","А12"],"mode":"bus","angle":-74.3,"side":-1,"extra":1,"ei":5,"l0":"4, ","c0":"#4d4aba","l1":"12","c1":"#5d8606"},"geometry":{"type":"Point","coordinates":[26.016249,43.874681]}},{"type":"Feature","properties":{"lines":"4, 11, 12, 28","arr":["А4","А11","А12","А28"],"mode":"bus","angle":-17.8,"l0":"4, ","c0":"#4d4aba","l1":"11, ","c1":"#b0045c","l2":"12, ","c2":"#5d8606","l3":"28","c3":"#119efc"},"geometry":{"type":"Point","coordinates":[25.999759,43.871761]}},{"type":"Feature","properties":{"lines":"4, 11, 12, 28","arr":["А4","А11","А12","А28"],"mode":"bus","angle":-14.1,"l0":"4, ","c0":"#4d4aba","l1":"11, ","c1":"#b0045c","l2":"12, ","c2":"#5d8606","l3":"28","c3":"#119efc"},"geometry":{"type":"Point","coordinates":[26.012307,43.874108]}},{"type":"Feature","properties":{"lines":"4, 11, 12, 28","arr":["А4","А11","А12","А28"],"mode":"bus","angle":-37,"extra":1,"ei":0,"l0":"4, ","c0":"#4d4aba","l1":"11, ","c1":"#b0045c","l2":"12, ","c2":"#5d8606","l3":"28","c3":"#119efc"},"geometry":{"type":"Point","coordinates":[26.014417,43.874829]}},{"type":"Feature","properties":{"lines":"4, 11, 12, 28","arr":["А4","А11","А12","А28"],"mode":"bus","angle":-14.7,"extra":1,"ei":1,"l0":"4, ","c0":"#4d4aba","l1":"11, ","c1":"#b0045c","l2":"12, ","c2":"#5d8606","l3":"28","c3":"#119efc"},"geometry":{"type":"Point","coordinates":[26.009519,43.873601]}},{"type":"Feature","properties":{"lines":"4, 11, 12, 28","arr":["А4","А11","А12","А28"],"mode":"bus","angle":-13.7,"extra":1,"ei":0,"l0":"4, ","c0":"#4d4aba","l1":"11, ","c1":"#b0045c","l2":"12, ","c2":"#5d8606","l3":"28","c3":"#119efc"},"geometry":{"type":"Point","coordinates":[26.007113,43.873063]}},{"type":"Feature","properties":{"lines":"4, 11, 12, 28","arr":["А4","А11","А12","А28"],"mode":"bus","angle":-13.7,"extra":1,"ei":1,"l0":"4, ","c0":"#4d4aba","l1":"11, ","c1":"#b0045c","l2":"12, ","c2":"#5d8606","l3":"28","c3":"#119efc"},"geometry":{"type":"Point","coordinates":[26.00457,43.872615]}},{"type":"Feature","properties":{"lines":"4, 11, 12, 28","arr":["А4","А11","А12","А28"],"mode":"bus","angle":-13.7,"extra":1,"ei":2,"l0":"4, ","c0":"#4d4aba","l1":"11, ","c1":"#b0045c","l2":"12, ","c2":"#5d8606","l3":"28","c3":"#119efc"},"geometry":{"type":"Point","coordinates":[26.002027,43.872166]}},{"type":"Feature","properties":{"lines":"4, 11, 12, 28","arr":["А4","А11","А12","А28"],"mode":"bus","angle":-32.4,"extra":1,"ei":3,"l0":"4, ","c0":"#4d4aba","l1":"11, ","c1":"#b0045c","l2":"12, ","c2":"#5d8606","l3":"28","c3":"#119efc"},"geometry":{"type":"Point","coordinates":[25.997267,43.870703]}},{"type":"Feature","properties":{"lines":"4, 11, 12, 28","arr":["А4","А11","А12","А28"],"mode":"bus","angle":-32.5,"extra":1,"ei":4,"l0":"4, ","c0":"#4d4aba","l1":"11, ","c1":"#b0045c","l2":"12, ","c2":"#5d8606","l3":"28","c3":"#119efc"},"geometry":{"type":"Point","coordinates":[25.995054,43.869694]}},{"type":"Feature","properties":{"lines":"4, 11, 12, 28","arr":["А4","А11","А12","А28"],"mode":"bus","angle":-29.1,"extra":1,"ei":5,"l0":"4, ","c0":"#4d4aba","l1":"11, ","c1":"#b0045c","l2":"12, ","c2":"#5d8606","l3":"28","c3":"#119efc"},"geometry":{"type":"Point","coordinates":[25.992787,43.868749]}},{"type":"Feature","properties":{"lines":"4, 11, 28, 27, 29","arr":["А4","А11","А28","Т27","Т29"],"mode":"bus","angle":-33.8,"l0":"4, ","c0":"#4d4aba","l1":"11, ","c1":"#b0045c","l2":"28, ","c2":"#119efc","l3":"27, ","c3":"#ff627e","l4":"29","c4":"#5a5d02"},"geometry":{"type":"Point","coordinates":[25.977063,43.861315]}},{"type":"Feature","properties":{"lines":"4, 11, 28, 27, 29","arr":["А4","А11","А28","Т27","Т29"],"mode":"bus","angle":-18.3,"extra":1,"ei":0,"l0":"4, ","c0":"#4d4aba","l1":"11, ","c1":"#b0045c","l2":"28, ","c2":"#119efc","l3":"27, ","c3":"#ff627e","l4":"29","c4":"#5a5d02"},"geometry":{"type":"Point","coordinates":[25.979864,43.862666]}},{"type":"Feature","properties":{"lines":"4, 11, 28, 27, 29","arr":["А4","А11","А28","Т27","Т29"],"mode":"bus","angle":-33.8,"extra":1,"ei":1,"l0":"4, ","c0":"#4d4aba","l1":"11, ","c1":"#b0045c","l2":"28, ","c2":"#119efc","l3":"27, ","c3":"#ff627e","l4":"29","c4":"#5a5d02"},"geometry":{"type":"Point","coordinates":[25.975513,43.860566]}},{"type":"Feature","properties":{"lines":"4, 11, 28, 27, 29","arr":["А4","А11","А28","Т27","Т29"],"mode":"bus","angle":-32.2,"extra":1,"ei":2,"l0":"4, ","c0":"#4d4aba","l1":"11, ","c1":"#b0045c","l2":"28, ","c2":"#119efc","l3":"27, ","c3":"#ff627e","l4":"29","c4":"#5a5d02"},"geometry":{"type":"Point","coordinates":[25.973341,43.859512]}},{"type":"Feature","properties":{"lines":"4","arr":["А4"],"mode":"bus","angle":55,"side":-1,"l0":"4","c0":"#4d4aba"},"geometry":{"type":"Point","coordinates":[25.973454,43.859024]}},{"type":"Feature","properties":{"lines":"5, 6, 16, 19, 20, 50, 2, 9, 24","arr":["А5","А6","А16","А19","А20","А50","Т2","Т9","Т24"],"mode":"bus","angle":51.9,"mi":2,"l0":"5, ","c0":"#119efc","l1":"6, ","c1":"#7b3aa8","l2":"16, ","c2":"#f57145","l3":"19, ","c3":"#19a9a8","l4":"20, ","c4":"#02af5a","l5":"50, ","c5":"#ff5e9b","l6":"2, ","c6":"#c17aef","l7":"9, ","c7":"#095d97","l8":"24","c8":"#076734"},"geometry":{"type":"Point","coordinates":[25.948656,43.840017]}},{"type":"Feature","properties":{"lines":"5, 6, 16, 19, 20, 50, 2, 9, 24","arr":["А5","А6","А16","А19","А20","А50","Т2","Т9","Т24"],"mode":"bus","angle":-42,"side":-1,"l0":"5, ","c0":"#119efc","l1":"6, ","c1":"#7b3aa8","l2":"16, ","c2":"#f57145","l3":"19, ","c3":"#19a9a8","l4":"20, ","c4":"#02af5a","l5":"50, ","c5":"#ff5e9b","l6":"2, ","c6":"#c17aef","l7":"9, ","c7":"#095d97","l8":"24","c8":"#076734"},"geometry":{"type":"Point","coordinates":[25.948981,43.842787]}},{"type":"Feature","properties":{"lines":"5, 6, 16, 19, 20, 50, 2, 9, 24","arr":["А5","А6","А16","А19","А20","А50","Т2","Т9","Т24"],"mode":"bus","angle":-23.8,"side":-1,"mi":4,"l0":"5, ","c0":"#119efc","l1":"6, ","c1":"#7b3aa8","l2":"16, ","c2":"#f57145","l3":"19, ","c3":"#19a9a8","l4":"20, ","c4":"#02af5a","l5":"50, ","c5":"#ff5e9b","l6":"2, ","c6":"#c17aef","l7":"9, ","c7":"#095d97","l8":"24","c8":"#076734"},"geometry":{"type":"Point","coordinates":[25.952879,43.844659]}},{"type":"Feature","properties":{"lines":"5, 6, 16, 19, 20, 50, 2, 9, 24","arr":["А5","А6","А16","А19","А20","А50","Т2","Т9","Т24"],"mode":"bus","angle":33.4,"side":-1,"extra":1,"ei":0,"l0":"5, ","c0":"#119efc","l1":"6, ","c1":"#7b3aa8","l2":"16, ","c2":"#f57145","l3":"19, ","c3":"#19a9a8","l4":"20, ","c4":"#02af5a","l5":"50, ","c5":"#ff5e9b","l6":"2, ","c6":"#c17aef","l7":"9, ","c7":"#095d97","l8":"24","c8":"#076734"},"geometry":{"type":"Point","coordinates":[25.947814,43.841959]}},{"type":"Feature","properties":{"lines":"5, 6, 16, 19, 20, 50, 2, 9, 24","arr":["А5","А6","А16","А19","А20","А50","Т2","Т9","Т24"],"mode":"bus","angle":-32.4,"side":-1,"mi":1,"l0":"5, ","c0":"#119efc","l1":"6, ","c1":"#7b3aa8","l2":"16, ","c2":"#f57145","l3":"19, ","c3":"#19a9a8","l4":"20, ","c4":"#02af5a","l5":"50, ","c5":"#ff5e9b","l6":"2, ","c6":"#c17aef","l7":"9, ","c7":"#095d97","l8":"24","c8":"#076734"},"geometry":{"type":"Point","coordinates":[25.951308,43.843823]}},{"type":"Feature","properties":{"lines":"5, 6, 11, 12, 16, 18, 19, 20, 50, 2, 9, 24","arr":["А5","А6","А11","А12","А16","А18","А19","А20","А50","Т2","Т9","Т24"],"mode":"bus","angle":-25,"side":-1,"l0":"5, ","c0":"#119efc","l1":"6, ","c1":"#7b3aa8","l2":"11, ","c2":"#b0045c","l3":"12, ","c3":"#5d8606","l4":"16, ","c4":"#f57145","l5":"18, ","c5":"#8e4604","l6":"19, ","c6":"#19a9a8","l7":"20, ","c7":"#02af5a","l8":"50, ","c8":"#ff5e9b","l9":"2, ","c9":"#c17aef","l10":"9, ","c10":"#095d97","l11":"24","c11":"#076734"},"geometry":{"type":"Point","coordinates":[25.956769,43.845047]}},{"type":"Feature","properties":{"lines":"5, 12, 15, 33, 50, 2, 13, 21","arr":["А5","А12","А15","А33","А50","Т2","Т13","Т21"],"mode":"bus","angle":-19.9,"l0":"5, ","c0":"#119efc","l1":"12, ","c1":"#5d8606","l2":"15, ","c2":"#03636c","l3":"33, ","c3":"#4d4aba","l4":"50, ","c4":"#ff5e9b","l5":"2, ","c5":"#c17aef","l6":"13, ","c6":"#19a9a8","l7":"21","c7":"#b0045c"},"geometry":{"type":"Point","coordinates":[25.970066,43.848122]}},{"type":"Feature","properties":{"lines":"5, 12, 15, 33, 50, 2, 13, 21","arr":["А5","А12","А15","А33","А50","Т2","Т13","Т21"],"mode":"bus","angle":-13.6,"side":-1,"extra":1,"ei":0,"l0":"5, ","c0":"#119efc","l1":"12, ","c1":"#5d8606","l2":"15, ","c2":"#03636c","l3":"33, ","c3":"#4d4aba","l4":"50, ","c4":"#ff5e9b","l5":"2, ","c5":"#c17aef","l6":"13, ","c6":"#19a9a8","l7":"21","c7":"#b0045c"},"geometry":{"type":"Point","coordinates":[25.961843,43.846184]}},{"type":"Feature","properties":{"lines":"5, 12, 15, 33, 50, 2, 13, 21","arr":["А5","А12","А15","А33","А50","Т2","Т13","Т21"],"mode":"bus","angle":-9,"side":-1,"extra":1,"ei":1,"l0":"5, ","c0":"#119efc","l1":"12, ","c1":"#5d8606","l2":"15, ","c2":"#03636c","l3":"33, ","c3":"#4d4aba","l4":"50, ","c4":"#ff5e9b","l5":"2, ","c5":"#c17aef","l6":"13, ","c6":"#19a9a8","l7":"21","c7":"#b0045c"},"geometry":{"type":"Point","coordinates":[25.964417,43.846518]}},{"type":"Feature","properties":{"lines":"5, 12, 15, 33, 50, 2, 13, 21","arr":["А5","А12","А15","А33","А50","Т2","Т13","Т21"],"mode":"bus","angle":-25,"side":-1,"extra":1,"ei":2,"l0":"5, ","c0":"#119efc","l1":"12, ","c1":"#5d8606","l2":"15, ","c2":"#03636c","l3":"33, ","c3":"#4d4aba","l4":"50, ","c4":"#ff5e9b","l5":"2, ","c5":"#c17aef","l6":"13, ","c6":"#19a9a8","l7":"21","c7":"#b0045c"},"geometry":{"type":"Point","coordinates":[25.966857,43.847183]}},{"type":"Feature","properties":{"lines":"5, 12, 15, 33, 50, 2, 13, 21","arr":["А5","А12","А15","А33","А50","Т2","Т13","Т21"],"mode":"bus","angle":-23.5,"side":-1,"extra":1,"ei":3,"l0":"5, ","c0":"#119efc","l1":"12, ","c1":"#5d8606","l2":"15, ","c2":"#03636c","l3":"33, ","c3":"#4d4aba","l4":"50, ","c4":"#ff5e9b","l5":"2, ","c5":"#c17aef","l6":"13, ","c6":"#19a9a8","l7":"21","c7":"#b0045c"},"geometry":{"type":"Point","coordinates":[25.971764,43.848496]}},{"type":"Feature","properties":{"lines":"5, 12, 15, 33, 50, 2, 13, 21","arr":["А5","А12","А15","А33","А50","Т2","Т13","Т21"],"mode":"bus","angle":-25.1,"side":-1,"extra":1,"ei":4,"l0":"5, ","c0":"#119efc","l1":"12, ","c1":"#5d8606","l2":"15, ","c2":"#03636c","l3":"33, ","c3":"#4d4aba","l4":"50, ","c4":"#ff5e9b","l5":"2, ","c5":"#c17aef","l6":"13, ","c6":"#19a9a8","l7":"21","c7":"#b0045c"},"geometry":{"type":"Point","coordinates":[25.974145,43.849281]}},{"type":"Feature","properties":{"lines":"5, 12, 15, 33, 50, 2, 13, 21","arr":["А5","А12","А15","А33","А50","Т2","Т13","Т21"],"mode":"bus","angle":-21.3,"side":-1,"extra":1,"ei":5,"l0":"5, ","c0":"#119efc","l1":"12, ","c1":"#5d8606","l2":"15, ","c2":"#03636c","l3":"33, ","c3":"#4d4aba","l4":"50, ","c4":"#ff5e9b","l5":"2, ","c5":"#c17aef","l6":"13, ","c6":"#19a9a8","l7":"21","c7":"#b0045c"},"geometry":{"type":"Point","coordinates":[25.976516,43.850082]}},{"type":"Feature","properties":{"lines":"5, 12, 15, 33, 50, 2, 13, 21","arr":["А5","А12","А15","А33","А50","Т2","Т13","Т21"],"mode":"bus","angle":-5.1,"side":-1,"extra":1,"ei":6,"l0":"5, ","c0":"#119efc","l1":"12, ","c1":"#5d8606","l2":"15, ","c2":"#03636c","l3":"33, ","c3":"#4d4aba","l4":"50, ","c4":"#ff5e9b","l5":"2, ","c5":"#c17aef","l6":"13, ","c6":"#19a9a8","l7":"21","c7":"#b0045c"},"geometry":{"type":"Point","coordinates":[25.979079,43.850449]}},{"type":"Feature","properties":{"lines":"5, 12, 15, 16, 18, 20, 30, 33, 50, 2, 13, 21","arr":["А5","А12","А15","А16","А18","А20","А30","А33","А50","Т2","Т13","Т21"],"mode":"bus","angle":-10.1,"side":-1,"l0":"5, ","c0":"#119efc","l1":"12, ","c1":"#5d8606","l2":"15, ","c2":"#03636c","l3":"16, ","c3":"#f57145","l4":"18, ","c4":"#8e4604","l5":"20, ","c5":"#02af5a","l6":"30, ","c6":"#cf8a11","l7":"33, ","c7":"#4d4aba","l8":"50, ","c8":"#ff5e9b","l9":"2, ","c9":"#c17aef","l10":"13, ","c10":"#19a9a8","l11":"21","c11":"#b0045c"},"geometry":{"type":"Point","coordinates":[25.98066,43.850635]}},{"type":"Feature","properties":{"lines":"5","arr":["А5"],"mode":"bus","angle":-9.9,"side":-1,"l0":"5","c0":"#119efc"},"geometry":{"type":"Point","coordinates":[25.986787,43.851307]}},{"type":"Feature","properties":{"lines":"5","arr":["А5"],"mode":"bus","angle":-10.4,"side":-1,"extra":1,"ei":0,"l0":"5","c0":"#119efc"},"geometry":{"type":"Point","coordinates":[25.983559,43.850898]}},{"type":"Feature","properties":{"lines":"5","arr":["А5"],"mode":"bus","angle":-9.9,"side":-1,"extra":1,"ei":1,"l0":"5","c0":"#119efc"},"geometry":{"type":"Point","coordinates":[25.988716,43.85155]}},{"type":"Feature","properties":{"lines":"5","arr":["А5"],"mode":"bus","angle":-9.9,"side":-1,"extra":1,"ei":2,"l0":"5","c0":"#119efc"},"geometry":{"type":"Point","coordinates":[25.991295,43.851875]}},{"type":"Feature","properties":{"lines":"5","arr":["А5"],"mode":"bus","angle":73.7,"mi":1,"l0":"5","c0":"#119efc"},"geometry":{"type":"Point","coordinates":[25.991617,43.85063]}},{"type":"Feature","properties":{"lines":"5, 20","arr":["А5","А20"],"mode":"bus","angle":-36.7,"l0":"5, ","c0":"#119efc","l1":"20","c1":"#02af5a"},"geometry":{"type":"Point","coordinates":[25.988152,43.847815]}},{"type":"Feature","properties":{"lines":"5, 20","arr":["А5","А20"],"mode":"bus","angle":-27,"extra":1,"ei":0,"l0":"5, ","c0":"#119efc","l1":"20","c1":"#02af5a"},"geometry":{"type":"Point","coordinates":[25.991231,43.849034]}},{"type":"Feature","properties":{"lines":"5, 20","arr":["А5","А20"],"mode":"bus","angle":-29.8,"extra":1,"ei":1,"l0":"5, ","c0":"#119efc","l1":"20","c1":"#02af5a"},"geometry":{"type":"Point","coordinates":[25.986741,43.847114]}},{"type":"Feature","properties":{"lines":"5, 20","arr":["А5","А20"],"mode":"bus","angle":-36.8,"extra":1,"ei":2,"l0":"5, ","c0":"#119efc","l1":"20","c1":"#02af5a"},"geometry":{"type":"Point","coordinates":[25.984601,43.846029]}},{"type":"Feature","properties":{"lines":"5, 30","arr":["А5","А30"],"mode":"bus","angle":-23.7,"mi":2,"l0":"5, ","c0":"#119efc","l1":"30","c1":"#cf8a11"},"geometry":{"type":"Point","coordinates":[25.976299,43.843425]}},{"type":"Feature","properties":{"lines":"5, 30","arr":["А5","А30"],"mode":"bus","angle":-29.1,"extra":1,"ei":0,"l0":"5, ","c0":"#119efc","l1":"30","c1":"#cf8a11"},"geometry":{"type":"Point","coordinates":[25.983073,43.845342]}},{"type":"Feature","properties":{"lines":"5, 30","arr":["А5","А30"],"mode":"bus","angle":-18.4,"extra":1,"ei":1,"l0":"5, ","c0":"#119efc","l1":"30","c1":"#cf8a11"},"geometry":{"type":"Point","coordinates":[25.9807,43.844554]}},{"type":"Feature","properties":{"lines":"5, 30","arr":["А5","А30"],"mode":"bus","angle":-19.4,"extra":1,"ei":2,"l0":"5, ","c0":"#119efc","l1":"30","c1":"#cf8a11"},"geometry":{"type":"Point","coordinates":[25.9782,43.843992]}},{"type":"Feature","properties":{"lines":"5, 30","arr":["А5","А30"],"mode":"bus","angle":-28.6,"extra":1,"ei":3,"l0":"5, ","c0":"#119efc","l1":"30","c1":"#cf8a11"},"geometry":{"type":"Point","coordinates":[25.973555,43.842275]}},{"type":"Feature","properties":{"lines":"5, 30","arr":["А5","А30"],"mode":"bus","angle":-18.1,"extra":1,"ei":4,"l0":"5, ","c0":"#119efc","l1":"30","c1":"#cf8a11"},"geometry":{"type":"Point","coordinates":[25.971161,43.841515]}},{"type":"Feature","properties":{"lines":"5, 30","arr":["А5","А30"],"mode":"bus","angle":25.1,"extra":1,"ei":5,"l0":"5, ","c0":"#119efc","l1":"30","c1":"#cf8a11"},"geometry":{"type":"Point","coordinates":[25.968656,43.841442]}},{"type":"Feature","properties":{"lines":"5, 30","arr":["А5","А30"],"mode":"bus","angle":-66,"mi":3,"l0":"5, ","c0":"#119efc","l1":"30","c1":"#cf8a11"},"geometry":{"type":"Point","coordinates":[25.968307,43.841173]}},{"type":"Feature","properties":{"lines":"5, 30","arr":["А5","А30"],"mode":"bus","angle":65.8,"l0":"5, ","c0":"#119efc","l1":"30","c1":"#cf8a11"},"geometry":{"type":"Point","coordinates":[25.972353,43.842968]}},{"type":"Feature","properties":{"lines":"5, 30","arr":["А5","А30"],"mode":"bus","angle":61.6,"extra":1,"ei":0,"l0":"5, ","c0":"#119efc","l1":"30","c1":"#cf8a11"},"geometry":{"type":"Point","coordinates":[25.973088,43.841834]}},{"type":"Feature","properties":{"lines":"5, 30","arr":["А5","А30"],"mode":"bus","angle":-28.5,"mi":1,"l0":"5, ","c0":"#119efc","l1":"30","c1":"#cf8a11"},"geometry":{"type":"Point","coordinates":[25.975444,43.842388]}},{"type":"Feature","properties":{"lines":"5, 12, 15, 16, 18, 33, 50, 2, 13, 21","arr":["А5","А12","А15","А16","А18","А33","А50","Т2","Т13","Т21"],"mode":"bus","angle":-10.3,"l0":"5, ","c0":"#119efc","l1":"12, ","c1":"#5d8606","l2":"15, ","c2":"#03636c","l3":"16, ","c3":"#f57145","l4":"18, ","c4":"#8e4604","l5":"33, ","c5":"#4d4aba","l6":"50, ","c6":"#ff5e9b","l7":"2, ","c7":"#c17aef","l8":"13, ","c8":"#19a9a8","l9":"21","c9":"#b0045c"},"geometry":{"type":"Point","coordinates":[25.98827,43.85175]}},{"type":"Feature","properties":{"lines":"5, 12, 15, 16, 18, 33, 50, 2, 13, 21","arr":["А5","А12","А15","А16","А18","А33","А50","Т2","Т13","Т21"],"mode":"bus","angle":-10,"extra":1,"ei":0,"l0":"5, ","c0":"#119efc","l1":"12, ","c1":"#5d8606","l2":"15, ","c2":"#03636c","l3":"16, ","c3":"#f57145","l4":"18, ","c4":"#8e4604","l5":"33, ","c5":"#4d4aba","l6":"50, ","c6":"#ff5e9b","l7":"2, ","c7":"#c17aef","l8":"13, ","c8":"#19a9a8","l9":"21","c9":"#b0045c"},"geometry":{"type":"Point","coordinates":[25.99002,43.851971]}},{"type":"Feature","properties":{"lines":"5, 12, 15, 16, 18, 20, 33, 50, 2, 13, 21","arr":["А5","А12","А15","А16","А18","А20","А33","А50","Т2","Т13","Т21"],"mode":"bus","angle":-10.6,"l0":"5, ","c0":"#119efc","l1":"12, ","c1":"#5d8606","l2":"15, ","c2":"#03636c","l3":"16, ","c3":"#f57145","l4":"18, ","c4":"#8e4604","l5":"20, ","c5":"#02af5a","l6":"33, ","c6":"#4d4aba","l7":"50, ","c7":"#ff5e9b","l8":"2, ","c8":"#c17aef","l9":"13, ","c9":"#19a9a8","l10":"21","c10":"#b0045c"},"geometry":{"type":"Point","coordinates":[25.982266,43.850975]}},{"type":"Feature","properties":{"lines":"5, 12, 15, 16, 18, 20, 33, 50, 2, 13, 21","arr":["А5","А12","А15","А16","А18","А20","А33","А50","Т2","Т13","Т21"],"mode":"bus","angle":-9.7,"extra":1,"ei":0,"l0":"5, ","c0":"#119efc","l1":"12, ","c1":"#5d8606","l2":"15, ","c2":"#03636c","l3":"16, ","c3":"#f57145","l4":"18, ","c4":"#8e4604","l5":"20, ","c5":"#02af5a","l6":"33, ","c6":"#4d4aba","l7":"50, ","c7":"#ff5e9b","l8":"2, ","c8":"#c17aef","l9":"13, ","c9":"#19a9a8","l10":"21","c10":"#b0045c"},"geometry":{"type":"Point","coordinates":[25.983942,43.851198]}},{"type":"Feature","properties":{"lines":"5, 6, 11, 12, 16, 18, 20, 23, 50, 2","arr":["А5","А6","А11","А12","А16","А18","А20","А23","А50","Т2"],"mode":"bus","angle":-26.6,"l0":"5, ","c0":"#119efc","l1":"6, ","c1":"#7b3aa8","l2":"11, ","c2":"#b0045c","l3":"12, ","c3":"#5d8606","l4":"16, ","c4":"#f57145","l5":"18, ","c5":"#8e4604","l6":"20, ","c6":"#02af5a","l7":"23, ","c7":"#e16cd6","l8":"50, ","c8":"#ff5e9b","l9":"2","c9":"#c17aef"},"geometry":{"type":"Point","coordinates":[25.957001,43.845215]}},{"type":"Feature","properties":{"lines":"5, 6, 11, 12, 16, 18, 20, 23, 50, 2","arr":["А5","А6","А11","А12","А16","А18","А20","А23","А50","Т2"],"mode":"bus","angle":-18.1,"extra":1,"ei":0,"l0":"5, ","c0":"#119efc","l1":"6, ","c1":"#7b3aa8","l2":"11, ","c2":"#b0045c","l3":"12, ","c3":"#5d8606","l4":"16, ","c4":"#f57145","l5":"18, ","c5":"#8e4604","l6":"20, ","c6":"#02af5a","l7":"23, ","c7":"#e16cd6","l8":"50, ","c8":"#ff5e9b","l9":"2","c9":"#c17aef"},"geometry":{"type":"Point","coordinates":[25.958572,43.845702]}},{"type":"Feature","properties":{"lines":"5, 6, 16, 20, 50, 2, 9, 24","arr":["А5","А6","А16","А20","А50","Т2","Т9","Т24"],"mode":"bus","angle":-33.6,"l0":"5, ","c0":"#119efc","l1":"6, ","c1":"#7b3aa8","l2":"16, ","c2":"#f57145","l3":"20, ","c3":"#02af5a","l4":"50, ","c4":"#ff5e9b","l5":"2, ","c5":"#c17aef","l6":"9, ","c6":"#095d97","l7":"24","c7":"#076734"},"geometry":{"type":"Point","coordinates":[25.950722,43.843728]}},{"type":"Feature","properties":{"lines":"5, 6, 16, 20, 50, 2, 9, 24","arr":["А5","А6","А16","А20","А50","Т2","Т9","Т24"],"mode":"bus","angle":-25.5,"extra":1,"ei":0,"l0":"5, ","c0":"#119efc","l1":"6, ","c1":"#7b3aa8","l2":"16, ","c2":"#f57145","l3":"20, ","c3":"#02af5a","l4":"50, ","c4":"#ff5e9b","l5":"2, ","c5":"#c17aef","l6":"9, ","c6":"#095d97","l7":"24","c7":"#076734"},"geometry":{"type":"Point","coordinates":[25.952794,43.844702]}},{"type":"Feature","properties":{"lines":"5, 6, 16, 20, 50, 2, 9, 24","arr":["А5","А6","А16","А20","А50","Т2","Т9","Т24"],"mode":"bus","angle":-47.1,"extra":1,"ei":1,"l0":"5, ","c0":"#119efc","l1":"6, ","c1":"#7b3aa8","l2":"16, ","c2":"#f57145","l3":"20, ","c3":"#02af5a","l4":"50, ","c4":"#ff5e9b","l5":"2, ","c5":"#c17aef","l6":"9, ","c6":"#095d97","l7":"24","c7":"#076734"},"geometry":{"type":"Point","coordinates":[25.948492,43.842569]}},{"type":"Feature","properties":{"lines":"11, 15, 18, 23","arr":["А11","А15","А18","А23"],"mode":"bus","angle":-32.1,"l0":"11, ","c0":"#b0045c","l1":"15, ","c1":"#03636c","l2":"18, ","c2":"#8e4604","l3":"23","c3":"#e16cd6"},"geometry":{"type":"Point","coordinates":[25.952914,43.832659]}},{"type":"Feature","properties":{"lines":"11, 15, 18, 23","arr":["А11","А15","А18","А23"],"mode":"bus","angle":-70,"mi":1,"l0":"11, ","c0":"#b0045c","l1":"15, ","c1":"#03636c","l2":"18, ","c2":"#8e4604","l3":"23","c3":"#e16cd6"},"geometry":{"type":"Point","coordinates":[25.949464,43.830089]}},{"type":"Feature","properties":{"lines":"5","arr":["А5"],"mode":"bus","angle":-21.1,"mi":1,"l0":"5","c0":"#119efc"},"geometry":{"type":"Point","coordinates":[25.950793,43.831747]}},{"type":"Feature","properties":{"lines":"23","arr":["А23"],"mode":"bus","angle":3.2,"mi":5,"l0":"23","c0":"#e16cd6"},"geometry":{"type":"Point","coordinates":[25.961055,43.855599]}},{"type":"Feature","properties":{"lines":"6, 8, 10, 23","arr":["А6","А8","А10","А23"],"mode":"bus","angle":46.4,"l0":"6, ","c0":"#7b3aa8","l1":"8, ","c1":"#b59607","l2":"10, ","c2":"#a72d06","l3":"23","c3":"#e16cd6"},"geometry":{"type":"Point","coordinates":[25.962503,43.855535]}},{"type":"Feature","properties":{"lines":"6, 8, 10, 11, 16, 18, 19, 20, 23, 28, 30, 27, 29","arr":["А6","А8","А10","А11","А16","А18","А19","А20","А23","А28","А30","Т27","Т29"],"mode":"bus","angle":-62.9,"side":-1,"l0":"6, ","c0":"#7b3aa8","l1":"8, ","c1":"#b59607","l2":"10, ","c2":"#a72d06","l3":"11, ","c3":"#b0045c","l4":"16, ","c4":"#f57145","l5":"18, ","c5":"#8e4604","l6":"19, ","c6":"#19a9a8","l7":"20, ","c7":"#02af5a","l8":"23, ","c8":"#e16cd6","l9":"28, ","c9":"#119efc","l10":"30, ","c10":"#cf8a11","l11":"27, ","c11":"#ff627e","l12":"29","c12":"#5a5d02"},"geometry":{"type":"Point","coordinates":[25.960891,43.852665]}},{"type":"Feature","properties":{"lines":"6, 8, 10, 11, 16, 18, 19, 20, 23, 28, 30, 27, 29","arr":["А6","А8","А10","А11","А16","А18","А19","А20","А23","А28","А30","Т27","Т29"],"mode":"bus","angle":-61.2,"extra":1,"ei":0,"l0":"6, ","c0":"#7b3aa8","l1":"8, ","c1":"#b59607","l2":"10, ","c2":"#a72d06","l3":"11, ","c3":"#b0045c","l4":"16, ","c4":"#f57145","l5":"18, ","c5":"#8e4604","l6":"19, ","c6":"#19a9a8","l7":"20, ","c7":"#02af5a","l8":"23, ","c8":"#e16cd6","l9":"28, ","c9":"#119efc","l10":"30, ","c10":"#cf8a11","l11":"27, ","c11":"#ff627e","l12":"29","c12":"#5a5d02"},"geometry":{"type":"Point","coordinates":[25.962201,43.854479]}},{"type":"Feature","properties":{"lines":"6, 8, 10, 11, 16, 18, 19, 20, 23, 28, 30, 27, 29","arr":["А6","А8","А10","А11","А16","А18","А19","А20","А23","А28","А30","Т27","Т29"],"mode":"bus","angle":-63.1,"extra":1,"ei":1,"l0":"6, ","c0":"#7b3aa8","l1":"8, ","c1":"#b59607","l2":"10, ","c2":"#a72d06","l3":"11, ","c3":"#b0045c","l4":"16, ","c4":"#f57145","l5":"18, ","c5":"#8e4604","l6":"19, ","c6":"#19a9a8","l7":"20, ","c7":"#02af5a","l8":"23, ","c8":"#e16cd6","l9":"28, ","c9":"#119efc","l10":"30, ","c10":"#cf8a11","l11":"27, ","c11":"#ff627e","l12":"29","c12":"#5a5d02"},"geometry":{"type":"Point","coordinates":[25.95981,43.85112]}},{"type":"Feature","properties":{"lines":"6, 8, 10, 11, 16, 18, 19, 20, 23, 28, 27, 29","arr":["А6","А8","А10","А11","А16","А18","А19","А20","А23","А28","Т27","Т29"],"mode":"bus","angle":70.1,"side":-1,"l0":"6, ","c0":"#7b3aa8","l1":"8, ","c1":"#b59607","l2":"10, ","c2":"#a72d06","l3":"11, ","c3":"#b0045c","l4":"16, ","c4":"#f57145","l5":"18, ","c5":"#8e4604","l6":"19, ","c6":"#19a9a8","l7":"20, ","c7":"#02af5a","l8":"23, ","c8":"#e16cd6","l9":"28, ","c9":"#119efc","l10":"27, ","c10":"#ff627e","l11":"29","c11":"#5a5d02"},"geometry":{"type":"Point","coordinates":[25.959291,43.848651]}},{"type":"Feature","properties":{"lines":"6, 8, 10, 11, 16, 18, 19, 20, 23, 28, 27, 29","arr":["А6","А8","А10","А11","А16","А18","А19","А20","А23","А28","Т27","Т29"],"mode":"bus","angle":78.8,"extra":1,"ei":0,"l0":"6, ","c0":"#7b3aa8","l1":"8, ","c1":"#b59607","l2":"10, ","c2":"#a72d06","l3":"11, ","c3":"#b0045c","l4":"16, ","c4":"#f57145","l5":"18, ","c5":"#8e4604","l6":"19, ","c6":"#19a9a8","l7":"20, ","c7":"#02af5a","l8":"23, ","c8":"#e16cd6","l9":"28, ","c9":"#119efc","l10":"27, ","c10":"#ff627e","l11":"29","c11":"#5a5d02"},"geometry":{"type":"Point","coordinates":[25.959647,43.847492]}},{"type":"Feature","properties":{"lines":"6, 8, 10, 11, 16, 18, 20, 23, 28, 27, 29","arr":["А6","А8","А10","А11","А16","А18","А20","А23","А28","Т27","Т29"],"mode":"bus","angle":80.2,"l0":"6, ","c0":"#7b3aa8","l1":"8, ","c1":"#b59607","l2":"10, ","c2":"#a72d06","l3":"11, ","c3":"#b0045c","l4":"16, ","c4":"#f57145","l5":"18, ","c5":"#8e4604","l6":"20, ","c6":"#02af5a","l7":"23, ","c7":"#e16cd6","l8":"28, ","c8":"#119efc","l9":"27, ","c9":"#ff627e","l10":"29","c10":"#5a5d02"},"geometry":{"type":"Point","coordinates":[25.959886,43.84664]}},{"type":"Feature","properties":{"lines":"16","arr":["А16"],"mode":"bus","angle":33.2,"l0":"16","c0":"#f57145"},"geometry":{"type":"Point","coordinates":[25.915177,43.791879]}},{"type":"Feature","properties":{"lines":"16","arr":["А16"],"mode":"bus","angle":-68.8,"mi":1,"l0":"16","c0":"#f57145"},"geometry":{"type":"Point","coordinates":[25.917587,43.796167]}},{"type":"Feature","properties":{"lines":"16","arr":["А16"],"mode":"bus","angle":-71.2,"extra":1,"ei":0,"l0":"16","c0":"#f57145"},"geometry":{"type":"Point","coordinates":[25.916406,43.794675]}},{"type":"Feature","properties":{"lines":"6","arr":["А6"],"mode":"bus","angle":23.3,"side":-1,"mi":1,"l0":"6","c0":"#7b3aa8"},"geometry":{"type":"Point","coordinates":[25.916912,43.795337]}},{"type":"Feature","properties":{"lines":"6","arr":["А6"],"mode":"bus","angle":-58.6,"l0":"6","c0":"#7b3aa8"},"geometry":{"type":"Point","coordinates":[25.917984,43.796069]}},{"type":"Feature","properties":{"lines":"6","arr":["А6"],"mode":"bus","angle":-41.7,"l0":"6","c0":"#7b3aa8"},"geometry":{"type":"Point","coordinates":[25.942322,43.806885]}},{"type":"Feature","properties":{"lines":"6","arr":["А6"],"mode":"bus","angle":34.6,"mi":2,"l0":"6","c0":"#7b3aa8"},"geometry":{"type":"Point","coordinates":[25.922113,43.794778]}},{"type":"Feature","properties":{"lines":"6","arr":["А6"],"mode":"bus","angle":15.2,"extra":1,"ei":0,"l0":"6","c0":"#7b3aa8"},"geometry":{"type":"Point","coordinates":[25.919212,43.795699]}},{"type":"Feature","properties":{"lines":"6","arr":["А6"],"mode":"bus","angle":18.7,"extra":1,"ei":1,"l0":"6","c0":"#7b3aa8"},"geometry":{"type":"Point","coordinates":[25.923884,43.794088]}},{"type":"Feature","properties":{"lines":"6, 15","arr":["А6","А15"],"mode":"bus","angle":-36.9,"mi":4,"l0":"6, ","c0":"#7b3aa8","l1":"15","c1":"#03636c"},"geometry":{"type":"Point","coordinates":[25.929673,43.795829]}},{"type":"Feature","properties":{"lines":"6, 15","arr":["А6","А15"],"mode":"bus","angle":-37.6,"extra":1,"ei":0,"l0":"6, ","c0":"#7b3aa8","l1":"15","c1":"#03636c"},"geometry":{"type":"Point","coordinates":[25.927434,43.794613]}},{"type":"Feature","properties":{"lines":"6, 15","arr":["А6","А15"],"mode":"bus","angle":-59.2,"extra":1,"ei":1,"l0":"6, ","c0":"#7b3aa8","l1":"15","c1":"#03636c"},"geometry":{"type":"Point","coordinates":[25.93137,43.797076]}},{"type":"Feature","properties":{"lines":"6, 15","arr":["А6","А15"],"mode":"bus","angle":9.6,"mi":1,"l0":"6, ","c0":"#7b3aa8","l1":"15","c1":"#03636c"},"geometry":{"type":"Point","coordinates":[25.931433,43.798361]}},{"type":"Feature","properties":{"lines":"6, 15","arr":["А6","А15"],"mode":"bus","angle":47.3,"l0":"6, ","c0":"#7b3aa8","l1":"15","c1":"#03636c"},"geometry":{"type":"Point","coordinates":[25.929362,43.799367]}},{"type":"Feature","properties":{"lines":"6, 15","arr":["А6","А15"],"mode":"bus","angle":62.1,"mi":2,"l0":"6, ","c0":"#7b3aa8","l1":"15","c1":"#03636c"},"geometry":{"type":"Point","coordinates":[25.928187,43.800638]}},{"type":"Feature","properties":{"lines":"6, 15","arr":["А6","А15"],"mode":"bus","angle":-30.2,"side":-1,"mi":6,"l0":"6, ","c0":"#7b3aa8","l1":"15","c1":"#03636c"},"geometry":{"type":"Point","coordinates":[25.94239,43.806849]}},{"type":"Feature","properties":{"lines":"6, 15","arr":["А6","А15"],"mode":"bus","angle":48.7,"mi":3,"l0":"6, ","c0":"#7b3aa8","l1":"15","c1":"#03636c"},"geometry":{"type":"Point","coordinates":[25.931237,43.798064]}},{"type":"Feature","properties":{"lines":"6, 15","arr":["А6","А15"],"mode":"bus","angle":-21.1,"mi":5,"l0":"6, ","c0":"#7b3aa8","l1":"15","c1":"#03636c"},"geometry":{"type":"Point","coordinates":[25.931785,43.806515]}},{"type":"Feature","properties":{"lines":"6, 15","arr":["А6","А15"],"mode":"bus","angle":65.6,"extra":1,"ei":0,"l0":"6, ","c0":"#7b3aa8","l1":"15","c1":"#03636c"},"geometry":{"type":"Point","coordinates":[25.927511,43.801688]}},{"type":"Feature","properties":{"lines":"6, 15","arr":["А6","А15"],"mode":"bus","angle":-73.8,"extra":1,"ei":1,"l0":"6, ","c0":"#7b3aa8","l1":"15","c1":"#03636c"},"geometry":{"type":"Point","coordinates":[25.927414,43.803495]}},{"type":"Feature","properties":{"lines":"6, 15","arr":["А6","А15"],"mode":"bus","angle":-35.5,"extra":1,"ei":2,"l0":"6, ","c0":"#7b3aa8","l1":"15","c1":"#03636c"},"geometry":{"type":"Point","coordinates":[25.928529,43.805152]}},{"type":"Feature","properties":{"lines":"6, 15","arr":["А6","А15"],"mode":"bus","angle":1.4,"extra":1,"ei":3,"l0":"6, ","c0":"#7b3aa8","l1":"15","c1":"#03636c"},"geometry":{"type":"Point","coordinates":[25.935851,43.806683]}},{"type":"Feature","properties":{"lines":"6, 15","arr":["А6","А15"],"mode":"bus","angle":1.1,"extra":1,"ei":4,"l0":"6, ","c0":"#7b3aa8","l1":"15","c1":"#03636c"},"geometry":{"type":"Point","coordinates":[25.938468,43.806635]}},{"type":"Feature","properties":{"lines":"6, 15","arr":["А6","А15"],"mode":"bus","angle":1.7,"extra":1,"ei":5,"l0":"6, ","c0":"#7b3aa8","l1":"15","c1":"#03636c"},"geometry":{"type":"Point","coordinates":[25.941086,43.806587]}},{"type":"Feature","properties":{"lines":"6, 8, 50","arr":["А6","А8","А50"],"mode":"bus","angle":61.5,"l0":"6, ","c0":"#7b3aa8","l1":"8, ","c1":"#b59607","l2":"50","c2":"#ff5e9b"},"geometry":{"type":"Point","coordinates":[25.944919,43.805582]}},{"type":"Feature","properties":{"lines":"6, 8, 50","arr":["А6","А8","А50"],"mode":"bus","angle":60.9,"extra":1,"ei":0,"l0":"6, ","c0":"#7b3aa8","l1":"8, ","c1":"#b59607","l2":"50","c2":"#ff5e9b"},"geometry":{"type":"Point","coordinates":[25.945713,43.804529]}},{"type":"Feature","properties":{"lines":"8, 15, 50","arr":["А8","А15","А50"],"mode":"bus","angle":56.9,"l0":"8, ","c0":"#b59607","l1":"15, ","c1":"#03636c","l2":"50","c2":"#ff5e9b"},"geometry":{"type":"Point","coordinates":[25.942187,43.812638]}},{"type":"Feature","properties":{"lines":"8, 15, 50","arr":["А8","А15","А50"],"mode":"bus","angle":-68.4,"extra":1,"ei":0,"l0":"8, ","c0":"#b59607","l1":"15, ","c1":"#03636c","l2":"50","c2":"#ff5e9b"},"geometry":{"type":"Point","coordinates":[25.942575,43.807957]}},{"type":"Feature","properties":{"lines":"8, 15, 50","arr":["А8","А15","А50"],"mode":"bus","angle":-79.1,"extra":1,"ei":1,"l0":"8, ","c0":"#b59607","l1":"15, ","c1":"#03636c","l2":"50","c2":"#ff5e9b"},"geometry":{"type":"Point","coordinates":[25.943584,43.809694]}},{"type":"Feature","properties":{"lines":"8, 15, 50","arr":["А8","А15","А50"],"mode":"bus","angle":63,"extra":1,"ei":2,"l0":"8, ","c0":"#b59607","l1":"15, ","c1":"#03636c","l2":"50","c2":"#ff5e9b"},"geometry":{"type":"Point","coordinates":[25.943221,43.81153]}},{"type":"Feature","properties":{"lines":"8, 15, 50","arr":["А8","А15","А50"],"mode":"bus","angle":71.4,"extra":1,"ei":3,"l0":"8, ","c0":"#b59607","l1":"15, ","c1":"#03636c","l2":"50","c2":"#ff5e9b"},"geometry":{"type":"Point","coordinates":[25.940578,43.814773]}},{"type":"Feature","properties":{"lines":"8, 15, 50","arr":["А8","А15","А50"],"mode":"bus","angle":77.7,"extra":1,"ei":4,"l0":"8, ","c0":"#b59607","l1":"15, ","c1":"#03636c","l2":"50","c2":"#ff5e9b"},"geometry":{"type":"Point","coordinates":[25.939872,43.816588]}},{"type":"Feature","properties":{"lines":"6, 8, 50","arr":["А6","А8","А50"],"mode":"bus","angle":-56.2,"mi":1,"l0":"6, ","c0":"#7b3aa8","l1":"8, ","c1":"#b59607","l2":"50","c2":"#ff5e9b"},"geometry":{"type":"Point","coordinates":[25.946156,43.803475]}},{"type":"Feature","properties":{"lines":"8, 50","arr":["А8","А50"],"mode":"bus","angle":86.1,"l0":"8, ","c0":"#b59607","l1":"50","c1":"#ff5e9b"},"geometry":{"type":"Point","coordinates":[25.945788,43.800879]}},{"type":"Feature","properties":{"lines":"8, 50","arr":["А8","А50"],"mode":"bus","angle":81.1,"extra":1,"ei":0,"l0":"8, ","c0":"#b59607","l1":"50","c1":"#ff5e9b"},"geometry":{"type":"Point","coordinates":[25.945411,43.802507]}},{"type":"Feature","properties":{"lines":"8, 50","arr":["А8","А50"],"mode":"bus","angle":87.2,"extra":1,"ei":1,"l0":"8, ","c0":"#b59607","l1":"50","c1":"#ff5e9b"},"geometry":{"type":"Point","coordinates":[25.945947,43.798758]}},{"type":"Feature","properties":{"lines":"6, 16, 19","arr":["А6","А16","А19"],"mode":"bus","angle":-86.7,"side":-1,"mi":1,"l0":"6, ","c0":"#7b3aa8","l1":"16, ","c1":"#f57145","l2":"19","c2":"#19a9a8"},"geometry":{"type":"Point","coordinates":[25.930997,43.81934]}},{"type":"Feature","properties":{"lines":"6, 16, 19","arr":["А6","А16","А19"],"mode":"bus","angle":-10.1,"extra":1,"ei":0,"l0":"6, ","c0":"#7b3aa8","l1":"16, ","c1":"#f57145","l2":"19","c2":"#19a9a8"},"geometry":{"type":"Point","coordinates":[25.932175,43.817928]}},{"type":"Feature","properties":{"lines":"6, 16, 19","arr":["А6","А16","А19"],"mode":"bus","angle":-77,"extra":1,"ei":1,"l0":"6, ","c0":"#7b3aa8","l1":"16, ","c1":"#f57145","l2":"19","c2":"#19a9a8"},"geometry":{"type":"Point","coordinates":[25.932055,43.821122]}},{"type":"Feature","properties":{"lines":"6, 16, 19, 2, 9, 24","arr":["А6","А16","А19","Т2","Т9","Т24"],"mode":"bus","angle":-63.7,"l0":"6, ","c0":"#7b3aa8","l1":"16, ","c1":"#f57145","l2":"19, ","c2":"#19a9a8","l3":"2, ","c3":"#c17aef","l4":"9, ","c4":"#095d97","l5":"24","c5":"#076734"},"geometry":{"type":"Point","coordinates":[25.936595,43.827481]}},{"type":"Feature","properties":{"lines":"6, 16, 19, 2, 9, 24","arr":["А6","А16","А19","Т2","Т9","Т24"],"mode":"bus","angle":-72.1,"extra":1,"ei":0,"l0":"6, ","c0":"#7b3aa8","l1":"16, ","c1":"#f57145","l2":"19, ","c2":"#19a9a8","l3":"2, ","c3":"#c17aef","l4":"9, ","c4":"#095d97","l5":"24","c5":"#076734"},"geometry":{"type":"Point","coordinates":[25.93726,43.828764]}},{"type":"Feature","properties":{"lines":"6, 8, 10, 11, 16, 18, 19, 20, 28, 27, 29","arr":["А6","А8","А10","А11","А16","А18","А19","А20","А28","Т27","Т29"],"mode":"bus","angle":75.5,"l0":"6, ","c0":"#7b3aa8","l1":"8, ","c1":"#b59607","l2":"10, ","c2":"#a72d06","l3":"11, ","c3":"#b0045c","l4":"16, ","c4":"#f57145","l5":"18, ","c5":"#8e4604","l6":"19, ","c6":"#19a9a8","l7":"20, ","c7":"#02af5a","l8":"28, ","c8":"#119efc","l9":"27, ","c9":"#ff627e","l10":"29","c10":"#5a5d02"},"geometry":{"type":"Point","coordinates":[25.959801,43.848301]}},{"type":"Feature","properties":{"lines":"6, 8, 10, 11, 16, 18, 19, 20, 28, 30, 27, 29","arr":["А6","А8","А10","А11","А16","А18","А19","А20","А28","А30","Т27","Т29"],"mode":"bus","angle":-43.4,"side":-1,"l0":"6, ","c0":"#7b3aa8","l1":"8, ","c1":"#b59607","l2":"10, ","c2":"#a72d06","l3":"11, ","c3":"#b0045c","l4":"16, ","c4":"#f57145","l5":"18, ","c5":"#8e4604","l6":"19, ","c6":"#19a9a8","l7":"20, ","c7":"#02af5a","l8":"28, ","c8":"#119efc","l9":"30, ","c9":"#cf8a11","l10":"27, ","c10":"#ff627e","l11":"29","c11":"#5a5d02"},"geometry":{"type":"Point","coordinates":[25.96176,43.853469]}},{"type":"Feature","properties":{"lines":"6, 8, 10","arr":["А6","А8","А10"],"mode":"bus","angle":-62.9,"side":-1,"l0":"6, ","c0":"#7b3aa8","l1":"8, ","c1":"#b59607","l2":"10","c2":"#a72d06"},"geometry":{"type":"Point","coordinates":[25.962638,43.854486]}},{"type":"Feature","properties":{"lines":"11, 16, 18, 19, 20, 28, 30, 27, 29","arr":["А11","А16","А18","А19","А20","А28","А30","Т27","Т29"],"mode":"bus","angle":-33.6,"l0":"11, ","c0":"#b0045c","l1":"16, ","c1":"#f57145","l2":"18, ","c2":"#8e4604","l3":"19, ","c3":"#19a9a8","l4":"20, ","c4":"#02af5a","l5":"28, ","c5":"#119efc","l6":"30, ","c6":"#cf8a11","l7":"27, ","c7":"#ff627e","l8":"29","c8":"#5a5d02"},"geometry":{"type":"Point","coordinates":[25.968191,43.857016]}},{"type":"Feature","properties":{"lines":"11, 16, 18, 19, 20, 28, 30, 27, 29","arr":["А11","А16","А18","А19","А20","А28","А30","Т27","Т29"],"mode":"bus","angle":-33.2,"extra":1,"ei":0,"l0":"11, ","c0":"#b0045c","l1":"16, ","c1":"#f57145","l2":"18, ","c2":"#8e4604","l3":"19, ","c3":"#19a9a8","l4":"20, ","c4":"#02af5a","l5":"28, ","c5":"#119efc","l6":"30, ","c6":"#cf8a11","l7":"27, ","c7":"#ff627e","l8":"29","c8":"#5a5d02"},"geometry":{"type":"Point","coordinates":[25.964359,43.855181]}},{"type":"Feature","properties":{"lines":"11, 16, 18, 19, 20, 28, 30, 27, 29","arr":["А11","А16","А18","А19","А20","А28","А30","Т27","Т29"],"mode":"bus","angle":-33.2,"extra":1,"ei":1,"l0":"11, ","c0":"#b0045c","l1":"16, ","c1":"#f57145","l2":"18, ","c2":"#8e4604","l3":"19, ","c3":"#19a9a8","l4":"20, ","c4":"#02af5a","l5":"28, ","c5":"#119efc","l6":"30, ","c6":"#cf8a11","l7":"27, ","c7":"#ff627e","l8":"29","c8":"#5a5d02"},"geometry":{"type":"Point","coordinates":[25.966534,43.856232]}},{"type":"Feature","properties":{"lines":"11, 16, 18, 19, 20, 28, 30, 27, 29","arr":["А11","А16","А18","А19","А20","А28","А30","Т27","Т29"],"mode":"bus","angle":-33.7,"extra":1,"ei":2,"l0":"11, ","c0":"#b0045c","l1":"16, ","c1":"#f57145","l2":"18, ","c2":"#8e4604","l3":"19, ","c3":"#19a9a8","l4":"20, ","c4":"#02af5a","l5":"28, ","c5":"#119efc","l6":"30, ","c6":"#cf8a11","l7":"27, ","c7":"#ff627e","l8":"29","c8":"#5a5d02"},"geometry":{"type":"Point","coordinates":[25.9709,43.858316]}},{"type":"Feature","properties":{"lines":"11, 16, 18, 19, 20, 28, 30, 27, 29","arr":["А11","А16","А18","А19","А20","А28","А30","Т27","Т29"],"mode":"bus","angle":-34.8,"extra":1,"ei":3,"l0":"11, ","c0":"#b0045c","l1":"16, ","c1":"#f57145","l2":"18, ","c2":"#8e4604","l3":"19, ","c3":"#19a9a8","l4":"20, ","c4":"#02af5a","l5":"28, ","c5":"#119efc","l6":"30, ","c6":"#cf8a11","l7":"27, ","c7":"#ff627e","l8":"29","c8":"#5a5d02"},"geometry":{"type":"Point","coordinates":[25.973063,43.85938]}},{"type":"Feature","properties":{"lines":"8, 10, 15, 28, 33, 13, 21, 27, 29","arr":["А8","А10","А15","А28","А33","Т13","Т21","Т27","Т29"],"mode":"bus","angle":88.6,"l0":"8, ","c0":"#b59607","l1":"10, ","c1":"#a72d06","l2":"15, ","c2":"#03636c","l3":"28, ","c3":"#119efc","l4":"33, ","c4":"#4d4aba","l5":"13, ","c5":"#19a9a8","l6":"21, ","c6":"#b0045c","l7":"27, ","c7":"#ff627e","l8":"29","c8":"#5a5d02"},"geometry":{"type":"Point","coordinates":[25.960585,43.843731]}},{"type":"Feature","properties":{"lines":"8, 10, 15, 28, 33, 9, 13, 21, 24, 27, 29","arr":["А8","А10","А15","А28","А33","Т9","Т13","Т21","Т24","Т27","Т29"],"mode":"bus","angle":-89.9,"l0":"8, ","c0":"#b59607","l1":"10, ","c1":"#a72d06","l2":"15, ","c2":"#03636c","l3":"28, ","c3":"#119efc","l4":"33, ","c4":"#4d4aba","l5":"9, ","c5":"#095d97","l6":"13, ","c6":"#19a9a8","l7":"21, ","c7":"#b0045c","l8":"24, ","c8":"#076734","l9":"27, ","c9":"#ff627e","l10":"29","c10":"#5a5d02"},"geometry":{"type":"Point","coordinates":[25.96024,43.842531]}},{"type":"Feature","properties":{"lines":"8, 10, 15, 28, 33, 9, 13, 21, 24, 27, 29","arr":["А8","А10","А15","А28","А33","Т9","Т13","Т21","Т24","Т27","Т29"],"mode":"bus","angle":89.3,"side":-1,"extra":1,"ei":0,"l0":"8, ","c0":"#b59607","l1":"10, ","c1":"#a72d06","l2":"15, ","c2":"#03636c","l3":"28, ","c3":"#119efc","l4":"33, ","c4":"#4d4aba","l5":"9, ","c5":"#095d97","l6":"13, ","c6":"#19a9a8","l7":"21, ","c7":"#b0045c","l8":"24, ","c8":"#076734","l9":"27, ","c9":"#ff627e","l10":"29","c10":"#5a5d02"},"geometry":{"type":"Point","coordinates":[25.960202,43.844478]}},{"type":"Feature","properties":{"lines":"8, 10, 15, 28, 33, 9, 13, 21, 24, 27, 29","arr":["А8","А10","А15","А28","А33","Т9","Т13","Т21","Т24","Т27","Т29"],"mode":"bus","angle":-76.8,"extra":1,"ei":1,"l0":"8, ","c0":"#b59607","l1":"10, ","c1":"#a72d06","l2":"15, ","c2":"#03636c","l3":"28, ","c3":"#119efc","l4":"33, ","c4":"#4d4aba","l5":"9, ","c5":"#095d97","l6":"13, ","c6":"#19a9a8","l7":"21, ","c7":"#b0045c","l8":"24, ","c8":"#076734","l9":"27, ","c9":"#ff627e","l10":"29","c10":"#5a5d02"},"geometry":{"type":"Point","coordinates":[25.959914,43.840728]}},{"type":"Feature","properties":{"lines":"8, 10, 28, 33, 9, 13, 21, 24, 27, 29","arr":["А8","А10","А28","А33","Т9","Т13","Т21","Т24","Т27","Т29"],"mode":"bus","angle":42.9,"side":-1,"l0":"8, ","c0":"#b59607","l1":"10, ","c1":"#a72d06","l2":"28, ","c2":"#119efc","l3":"33, ","c3":"#4d4aba","l4":"9, ","c4":"#095d97","l5":"13, ","c5":"#19a9a8","l6":"21, ","c6":"#b0045c","l7":"24, ","c7":"#076734","l8":"27, ","c8":"#ff627e","l9":"29","c9":"#5a5d02"},"geometry":{"type":"Point","coordinates":[25.963986,43.836632]}},{"type":"Feature","properties":{"lines":"8, 10, 28, 33, 9, 13, 21, 24, 27, 29","arr":["А8","А10","А28","А33","Т9","Т13","Т21","Т24","Т27","Т29"],"mode":"bus","angle":47.4,"side":-1,"extra":1,"ei":0,"l0":"8, ","c0":"#b59607","l1":"10, ","c1":"#a72d06","l2":"28, ","c2":"#119efc","l3":"33, ","c3":"#4d4aba","l4":"9, ","c4":"#095d97","l5":"13, ","c5":"#19a9a8","l6":"21, ","c6":"#b0045c","l7":"24, ","c7":"#076734","l8":"27, ","c8":"#ff627e","l9":"29","c9":"#5a5d02"},"geometry":{"type":"Point","coordinates":[25.960851,43.838842]}},{"type":"Feature","properties":{"lines":"8, 10, 28, 33, 9, 13, 21, 24, 27, 29","arr":["А8","А10","А28","А33","Т9","Т13","Т21","Т24","Т27","Т29"],"mode":"bus","angle":43,"side":-1,"extra":1,"ei":1,"l0":"8, ","c0":"#b59607","l1":"10, ","c1":"#a72d06","l2":"28, ","c2":"#119efc","l3":"33, ","c3":"#4d4aba","l4":"9, ","c4":"#095d97","l5":"13, ","c5":"#19a9a8","l6":"21, ","c6":"#b0045c","l7":"24, ","c7":"#076734","l8":"27, ","c8":"#ff627e","l9":"29","c9":"#5a5d02"},"geometry":{"type":"Point","coordinates":[25.962693,43.8375]}},{"type":"Feature","properties":{"lines":"8, 10, 28, 33, 9, 13, 21, 24, 27, 29","arr":["А8","А10","А28","А33","Т9","Т13","Т21","Т24","Т27","Т29"],"mode":"bus","angle":42.3,"side":-1,"extra":1,"ei":2,"l0":"8, ","c0":"#b59607","l1":"10, ","c1":"#a72d06","l2":"28, ","c2":"#119efc","l3":"33, ","c3":"#4d4aba","l4":"9, ","c4":"#095d97","l5":"13, ","c5":"#19a9a8","l6":"21, ","c6":"#b0045c","l7":"24, ","c7":"#076734","l8":"27, ","c8":"#ff627e","l9":"29","c9":"#5a5d02"},"geometry":{"type":"Point","coordinates":[25.966517,43.834921]}},{"type":"Feature","properties":{"lines":"8","arr":["А8"],"mode":"bus","angle":-46.8,"mi":1,"l0":"8","c0":"#b59607"},"geometry":{"type":"Point","coordinates":[25.967638,43.833187]}},{"type":"Feature","properties":{"lines":"8","arr":["А8"],"mode":"bus","angle":80.6,"l0":"8","c0":"#b59607"},"geometry":{"type":"Point","coordinates":[25.96718,43.832249]}},{"type":"Feature","properties":{"lines":"8, 28, 13, 24, 27","arr":["А8","А28","Т13","Т24","Т27"],"mode":"bus","angle":52,"l0":"8, ","c0":"#b59607","l1":"28, ","c1":"#119efc","l2":"13, ","c2":"#19a9a8","l3":"24, ","c3":"#076734","l4":"27","c4":"#ff627e"},"geometry":{"type":"Point","coordinates":[25.969128,43.830375]}},{"type":"Feature","properties":{"lines":"8, 23, 28, 13, 24, 27","arr":["А8","А23","А28","Т13","Т24","Т27"],"mode":"bus","angle":43.6,"l0":"8, ","c0":"#b59607","l1":"23, ","c1":"#e16cd6","l2":"28, ","c2":"#119efc","l3":"13, ","c3":"#19a9a8","l4":"24, ","c4":"#076734","l5":"27","c5":"#ff627e"},"geometry":{"type":"Point","coordinates":[25.968657,43.833674]}},{"type":"Feature","properties":{"lines":"8, 23","arr":["А8","А23"],"mode":"bus","angle":36.9,"l0":"8, ","c0":"#b59607","l1":"23","c1":"#e16cd6"},"geometry":{"type":"Point","coordinates":[25.960258,43.839509]}},{"type":"Feature","properties":{"lines":"8","arr":["А8"],"mode":"bus","angle":-12.4,"mi":3,"l0":"8","c0":"#b59607"},"geometry":{"type":"Point","coordinates":[25.957327,43.839414]}},{"type":"Feature","properties":{"lines":"8","arr":["А8"],"mode":"bus","angle":-10.5,"extra":1,"ei":0,"l0":"8","c0":"#b59607"},"geometry":{"type":"Point","coordinates":[25.955728,43.839208]}},{"type":"Feature","properties":{"lines":"8, 11, 12, 18, 23","arr":["А8","А11","А12","А18","А23"],"mode":"bus","angle":82.9,"l0":"8, ","c0":"#b59607","l1":"11, ","c1":"#b0045c","l2":"12, ","c2":"#5d8606","l3":"18, ","c3":"#8e4604","l4":"23","c4":"#e16cd6"},"geometry":{"type":"Point","coordinates":[25.954916,43.839935]}},{"type":"Feature","properties":{"lines":"8","arr":["А8"],"mode":"bus","angle":22.2,"mi":1,"l0":"8","c0":"#b59607"},"geometry":{"type":"Point","coordinates":[25.953254,43.84002]}},{"type":"Feature","properties":{"lines":"8","arr":["А8"],"mode":"bus","angle":-17.2,"mi":4,"l0":"8","c0":"#b59607"},"geometry":{"type":"Point","coordinates":[25.950821,43.840431]}},{"type":"Feature","properties":{"lines":"8","arr":["А8"],"mode":"bus","angle":-6.4,"l0":"8","c0":"#b59607"},"geometry":{"type":"Point","coordinates":[25.955276,43.840866]}},{"type":"Feature","properties":{"lines":"8","arr":["А8"],"mode":"bus","angle":70.6,"mi":6,"l0":"8","c0":"#b59607"},"geometry":{"type":"Point","coordinates":[25.950498,43.839471]}},{"type":"Feature","properties":{"lines":"8, 18","arr":["А8","А18"],"mode":"bus","angle":-7.1,"l0":"8, ","c0":"#b59607","l1":"18","c1":"#8e4604"},"geometry":{"type":"Point","coordinates":[25.952586,43.838846]}},{"type":"Feature","properties":{"lines":"8, 50","arr":["А8","А50"],"mode":"bus","angle":-24.7,"side":-1,"mi":2,"l0":"8, ","c0":"#b59607","l1":"50","c1":"#ff5e9b"},"geometry":{"type":"Point","coordinates":[25.947427,43.836361]}},{"type":"Feature","properties":{"lines":"8, 50","arr":["А8","А50"],"mode":"bus","angle":-16.8,"side":-1,"l0":"8, ","c0":"#b59607","l1":"50","c1":"#ff5e9b"},"geometry":{"type":"Point","coordinates":[25.945896,43.835909]}},{"type":"Feature","properties":{"lines":"8, 50","arr":["А8","А50"],"mode":"bus","angle":-44.3,"mi":1,"l0":"8, ","c0":"#b59607","l1":"50","c1":"#ff5e9b"},"geometry":{"type":"Point","coordinates":[25.947342,43.835992]}},{"type":"Feature","properties":{"lines":"8, 50","arr":["А8","А50"],"mode":"bus","angle":-55.2,"mi":3,"l0":"8, ","c0":"#b59607","l1":"50","c1":"#ff5e9b"},"geometry":{"type":"Point","coordinates":[25.943043,43.827352]}},{"type":"Feature","properties":{"lines":"8, 50","arr":["А8","А50"],"mode":"bus","angle":-21.1,"l0":"8, ","c0":"#b59607","l1":"50","c1":"#ff5e9b"},"geometry":{"type":"Point","coordinates":[25.937065,43.819199]}},{"type":"Feature","properties":{"lines":"8, 50","arr":["А8","А50"],"mode":"bus","angle":31.5,"side":-1,"mi":1,"l0":"8, ","c0":"#b59607","l1":"50","c1":"#ff5e9b"},"geometry":{"type":"Point","coordinates":[25.938592,43.81837]}},{"type":"Feature","properties":{"lines":"8, 50","arr":["А8","А50"],"mode":"bus","angle":78.3,"extra":1,"ei":0,"l0":"8, ","c0":"#b59607","l1":"50","c1":"#ff5e9b"},"geometry":{"type":"Point","coordinates":[25.945631,43.834494]}},{"type":"Feature","properties":{"lines":"8, 50","arr":["А8","А50"],"mode":"bus","angle":75.5,"extra":1,"ei":1,"l0":"8, ","c0":"#b59607","l1":"50","c1":"#ff5e9b"},"geometry":{"type":"Point","coordinates":[25.946237,43.832657]}},{"type":"Feature","properties":{"lines":"8, 50","arr":["А8","А50"],"mode":"bus","angle":-66,"extra":1,"ei":2,"l0":"8, ","c0":"#b59607","l1":"50","c1":"#ff5e9b"},"geometry":{"type":"Point","coordinates":[25.946351,43.830829]}},{"type":"Feature","properties":{"lines":"8, 50","arr":["А8","А50"],"mode":"bus","angle":-53.7,"extra":1,"ei":3,"l0":"8, ","c0":"#b59607","l1":"50","c1":"#ff5e9b"},"geometry":{"type":"Point","coordinates":[25.944976,43.829229]}},{"type":"Feature","properties":{"lines":"8, 50","arr":["А8","А50"],"mode":"bus","angle":-67.2,"extra":1,"ei":4,"l0":"8, ","c0":"#b59607","l1":"50","c1":"#ff5e9b"},"geometry":{"type":"Point","coordinates":[25.941829,43.826258]}},{"type":"Feature","properties":{"lines":"8, 50","arr":["А8","А50"],"mode":"bus","angle":-45.5,"extra":1,"ei":5,"l0":"8, ","c0":"#b59607","l1":"50","c1":"#ff5e9b"},"geometry":{"type":"Point","coordinates":[25.940485,43.824666]}},{"type":"Feature","properties":{"lines":"8, 50","arr":["А8","А50"],"mode":"bus","angle":-48.6,"extra":1,"ei":6,"l0":"8, ","c0":"#b59607","l1":"50","c1":"#ff5e9b"},"geometry":{"type":"Point","coordinates":[25.938677,43.823301]}},{"type":"Feature","properties":{"lines":"8, 50","arr":["А8","А50"],"mode":"bus","angle":-68.5,"extra":1,"ei":7,"l0":"8, ","c0":"#b59607","l1":"50","c1":"#ff5e9b"},"geometry":{"type":"Point","coordinates":[25.937178,43.821765]}},{"type":"Feature","properties":{"lines":"11, 12, 18, 23","arr":["А11","А12","А18","А23"],"mode":"bus","angle":82.9,"l0":"11, ","c0":"#b0045c","l1":"12, ","c1":"#5d8606","l2":"18, ","c2":"#8e4604","l3":"23","c3":"#e16cd6"},"geometry":{"type":"Point","coordinates":[25.955412,43.83689]}},{"type":"Feature","properties":{"lines":"11, 12, 18, 23","arr":["А11","А12","А18","А23"],"mode":"bus","angle":83,"mi":1,"l0":"11, ","c0":"#b0045c","l1":"12, ","c1":"#5d8606","l2":"18, ","c2":"#8e4604","l3":"23","c3":"#e16cd6"},"geometry":{"type":"Point","coordinates":[25.954446,43.842823]}},{"type":"Feature","properties":{"lines":"11, 12, 18, 23","arr":["А11","А12","А18","А23"],"mode":"bus","angle":81.9,"extra":1,"ei":0,"l0":"11, ","c0":"#b0045c","l1":"12, ","c1":"#5d8606","l2":"18, ","c2":"#8e4604","l3":"23","c3":"#e16cd6"},"geometry":{"type":"Point","coordinates":[25.955635,43.835675]}},{"type":"Feature","properties":{"lines":"8","arr":["А8"],"mode":"bus","angle":-74.7,"mi":2,"l0":"8","c0":"#b59607"},"geometry":{"type":"Point","coordinates":[25.956075,43.841687]}},{"type":"Feature","properties":{"lines":"8, 9, 24","arr":["А8","Т9","Т24"],"mode":"bus","angle":11.1,"l0":"8, ","c0":"#b59607","l1":"9, ","c1":"#095d97","l2":"24","c2":"#076734"},"geometry":{"type":"Point","coordinates":[25.959203,43.841853]}},{"type":"Feature","properties":{"lines":"8","arr":["А8"],"mode":"bus","angle":19.3,"mi":5,"l0":"8","c0":"#b59607"},"geometry":{"type":"Point","coordinates":[25.957271,43.842228]}},{"type":"Feature","properties":{"lines":"15","arr":["А15"],"mode":"bus","angle":-73.7,"side":-1,"l0":"15","c0":"#03636c"},"geometry":{"type":"Point","coordinates":[25.95867,43.836631]}},{"type":"Feature","properties":{"lines":"15","arr":["А15"],"mode":"bus","angle":-74.1,"side":-1,"extra":1,"ei":0,"l0":"15","c0":"#03636c"},"geometry":{"type":"Point","coordinates":[25.959683,43.838953]}},{"type":"Feature","properties":{"lines":"15","arr":["А15"],"mode":"bus","angle":-53.2,"side":-1,"extra":1,"ei":1,"l0":"15","c0":"#03636c"},"geometry":{"type":"Point","coordinates":[25.958062,43.835369]}},{"type":"Feature","properties":{"lines":"15","arr":["А15"],"mode":"bus","angle":-37.6,"side":-1,"extra":1,"ei":2,"l0":"15","c0":"#03636c"},"geometry":{"type":"Point","coordinates":[25.956031,43.834183]}},{"type":"Feature","properties":{"lines":"10, 15, 28, 33, 9, 13, 21, 24, 27, 29","arr":["А10","А15","А28","А33","Т9","Т13","Т21","Т24","Т27","Т29"],"mode":"bus","angle":-76.7,"side":-1,"l0":"10, ","c0":"#a72d06","l1":"15, ","c1":"#03636c","l2":"28, ","c2":"#119efc","l3":"33, ","c3":"#4d4aba","l4":"9, ","c4":"#095d97","l5":"13, ","c5":"#19a9a8","l6":"21, ","c6":"#b0045c","l7":"24, ","c7":"#076734","l8":"27, ","c8":"#ff627e","l9":"29","c9":"#5a5d02"},"geometry":{"type":"Point","coordinates":[25.96033,43.840802]}},{"type":"Feature","properties":{"lines":"10, 28, 33, 9, 13, 21, 24, 27, 29","arr":["А10","А28","А33","Т9","Т13","Т21","Т24","Т27","Т29"],"mode":"bus","angle":43,"side":-1,"l0":"10, ","c0":"#a72d06","l1":"28, ","c1":"#119efc","l2":"33, ","c2":"#4d4aba","l3":"9, ","c3":"#095d97","l4":"13, ","c4":"#19a9a8","l5":"21, ","c5":"#b0045c","l6":"24, ","c6":"#076734","l7":"27, ","c7":"#ff627e","l8":"29","c8":"#5a5d02"},"geometry":{"type":"Point","coordinates":[25.96924,43.833086]}},{"type":"Feature","properties":{"lines":"10, 33, 9, 21, 29","arr":["А10","А33","Т9","Т21","Т29"],"mode":"bus","angle":41.9,"side":-1,"l0":"10, ","c0":"#a72d06","l1":"33, ","c1":"#4d4aba","l2":"9, ","c2":"#095d97","l3":"21, ","c3":"#b0045c","l4":"29","c4":"#5a5d02"},"geometry":{"type":"Point","coordinates":[25.971169,43.831812]}},{"type":"Feature","properties":{"lines":"10","arr":["А10"],"mode":"bus","angle":-3.7,"side":-1,"l0":"10","c0":"#a72d06"},"geometry":{"type":"Point","coordinates":[25.976877,43.838798]}},{"type":"Feature","properties":{"lines":"10","arr":["А10"],"mode":"bus","angle":3.6,"l0":"10","c0":"#a72d06"},"geometry":{"type":"Point","coordinates":[26.009626,43.836714]}},{"type":"Feature","properties":{"lines":"10","arr":["А10"],"mode":"bus","angle":-28.2,"extra":1,"ei":0,"l0":"10","c0":"#a72d06"},"geometry":{"type":"Point","coordinates":[25.983499,43.840004]}},{"type":"Feature","properties":{"lines":"10","arr":["А10"],"mode":"bus","angle":2.2,"extra":1,"ei":1,"l0":"10","c0":"#a72d06"},"geometry":{"type":"Point","coordinates":[25.985989,43.840458]}},{"type":"Feature","properties":{"lines":"10","arr":["А10"],"mode":"bus","angle":3.5,"extra":1,"ei":2,"l0":"10","c0":"#a72d06"},"geometry":{"type":"Point","coordinates":[25.988602,43.840341]}},{"type":"Feature","properties":{"lines":"10","arr":["А10"],"mode":"bus","angle":20.9,"extra":1,"ei":3,"l0":"10","c0":"#a72d06"},"geometry":{"type":"Point","coordinates":[25.991177,43.840088]}},{"type":"Feature","properties":{"lines":"10","arr":["А10"],"mode":"bus","angle":19.3,"extra":1,"ei":4,"l0":"10","c0":"#a72d06"},"geometry":{"type":"Point","coordinates":[25.993616,43.839405]}},{"type":"Feature","properties":{"lines":"10","arr":["А10"],"mode":"bus","angle":23.8,"extra":1,"ei":5,"l0":"10","c0":"#a72d06"},"geometry":{"type":"Point","coordinates":[25.995992,43.838626]}},{"type":"Feature","properties":{"lines":"10","arr":["А10"],"mode":"bus","angle":7.8,"extra":1,"ei":6,"l0":"10","c0":"#a72d06"},"geometry":{"type":"Point","coordinates":[25.998522,43.838161]}},{"type":"Feature","properties":{"lines":"10","arr":["А10"],"mode":"bus","angle":6.8,"extra":1,"ei":7,"l0":"10","c0":"#a72d06"},"geometry":{"type":"Point","coordinates":[26.001114,43.837896]}},{"type":"Feature","properties":{"lines":"10","arr":["А10"],"mode":"bus","angle":56.1,"extra":1,"ei":8,"l0":"10","c0":"#a72d06"},"geometry":{"type":"Point","coordinates":[26.003422,43.837276]}},{"type":"Feature","properties":{"lines":"10","arr":["А10"],"mode":"bus","angle":0.6,"extra":1,"ei":9,"l0":"10","c0":"#a72d06"},"geometry":{"type":"Point","coordinates":[26.005763,43.836721]}},{"type":"Feature","properties":{"lines":"10","arr":["А10"],"mode":"bus","angle":33,"extra":1,"ei":10,"l0":"10","c0":"#a72d06"},"geometry":{"type":"Point","coordinates":[26.013106,43.835384]}},{"type":"Feature","properties":{"lines":"10","arr":["А10"],"mode":"bus","angle":34.3,"extra":1,"ei":11,"l0":"10","c0":"#a72d06"},"geometry":{"type":"Point","coordinates":[26.015104,43.834188]}},{"type":"Feature","properties":{"lines":"10","arr":["А10"],"mode":"bus","angle":61.7,"extra":1,"ei":12,"l0":"10","c0":"#a72d06"},"geometry":{"type":"Point","coordinates":[26.016669,43.832745]}},{"type":"Feature","properties":{"lines":"10","arr":["А10"],"mode":"bus","angle":70.4,"extra":1,"ei":13,"l0":"10","c0":"#a72d06"},"geometry":{"type":"Point","coordinates":[26.017675,43.831014]}},{"type":"Feature","properties":{"lines":"10","arr":["А10"],"mode":"bus","angle":43.2,"extra":1,"ei":14,"l0":"10","c0":"#a72d06"},"geometry":{"type":"Point","coordinates":[26.019331,43.829571]}},{"type":"Feature","properties":{"lines":"10","arr":["А10"],"mode":"bus","angle":23.2,"extra":1,"ei":15,"l0":"10","c0":"#a72d06"},"geometry":{"type":"Point","coordinates":[26.021642,43.828712]}},{"type":"Feature","properties":{"lines":"10","arr":["А10"],"mode":"bus","angle":39.1,"extra":1,"ei":16,"l0":"10","c0":"#a72d06"},"geometry":{"type":"Point","coordinates":[26.023836,43.82771]}},{"type":"Feature","properties":{"lines":"10","arr":["А10"],"mode":"bus","angle":61.1,"extra":1,"ei":17,"l0":"10","c0":"#a72d06"},"geometry":{"type":"Point","coordinates":[26.025618,43.826414]}},{"type":"Feature","properties":{"lines":"10","arr":["А10"],"mode":"bus","angle":-7.3,"extra":1,"ei":18,"l0":"10","c0":"#a72d06"},"geometry":{"type":"Point","coordinates":[26.028031,43.826599]}},{"type":"Feature","properties":{"lines":"10","arr":["А10"],"mode":"bus","angle":14.5,"extra":1,"ei":19,"l0":"10","c0":"#a72d06"},"geometry":{"type":"Point","coordinates":[26.030623,43.82643]}},{"type":"Feature","properties":{"lines":"10","arr":["А10"],"mode":"bus","angle":-12.1,"mi":1,"l0":"10","c0":"#a72d06"},"geometry":{"type":"Point","coordinates":[25.97968,43.838599]}},{"type":"Feature","properties":{"lines":"10","arr":["А10"],"mode":"bus","angle":13.6,"extra":1,"ei":0,"l0":"10","c0":"#a72d06"},"geometry":{"type":"Point","coordinates":[25.97802,43.838616]}},{"type":"Feature","properties":{"lines":"10, 33, 9, 21, 29","arr":["А10","А33","Т9","Т21","Т29"],"mode":"bus","angle":51.2,"mi":1,"l0":"10, ","c0":"#a72d06","l1":"33, ","c1":"#4d4aba","l2":"9, ","c2":"#095d97","l3":"21, ","c3":"#b0045c","l4":"29","c4":"#5a5d02"},"geometry":{"type":"Point","coordinates":[25.968701,43.833727]}},{"type":"Feature","properties":{"lines":"10, 28, 33, 9, 13, 21, 24, 27, 29","arr":["А10","А28","А33","Т9","Т13","Т21","Т24","Т27","Т29"],"mode":"bus","angle":53,"l0":"10, ","c0":"#a72d06","l1":"28, ","c1":"#119efc","l2":"33, ","c2":"#4d4aba","l3":"9, ","c3":"#095d97","l4":"13, ","c4":"#19a9a8","l5":"21, ","c5":"#b0045c","l6":"24, ","c6":"#076734","l7":"27, ","c7":"#ff627e","l8":"29","c8":"#5a5d02"},"geometry":{"type":"Point","coordinates":[25.960264,43.839597]}},{"type":"Feature","properties":{"lines":"11","arr":["А11"],"mode":"bus","angle":-24.2,"mi":1,"l0":"11","c0":"#b0045c"},"geometry":{"type":"Point","coordinates":[25.956163,43.827787]}},{"type":"Feature","properties":{"lines":"11","arr":["А11"],"mode":"bus","angle":-45.5,"l0":"11","c0":"#b0045c"},"geometry":{"type":"Point","coordinates":[25.959718,43.829235]}},{"type":"Feature","properties":{"lines":"11, 15","arr":["А11","А15"],"mode":"bus","angle":-36.5,"l0":"11, ","c0":"#b0045c","l1":"15","c1":"#03636c"},"geometry":{"type":"Point","coordinates":[25.955664,43.833984]}},{"type":"Feature","properties":{"lines":"11","arr":["А11"],"mode":"bus","angle":85.9,"mi":2,"l0":"11","c0":"#b0045c"},"geometry":{"type":"Point","coordinates":[25.9559,43.834416]}},{"type":"Feature","properties":{"lines":"11, 16, 18, 19, 20, 28, 30, 27, 29","arr":["А11","А16","А18","А19","А20","А28","А30","Т27","Т29"],"mode":"bus","angle":-16.5,"mi":2,"l0":"11, ","c0":"#b0045c","l1":"16, ","c1":"#f57145","l2":"18, ","c2":"#8e4604","l3":"19, ","c3":"#19a9a8","l4":"20, ","c4":"#02af5a","l5":"28, ","c5":"#119efc","l6":"30, ","c6":"#cf8a11","l7":"27, ","c7":"#ff627e","l8":"29","c8":"#5a5d02"},"geometry":{"type":"Point","coordinates":[25.963442,43.853968]}},{"type":"Feature","properties":{"lines":"11, 16, 18, 19, 20, 28, 30, 27, 29","arr":["А11","А16","А18","А19","А20","А28","А30","Т27","Т29"],"mode":"bus","angle":-33.5,"mi":1,"l0":"11, ","c0":"#b0045c","l1":"16, ","c1":"#f57145","l2":"18, ","c2":"#8e4604","l3":"19, ","c3":"#19a9a8","l4":"20, ","c4":"#02af5a","l5":"28, ","c5":"#119efc","l6":"30, ","c6":"#cf8a11","l7":"27, ","c7":"#ff627e","l8":"29","c8":"#5a5d02"},"geometry":{"type":"Point","coordinates":[25.969187,43.856418]}},{"type":"Feature","properties":{"lines":"11, 16, 18, 19, 20, 28, 30, 27, 29","arr":["А11","А16","А18","А19","А20","А28","А30","Т27","Т29"],"mode":"bus","angle":-34,"extra":1,"ei":0,"l0":"11, ","c0":"#b0045c","l1":"16, ","c1":"#f57145","l2":"18, ","c2":"#8e4604","l3":"19, ","c3":"#19a9a8","l4":"20, ","c4":"#02af5a","l5":"28, ","c5":"#119efc","l6":"30, ","c6":"#cf8a11","l7":"27, ","c7":"#ff627e","l8":"29","c8":"#5a5d02"},"geometry":{"type":"Point","coordinates":[25.965648,43.85471]}},{"type":"Feature","properties":{"lines":"11, 16, 18, 19, 20, 28, 30, 27, 29","arr":["А11","А16","А18","А19","А20","А28","А30","Т27","Т29"],"mode":"bus","angle":-33.8,"extra":1,"ei":1,"l0":"11, ","c0":"#b0045c","l1":"16, ","c1":"#f57145","l2":"18, ","c2":"#8e4604","l3":"19, ","c3":"#19a9a8","l4":"20, ","c4":"#02af5a","l5":"28, ","c5":"#119efc","l6":"30, ","c6":"#cf8a11","l7":"27, ","c7":"#ff627e","l8":"29","c8":"#5a5d02"},"geometry":{"type":"Point","coordinates":[25.967822,43.855762]}},{"type":"Feature","properties":{"lines":"11, 16, 18, 19, 20, 28, 30, 27, 29","arr":["А11","А16","А18","А19","А20","А28","А30","Т27","Т29"],"mode":"bus","angle":-33.5,"extra":1,"ei":2,"l0":"11, ","c0":"#b0045c","l1":"16, ","c1":"#f57145","l2":"18, ","c2":"#8e4604","l3":"19, ","c3":"#19a9a8","l4":"20, ","c4":"#02af5a","l5":"28, ","c5":"#119efc","l6":"30, ","c6":"#cf8a11","l7":"27, ","c7":"#ff627e","l8":"29","c8":"#5a5d02"},"geometry":{"type":"Point","coordinates":[25.972176,43.85786]}},{"type":"Feature","properties":{"lines":"11, 15, 18, 23","arr":["А11","А15","А18","А23"],"mode":"bus","angle":-38.8,"mi":3,"l0":"11, ","c0":"#b0045c","l1":"15, ","c1":"#03636c","l2":"18, ","c2":"#8e4604","l3":"23","c3":"#e16cd6"},"geometry":{"type":"Point","coordinates":[25.955347,43.834207]}},{"type":"Feature","properties":{"lines":"11, 15, 18, 23","arr":["А11","А15","А18","А23"],"mode":"bus","angle":-79.2,"side":-1,"mi":2,"l0":"11, ","c0":"#b0045c","l1":"15, ","c1":"#03636c","l2":"18, ","c2":"#8e4604","l3":"23","c3":"#e16cd6"},"geometry":{"type":"Point","coordinates":[25.950456,43.828848]}},{"type":"Feature","properties":{"lines":"11, 18, 23","arr":["А11","А18","А23"],"mode":"bus","angle":-29.3,"side":-1,"l0":"11, ","c0":"#b0045c","l1":"18, ","c1":"#8e4604","l2":"23","c2":"#e16cd6"},"geometry":{"type":"Point","coordinates":[25.954158,43.831112]}},{"type":"Feature","properties":{"lines":"11, 18, 23","arr":["А11","А18","А23"],"mode":"bus","angle":-33.5,"side":-1,"extra":1,"ei":0,"l0":"11, ","c0":"#b0045c","l1":"18, ","c1":"#8e4604","l2":"23","c2":"#e16cd6"},"geometry":{"type":"Point","coordinates":[25.952554,43.830426]}},{"type":"Feature","properties":{"lines":"12, 15, 16, 18, 33, 50, 2, 13, 21","arr":["А12","А15","А16","А18","А33","А50","Т2","Т13","Т21"],"mode":"bus","angle":-10,"l0":"12, ","c0":"#5d8606","l1":"15, ","c1":"#03636c","l2":"16, ","c2":"#f57145","l3":"18, ","c3":"#8e4604","l4":"33, ","c4":"#4d4aba","l5":"50, ","c5":"#ff5e9b","l6":"2, ","c6":"#c17aef","l7":"13, ","c7":"#19a9a8","l8":"21","c8":"#b0045c"},"geometry":{"type":"Point","coordinates":[25.990015,43.851853]}},{"type":"Feature","properties":{"lines":"12, 15, 16, 18, 33, 50, 2, 13, 21","arr":["А12","А15","А16","А18","А33","А50","Т2","Т13","Т21"],"mode":"bus","angle":-10.4,"extra":1,"ei":0,"l0":"12, ","c0":"#5d8606","l1":"15, ","c1":"#03636c","l2":"16, ","c2":"#f57145","l3":"18, ","c3":"#8e4604","l4":"33, ","c4":"#4d4aba","l5":"50, ","c5":"#ff5e9b","l6":"2, ","c6":"#c17aef","l7":"13, ","c7":"#19a9a8","l8":"21","c8":"#b0045c"},"geometry":{"type":"Point","coordinates":[25.983418,43.850999]}},{"type":"Feature","properties":{"lines":"12, 15, 16, 18, 33, 50, 2, 13, 21","arr":["А12","А15","А16","А18","А33","А50","Т2","Т13","Т21"],"mode":"bus","angle":-10.1,"extra":1,"ei":1,"l0":"12, ","c0":"#5d8606","l1":"15, ","c1":"#03636c","l2":"16, ","c2":"#f57145","l3":"18, ","c3":"#8e4604","l4":"33, ","c4":"#4d4aba","l5":"50, ","c5":"#ff5e9b","l6":"2, ","c6":"#c17aef","l7":"13, ","c7":"#19a9a8","l8":"21","c8":"#b0045c"},"geometry":{"type":"Point","coordinates":[25.985994,43.851337]}},{"type":"Feature","properties":{"lines":"12, 15, 16, 18, 33, 50, 2, 13, 21","arr":["А12","А15","А16","А18","А33","А50","Т2","Т13","Т21"],"mode":"bus","angle":-10,"side":-1,"extra":1,"ei":2,"l0":"12, ","c0":"#5d8606","l1":"15, ","c1":"#03636c","l2":"16, ","c2":"#f57145","l3":"18, ","c3":"#8e4604","l4":"33, ","c4":"#4d4aba","l5":"50, ","c5":"#ff5e9b","l6":"2, ","c6":"#c17aef","l7":"13, ","c7":"#19a9a8","l8":"21","c8":"#b0045c"},"geometry":{"type":"Point","coordinates":[25.993727,43.852326]}},{"type":"Feature","properties":{"lines":"12, 15, 16, 18, 33, 50, 2, 13, 21","arr":["А12","А15","А16","А18","А33","А50","Т2","Т13","Т21"],"mode":"bus","angle":-10.1,"side":-1,"extra":1,"ei":3,"l0":"12, ","c0":"#5d8606","l1":"15, ","c1":"#03636c","l2":"16, ","c2":"#f57145","l3":"18, ","c3":"#8e4604","l4":"33, ","c4":"#4d4aba","l5":"50, ","c5":"#ff5e9b","l6":"2, ","c6":"#c17aef","l7":"13, ","c7":"#19a9a8","l8":"21","c8":"#b0045c"},"geometry":{"type":"Point","coordinates":[25.996305,43.852656]}},{"type":"Feature","properties":{"lines":"12, 15, 18, 2","arr":["А12","А15","А18","Т2"],"mode":"bus","angle":-10.4,"side":-1,"l0":"12, ","c0":"#5d8606","l1":"15, ","c1":"#03636c","l2":"18, ","c2":"#8e4604","l3":"2","c3":"#c17aef"},"geometry":{"type":"Point","coordinates":[26.001189,43.853297]}},{"type":"Feature","properties":{"lines":"12, 15, 18, 2","arr":["А12","А15","А18","Т2"],"mode":"bus","angle":-10.5,"side":-1,"extra":1,"ei":0,"l0":"12, ","c0":"#5d8606","l1":"15, ","c1":"#03636c","l2":"18, ","c2":"#8e4604","l3":"2","c3":"#c17aef"},"geometry":{"type":"Point","coordinates":[25.99919,43.853032]}},{"type":"Feature","properties":{"lines":"12, 15, 18, 2","arr":["А12","А15","А18","Т2"],"mode":"bus","angle":-9.2,"extra":1,"ei":1,"l0":"12, ","c0":"#5d8606","l1":"15, ","c1":"#03636c","l2":"18, ","c2":"#8e4604","l3":"2","c3":"#c17aef"},"geometry":{"type":"Point","coordinates":[26.004349,43.85368]}},{"type":"Feature","properties":{"lines":"12","arr":["А12"],"mode":"bus","angle":-12,"l0":"12","c0":"#5d8606"},"geometry":{"type":"Point","coordinates":[26.009276,43.854332]}},{"type":"Feature","properties":{"lines":"12","arr":["А12"],"mode":"bus","angle":-3.8,"mi":2,"l0":"12","c0":"#5d8606"},"geometry":{"type":"Point","coordinates":[26.0053,43.853764]}},{"type":"Feature","properties":{"lines":"12","arr":["А12"],"mode":"bus","angle":31.2,"mi":1,"l0":"12","c0":"#5d8606"},"geometry":{"type":"Point","coordinates":[26.009942,43.853145]}},{"type":"Feature","properties":{"lines":"15, 23","arr":["А15","А23"],"mode":"bus","angle":-76.1,"l0":"15, ","c0":"#03636c","l1":"23","c1":"#e16cd6"},"geometry":{"type":"Point","coordinates":[25.958523,43.836723]}},{"type":"Feature","properties":{"lines":"15, 23","arr":["А15","А23"],"mode":"bus","angle":-75.2,"extra":1,"ei":0,"l0":"15, ","c0":"#03636c","l1":"23","c1":"#e16cd6"},"geometry":{"type":"Point","coordinates":[25.959207,43.838647]}},{"type":"Feature","properties":{"lines":"15, 23","arr":["А15","А23"],"mode":"bus","angle":-41.5,"extra":1,"ei":1,"l0":"15, ","c0":"#03636c","l1":"23","c1":"#e16cd6"},"geometry":{"type":"Point","coordinates":[25.957548,43.835113]}},{"type":"Feature","properties":{"lines":"15","arr":["А15"],"mode":"bus","angle":-74.2,"l0":"15","c0":"#03636c"},"geometry":{"type":"Point","coordinates":[25.942246,43.80717]}},{"type":"Feature","properties":{"lines":"15","arr":["А15"],"mode":"bus","angle":-47.8,"mi":1,"l0":"15","c0":"#03636c"},"geometry":{"type":"Point","coordinates":[25.921574,43.78558]}},{"type":"Feature","properties":{"lines":"15","arr":["А15"],"mode":"bus","angle":48.8,"mi":1,"l0":"15","c0":"#03636c"},"geometry":{"type":"Point","coordinates":[25.955154,43.833896]}},{"type":"Feature","properties":{"lines":"15","arr":["А15"],"mode":"bus","angle":-48.1,"l0":"15","c0":"#03636c"},"geometry":{"type":"Point","coordinates":[25.943199,43.825515]}},{"type":"Feature","properties":{"lines":"15","arr":["А15"],"mode":"bus","angle":-41.6,"mi":1,"l0":"15","c0":"#03636c"},"geometry":{"type":"Point","coordinates":[25.945148,43.826539]}},{"type":"Feature","properties":{"lines":"15","arr":["А15"],"mode":"bus","angle":-36.2,"extra":1,"ei":0,"l0":"15","c0":"#03636c"},"geometry":{"type":"Point","coordinates":[25.946281,43.827592]}},{"type":"Feature","properties":{"lines":"15","arr":["А15"],"mode":"bus","angle":-45.6,"extra":1,"ei":1,"l0":"15","c0":"#03636c"},"geometry":{"type":"Point","coordinates":[25.940771,43.82358]}},{"type":"Feature","properties":{"lines":"15","arr":["А15"],"mode":"bus","angle":-57.9,"mi":2,"l0":"15","c0":"#03636c"},"geometry":{"type":"Point","coordinates":[25.938565,43.821986]}},{"type":"Feature","properties":{"lines":"15","arr":["А15"],"mode":"bus","angle":51.5,"extra":1,"ei":0,"l0":"15","c0":"#03636c"},"geometry":{"type":"Point","coordinates":[25.938222,43.81894]}},{"type":"Feature","properties":{"lines":"15","arr":["А15"],"mode":"bus","angle":-61.8,"extra":1,"ei":1,"l0":"15","c0":"#03636c"},"geometry":{"type":"Point","coordinates":[25.937477,43.820585]}},{"type":"Feature","properties":{"lines":"15","arr":["А15"],"mode":"bus","angle":-41.2,"side":-1,"extra":1,"ei":2,"l0":"15","c0":"#03636c"},"geometry":{"type":"Point","coordinates":[25.940831,43.823403]}},{"type":"Feature","properties":{"lines":"15","arr":["А15"],"mode":"bus","angle":-35.9,"side":-1,"extra":1,"ei":3,"l0":"15","c0":"#03636c"},"geometry":{"type":"Point","coordinates":[25.942576,43.824803]}},{"type":"Feature","properties":{"lines":"15","arr":["А15"],"mode":"bus","angle":-88.2,"l0":"15","c0":"#03636c"},"geometry":{"type":"Point","coordinates":[25.923888,43.790661]}},{"type":"Feature","properties":{"lines":"15","arr":["А15"],"mode":"bus","angle":-14.6,"extra":1,"ei":0,"l0":"15","c0":"#03636c"},"geometry":{"type":"Point","coordinates":[25.925223,43.793617]}},{"type":"Feature","properties":{"lines":"15","arr":["А15"],"mode":"bus","angle":88.9,"extra":1,"ei":1,"l0":"15","c0":"#03636c"},"geometry":{"type":"Point","coordinates":[25.92403,43.79253]}},{"type":"Feature","properties":{"lines":"15","arr":["А15"],"mode":"bus","angle":-52.7,"extra":1,"ei":2,"l0":"15","c0":"#03636c"},"geometry":{"type":"Point","coordinates":[25.922618,43.789064]}},{"type":"Feature","properties":{"lines":"15","arr":["А15"],"mode":"bus","angle":-88.9,"extra":1,"ei":3,"l0":"15","c0":"#03636c"},"geometry":{"type":"Point","coordinates":[25.923293,43.787682]}},{"type":"Feature","properties":{"lines":"16, 33, 13, 21","arr":["А16","А33","Т13","Т21"],"mode":"bus","angle":-10.8,"l0":"16, ","c0":"#f57145","l1":"33, ","c1":"#4d4aba","l2":"13, ","c2":"#19a9a8","l3":"21","c3":"#b0045c"},"geometry":{"type":"Point","coordinates":[25.997483,43.857457]}},{"type":"Feature","properties":{"lines":"16, 33, 13, 21","arr":["А16","А33","Т13","Т21"],"mode":"bus","angle":86.8,"mi":1,"l0":"16, ","c0":"#f57145","l1":"33, ","c1":"#4d4aba","l2":"13, ","c2":"#19a9a8","l3":"21","c3":"#b0045c"},"geometry":{"type":"Point","coordinates":[25.996996,43.856502]}},{"type":"Feature","properties":{"lines":"16, 33, 50, 13, 21","arr":["А16","А33","А50","Т13","Т21"],"mode":"bus","angle":79.7,"l0":"16, ","c0":"#f57145","l1":"33, ","c1":"#4d4aba","l2":"50, ","c2":"#ff5e9b","l3":"13, ","c3":"#19a9a8","l4":"21","c4":"#b0045c"},"geometry":{"type":"Point","coordinates":[25.997547,43.854256]}},{"type":"Feature","properties":{"lines":"16, 18, 19, 20, 30","arr":["А16","А18","А19","А20","А30"],"mode":"bus","angle":55,"l0":"16, ","c0":"#f57145","l1":"18, ","c1":"#8e4604","l2":"19, ","c2":"#19a9a8","l3":"20, ","c3":"#02af5a","l4":"30","c4":"#cf8a11"},"geometry":{"type":"Point","coordinates":[25.973537,43.859063]}},{"type":"Feature","properties":{"lines":"16","arr":["А16"],"mode":"bus","angle":-25.8,"l0":"16","c0":"#f57145"},"geometry":{"type":"Point","coordinates":[25.901421,43.778379]}},{"type":"Feature","properties":{"lines":"16","arr":["А16"],"mode":"bus","angle":-73.5,"extra":1,"ei":0,"l0":"16","c0":"#f57145"},"geometry":{"type":"Point","coordinates":[25.91475,43.790978]}},{"type":"Feature","properties":{"lines":"16","arr":["А16"],"mode":"bus","angle":-78.7,"extra":1,"ei":1,"l0":"16","c0":"#f57145"},"geometry":{"type":"Point","coordinates":[25.914119,43.789146]}},{"type":"Feature","properties":{"lines":"16","arr":["А16"],"mode":"bus","angle":-61.7,"extra":1,"ei":2,"l0":"16","c0":"#f57145"},"geometry":{"type":"Point","coordinates":[25.913346,43.78735]}},{"type":"Feature","properties":{"lines":"16","arr":["А16"],"mode":"bus","angle":-56.8,"extra":1,"ei":3,"l0":"16","c0":"#f57145"},"geometry":{"type":"Point","coordinates":[25.911872,43.785791]}},{"type":"Feature","properties":{"lines":"16","arr":["А16"],"mode":"bus","angle":-53.5,"extra":1,"ei":4,"l0":"16","c0":"#f57145"},"geometry":{"type":"Point","coordinates":[25.91037,43.784245]}},{"type":"Feature","properties":{"lines":"16","arr":["А16"],"mode":"bus","angle":-54.9,"extra":1,"ei":5,"l0":"16","c0":"#f57145"},"geometry":{"type":"Point","coordinates":[25.90885,43.782708]}},{"type":"Feature","properties":{"lines":"16","arr":["А16"],"mode":"bus","angle":-54.9,"extra":1,"ei":6,"l0":"16","c0":"#f57145"},"geometry":{"type":"Point","coordinates":[25.907343,43.781163]}},{"type":"Feature","properties":{"lines":"16","arr":["А16"],"mode":"bus","angle":-30.3,"extra":1,"ei":7,"l0":"16","c0":"#f57145"},"geometry":{"type":"Point","coordinates":[25.905519,43.779837]}},{"type":"Feature","properties":{"lines":"16","arr":["А16"],"mode":"bus","angle":-25.8,"extra":1,"ei":8,"l0":"16","c0":"#f57145"},"geometry":{"type":"Point","coordinates":[25.903178,43.778993]}},{"type":"Feature","properties":{"lines":"16","arr":["А16"],"mode":"bus","angle":-45.3,"extra":1,"ei":9,"l0":"16","c0":"#f57145"},"geometry":{"type":"Point","coordinates":[25.898548,43.77725]}},{"type":"Feature","properties":{"lines":"16","arr":["А16"],"mode":"bus","angle":-84.6,"extra":1,"ei":10,"l0":"16","c0":"#f57145"},"geometry":{"type":"Point","coordinates":[25.897617,43.775531]}},{"type":"Feature","properties":{"lines":"16","arr":["А16"],"mode":"bus","angle":-84.1,"extra":1,"ei":11,"l0":"16","c0":"#f57145"},"geometry":{"type":"Point","coordinates":[25.897365,43.773652]}},{"type":"Feature","properties":{"lines":"16","arr":["А16"],"mode":"bus","angle":80.9,"extra":1,"ei":12,"l0":"16","c0":"#f57145"},"geometry":{"type":"Point","coordinates":[25.897317,43.771771]}},{"type":"Feature","properties":{"lines":"16","arr":["А16"],"mode":"bus","angle":49.1,"extra":1,"ei":13,"l0":"16","c0":"#f57145"},"geometry":{"type":"Point","coordinates":[25.898407,43.770085]}},{"type":"Feature","properties":{"lines":"16","arr":["А16"],"mode":"bus","angle":52.9,"extra":1,"ei":14,"l0":"16","c0":"#f57145"},"geometry":{"type":"Point","coordinates":[25.900144,43.768674]}},{"type":"Feature","properties":{"lines":"16","arr":["А16"],"mode":"bus","angle":71.6,"extra":1,"ei":15,"l0":"16","c0":"#f57145"},"geometry":{"type":"Point","coordinates":[25.901227,43.76697]}},{"type":"Feature","properties":{"lines":"16","arr":["А16"],"mode":"bus","angle":70.7,"extra":1,"ei":16,"l0":"16","c0":"#f57145"},"geometry":{"type":"Point","coordinates":[25.902079,43.765185]}},{"type":"Feature","properties":{"lines":"16","arr":["А16"],"mode":"bus","angle":-32.7,"l0":"16","c0":"#f57145"},"geometry":{"type":"Point","coordinates":[25.893166,43.767467]}},{"type":"Feature","properties":{"lines":"16","arr":["А16"],"mode":"bus","angle":-48.5,"extra":1,"ei":0,"l0":"16","c0":"#f57145"},"geometry":{"type":"Point","coordinates":[25.896824,43.770069]}},{"type":"Feature","properties":{"lines":"16","arr":["А16"],"mode":"bus","angle":-42.7,"extra":1,"ei":1,"l0":"16","c0":"#f57145"},"geometry":{"type":"Point","coordinates":[25.895279,43.768553]}},{"type":"Feature","properties":{"lines":"16","arr":["А16"],"mode":"bus","angle":-26.1,"extra":1,"ei":2,"l0":"16","c0":"#f57145"},"geometry":{"type":"Point","coordinates":[25.890927,43.766464]}},{"type":"Feature","properties":{"lines":"16","arr":["А16"],"mode":"bus","angle":1.2,"extra":1,"ei":3,"l0":"16","c0":"#f57145"},"geometry":{"type":"Point","coordinates":[25.888393,43.766094]}},{"type":"Feature","properties":{"lines":"19","arr":["А19"],"mode":"bus","angle":-5.6,"mi":3,"l0":"19","c0":"#19a9a8"},"geometry":{"type":"Point","coordinates":[25.956808,43.846735]}},{"type":"Feature","properties":{"lines":"19","arr":["А19"],"mode":"bus","angle":-10.4,"extra":1,"ei":0,"l0":"19","c0":"#19a9a8"},"geometry":{"type":"Point","coordinates":[25.95849,43.846849]}},{"type":"Feature","properties":{"lines":"19, 23","arr":["А19","А23"],"mode":"bus","angle":-2.1,"l0":"19, ","c0":"#19a9a8","l1":"23","c1":"#e16cd6"},"geometry":{"type":"Point","coordinates":[25.951868,43.8464]}},{"type":"Feature","properties":{"lines":"19, 23","arr":["А19","А23"],"mode":"bus","angle":0,"extra":1,"ei":0,"l0":"19, ","c0":"#19a9a8","l1":"23","c1":"#e16cd6"},"geometry":{"type":"Point","coordinates":[25.94991,43.846362]}},{"type":"Feature","properties":{"lines":"19","arr":["А19"],"mode":"bus","angle":-54.6,"l0":"19","c0":"#19a9a8"},"geometry":{"type":"Point","coordinates":[25.949142,43.845254]}},{"type":"Feature","properties":{"lines":"19","arr":["А19"],"mode":"bus","angle":68.2,"mi":1,"l0":"19","c0":"#19a9a8"},"geometry":{"type":"Point","coordinates":[25.947799,43.844244]}},{"type":"Feature","properties":{"lines":"19","arr":["А19"],"mode":"bus","angle":8.5,"side":-1,"l0":"19","c0":"#19a9a8"},"geometry":{"type":"Point","coordinates":[25.928125,43.812991]}},{"type":"Feature","properties":{"lines":"19","arr":["А19"],"mode":"bus","angle":-83.3,"mi":2,"l0":"19","c0":"#19a9a8"},"geometry":{"type":"Point","coordinates":[25.947757,43.842966]}},{"type":"Feature","properties":{"lines":"20","arr":["А20"],"mode":"bus","angle":-27.1,"mi":1,"l0":"20","c0":"#02af5a"},"geometry":{"type":"Point","coordinates":[25.994244,43.850145]}},{"type":"Feature","properties":{"lines":"20","arr":["А20"],"mode":"bus","angle":-27.1,"side":-1,"extra":1,"ei":0,"l0":"20","c0":"#02af5a"},"geometry":{"type":"Point","coordinates":[25.992596,43.849536]}},{"type":"Feature","properties":{"lines":"20","arr":["А20"],"mode":"bus","angle":80.4,"l0":"20","c0":"#02af5a"},"geometry":{"type":"Point","coordinates":[25.985788,43.849155]}},{"type":"Feature","properties":{"lines":"20","arr":["А20"],"mode":"bus","angle":79.7,"extra":1,"ei":0,"l0":"20","c0":"#02af5a"},"geometry":{"type":"Point","coordinates":[25.986103,43.847876]}},{"type":"Feature","properties":{"lines":"20, 30","arr":["А20","А30"],"mode":"bus","angle":82.3,"l0":"20, ","c0":"#02af5a","l1":"30","c1":"#cf8a11"},"geometry":{"type":"Point","coordinates":[25.982806,43.848168]}},{"type":"Feature","properties":{"lines":"20, 30","arr":["А20","А30"],"mode":"bus","angle":81.2,"extra":1,"ei":0,"l0":"20, ","c0":"#02af5a","l1":"30","c1":"#cf8a11"},"geometry":{"type":"Point","coordinates":[25.982486,43.849797]}},{"type":"Feature","properties":{"lines":"20, 30","arr":["А20","А30"],"mode":"bus","angle":62.2,"extra":1,"ei":1,"l0":"20, ","c0":"#02af5a","l1":"30","c1":"#cf8a11"},"geometry":{"type":"Point","coordinates":[25.983903,43.846218]}},{"type":"Feature","properties":{"lines":"23","arr":["А23"],"mode":"bus","angle":84.2,"mi":2,"l0":"23","c0":"#e16cd6"},"geometry":{"type":"Point","coordinates":[25.953954,43.845669]}},{"type":"Feature","properties":{"lines":"23","arr":["А23"],"mode":"bus","angle":22,"mi":4,"l0":"23","c0":"#e16cd6"},"geometry":{"type":"Point","coordinates":[25.94783,43.846993]}},{"type":"Feature","properties":{"lines":"23","arr":["А23"],"mode":"bus","angle":20.7,"extra":1,"ei":0,"l0":"23","c0":"#e16cd6"},"geometry":{"type":"Point","coordinates":[25.946244,43.847433]}},{"type":"Feature","properties":{"lines":"23","arr":["А23"],"mode":"bus","angle":-45.2,"mi":3,"l0":"23","c0":"#e16cd6"},"geometry":{"type":"Point","coordinates":[25.94664,43.848749]}},{"type":"Feature","properties":{"lines":"23","arr":["А23"],"mode":"bus","angle":-56.2,"l0":"23","c0":"#e16cd6"},"geometry":{"type":"Point","coordinates":[25.949877,43.851666]}},{"type":"Feature","properties":{"lines":"23","arr":["А23"],"mode":"bus","angle":-8.2,"extra":1,"ei":0,"l0":"23","c0":"#e16cd6"},"geometry":{"type":"Point","coordinates":[25.951394,43.852506]}},{"type":"Feature","properties":{"lines":"23","arr":["А23"],"mode":"bus","angle":-56.7,"extra":1,"ei":1,"l0":"23","c0":"#e16cd6"},"geometry":{"type":"Point","coordinates":[25.948021,43.849735]}},{"type":"Feature","properties":{"lines":"23, 30","arr":["А23","А30"],"mode":"bus","angle":0.4,"side":-1,"l0":"23, ","c0":"#e16cd6","l1":"30","c1":"#cf8a11"},"geometry":{"type":"Point","coordinates":[25.954487,43.852527]}},{"type":"Feature","properties":{"lines":"23","arr":["А23"],"mode":"bus","angle":-43.9,"mi":1,"l0":"23","c0":"#e16cd6"},"geometry":{"type":"Point","coordinates":[25.95807,43.853855]}},{"type":"Feature","properties":{"lines":"23","arr":["А23"],"mode":"bus","angle":44.9,"mi":6,"l0":"23","c0":"#e16cd6"},"geometry":{"type":"Point","coordinates":[25.961138,43.85689]}},{"type":"Feature","properties":{"lines":"28","arr":["А28"],"mode":"bus","angle":42.8,"mi":4,"l0":"28","c0":"#119efc"},"geometry":{"type":"Point","coordinates":[26.031622,43.875784]}},{"type":"Feature","properties":{"lines":"28","arr":["А28"],"mode":"bus","angle":16.1,"extra":1,"ei":0,"l0":"28","c0":"#119efc"},"geometry":{"type":"Point","coordinates":[26.024669,43.879838]}},{"type":"Feature","properties":{"lines":"28","arr":["А28"],"mode":"bus","angle":40.7,"extra":1,"ei":1,"l0":"28","c0":"#119efc"},"geometry":{"type":"Point","coordinates":[26.026854,43.878849]}},{"type":"Feature","properties":{"lines":"28","arr":["А28"],"mode":"bus","angle":41.6,"extra":1,"ei":2,"l0":"28","c0":"#119efc"},"geometry":{"type":"Point","coordinates":[26.028847,43.877624]}},{"type":"Feature","properties":{"lines":"28","arr":["А28"],"mode":"bus","angle":44.6,"extra":1,"ei":3,"l0":"28","c0":"#119efc"},"geometry":{"type":"Point","coordinates":[26.034603,43.87377]}},{"type":"Feature","properties":{"lines":"28","arr":["А28"],"mode":"bus","angle":48.8,"extra":1,"ei":4,"l0":"28","c0":"#119efc"},"geometry":{"type":"Point","coordinates":[26.03649,43.872462]}},{"type":"Feature","properties":{"lines":"28","arr":["А28"],"mode":"bus","angle":58.2,"extra":1,"ei":5,"l0":"28","c0":"#119efc"},"geometry":{"type":"Point","coordinates":[26.03794,43.870892]}},{"type":"Feature","properties":{"lines":"28","arr":["А28"],"mode":"bus","angle":-56.1,"mi":2,"l0":"28","c0":"#119efc"},"geometry":{"type":"Point","coordinates":[26.023389,43.880046]}},{"type":"Feature","properties":{"lines":"28","arr":["А28"],"mode":"bus","angle":-48.4,"mi":3,"l0":"28","c0":"#119efc"},"geometry":{"type":"Point","coordinates":[26.015548,43.875598]}},{"type":"Feature","properties":{"lines":"28","arr":["А28"],"mode":"bus","angle":-43.5,"side":-1,"l0":"28","c0":"#119efc"},"geometry":{"type":"Point","coordinates":[26.019531,43.878104]}},{"type":"Feature","properties":{"lines":"28","arr":["А28"],"mode":"bus","angle":-44.5,"extra":1,"ei":0,"l0":"28","c0":"#119efc"},"geometry":{"type":"Point","coordinates":[26.021581,43.879724]}},{"type":"Feature","properties":{"lines":"28","arr":["А28"],"mode":"bus","angle":-63.2,"side":-1,"extra":1,"ei":0,"l0":"28","c0":"#119efc"},"geometry":{"type":"Point","coordinates":[26.01741,43.876526]}},{"type":"Feature","properties":{"lines":"28","arr":["А28"],"mode":"bus","angle":-65.5,"mi":1,"l0":"28","c0":"#119efc"},"geometry":{"type":"Point","coordinates":[26.017332,43.876609]}},{"type":"Feature","properties":{"lines":"28, 13, 24, 27","arr":["А28","Т13","Т24","Т27"],"mode":"bus","angle":-40,"l0":"28, ","c0":"#119efc","l1":"13, ","c1":"#19a9a8","l2":"24, ","c2":"#076734","l3":"27","c3":"#ff627e"},"geometry":{"type":"Point","coordinates":[25.969359,43.831691]}},{"type":"Feature","properties":{"lines":"30","arr":["А30"],"mode":"bus","angle":71.6,"l0":"30","c0":"#cf8a11"},"geometry":{"type":"Point","coordinates":[25.980573,43.847416]}},{"type":"Feature","properties":{"lines":"30","arr":["А30"],"mode":"bus","angle":65.1,"extra":1,"ei":0,"l0":"30","c0":"#cf8a11"},"geometry":{"type":"Point","coordinates":[25.981546,43.845815]}},{"type":"Feature","properties":{"lines":"30","arr":["А30"],"mode":"bus","angle":73.3,"extra":1,"ei":1,"l0":"30","c0":"#cf8a11"},"geometry":{"type":"Point","coordinates":[25.979717,43.849347]}},{"type":"Feature","properties":{"lines":"30","arr":["А30"],"mode":"bus","angle":58,"l0":"30","c0":"#cf8a11"},"geometry":{"type":"Point","coordinates":[25.957596,43.851486]}},{"type":"Feature","properties":{"lines":"30","arr":["А30"],"mode":"bus","angle":47.3,"extra":1,"ei":0,"l0":"30","c0":"#cf8a11"},"geometry":{"type":"Point","coordinates":[25.956427,43.852545]}},{"type":"Feature","properties":{"lines":"30","arr":["А30"],"mode":"bus","angle":0.7,"mi":2,"l0":"30","c0":"#cf8a11"},"geometry":{"type":"Point","coordinates":[25.954628,43.85276]}},{"type":"Feature","properties":{"lines":"30","arr":["А30"],"mode":"bus","angle":-31.3,"mi":1,"l0":"30","c0":"#cf8a11"},"geometry":{"type":"Point","coordinates":[25.959318,43.852193]}},{"type":"Feature","properties":{"lines":"30","arr":["А30"],"mode":"bus","angle":-19.4,"extra":1,"ei":0,"l0":"30","c0":"#cf8a11"},"geometry":{"type":"Point","coordinates":[25.96101,43.852875]}},{"type":"Feature","properties":{"lines":"33","arr":["А33"],"mode":"bus","angle":-84.4,"side":-1,"l0":"33","c0":"#4d4aba"},"geometry":{"type":"Point","coordinates":[25.982143,43.816406]}},{"type":"Feature","properties":{"lines":"33","arr":["А33"],"mode":"bus","angle":39.1,"side":-1,"mi":1,"l0":"33","c0":"#4d4aba"},"geometry":{"type":"Point","coordinates":[25.973927,43.8301]}},{"type":"Feature","properties":{"lines":"33","arr":["А33"],"mode":"bus","angle":39.8,"side":-1,"extra":1,"ei":0,"l0":"33","c0":"#4d4aba"},"geometry":{"type":"Point","coordinates":[25.977342,43.828047]}},{"type":"Feature","properties":{"lines":"33","arr":["А33"],"mode":"bus","angle":60.7,"side":-1,"extra":1,"ei":1,"l0":"33","c0":"#4d4aba"},"geometry":{"type":"Point","coordinates":[25.97908,43.826655]}},{"type":"Feature","properties":{"lines":"33","arr":["А33"],"mode":"bus","angle":75.2,"side":-1,"extra":1,"ei":2,"l0":"33","c0":"#4d4aba"},"geometry":{"type":"Point","coordinates":[25.979888,43.824864]}},{"type":"Feature","properties":{"lines":"33","arr":["А33"],"mode":"bus","angle":75.6,"side":-1,"extra":1,"ei":3,"l0":"33","c0":"#4d4aba"},"geometry":{"type":"Point","coordinates":[25.980542,43.823036]}},{"type":"Feature","properties":{"lines":"33","arr":["А33"],"mode":"bus","angle":75,"side":-1,"extra":1,"ei":4,"l0":"33","c0":"#4d4aba"},"geometry":{"type":"Point","coordinates":[25.981202,43.821208]}},{"type":"Feature","properties":{"lines":"33","arr":["А33"],"mode":"bus","angle":77.4,"side":-1,"extra":1,"ei":5,"l0":"33","c0":"#4d4aba"},"geometry":{"type":"Point","coordinates":[25.981877,43.819383]}},{"type":"Feature","properties":{"lines":"33","arr":["А33"],"mode":"bus","angle":89.8,"side":-1,"extra":1,"ei":6,"l0":"33","c0":"#4d4aba"},"geometry":{"type":"Point","coordinates":[25.981738,43.813745]}},{"type":"Feature","properties":{"lines":"33","arr":["А33"],"mode":"bus","angle":77.7,"side":-1,"extra":1,"ei":7,"l0":"33","c0":"#4d4aba"},"geometry":{"type":"Point","coordinates":[25.982009,43.811871]}},{"type":"Feature","properties":{"lines":"33","arr":["А33"],"mode":"bus","angle":68,"side":-1,"extra":1,"ei":8,"l0":"33","c0":"#4d4aba"},"geometry":{"type":"Point","coordinates":[25.982728,43.810059]}},{"type":"Feature","properties":{"lines":"33","arr":["А33"],"mode":"bus","angle":67.3,"side":-1,"extra":1,"ei":9,"l0":"33","c0":"#4d4aba"},"geometry":{"type":"Point","coordinates":[25.983724,43.808312]}},{"type":"Feature","properties":{"lines":"33","arr":["А33"],"mode":"bus","angle":67.8,"side":-1,"extra":1,"ei":10,"l0":"33","c0":"#4d4aba"},"geometry":{"type":"Point","coordinates":[25.984717,43.806565]}},{"type":"Feature","properties":{"lines":"33","arr":["А33"],"mode":"bus","angle":48,"extra":1,"ei":0,"l0":"33","c0":"#4d4aba"},"geometry":{"type":"Point","coordinates":[25.986508,43.804247]}},{"type":"Feature","properties":{"lines":"33","arr":["А33"],"mode":"bus","angle":63.8,"extra":1,"ei":1,"l0":"33","c0":"#4d4aba"},"geometry":{"type":"Point","coordinates":[25.985579,43.80531]}},{"type":"Feature","properties":{"lines":"33","arr":["А33"],"mode":"bus","angle":87.7,"extra":1,"ei":2,"l0":"33","c0":"#4d4aba"},"geometry":{"type":"Point","coordinates":[25.982286,43.818044]}},{"type":"Feature","properties":{"lines":"33","arr":["А33"],"mode":"bus","angle":40,"side":-1,"mi":2,"l0":"33","c0":"#4d4aba"},"geometry":{"type":"Point","coordinates":[25.976052,43.828751]}},{"type":"Feature","properties":{"lines":"33","arr":["А33"],"mode":"bus","angle":-81.3,"mi":1,"l0":"33","c0":"#4d4aba"},"geometry":{"type":"Point","coordinates":[25.985225,43.805509]}},{"type":"Feature","properties":{"lines":"33","arr":["А33"],"mode":"bus","angle":-54.4,"mi":2,"l0":"33","c0":"#4d4aba"},"geometry":{"type":"Point","coordinates":[25.984223,43.805082]}},{"type":"Feature","properties":{"lines":"33","arr":["А33"],"mode":"bus","angle":17.2,"l0":"33","c0":"#4d4aba"},"geometry":{"type":"Point","coordinates":[25.985127,43.805246]}},{"type":"Feature","properties":{"lines":"33","arr":["А33"],"mode":"bus","angle":-41,"l0":"33","c0":"#4d4aba"},"geometry":{"type":"Point","coordinates":[26.021317,43.789465]}},{"type":"Feature","properties":{"lines":"33","arr":["А33"],"mode":"bus","angle":-59.1,"extra":1,"ei":0,"l0":"33","c0":"#4d4aba"},"geometry":{"type":"Point","coordinates":[26.014082,43.782708]}},{"type":"Feature","properties":{"lines":"33","arr":["А33"],"mode":"bus","angle":-60.3,"extra":1,"ei":1,"l0":"33","c0":"#4d4aba"},"geometry":{"type":"Point","coordinates":[26.01541,43.784336]}},{"type":"Feature","properties":{"lines":"33","arr":["А33"],"mode":"bus","angle":-59.7,"extra":1,"ei":2,"l0":"33","c0":"#4d4aba"},"geometry":{"type":"Point","coordinates":[26.016723,43.785969]}},{"type":"Feature","properties":{"lines":"33","arr":["А33"],"mode":"bus","angle":-42.8,"extra":1,"ei":3,"l0":"33","c0":"#4d4aba"},"geometry":{"type":"Point","coordinates":[26.018226,43.787504]}},{"type":"Feature","properties":{"lines":"33","arr":["А33"],"mode":"bus","angle":-41,"extra":1,"ei":4,"l0":"33","c0":"#4d4aba"},"geometry":{"type":"Point","coordinates":[26.024139,43.791233]}},{"type":"Feature","properties":{"lines":"33","arr":["А33"],"mode":"bus","angle":-40.8,"extra":1,"ei":5,"l0":"33","c0":"#4d4aba"},"geometry":{"type":"Point","coordinates":[26.026115,43.792472]}},{"type":"Feature","properties":{"lines":"33","arr":["А33"],"mode":"bus","angle":-41.5,"extra":1,"ei":6,"l0":"33","c0":"#4d4aba"},"geometry":{"type":"Point","coordinates":[26.028088,43.793714]}},{"type":"Feature","properties":{"lines":"33","arr":["А33"],"mode":"bus","angle":25.8,"extra":1,"ei":7,"l0":"33","c0":"#4d4aba"},"geometry":{"type":"Point","coordinates":[26.030305,43.794354]}},{"type":"Feature","properties":{"lines":"33","arr":["А33"],"mode":"bus","angle":38.7,"l0":"33","c0":"#4d4aba"},"geometry":{"type":"Point","coordinates":[25.975126,43.829593]}},{"type":"Feature","properties":{"lines":"33","arr":["А33"],"mode":"bus","angle":50.4,"l0":"33","c0":"#4d4aba"},"geometry":{"type":"Point","coordinates":[26.000178,43.792999]}},{"type":"Feature","properties":{"lines":"33","arr":["А33"],"mode":"bus","angle":48.1,"extra":1,"ei":0,"l0":"33","c0":"#4d4aba"},"geometry":{"type":"Point","coordinates":[25.987683,43.803313]}},{"type":"Feature","properties":{"lines":"33","arr":["А33"],"mode":"bus","angle":47.9,"extra":1,"ei":1,"l0":"33","c0":"#4d4aba"},"geometry":{"type":"Point","coordinates":[25.989433,43.801908]}},{"type":"Feature","properties":{"lines":"33","arr":["А33"],"mode":"bus","angle":48.6,"extra":1,"ei":2,"l0":"33","c0":"#4d4aba"},"geometry":{"type":"Point","coordinates":[25.991171,43.800496]}},{"type":"Feature","properties":{"lines":"33","arr":["А33"],"mode":"bus","angle":49.1,"extra":1,"ei":3,"l0":"33","c0":"#4d4aba"},"geometry":{"type":"Point","coordinates":[25.992899,43.799077]}},{"type":"Feature","properties":{"lines":"33","arr":["А33"],"mode":"bus","angle":49.1,"extra":1,"ei":4,"l0":"33","c0":"#4d4aba"},"geometry":{"type":"Point","coordinates":[25.994614,43.79765]}},{"type":"Feature","properties":{"lines":"33","arr":["А33"],"mode":"bus","angle":49.1,"extra":1,"ei":5,"l0":"33","c0":"#4d4aba"},"geometry":{"type":"Point","coordinates":[25.996328,43.796223]}},{"type":"Feature","properties":{"lines":"33","arr":["А33"],"mode":"bus","angle":49.1,"extra":1,"ei":6,"l0":"33","c0":"#4d4aba"},"geometry":{"type":"Point","coordinates":[25.998043,43.794796]}},{"type":"Feature","properties":{"lines":"33","arr":["А33"],"mode":"bus","angle":50.4,"extra":1,"ei":7,"l0":"33","c0":"#4d4aba"},"geometry":{"type":"Point","coordinates":[26.001423,43.791911]}},{"type":"Feature","properties":{"lines":"33","arr":["А33"],"mode":"bus","angle":50.4,"extra":1,"ei":8,"l0":"33","c0":"#4d4aba"},"geometry":{"type":"Point","coordinates":[26.003091,43.790455]}},{"type":"Feature","properties":{"lines":"33","arr":["А33"],"mode":"bus","angle":49.6,"extra":1,"ei":9,"l0":"33","c0":"#4d4aba"},"geometry":{"type":"Point","coordinates":[26.004781,43.789013]}},{"type":"Feature","properties":{"lines":"33","arr":["А33"],"mode":"bus","angle":49.6,"extra":1,"ei":10,"l0":"33","c0":"#4d4aba"},"geometry":{"type":"Point","coordinates":[26.00648,43.787576]}},{"type":"Feature","properties":{"lines":"33","arr":["А33"],"mode":"bus","angle":48.4,"extra":1,"ei":11,"l0":"33","c0":"#4d4aba"},"geometry":{"type":"Point","coordinates":[26.008205,43.786156]}},{"type":"Feature","properties":{"lines":"33","arr":["А33"],"mode":"bus","angle":48.4,"extra":1,"ei":12,"l0":"33","c0":"#4d4aba"},"geometry":{"type":"Point","coordinates":[26.009943,43.784743]}},{"type":"Feature","properties":{"lines":"33","arr":["А33"],"mode":"bus","angle":48.4,"extra":1,"ei":13,"l0":"33","c0":"#4d4aba"},"geometry":{"type":"Point","coordinates":[26.011681,43.783331]}},{"type":"Feature","properties":{"lines":"33","arr":["А33"],"mode":"bus","angle":49.2,"extra":1,"ei":14,"l0":"33","c0":"#4d4aba"},"geometry":{"type":"Point","coordinates":[26.013399,43.781906]}},{"type":"Feature","properties":{"lines":"9, 24","arr":["Т9","Т24"],"mode":"bus","angle":28.6,"side":-1,"l0":"9, ","c0":"#095d97","l1":"24","c1":"#076734"},"geometry":{"type":"Point","coordinates":[25.959799,43.845685]}},{"type":"Feature","properties":{"lines":"9, 24","arr":["Т9","Т24"],"mode":"bus","angle":-89.9,"mi":1,"l0":"9, ","c0":"#095d97","l1":"24","c1":"#076734"},"geometry":{"type":"Point","coordinates":[25.958264,43.843762]}},{"type":"Feature","properties":{"lines":"7","arr":["G7"],"mode":"bus","angle":-67.3,"l0":"7","c0":"#7b3aa8"},"geometry":{"type":"Point","coordinates":[25.980513,43.90641]}},{"type":"Feature","properties":{"lines":"7","arr":["G7"],"mode":"bus","angle":-67.3,"side":-1,"extra":1,"ei":0,"l0":"7","c0":"#7b3aa8"},"geometry":{"type":"Point","coordinates":[25.979787,43.905157]}},{"type":"Feature","properties":{"lines":"4, 5, 7","arr":["G4","G5","G7"],"mode":"bus","angle":-67.3,"l0":"4, ","c0":"#6b5806","l1":"5, ","c1":"#b20b42","l2":"7","c2":"#7b3aa8"},"geometry":{"type":"Point","coordinates":[25.979618,43.904866]}},{"type":"Feature","properties":{"lines":"1, 3, 4, 5, 7","arr":["G1","G3","G4","G5","G7"],"mode":"bus","angle":-67.1,"l0":"1, ","c0":"#e47e2b","l1":"3, ","c1":"#178786","l2":"4, ","c2":"#6b5806","l3":"5, ","c3":"#b20b42","l4":"7","c4":"#7b3aa8"},"geometry":{"type":"Point","coordinates":[25.977793,43.901796]}},{"type":"Feature","properties":{"lines":"1, 3, 4, 5, 7","arr":["G1","G3","G4","G5","G7"],"mode":"bus","angle":-66.8,"extra":1,"ei":0,"l0":"1, ","c0":"#e47e2b","l1":"3, ","c1":"#178786","l2":"4, ","c2":"#6b5806","l3":"5, ","c3":"#b20b42","l4":"7","c4":"#7b3aa8"},"geometry":{"type":"Point","coordinates":[25.979006,43.903813]}},{"type":"Feature","properties":{"lines":"1, 3, 4, 5, 7","arr":["G1","G3","G4","G5","G7"],"mode":"bus","angle":-59.3,"extra":1,"ei":1,"l0":"1, ","c0":"#e47e2b","l1":"3, ","c1":"#178786","l2":"4, ","c2":"#6b5806","l3":"5, ","c3":"#b20b42","l4":"7","c4":"#7b3aa8"},"geometry":{"type":"Point","coordinates":[25.976913,43.900352]}},{"type":"Feature","properties":{"lines":"1, 3, 4, 5, 6, 7","arr":["G1","G3","G4","G5","G6","G7"],"mode":"bus","angle":-57.4,"l0":"1, ","c0":"#e47e2b","l1":"3, ","c1":"#178786","l2":"4, ","c2":"#6b5806","l3":"5, ","c3":"#b20b42","l4":"6, ","c4":"#52ac3c","l5":"7","c5":"#7b3aa8"},"geometry":{"type":"Point","coordinates":[25.970011,43.894699]}},{"type":"Feature","properties":{"lines":"1, 3, 4, 5, 6, 7","arr":["G1","G3","G4","G5","G6","G7"],"mode":"bus","angle":-38.4,"mi":2,"l0":"1, ","c0":"#e47e2b","l1":"3, ","c1":"#178786","l2":"4, ","c2":"#6b5806","l3":"5, ","c3":"#b20b42","l4":"6, ","c4":"#52ac3c","l5":"7","c5":"#7b3aa8"},"geometry":{"type":"Point","coordinates":[25.973455,43.897714]}},{"type":"Feature","properties":{"lines":"1, 3, 4, 5, 6, 7","arr":["G1","G3","G4","G5","G6","G7"],"mode":"bus","angle":-45.3,"mi":1,"l0":"1, ","c0":"#e47e2b","l1":"3, ","c1":"#178786","l2":"4, ","c2":"#6b5806","l3":"5, ","c3":"#b20b42","l4":"6, ","c4":"#52ac3c","l5":"7","c5":"#7b3aa8"},"geometry":{"type":"Point","coordinates":[25.967774,43.892164]}},{"type":"Feature","properties":{"lines":"1, 2, 3, 4, 5","arr":["G1","G2","G3","G4","G5"],"mode":"bus","angle":-13,"l0":"1, ","c0":"#e47e2b","l1":"2, ","c1":"#0357b2","l2":"3, ","c2":"#178786","l3":"4, ","c3":"#6b5806","l4":"5","c4":"#b20b42"},"geometry":{"type":"Point","coordinates":[25.966061,43.890847]}},{"type":"Feature","properties":{"lines":"1, 2","arr":["G1","G2"],"mode":"bus","angle":-68.7,"l0":"1, ","c0":"#e47e2b","l1":"2","c1":"#0357b2"},"geometry":{"type":"Point","coordinates":[25.963973,43.888979]}},{"type":"Feature","properties":{"lines":"1, 2","arr":["G1","G2"],"mode":"bus","angle":-51.7,"extra":1,"ei":0,"l0":"1, ","c0":"#e47e2b","l1":"2","c1":"#0357b2"},"geometry":{"type":"Point","coordinates":[25.965162,43.890159]}},{"type":"Feature","properties":{"lines":"1, 2","arr":["G1","G2"],"mode":"bus","angle":-68.6,"extra":1,"ei":1,"l0":"1, ","c0":"#e47e2b","l1":"2","c1":"#0357b2"},"geometry":{"type":"Point","coordinates":[25.962871,43.886901]}},{"type":"Feature","properties":{"lines":"1","arr":["G1"],"mode":"bus","angle":74.3,"l0":"1","c0":"#e47e2b"},"geometry":{"type":"Point","coordinates":[25.962424,43.885293]}},{"type":"Feature","properties":{"lines":"1","arr":["G1"],"mode":"bus","angle":82,"mi":1,"l0":"1","c0":"#e47e2b"},"geometry":{"type":"Point","coordinates":[25.966198,43.879045]}},{"type":"Feature","properties":{"lines":"1","arr":["G1"],"mode":"bus","angle":52.2,"extra":1,"ei":0,"l0":"1","c0":"#e47e2b"},"geometry":{"type":"Point","coordinates":[25.964252,43.883365]}},{"type":"Feature","properties":{"lines":"1","arr":["G1"],"mode":"bus","angle":72.4,"extra":1,"ei":1,"l0":"1","c0":"#e47e2b"},"geometry":{"type":"Point","coordinates":[25.965565,43.881748]}},{"type":"Feature","properties":{"lines":"1","arr":["G1"],"mode":"bus","angle":82.1,"extra":1,"ei":2,"l0":"1","c0":"#e47e2b"},"geometry":{"type":"Point","coordinates":[25.966764,43.876153]}},{"type":"Feature","properties":{"lines":"1","arr":["G1"],"mode":"bus","angle":82.1,"extra":1,"ei":3,"l0":"1","c0":"#e47e2b"},"geometry":{"type":"Point","coordinates":[25.967124,43.874283]}},{"type":"Feature","properties":{"lines":"2","arr":["G2"],"mode":"bus","angle":-79.7,"mi":12,"l0":"2","c0":"#0357b2"},"geometry":{"type":"Point","coordinates":[25.972671,43.918604]}},{"type":"Feature","properties":{"lines":"2","arr":["G2"],"mode":"bus","angle":-79.8,"extra":1,"ei":0,"l0":"2","c0":"#0357b2"},"geometry":{"type":"Point","coordinates":[25.973374,43.921369]}},{"type":"Feature","properties":{"lines":"2","arr":["G2"],"mode":"bus","angle":-79.4,"extra":1,"ei":1,"l0":"2","c0":"#0357b2"},"geometry":{"type":"Point","coordinates":[25.971951,43.915798]}},{"type":"Feature","properties":{"lines":"2","arr":["G2"],"mode":"bus","angle":34.1,"mi":9,"l0":"2","c0":"#0357b2"},"geometry":{"type":"Point","coordinates":[25.971813,43.914572]}},{"type":"Feature","properties":{"lines":"2","arr":["G2"],"mode":"bus","angle":-64.7,"mi":1,"l0":"2","c0":"#0357b2"},"geometry":{"type":"Point","coordinates":[25.967135,43.897227]}},{"type":"Feature","properties":{"lines":"2","arr":["G2"],"mode":"bus","angle":-74.3,"mi":2,"l0":"2","c0":"#0357b2"},"geometry":{"type":"Point","coordinates":[25.970076,43.903486]}},{"type":"Feature","properties":{"lines":"2","arr":["G2"],"mode":"bus","angle":-68.5,"l0":"2","c0":"#0357b2"},"geometry":{"type":"Point","coordinates":[25.969111,43.900326]}},{"type":"Feature","properties":{"lines":"2","arr":["G2"],"mode":"bus","angle":-79.1,"mi":3,"l0":"2","c0":"#0357b2"},"geometry":{"type":"Point","coordinates":[25.96613,43.894205]}},{"type":"Feature","properties":{"lines":"2","arr":["G2"],"mode":"bus","angle":-74.7,"mi":4,"l0":"2","c0":"#0357b2"},"geometry":{"type":"Point","coordinates":[25.971091,43.905927]}},{"type":"Feature","properties":{"lines":"2","arr":["G2"],"mode":"bus","angle":-85.7,"mi":5,"l0":"2","c0":"#0357b2"},"geometry":{"type":"Point","coordinates":[25.971365,43.907465]}},{"type":"Feature","properties":{"lines":"2","arr":["G2"],"mode":"bus","angle":88.8,"mi":8,"l0":"2","c0":"#0357b2"},"geometry":{"type":"Point","coordinates":[25.971831,43.914036]}},{"type":"Feature","properties":{"lines":"2, 4, 5","arr":["G2","G4","G5"],"mode":"bus","angle":-87.8,"mi":2,"l0":"2, ","c0":"#0357b2","l1":"4, ","c1":"#6b5806","l2":"5","c2":"#b20b42"},"geometry":{"type":"Point","coordinates":[25.971846,43.912529]}},{"type":"Feature","properties":{"lines":"2, 4, 5","arr":["G2","G4","G5"],"mode":"bus","angle":-87.5,"l0":"2, ","c0":"#0357b2","l1":"4, ","c1":"#6b5806","l2":"5","c2":"#b20b42"},"geometry":{"type":"Point","coordinates":[25.971735,43.910573]}},{"type":"Feature","properties":{"lines":"2, 4, 5","arr":["G2","G4","G5"],"mode":"bus","angle":-81.4,"mi":1,"l0":"2, ","c0":"#0357b2","l1":"4, ","c1":"#6b5806","l2":"5","c2":"#b20b42"},"geometry":{"type":"Point","coordinates":[25.97152,43.908672]}},{"type":"Feature","properties":{"lines":"2, 3, 5","arr":["G2","G3","G5"],"mode":"bus","angle":-77.1,"l0":"2, ","c0":"#0357b2","l1":"3, ","c1":"#178786","l2":"5","c2":"#b20b42"},"geometry":{"type":"Point","coordinates":[25.965583,43.892183]}},{"type":"Feature","properties":{"lines":"2","arr":["G2"],"mode":"bus","angle":2.4,"mi":11,"l0":"2","c0":"#0357b2"},"geometry":{"type":"Point","coordinates":[25.956369,43.886147]}},{"type":"Feature","properties":{"lines":"2","arr":["G2"],"mode":"bus","angle":1.8,"extra":1,"ei":0,"l0":"2","c0":"#0357b2"},"geometry":{"type":"Point","coordinates":[25.961439,43.886794]}},{"type":"Feature","properties":{"lines":"2","arr":["G2"],"mode":"bus","angle":-21.9,"extra":1,"ei":1,"l0":"2","c0":"#0357b2"},"geometry":{"type":"Point","coordinates":[25.959049,43.88614]}},{"type":"Feature","properties":{"lines":"2","arr":["G2"],"mode":"bus","angle":1.9,"extra":1,"ei":2,"l0":"2","c0":"#0357b2"},"geometry":{"type":"Point","coordinates":[25.953825,43.886203]}},{"type":"Feature","properties":{"lines":"2","arr":["G2"],"mode":"bus","angle":1.1,"extra":1,"ei":3,"l0":"2","c0":"#0357b2"},"geometry":{"type":"Point","coordinates":[25.951207,43.886244]}},{"type":"Feature","properties":{"lines":"2","arr":["G2"],"mode":"bus","angle":-46,"l0":"2","c0":"#0357b2"},"geometry":{"type":"Point","coordinates":[25.941305,43.883002]}},{"type":"Feature","properties":{"lines":"2","arr":["G2"],"mode":"bus","angle":0.5,"extra":1,"ei":0,"l0":"2","c0":"#0357b2"},"geometry":{"type":"Point","coordinates":[25.948445,43.886277]}},{"type":"Feature","properties":{"lines":"2","arr":["G2"],"mode":"bus","angle":-22.4,"extra":1,"ei":1,"l0":"2","c0":"#0357b2"},"geometry":{"type":"Point","coordinates":[25.945886,43.885972]}},{"type":"Feature","properties":{"lines":"2","arr":["G2"],"mode":"bus","angle":-46.1,"extra":1,"ei":2,"l0":"2","c0":"#0357b2"},"geometry":{"type":"Point","coordinates":[25.943785,43.884874]}},{"type":"Feature","properties":{"lines":"2","arr":["G2"],"mode":"bus","angle":-45.7,"extra":1,"ei":3,"l0":"2","c0":"#0357b2"},"geometry":{"type":"Point","coordinates":[25.940159,43.882149]}},{"type":"Feature","properties":{"lines":"2","arr":["G2"],"mode":"bus","angle":-42.9,"extra":1,"ei":4,"l0":"2","c0":"#0357b2"},"geometry":{"type":"Point","coordinates":[25.938287,43.880829]}},{"type":"Feature","properties":{"lines":"2","arr":["G2"],"mode":"bus","angle":-39.6,"extra":1,"ei":5,"l0":"2","c0":"#0357b2"},"geometry":{"type":"Point","coordinates":[25.936307,43.879594]}},{"type":"Feature","properties":{"lines":"2","arr":["G2"],"mode":"bus","angle":-40.5,"extra":1,"ei":6,"l0":"2","c0":"#0357b2"},"geometry":{"type":"Point","coordinates":[25.934313,43.878371]}},{"type":"Feature","properties":{"lines":"2","arr":["G2"],"mode":"bus","angle":58.8,"mi":1,"l0":"2","c0":"#0357b2"},"geometry":{"type":"Point","coordinates":[25.93018,43.880552]}},{"type":"Feature","properties":{"lines":"2","arr":["G2"],"mode":"bus","angle":37.7,"extra":1,"ei":0,"l0":"2","c0":"#0357b2"},"geometry":{"type":"Point","coordinates":[25.933127,43.87887]}},{"type":"Feature","properties":{"lines":"2","arr":["G2"],"mode":"bus","angle":54.2,"extra":1,"ei":1,"l0":"2","c0":"#0357b2"},"geometry":{"type":"Point","coordinates":[25.931262,43.879469]}},{"type":"Feature","properties":{"lines":"2","arr":["G2"],"mode":"bus","angle":48.2,"extra":1,"ei":2,"l0":"2","c0":"#0357b2"},"geometry":{"type":"Point","coordinates":[25.928497,43.882455]}},{"type":"Feature","properties":{"lines":"2","arr":["G2"],"mode":"bus","angle":-32.2,"mi":10,"l0":"2","c0":"#0357b2"},"geometry":{"type":"Point","coordinates":[25.955225,43.887522]}},{"type":"Feature","properties":{"lines":"2","arr":["G2"],"mode":"bus","angle":37.9,"mi":7,"l0":"2","c0":"#0357b2"},"geometry":{"type":"Point","coordinates":[25.956948,43.888595]}},{"type":"Feature","properties":{"lines":"2","arr":["G2"],"mode":"bus","angle":-52.2,"mi":6,"l0":"2","c0":"#0357b2"},"geometry":{"type":"Point","coordinates":[25.957405,43.889387]}},{"type":"Feature","properties":{"lines":"2, 4","arr":["G2","G4"],"mode":"bus","angle":-28.2,"l0":"2, ","c0":"#0357b2","l1":"4","c1":"#6b5806"},"geometry":{"type":"Point","coordinates":[25.960517,43.890978]}},{"type":"Feature","properties":{"lines":"3, 5","arr":["G3","G5"],"mode":"bus","angle":48.7,"mi":1,"l0":"3, ","c0":"#178786","l1":"5","c1":"#b20b42"},"geometry":{"type":"Point","coordinates":[25.961926,43.892749]}},{"type":"Feature","properties":{"lines":"3, 5","arr":["G3","G5"],"mode":"bus","angle":47.6,"mi":3,"l0":"3, ","c0":"#178786","l1":"5","c1":"#b20b42"},"geometry":{"type":"Point","coordinates":[25.96009,43.894232]}},{"type":"Feature","properties":{"lines":"2, 3, 4, 5","arr":["G2","G3","G4","G5"],"mode":"bus","angle":18.6,"l0":"2, ","c0":"#0357b2","l1":"3, ","c1":"#178786","l2":"4, ","c2":"#6b5806","l3":"5","c3":"#b20b42"},"geometry":{"type":"Point","coordinates":[25.963957,43.89142]}},{"type":"Feature","properties":{"lines":"3, 5","arr":["G3","G5"],"mode":"bus","angle":-33.3,"mi":5,"l0":"3, ","c0":"#178786","l1":"5","c1":"#b20b42"},"geometry":{"type":"Point","coordinates":[25.965108,43.893017]}},{"type":"Feature","properties":{"lines":"3, 5","arr":["G3","G5"],"mode":"bus","angle":47.9,"mi":2,"l0":"3, ","c0":"#178786","l1":"5","c1":"#b20b42"},"geometry":{"type":"Point","coordinates":[25.963373,43.893448]}},{"type":"Feature","properties":{"lines":"3, 5","arr":["G3","G5"],"mode":"bus","angle":-17.8,"l0":"3, ","c0":"#178786","l1":"5","c1":"#b20b42"},"geometry":{"type":"Point","coordinates":[25.961825,43.894086]}},{"type":"Feature","properties":{"lines":"3, 5","arr":["G3","G5"],"mode":"bus","angle":-65.3,"mi":4,"l0":"3, ","c0":"#178786","l1":"5","c1":"#b20b42"},"geometry":{"type":"Point","coordinates":[25.959464,43.894722]}},{"type":"Feature","properties":{"lines":"3","arr":["G3"],"mode":"bus","angle":-1.5,"l0":"3","c0":"#178786"},"geometry":{"type":"Point","coordinates":[25.942614,43.894517]}},{"type":"Feature","properties":{"lines":"3","arr":["G3"],"mode":"bus","angle":-1.5,"l0":"3","c0":"#178786"},"geometry":{"type":"Point","coordinates":[25.956436,43.894759]}},{"type":"Feature","properties":{"lines":"3","arr":["G3"],"mode":"bus","angle":-1,"extra":1,"ei":0,"l0":"3","c0":"#178786"},"geometry":{"type":"Point","coordinates":[25.933486,43.894368]}},{"type":"Feature","properties":{"lines":"3","arr":["G3"],"mode":"bus","angle":-1.4,"extra":1,"ei":1,"l0":"3","c0":"#178786"},"geometry":{"type":"Point","coordinates":[25.936103,43.894407]}},{"type":"Feature","properties":{"lines":"3","arr":["G3"],"mode":"bus","angle":-1.3,"extra":1,"ei":2,"l0":"3","c0":"#178786"},"geometry":{"type":"Point","coordinates":[25.938721,43.894451]}},{"type":"Feature","properties":{"lines":"3","arr":["G3"],"mode":"bus","angle":-1.8,"extra":1,"ei":3,"l0":"3","c0":"#178786"},"geometry":{"type":"Point","coordinates":[25.946573,43.894583]}},{"type":"Feature","properties":{"lines":"3","arr":["G3"],"mode":"bus","angle":-1.7,"extra":1,"ei":4,"l0":"3","c0":"#178786"},"geometry":{"type":"Point","coordinates":[25.94919,43.894636]}},{"type":"Feature","properties":{"lines":"3","arr":["G3"],"mode":"bus","angle":-1.6,"extra":1,"ei":5,"l0":"3","c0":"#178786"},"geometry":{"type":"Point","coordinates":[25.951807,43.894689]}},{"type":"Feature","properties":{"lines":"3, 4","arr":["G3","G4"],"mode":"bus","angle":-1.2,"l0":"3, ","c0":"#178786","l1":"4","c1":"#6b5806"},"geometry":{"type":"Point","coordinates":[25.953426,43.894714]}},{"type":"Feature","properties":{"lines":"4","arr":["G4"],"mode":"bus","angle":80.8,"l0":"4","c0":"#6b5806"},"geometry":{"type":"Point","coordinates":[25.953907,43.906357]}},{"type":"Feature","properties":{"lines":"4","arr":["G4"],"mode":"bus","angle":-85.3,"extra":1,"ei":0,"l0":"4","c0":"#6b5806"},"geometry":{"type":"Point","coordinates":[25.953888,43.899459]}},{"type":"Feature","properties":{"lines":"4","arr":["G4"],"mode":"bus","angle":-86.1,"extra":1,"ei":1,"l0":"4","c0":"#6b5806"},"geometry":{"type":"Point","coordinates":[25.954093,43.901342]}},{"type":"Feature","properties":{"lines":"4","arr":["G4"],"mode":"bus","angle":-89.8,"extra":1,"ei":2,"l0":"4","c0":"#6b5806"},"geometry":{"type":"Point","coordinates":[25.954219,43.903228]}},{"type":"Feature","properties":{"lines":"4","arr":["G4"],"mode":"bus","angle":85.2,"extra":1,"ei":3,"l0":"4","c0":"#6b5806"},"geometry":{"type":"Point","coordinates":[25.954121,43.905114]}},{"type":"Feature","properties":{"lines":"4","arr":["G4"],"mode":"bus","angle":72.2,"extra":1,"ei":4,"l0":"4","c0":"#6b5806"},"geometry":{"type":"Point","coordinates":[25.952924,43.908777]}},{"type":"Feature","properties":{"lines":"4","arr":["G4"],"mode":"bus","angle":72.7,"extra":1,"ei":5,"l0":"4","c0":"#6b5806"},"geometry":{"type":"Point","coordinates":[25.952126,43.910576]}},{"type":"Feature","properties":{"lines":"4","arr":["G4"],"mode":"bus","angle":72.7,"extra":1,"ei":6,"l0":"4","c0":"#6b5806"},"geometry":{"type":"Point","coordinates":[25.951327,43.912374]}},{"type":"Feature","properties":{"lines":"5","arr":["G5"],"mode":"bus","angle":43.2,"l0":"5","c0":"#b20b42"},"geometry":{"type":"Point","coordinates":[25.957061,43.896334]}},{"type":"Feature","properties":{"lines":"4, 5","arr":["G4","G5"],"mode":"bus","angle":43,"l0":"4, ","c0":"#6b5806","l1":"5","c1":"#b20b42"},"geometry":{"type":"Point","coordinates":[25.954415,43.898092]}},{"type":"Feature","properties":{"lines":"4","arr":["G4"],"mode":"bus","angle":-73.1,"mi":2,"l0":"4","c0":"#6b5806"},"geometry":{"type":"Point","coordinates":[25.954436,43.896191]}},{"type":"Feature","properties":{"lines":"4","arr":["G4"],"mode":"bus","angle":-72.7,"extra":1,"ei":0,"l0":"4","c0":"#6b5806"},"geometry":{"type":"Point","coordinates":[25.953905,43.894959]}},{"type":"Feature","properties":{"lines":"4","arr":["G4"],"mode":"bus","angle":71.6,"l0":"4","c0":"#6b5806"},"geometry":{"type":"Point","coordinates":[25.953876,43.892938]}},{"type":"Feature","properties":{"lines":"4","arr":["G4"],"mode":"bus","angle":37.7,"mi":1,"l0":"4","c0":"#6b5806"},"geometry":{"type":"Point","coordinates":[25.956777,43.890782]}},{"type":"Feature","properties":{"lines":"4, 5","arr":["G4","G5"],"mode":"bus","angle":-62.3,"mi":2,"l0":"4, ","c0":"#6b5806","l1":"5","c1":"#b20b42"},"geometry":{"type":"Point","coordinates":[25.979541,43.905817]}},{"type":"Feature","properties":{"lines":"4, 5","arr":["G4","G5"],"mode":"bus","angle":-2.9,"mi":3,"l0":"4, ","c0":"#6b5806","l1":"5","c1":"#b20b42"},"geometry":{"type":"Point","coordinates":[25.970881,43.91349]}},{"type":"Feature","properties":{"lines":"4, 5","arr":["G4","G5"],"mode":"bus","angle":23.3,"mi":1,"l0":"4, ","c0":"#6b5806","l1":"5","c1":"#b20b42"},"geometry":{"type":"Point","coordinates":[25.977757,43.907168]}},{"type":"Feature","properties":{"lines":"4, 5","arr":["G4","G5"],"mode":"bus","angle":23,"extra":1,"ei":0,"l0":"4, ","c0":"#6b5806","l1":"5","c1":"#b20b42"},"geometry":{"type":"Point","coordinates":[25.979514,43.906619]}},{"type":"Feature","properties":{"lines":"4, 5","arr":["G4","G5"],"mode":"bus","angle":6.1,"l0":"4, ","c0":"#6b5806","l1":"5","c1":"#b20b42"},"geometry":{"type":"Point","coordinates":[25.97366,43.9079]}},{"type":"Feature","properties":{"lines":"4, 5","arr":["G4","G5"],"mode":"bus","angle":6.8,"extra":1,"ei":0,"l0":"4, ","c0":"#6b5806","l1":"5","c1":"#b20b42"},"geometry":{"type":"Point","coordinates":[25.975332,43.907776]}},{"type":"Feature","properties":{"lines":"4","arr":["G4"],"mode":"bus","angle":-82.2,"l0":"4","c0":"#6b5806"},"geometry":{"type":"Point","coordinates":[25.970257,43.914232]}},{"type":"Feature","properties":{"lines":"4","arr":["G4"],"mode":"bus","angle":10.1,"mi":1,"l0":"4","c0":"#6b5806"},"geometry":{"type":"Point","coordinates":[25.968751,43.915857]}},{"type":"Feature","properties":{"lines":"5","arr":["G5"],"mode":"bus","angle":-24.5,"mi":1,"l0":"5","c0":"#b20b42"},"geometry":{"type":"Point","coordinates":[25.945227,43.910558]}},{"type":"Feature","properties":{"lines":"5","arr":["G5"],"mode":"bus","angle":-19.3,"extra":1,"ei":0,"l0":"5","c0":"#b20b42"},"geometry":{"type":"Point","coordinates":[25.950133,43.911965]}},{"type":"Feature","properties":{"lines":"5","arr":["G5"],"mode":"bus","angle":-21.7,"extra":1,"ei":1,"l0":"5","c0":"#b20b42"},"geometry":{"type":"Point","coordinates":[25.947667,43.911331]}},{"type":"Feature","properties":{"lines":"5","arr":["G5"],"mode":"bus","angle":-50.7,"extra":1,"ei":2,"l0":"5","c0":"#b20b42"},"geometry":{"type":"Point","coordinates":[25.943352,43.909343]}},{"type":"Feature","properties":{"lines":"5","arr":["G5"],"mode":"bus","angle":-48,"extra":1,"ei":3,"l0":"5","c0":"#b20b42"},"geometry":{"type":"Point","coordinates":[25.941648,43.90791]}},{"type":"Feature","properties":{"lines":"5","arr":["G5"],"mode":"bus","angle":42.3,"l0":"5","c0":"#b20b42"},"geometry":{"type":"Point","coordinates":[25.947216,43.902815]}},{"type":"Feature","properties":{"lines":"5","arr":["G5"],"mode":"bus","angle":42.7,"extra":1,"ei":0,"l0":"5","c0":"#b20b42"},"geometry":{"type":"Point","coordinates":[25.941682,43.906527]}},{"type":"Feature","properties":{"lines":"5","arr":["G5"],"mode":"bus","angle":42.7,"extra":1,"ei":1,"l0":"5","c0":"#b20b42"},"geometry":{"type":"Point","coordinates":[25.943604,43.905244]}},{"type":"Feature","properties":{"lines":"5","arr":["G5"],"mode":"bus","angle":43.2,"extra":1,"ei":2,"l0":"5","c0":"#b20b42"},"geometry":{"type":"Point","coordinates":[25.945511,43.90395]}},{"type":"Feature","properties":{"lines":"5","arr":["G5"],"mode":"bus","angle":42.2,"extra":1,"ei":3,"l0":"5","c0":"#b20b42"},"geometry":{"type":"Point","coordinates":[25.94937,43.901397]}},{"type":"Feature","properties":{"lines":"5","arr":["G5"],"mode":"bus","angle":41.9,"extra":1,"ei":4,"l0":"5","c0":"#b20b42"},"geometry":{"type":"Point","coordinates":[25.951306,43.900126]}},{"type":"Feature","properties":{"lines":"5","arr":["G5"],"mode":"bus","angle":42.3,"extra":1,"ei":5,"l0":"5","c0":"#b20b42"},"geometry":{"type":"Point","coordinates":[25.953254,43.898864]}},{"type":"Feature","properties":{"lines":"6","arr":["G6"],"mode":"bus","angle":-76.5,"l0":"6","c0":"#52ac3c"},"geometry":{"type":"Point","coordinates":[25.980915,43.900825]}},{"type":"Feature","properties":{"lines":"6","arr":["G6"],"mode":"bus","angle":2,"side":-1,"mi":1,"l0":"6","c0":"#52ac3c"},"geometry":{"type":"Point","coordinates":[25.977757,43.89879]}},{"type":"Feature","properties":{"lines":"6","arr":["G6"],"mode":"bus","angle":2,"extra":1,"ei":0,"l0":"6","c0":"#52ac3c"},"geometry":{"type":"Point","coordinates":[25.976071,43.898918]}},{"type":"Feature","properties":{"lines":"6","arr":["G6"],"mode":"bus","angle":2.1,"side":-1,"extra":1,"ei":0,"l0":"6","c0":"#52ac3c"},"geometry":{"type":"Point","coordinates":[25.97944,43.898746]}},{"type":"Feature","properties":{"lines":"Train","arr":["train"],"mode":"tram","angle":-83.5,"l0":"Train","c0":"#b11526"},"geometry":{"type":"Point","coordinates":[25.970844,43.961806]}},{"type":"Feature","properties":{"lines":"Train","arr":["train"],"mode":"tram","angle":-84.1,"mi":1,"l0":"Train","c0":"#b11526"},"geometry":{"type":"Point","coordinates":[25.963628,43.912466]}},{"type":"Feature","properties":{"lines":"Train","arr":["train"],"mode":"tram","angle":-41.9,"extra":1,"ei":0,"l0":"Train","c0":"#b11526"},"geometry":{"type":"Point","coordinates":[25.989879,43.989049]}},{"type":"Feature","properties":{"lines":"Train","arr":["train"],"mode":"tram","angle":-41.5,"extra":1,"ei":1,"l0":"Train","c0":"#b11526"},"geometry":{"type":"Point","coordinates":[25.987923,43.987793]}},{"type":"Feature","properties":{"lines":"Train","arr":["train"],"mode":"tram","angle":-45.1,"extra":1,"ei":2,"l0":"Train","c0":"#b11526"},"geometry":{"type":"Point","coordinates":[25.985994,43.986517]}},{"type":"Feature","properties":{"lines":"Train","arr":["train"],"mode":"tram","angle":-50.8,"extra":1,"ei":3,"l0":"Train","c0":"#b11526"},"geometry":{"type":"Point","coordinates":[25.984246,43.985113]}},{"type":"Feature","properties":{"lines":"Train","arr":["train"],"mode":"tram","angle":-57,"extra":1,"ei":4,"l0":"Train","c0":"#b11526"},"geometry":{"type":"Point","coordinates":[25.982701,43.98359]}},{"type":"Feature","properties":{"lines":"Train","arr":["train"],"mode":"tram","angle":-62.4,"extra":1,"ei":5,"l0":"Train","c0":"#b11526"},"geometry":{"type":"Point","coordinates":[25.981386,43.981958]}},{"type":"Feature","properties":{"lines":"Train","arr":["train"],"mode":"tram","angle":-63.6,"extra":1,"ei":6,"l0":"Train","c0":"#b11526"},"geometry":{"type":"Point","coordinates":[25.980219,43.980267]}},{"type":"Feature","properties":{"lines":"Train","arr":["train"],"mode":"tram","angle":-63.5,"extra":1,"ei":7,"l0":"Train","c0":"#b11526"},"geometry":{"type":"Point","coordinates":[25.979051,43.978577]}},{"type":"Feature","properties":{"lines":"Train","arr":["train"],"mode":"tram","angle":-62.9,"extra":1,"ei":8,"l0":"Train","c0":"#b11526"},"geometry":{"type":"Point","coordinates":[25.977863,43.976894]}},{"type":"Feature","properties":{"lines":"Train","arr":["train"],"mode":"tram","angle":-63.8,"extra":1,"ei":9,"l0":"Train","c0":"#b11526"},"geometry":{"type":"Point","coordinates":[25.976686,43.975207]}},{"type":"Feature","properties":{"lines":"Train","arr":["train"],"mode":"tram","angle":-63.3,"extra":1,"ei":10,"l0":"Train","c0":"#b11526"},"geometry":{"type":"Point","coordinates":[25.975528,43.973514]}},{"type":"Feature","properties":{"lines":"Train","arr":["train"],"mode":"tram","angle":-63.9,"extra":1,"ei":11,"l0":"Train","c0":"#b11526"},"geometry":{"type":"Point","coordinates":[25.974344,43.971829]}},{"type":"Feature","properties":{"lines":"Train","arr":["train"],"mode":"tram","angle":-66.3,"extra":1,"ei":12,"l0":"Train","c0":"#b11526"},"geometry":{"type":"Point","coordinates":[25.973206,43.970129]}},{"type":"Feature","properties":{"lines":"Train","arr":["train"],"mode":"tram","angle":-72,"extra":1,"ei":13,"l0":"Train","c0":"#b11526"},"geometry":{"type":"Point","coordinates":[25.972308,43.968355]}},{"type":"Feature","properties":{"lines":"Train","arr":["train"],"mode":"tram","angle":-78.6,"extra":1,"ei":14,"l0":"Train","c0":"#b11526"},"geometry":{"type":"Point","coordinates":[25.971663,43.966527]}},{"type":"Feature","properties":{"lines":"Train","arr":["train"],"mode":"tram","angle":-83.2,"extra":1,"ei":15,"l0":"Train","c0":"#b11526"},"geometry":{"type":"Point","coordinates":[25.971265,43.964661]}},{"type":"Feature","properties":{"lines":"Train","arr":["train"],"mode":"tram","angle":-85.3,"extra":1,"ei":16,"l0":"Train","c0":"#b11526"},"geometry":{"type":"Point","coordinates":[25.970473,43.959024]}},{"type":"Feature","properties":{"lines":"Train","arr":["train"],"mode":"tram","angle":-82.8,"extra":1,"ei":17,"l0":"Train","c0":"#b11526"},"geometry":{"type":"Point","coordinates":[25.970239,43.957144]}},{"type":"Feature","properties":{"lines":"Train","arr":["train"],"mode":"tram","angle":-83.9,"extra":1,"ei":18,"l0":"Train","c0":"#b11526"},"geometry":{"type":"Point","coordinates":[25.969939,43.955268]}},{"type":"Feature","properties":{"lines":"Train","arr":["train"],"mode":"tram","angle":-83.9,"extra":1,"ei":19,"l0":"Train","c0":"#b11526"},"geometry":{"type":"Point","coordinates":[25.969661,43.95339]}},{"type":"Feature","properties":{"lines":"Train","arr":["train"],"mode":"tram","angle":-83.9,"extra":1,"ei":20,"l0":"Train","c0":"#b11526"},"geometry":{"type":"Point","coordinates":[25.969383,43.951512]}},{"type":"Feature","properties":{"lines":"Train","arr":["train"],"mode":"tram","angle":-83.9,"extra":1,"ei":21,"l0":"Train","c0":"#b11526"},"geometry":{"type":"Point","coordinates":[25.969105,43.949634]}},{"type":"Feature","properties":{"lines":"Train","arr":["train"],"mode":"tram","angle":-84.1,"extra":1,"ei":22,"l0":"Train","c0":"#b11526"},"geometry":{"type":"Point","coordinates":[25.968835,43.947756]}},{"type":"Feature","properties":{"lines":"Train","arr":["train"],"mode":"tram","angle":-83.9,"extra":1,"ei":23,"l0":"Train","c0":"#b11526"},"geometry":{"type":"Point","coordinates":[25.968562,43.945877]}},{"type":"Feature","properties":{"lines":"Train","arr":["train"],"mode":"tram","angle":-83.9,"extra":1,"ei":24,"l0":"Train","c0":"#b11526"},"geometry":{"type":"Point","coordinates":[25.968284,43.943999]}},{"type":"Feature","properties":{"lines":"Train","arr":["train"],"mode":"tram","angle":-83.1,"extra":1,"ei":25,"l0":"Train","c0":"#b11526"},"geometry":{"type":"Point","coordinates":[25.96799,43.942123]}},{"type":"Feature","properties":{"lines":"Train","arr":["train"],"mode":"tram","angle":-84.4,"extra":1,"ei":26,"l0":"Train","c0":"#b11526"},"geometry":{"type":"Point","coordinates":[25.967702,43.940246]}},{"type":"Feature","properties":{"lines":"Train","arr":["train"],"mode":"tram","angle":-83.7,"extra":1,"ei":27,"l0":"Train","c0":"#b11526"},"geometry":{"type":"Point","coordinates":[25.967442,43.938367]}},{"type":"Feature","properties":{"lines":"Train","arr":["train"],"mode":"tram","angle":-84.3,"extra":1,"ei":28,"l0":"Train","c0":"#b11526"},"geometry":{"type":"Point","coordinates":[25.967162,43.936489]}},{"type":"Feature","properties":{"lines":"Train","arr":["train"],"mode":"tram","angle":-83.8,"extra":1,"ei":29,"l0":"Train","c0":"#b11526"},"geometry":{"type":"Point","coordinates":[25.966892,43.93461]}},{"type":"Feature","properties":{"lines":"Train","arr":["train"],"mode":"tram","angle":-84.8,"extra":1,"ei":30,"l0":"Train","c0":"#b11526"},"geometry":{"type":"Point","coordinates":[25.966629,43.932731]}},{"type":"Feature","properties":{"lines":"Train","arr":["train"],"mode":"tram","angle":-83.2,"extra":1,"ei":31,"l0":"Train","c0":"#b11526"},"geometry":{"type":"Point","coordinates":[25.966349,43.930854]}},{"type":"Feature","properties":{"lines":"Train","arr":["train"],"mode":"tram","angle":-83.6,"extra":1,"ei":0,"l0":"Train","c0":"#b11526"},"geometry":{"type":"Point","coordinates":[25.965945,43.928392]}},{"type":"Feature","properties":{"lines":"Train","arr":["train"],"mode":"tram","angle":-83.4,"extra":1,"ei":1,"l0":"Train","c0":"#b11526"},"geometry":{"type":"Point","coordinates":[25.965643,43.926516]}},{"type":"Feature","properties":{"lines":"Train","arr":["train"],"mode":"tram","angle":-84.2,"extra":1,"ei":2,"l0":"Train","c0":"#b11526"},"geometry":{"type":"Point","coordinates":[25.965364,43.924638]}},{"type":"Feature","properties":{"lines":"Train","arr":["train"],"mode":"tram","angle":-84.2,"extra":1,"ei":3,"l0":"Train","c0":"#b11526"},"geometry":{"type":"Point","coordinates":[25.965099,43.922759]}},{"type":"Feature","properties":{"lines":"Train","arr":["train"],"mode":"tram","angle":-84.1,"extra":1,"ei":4,"l0":"Train","c0":"#b11526"},"geometry":{"type":"Point","coordinates":[25.964829,43.920881]}},{"type":"Feature","properties":{"lines":"Train","arr":["train"],"mode":"tram","angle":-84.2,"extra":1,"ei":5,"l0":"Train","c0":"#b11526"},"geometry":{"type":"Point","coordinates":[25.964557,43.919002]}},{"type":"Feature","properties":{"lines":"Train","arr":["train"],"mode":"tram","angle":-84.2,"extra":1,"ei":6,"l0":"Train","c0":"#b11526"},"geometry":{"type":"Point","coordinates":[25.964292,43.917123]}},{"type":"Feature","properties":{"lines":"Train","arr":["train"],"mode":"tram","angle":-84.1,"extra":1,"ei":7,"l0":"Train","c0":"#b11526"},"geometry":{"type":"Point","coordinates":[25.964026,43.915245]}},{"type":"Feature","properties":{"lines":"Train","arr":["train"],"mode":"tram","angle":-83.5,"extra":1,"ei":8,"l0":"Train","c0":"#b11526"},"geometry":{"type":"Point","coordinates":[25.96319,43.909611]}},{"type":"Feature","properties":{"lines":"Train","arr":["train"],"mode":"tram","angle":-84.5,"extra":1,"ei":9,"l0":"Train","c0":"#b11526"},"geometry":{"type":"Point","coordinates":[25.962922,43.907732]}},{"type":"Feature","properties":{"lines":"Train","arr":["train"],"mode":"tram","angle":-83.6,"extra":1,"ei":10,"l0":"Train","c0":"#b11526"},"geometry":{"type":"Point","coordinates":[25.962647,43.905854]}},{"type":"Feature","properties":{"lines":"Train","arr":["train"],"mode":"tram","angle":-84.2,"extra":1,"ei":11,"l0":"Train","c0":"#b11526"},"geometry":{"type":"Point","coordinates":[25.962358,43.903977]}},{"type":"Feature","properties":{"lines":"Train","arr":["train"],"mode":"tram","angle":-85,"extra":1,"ei":12,"l0":"Train","c0":"#b11526"},"geometry":{"type":"Point","coordinates":[25.962111,43.902097]}},{"type":"Feature","properties":{"lines":"Train","arr":["train"],"mode":"tram","angle":-83.9,"extra":1,"ei":13,"l0":"Train","c0":"#b11526"},"geometry":{"type":"Point","coordinates":[25.961853,43.900218]}},{"type":"Feature","properties":{"lines":"Train","arr":["train"],"mode":"tram","angle":-83.4,"extra":1,"ei":14,"l0":"Train","c0":"#b11526"},"geometry":{"type":"Point","coordinates":[25.961574,43.89834]}},{"type":"Feature","properties":{"lines":"Train","arr":["train"],"mode":"tram","angle":-82.6,"extra":1,"ei":15,"l0":"Train","c0":"#b11526"},"geometry":{"type":"Point","coordinates":[25.961266,43.896465]}},{"type":"Feature","properties":{"lines":"Train","arr":["train"],"mode":"tram","angle":-83.4,"l0":"Train","c0":"#b11526"},"geometry":{"type":"Point","coordinates":[25.966132,43.929586]}},{"type":"Feature","properties":{"lines":"Train","arr":["train"],"mode":"tram","angle":89.6,"l0":"Train","c0":"#b11526"},"geometry":{"type":"Point","coordinates":[25.964639,43.919368]}},{"type":"Feature","properties":{"lines":"Train","arr":["train"],"mode":"tram","angle":-62.6,"mi":1,"l0":"Train","c0":"#b11526"},"geometry":{"type":"Point","coordinates":[25.965802,43.842792]}},{"type":"Feature","properties":{"lines":"Train","arr":["train"],"mode":"tram","angle":-66.5,"extra":1,"ei":0,"l0":"Train","c0":"#b11526"},"geometry":{"type":"Point","coordinates":[25.968173,43.846787]}},{"type":"Feature","properties":{"lines":"Train","arr":["train"],"mode":"tram","angle":-67.5,"extra":1,"ei":1,"l0":"Train","c0":"#b11526"},"geometry":{"type":"Point","coordinates":[25.967166,43.845044]}},{"type":"Feature","properties":{"lines":"Train","arr":["train"],"mode":"tram","angle":-62,"extra":1,"ei":2,"l0":"Train","c0":"#b11526"},"geometry":{"type":"Point","coordinates":[25.964945,43.841627]}},{"type":"Feature","properties":{"lines":"Train","arr":["train"],"mode":"tram","angle":-61.9,"extra":1,"ei":3,"l0":"Train","c0":"#b11526"},"geometry":{"type":"Point","coordinates":[25.963716,43.839959]}},{"type":"Feature","properties":{"lines":"Train","arr":["train"],"mode":"tram","angle":-61.8,"extra":1,"ei":4,"l0":"Train","c0":"#b11526"},"geometry":{"type":"Point","coordinates":[25.962482,43.838294]}},{"type":"Feature","properties":{"lines":"Train","arr":["train"],"mode":"tram","angle":41.3,"l0":"Train","c0":"#b11526"},"geometry":{"type":"Point","coordinates":[25.985551,43.904881]}},{"type":"Feature","properties":{"lines":"Train","arr":["train"],"mode":"tram","angle":-84.4,"extra":1,"ei":0,"l0":"Train","c0":"#b11526"},"geometry":{"type":"Point","coordinates":[25.964524,43.918226]}},{"type":"Feature","properties":{"lines":"Train","arr":["train"],"mode":"tram","angle":-89.6,"extra":1,"ei":1,"l0":"Train","c0":"#b11526"},"geometry":{"type":"Point","coordinates":[25.964293,43.916345]}},{"type":"Feature","properties":{"lines":"Train","arr":["train"],"mode":"tram","angle":61.2,"extra":1,"ei":2,"l0":"Train","c0":"#b11526"},"geometry":{"type":"Point","coordinates":[25.964982,43.914551]}},{"type":"Feature","properties":{"lines":"Train","arr":["train"],"mode":"tram","angle":32.5,"extra":1,"ei":3,"l0":"Train","c0":"#b11526"},"geometry":{"type":"Point","coordinates":[25.966674,43.913141]}},{"type":"Feature","properties":{"lines":"Train","arr":["train"],"mode":"tram","angle":14.3,"extra":1,"ei":4,"l0":"Train","c0":"#b11526"},"geometry":{"type":"Point","coordinates":[25.969112,43.912484]}},{"type":"Feature","properties":{"lines":"Train","arr":["train"],"mode":"tram","angle":14.7,"extra":1,"ei":5,"l0":"Train","c0":"#b11526"},"geometry":{"type":"Point","coordinates":[25.971649,43.912016]}},{"type":"Feature","properties":{"lines":"Train","arr":["train"],"mode":"tram","angle":18.9,"extra":1,"ei":6,"l0":"Train","c0":"#b11526"},"geometry":{"type":"Point","coordinates":[25.97417,43.911509]}},{"type":"Feature","properties":{"lines":"Train","arr":["train"],"mode":"tram","angle":38.6,"extra":1,"ei":7,"l0":"Train","c0":"#b11526"},"geometry":{"type":"Point","coordinates":[25.976451,43.910612]}},{"type":"Feature","properties":{"lines":"Train","arr":["train"],"mode":"tram","angle":41.5,"extra":1,"ei":8,"l0":"Train","c0":"#b11526"},"geometry":{"type":"Point","coordinates":[25.978461,43.909402]}},{"type":"Feature","properties":{"lines":"Train","arr":["train"],"mode":"tram","angle":41.5,"extra":1,"ei":9,"l0":"Train","c0":"#b11526"},"geometry":{"type":"Point","coordinates":[25.98042,43.90815]}},{"type":"Feature","properties":{"lines":"Train","arr":["train"],"mode":"tram","angle":41.6,"extra":1,"ei":10,"l0":"Train","c0":"#b11526"},"geometry":{"type":"Point","coordinates":[25.982378,43.906896]}},{"type":"Feature","properties":{"lines":"Train","arr":["train"],"mode":"tram","angle":41.3,"extra":1,"ei":11,"l0":"Train","c0":"#b11526"},"geometry":{"type":"Point","coordinates":[25.988274,43.903153]}},{"type":"Feature","properties":{"lines":"Train","arr":["train"],"mode":"tram","angle":41.3,"extra":1,"ei":12,"l0":"Train","c0":"#b11526"},"geometry":{"type":"Point","coordinates":[25.99024,43.901905]}},{"type":"Feature","properties":{"lines":"Train","arr":["train"],"mode":"tram","angle":41.3,"extra":1,"ei":13,"l0":"Train","c0":"#b11526"},"geometry":{"type":"Point","coordinates":[25.992205,43.900658]}},{"type":"Feature","properties":{"lines":"Train","arr":["train"],"mode":"tram","angle":41.1,"extra":1,"ei":14,"l0":"Train","c0":"#b11526"},"geometry":{"type":"Point","coordinates":[25.994171,43.89941]}},{"type":"Feature","properties":{"lines":"Train","arr":["train"],"mode":"tram","angle":42.3,"extra":1,"ei":15,"l0":"Train","c0":"#b11526"},"geometry":{"type":"Point","coordinates":[25.996156,43.898179]}},{"type":"Feature","properties":{"lines":"Train","arr":["train"],"mode":"tram","angle":53.3,"extra":1,"ei":16,"l0":"Train","c0":"#b11526"},"geometry":{"type":"Point","coordinates":[25.997861,43.896751]}},{"type":"Feature","properties":{"lines":"Train","arr":["train"],"mode":"tram","angle":54.4,"extra":1,"ei":17,"l0":"Train","c0":"#b11526"},"geometry":{"type":"Point","coordinates":[25.999412,43.89523]}},{"type":"Feature","properties":{"lines":"Train","arr":["train"],"mode":"tram","angle":51.8,"extra":1,"ei":18,"l0":"Train","c0":"#b11526"},"geometry":{"type":"Point","coordinates":[26.000949,43.893701]}},{"type":"Feature","properties":{"lines":"Train","arr":["train"],"mode":"tram","angle":54.6,"extra":1,"ei":19,"l0":"Train","c0":"#b11526"},"geometry":{"type":"Point","coordinates":[26.002494,43.892177]}},{"type":"Feature","properties":{"lines":"Train","arr":["train"],"mode":"tram","angle":54.7,"extra":1,"ei":20,"l0":"Train","c0":"#b11526"},"geometry":{"type":"Point","coordinates":[26.004008,43.890636]}},{"type":"Feature","properties":{"lines":"Train","arr":["train"],"mode":"tram","angle":54.7,"extra":1,"ei":21,"l0":"Train","c0":"#b11526"},"geometry":{"type":"Point","coordinates":[26.005522,43.889096]}},{"type":"Feature","properties":{"lines":"Train","arr":["train"],"mode":"tram","angle":2.6,"l0":"Train","c0":"#b11526"},"geometry":{"type":"Point","coordinates":[26.014239,43.854574]}},{"type":"Feature","properties":{"lines":"Train","arr":["train"],"mode":"tram","angle":-50.8,"l0":"Train","c0":"#b11526"},"geometry":{"type":"Point","coordinates":[25.959837,43.835319]}},{"type":"Feature","properties":{"lines":"Train","arr":["train"],"mode":"tram","angle":54.3,"extra":1,"ei":0,"l0":"Train","c0":"#b11526"},"geometry":{"type":"Point","coordinates":[26.007392,43.887206]}},{"type":"Feature","properties":{"lines":"Train","arr":["train"],"mode":"tram","angle":54.3,"extra":1,"ei":1,"l0":"Train","c0":"#b11526"},"geometry":{"type":"Point","coordinates":[26.00892,43.885672]}},{"type":"Feature","properties":{"lines":"Train","arr":["train"],"mode":"tram","angle":54.3,"extra":1,"ei":2,"l0":"Train","c0":"#b11526"},"geometry":{"type":"Point","coordinates":[26.010448,43.884139]}},{"type":"Feature","properties":{"lines":"Train","arr":["train"],"mode":"tram","angle":52.3,"extra":1,"ei":3,"l0":"Train","c0":"#b11526"},"geometry":{"type":"Point","coordinates":[26.011986,43.88261]}},{"type":"Feature","properties":{"lines":"Train","arr":["train"],"mode":"tram","angle":54.2,"extra":1,"ei":4,"l0":"Train","c0":"#b11526"},"geometry":{"type":"Point","coordinates":[26.01357,43.881107]}},{"type":"Feature","properties":{"lines":"Train","arr":["train"],"mode":"tram","angle":53.5,"extra":1,"ei":5,"l0":"Train","c0":"#b11526"},"geometry":{"type":"Point","coordinates":[26.015113,43.879581]}},{"type":"Feature","properties":{"lines":"Train","arr":["train"],"mode":"tram","angle":53.5,"extra":1,"ei":6,"l0":"Train","c0":"#b11526"},"geometry":{"type":"Point","coordinates":[26.016671,43.878064]}},{"type":"Feature","properties":{"lines":"Train","arr":["train"],"mode":"tram","angle":54.3,"extra":1,"ei":7,"l0":"Train","c0":"#b11526"},"geometry":{"type":"Point","coordinates":[26.018201,43.876531]}},{"type":"Feature","properties":{"lines":"Train","arr":["train"],"mode":"tram","angle":66.7,"extra":1,"ei":8,"l0":"Train","c0":"#b11526"},"geometry":{"type":"Point","coordinates":[26.019589,43.874936]}},{"type":"Feature","properties":{"lines":"Train","arr":["train"],"mode":"tram","angle":86,"extra":1,"ei":9,"l0":"Train","c0":"#b11526"},"geometry":{"type":"Point","coordinates":[26.020165,43.873104]}},{"type":"Feature","properties":{"lines":"Train","arr":["train"],"mode":"tram","angle":-87.8,"extra":1,"ei":10,"l0":"Train","c0":"#b11526"},"geometry":{"type":"Point","coordinates":[26.02013,43.871217]}},{"type":"Feature","properties":{"lines":"Train","arr":["train"],"mode":"tram","angle":-87.8,"extra":1,"ei":11,"l0":"Train","c0":"#b11526"},"geometry":{"type":"Point","coordinates":[26.020031,43.86933]}},{"type":"Feature","properties":{"lines":"Train","arr":["train"],"mode":"tram","angle":-88.2,"extra":1,"ei":12,"l0":"Train","c0":"#b11526"},"geometry":{"type":"Point","coordinates":[26.019932,43.867442]}},{"type":"Feature","properties":{"lines":"Train","arr":["train"],"mode":"tram","angle":-88.3,"extra":1,"ei":13,"l0":"Train","c0":"#b11526"},"geometry":{"type":"Point","coordinates":[26.019856,43.865555]}},{"type":"Feature","properties":{"lines":"Train","arr":["train"],"mode":"tram","angle":-87.9,"extra":1,"ei":14,"l0":"Train","c0":"#b11526"},"geometry":{"type":"Point","coordinates":[26.019766,43.863667]}},{"type":"Feature","properties":{"lines":"Train","arr":["train"],"mode":"tram","angle":-87.8,"extra":1,"ei":15,"l0":"Train","c0":"#b11526"},"geometry":{"type":"Point","coordinates":[26.019666,43.86178]}},{"type":"Feature","properties":{"lines":"Train","arr":["train"],"mode":"tram","angle":-88.2,"extra":1,"ei":16,"l0":"Train","c0":"#b11526"},"geometry":{"type":"Point","coordinates":[26.019577,43.859892]}},{"type":"Feature","properties":{"lines":"Train","arr":["train"],"mode":"tram","angle":-85.7,"extra":1,"ei":17,"l0":"Train","c0":"#b11526"},"geometry":{"type":"Point","coordinates":[26.019479,43.858005]}},{"type":"Feature","properties":{"lines":"Train","arr":["train"],"mode":"tram","angle":-57.5,"extra":1,"ei":18,"l0":"Train","c0":"#b11526"},"geometry":{"type":"Point","coordinates":[26.018695,43.856227]}},{"type":"Feature","properties":{"lines":"Train","arr":["train"],"mode":"tram","angle":-27.7,"extra":1,"ei":19,"l0":"Train","c0":"#b11526"},"geometry":{"type":"Point","coordinates":[26.01679,43.854963]}},{"type":"Feature","properties":{"lines":"Train","arr":["train"],"mode":"tram","angle":5.4,"extra":1,"ei":20,"l0":"Train","c0":"#b11526"},"geometry":{"type":"Point","coordinates":[26.011652,43.854741]}},{"type":"Feature","properties":{"lines":"Train","arr":["train"],"mode":"tram","angle":8.5,"extra":1,"ei":21,"l0":"Train","c0":"#b11526"},"geometry":{"type":"Point","coordinates":[26.009052,43.854961]}},{"type":"Feature","properties":{"lines":"Train","arr":["train"],"mode":"tram","angle":21.1,"extra":1,"ei":22,"l0":"Train","c0":"#b11526"},"geometry":{"type":"Point","coordinates":[26.006528,43.855441]}},{"type":"Feature","properties":{"lines":"Train","arr":["train"],"mode":"tram","angle":21.9,"extra":1,"ei":23,"l0":"Train","c0":"#b11526"},"geometry":{"type":"Point","coordinates":[26.004103,43.856154]}},{"type":"Feature","properties":{"lines":"Train","arr":["train"],"mode":"tram","angle":22.2,"extra":1,"ei":24,"l0":"Train","c0":"#b11526"},"geometry":{"type":"Point","coordinates":[26.001675,43.856859]}},{"type":"Feature","properties":{"lines":"Train","arr":["train"],"mode":"tram","angle":22,"extra":1,"ei":25,"l0":"Train","c0":"#b11526"},"geometry":{"type":"Point","coordinates":[25.99925,43.857571]}},{"type":"Feature","properties":{"lines":"Train","arr":["train"],"mode":"tram","angle":22.2,"extra":1,"ei":26,"l0":"Train","c0":"#b11526"},"geometry":{"type":"Point","coordinates":[25.996824,43.858281]}},{"type":"Feature","properties":{"lines":"Train","arr":["train"],"mode":"tram","angle":22.1,"extra":1,"ei":27,"l0":"Train","c0":"#b11526"},"geometry":{"type":"Point","coordinates":[25.994397,43.858989]}},{"type":"Feature","properties":{"lines":"Train","arr":["train"],"mode":"tram","angle":22.2,"extra":1,"ei":28,"l0":"Train","c0":"#b11526"},"geometry":{"type":"Point","coordinates":[25.99197,43.859698]}},{"type":"Feature","properties":{"lines":"Train","arr":["train"],"mode":"tram","angle":1.6,"extra":1,"ei":29,"l0":"Train","c0":"#b11526"},"geometry":{"type":"Point","coordinates":[25.989462,43.860192]}},{"type":"Feature","properties":{"lines":"Train","arr":["train"],"mode":"tram","angle":-29.8,"extra":1,"ei":30,"l0":"Train","c0":"#b11526"},"geometry":{"type":"Point","coordinates":[25.98696,43.859727]}},{"type":"Feature","properties":{"lines":"Train","arr":["train"],"mode":"tram","angle":-34,"extra":1,"ei":31,"l0":"Train","c0":"#b11526"},"geometry":{"type":"Point","coordinates":[25.984784,43.858678]}},{"type":"Feature","properties":{"lines":"Train","arr":["train"],"mode":"tram","angle":-34.3,"extra":1,"ei":32,"l0":"Train","c0":"#b11526"},"geometry":{"type":"Point","coordinates":[25.982617,43.857618]}},{"type":"Feature","properties":{"lines":"Train","arr":["train"],"mode":"tram","angle":-36.9,"extra":1,"ei":33,"l0":"Train","c0":"#b11526"},"geometry":{"type":"Point","coordinates":[25.980457,43.856551]}},{"type":"Feature","properties":{"lines":"Train","arr":["train"],"mode":"tram","angle":-51.4,"extra":1,"ei":34,"l0":"Train","c0":"#b11526"},"geometry":{"type":"Point","coordinates":[25.978596,43.855231]}},{"type":"Feature","properties":{"lines":"Train","arr":["train"],"mode":"tram","angle":-52,"extra":1,"ei":35,"l0":"Train","c0":"#b11526"},"geometry":{"type":"Point","coordinates":[25.976985,43.853743]}},{"type":"Feature","properties":{"lines":"Train","arr":["train"],"mode":"tram","angle":-44.5,"extra":1,"ei":36,"l0":"Train","c0":"#b11526"},"geometry":{"type":"Point","coordinates":[25.975281,43.852311]}},{"type":"Feature","properties":{"lines":"Train","arr":["train"],"mode":"tram","angle":-44.1,"extra":1,"ei":37,"l0":"Train","c0":"#b11526"},"geometry":{"type":"Point","coordinates":[25.973405,43.850994]}},{"type":"Feature","properties":{"lines":"Train","arr":["train"],"mode":"tram","angle":-43.7,"extra":1,"ei":38,"l0":"Train","c0":"#b11526"},"geometry":{"type":"Point","coordinates":[25.971514,43.849688]}},{"type":"Feature","properties":{"lines":"Train","arr":["train"],"mode":"tram","angle":-45.9,"extra":1,"ei":39,"l0":"Train","c0":"#b11526"},"geometry":{"type":"Point","coordinates":[25.969633,43.848375]}},{"type":"Feature","properties":{"lines":"Train","arr":["train"],"mode":"tram","angle":-62.2,"extra":1,"ei":0,"l0":"Train","c0":"#b11526"},"geometry":{"type":"Point","coordinates":[25.961743,43.837288]}},{"type":"Feature","properties":{"lines":"Train","arr":["train"],"mode":"tram","angle":-38.1,"extra":1,"ei":1,"l0":"Train","c0":"#b11526"},"geometry":{"type":"Point","coordinates":[25.958504,43.834349]}},{"type":"Feature","properties":{"lines":"Train","arr":["train"],"mode":"tram","angle":-36.8,"extra":1,"ei":2,"l0":"Train","c0":"#b11526"},"geometry":{"type":"Point","coordinates":[25.95641,43.833216]}},{"type":"Feature","properties":{"lines":"G1, G3, G4, G5, G6, G7","arr":["G1","G3","G4","G5","G6","G7"],"mode":"bus","angle":-1.1,"l0":"G1, ","c0":"#e47e2b","l1":"G3, ","c1":"#178786","l2":"G4, ","c2":"#6b5806","l3":"G5, ","c3":"#b20b42","l4":"G6, ","c4":"#52ac3c","l5":"G7","c5":"#7b3aa8"},"geometry":{"type":"Point","coordinates":[25.97147,43.896387]}}]}