{"type":"FeatureCollection","features":[{"type":"Feature","geometry":{"type":"LineString","coordinates":[[25.977308,43.832163],[25.977112,43.832194],[25.976664,43.8323],[25.976507,43.832339],[25.976293,43.832425],[25.975959,43.83261],[25.97572,43.832759],[25.975301,43.833096],[25.975285,43.833107],[25.975174,43.833183],[25.975194,43.833216],[25.975197,43.833234],[25.97519,43.833272],[25.975175,43.833292],[25.975166,43.833303],[25.975129,43.833327],[25.975083,43.83334],[25.975017,43.833338],[25.974972,43.833322],[25.974938,43.833297],[25.974916,43.83326],[25.974913,43.833238],[25.974922,43.833203],[25.974754,43.833101],[25.97458,43.833027],[25.974402,43.832948],[25.973916,43.832695],[25.973787,43.83262],[25.973398,43.832392],[25.973123,43.832223],[25.972905,43.832056],[25.972762,43.831937],[25.972434,43.831649],[25.972323,43.83155],[25.972203,43.831449],[25.972117,43.831383],[25.971988,43.83127],[25.971901,43.831196],[25.971691,43.830996],[25.97139,43.830721],[25.971223,43.830579],[25.971143,43.830514],[25.970995,43.83039],[25.970598,43.830108],[25.970343,43.829952],[25.969992,43.829739],[25.969876,43.829682],[25.969413,43.829469],[25.968941,43.829283],[25.968493,43.829092],[25.968106,43.828952],[25.967729,43.828826],[25.967255,43.828642],[25.967122,43.828591],[25.966762,43.828455],[25.966317,43.828291],[25.965928,43.828163],[25.965817,43.828125],[25.965652,43.828068],[25.964426,43.827651],[25.964057,43.827526],[25.96379,43.827443],[25.963524,43.827652],[25.963454,43.827709],[25.963215,43.827901],[25.961519,43.829248],[25.960865,43.829671],[25.960837,43.829689],[25.960623,43.829828],[25.96016,43.830115],[25.959827,43.83032],[25.958985,43.830864],[25.958954,43.830887],[25.957024,43.832147],[25.95696,43.832189],[25.957253,43.8323],[25.957377,43.832346],[25.957526,43.832402],[25.957585,43.832425],[25.957663,43.832454],[25.958051,43.832601],[25.958151,43.832639],[25.958172,43.832647],[25.958276,43.832686],[25.958616,43.832814],[25.960851,43.833602],[25.962192,43.83405],[25.962215,43.834057],[25.962551,43.834169],[25.963344,43.834425],[25.963494,43.834475],[25.963745,43.834556],[25.963922,43.834617],[25.964054,43.834668],[25.964196,43.834724],[25.964327,43.83478],[25.964448,43.834833],[25.964554,43.834885],[25.964733,43.834976],[25.964921,43.835083],[25.965146,43.835224],[25.965239,43.835284],[25.965366,43.835375],[25.965461,43.835448],[25.965838,43.835769],[25.966518,43.836322],[25.966564,43.836344],[25.966618,43.836363],[25.966672,43.836373],[25.966739,43.836378],[25.966807,43.836374],[25.966865,43.836365],[25.966922,43.836348],[25.96697,43.836328],[25.967009,43.836306],[25.967047,43.836275],[25.967077,43.836235],[25.967101,43.836201],[25.96712,43.836162],[25.967132,43.836127],[25.967133,43.83609],[25.967129,43.836055],[25.967117,43.836016],[25.967102,43.835981],[25.967082,43.835951],[25.967062,43.835923],[25.96704,43.8359],[25.966487,43.835463],[25.966433,43.835432],[25.96636,43.835406],[25.966298,43.835395],[25.966236,43.835393],[25.966175,43.835402],[25.966117,43.835419],[25.965831,43.83557],[25.96551,43.835772],[25.965236,43.836028],[25.965223,43.836077],[25.965222,43.83613],[25.965226,43.836183],[25.965241,43.836222],[25.965268,43.836262],[25.965965,43.836932],[25.966001,43.836958],[25.966045,43.836981],[25.966089,43.836997],[25.966147,43.837005],[25.966208,43.837006],[25.966269,43.837004],[25.96632,43.836989],[25.966369,43.836966],[25.966401,43.836942],[25.966423,43.836908],[25.966438,43.836874],[25.966449,43.836838],[25.96645,43.836797],[25.966445,43.836764],[25.966433,43.836738],[25.966408,43.836704],[25.966024,43.836309],[25.965971,43.836233],[25.965718,43.835859],[25.965343,43.835528],[25.965012,43.835297],[25.964868,43.835206],[25.964767,43.835148],[25.964668,43.835093],[25.964541,43.83503],[25.964432,43.834975],[25.964325,43.834923],[25.964197,43.834865],[25.964059,43.83481],[25.963893,43.834747],[25.963448,43.834593],[25.96249,43.834282],[25.960744,43.833721],[25.959684,43.833356],[25.959019,43.833127],[25.958158,43.832797],[25.957656,43.832583],[25.957244,43.832427],[25.956905,43.832299],[25.95647,43.832129],[25.956264,43.832049],[25.956201,43.832025],[25.955555,43.831773],[25.954529,43.831407],[25.953387,43.830975],[25.953255,43.830925],[25.95189,43.830409],[25.951514,43.830237],[25.951264,43.830122],[25.949903,43.829493],[25.949019,43.828997],[25.948148,43.828534],[25.947351,43.828135],[25.947294,43.828031],[25.947297,43.827969],[25.947318,43.827929],[25.947384,43.827879],[25.947477,43.827873],[25.94761,43.827897],[25.94802,43.828106],[25.949061,43.828653],[25.949896,43.829117],[25.950052,43.829114],[25.950154,43.829088],[25.950273,43.829026],[25.950306,43.828942],[25.950299,43.828841],[25.950257,43.828746],[25.950237,43.82873],[25.95015,43.828667],[25.950078,43.828632],[25.950052,43.828616],[25.949979,43.828576],[25.949944,43.828558],[25.949902,43.828536],[25.949811,43.828517],[25.949716,43.82852],[25.949628,43.828546],[25.949547,43.82858],[25.949499,43.828621],[25.949444,43.82871],[25.949476,43.829604],[25.949493,43.829765],[25.949535,43.829945],[25.949632,43.830127],[25.949787,43.830331],[25.950426,43.831135],[25.950762,43.831499],[25.951154,43.831863],[25.951725,43.832085],[25.952568,43.832413],[25.953289,43.832716],[25.954028,43.833078],[25.954279,43.833209],[25.955232,43.833748],[25.954982,43.833997],[25.954827,43.83415],[25.9548,43.834177],[25.954644,43.834331],[25.954597,43.834375],[25.95412,43.834817],[25.953423,43.8355],[25.952702,43.836147],[25.952205,43.836628],[25.951895,43.83694],[25.951654,43.837166],[25.951629,43.837189],[25.9516,43.837218],[25.951452,43.837352],[25.950941,43.837863],[25.950815,43.83799],[25.950334,43.838424],[25.950252,43.838403],[25.949705,43.838155],[25.949097,43.837895],[25.949148,43.837695],[25.949158,43.837654],[25.949222,43.837402],[25.949267,43.837245],[25.949282,43.837185],[25.949246,43.837047],[25.949222,43.837003],[25.949182,43.836959],[25.949111,43.836915],[25.949,43.83688],[25.948517,43.836831],[25.948049,43.836786],[25.947581,43.836671],[25.947337,43.8366],[25.947018,43.836485],[25.943692,43.835205],[25.943519,43.835131],[25.943321,43.835043],[25.943216,43.834996],[25.943109,43.83493],[25.942312,43.834314],[25.942107,43.834156],[25.941994,43.834069],[25.941612,43.833745],[25.940996,43.833202],[25.940294,43.832621],[25.939808,43.832186],[25.939614,43.832002],[25.93941,43.83177],[25.939186,43.831495],[25.939011,43.831264],[25.938821,43.830995],[25.938008,43.829849],[25.937296,43.828844],[25.936636,43.828243],[25.936502,43.82811],[25.936402,43.827985],[25.9363,43.827839],[25.936216,43.827719],[25.936129,43.827585],[25.936019,43.827417],[25.935963,43.827322],[25.935713,43.826827],[25.935441,43.826289],[25.93536,43.826175],[25.935235,43.826],[25.935018,43.825696],[25.934704,43.825256],[25.934462,43.824917],[25.933032,43.822915],[25.932899,43.822729],[25.932782,43.822565],[25.932715,43.822471],[25.932441,43.822087],[25.932378,43.821999],[25.932305,43.821897],[25.932157,43.821771],[25.932007,43.821593],[25.93173,43.821299],[25.931656,43.821202],[25.931583,43.821104],[25.931449,43.820912],[25.931257,43.820575],[25.931195,43.820454],[25.931098,43.820138],[25.931048,43.819931],[25.931,43.819793],[25.930905,43.819557],[25.930717,43.819162],[25.930459,43.818636],[25.930349,43.818396],[25.930204,43.818094],[25.93017,43.818021],[25.930051,43.817769],[25.92993,43.817484],[25.929893,43.817397],[25.929692,43.816947],[25.929464,43.816513],[25.929432,43.81645],[25.929269,43.816144],[25.929027,43.815632],[25.928835,43.815203],[25.928754,43.815005],[25.928447,43.814289],[25.928458,43.814367],[25.928466,43.814427],[25.928466,43.814483],[25.928452,43.814542],[25.92842,43.814599],[25.928374,43.814641],[25.928314,43.814679],[25.928237,43.814702],[25.928172,43.814708],[25.928093,43.814701],[25.928029,43.814678],[25.927973,43.814638],[25.927946,43.814602]]},"properties":{"line":"А3","dir":"Метро","headsign":"Метро","mode":"bus","color":"#0059a9","lbl":"3"}},{"type":"Feature","geometry":{"type":"LineString","coordinates":[[25.974274,43.823608],[25.974063,43.823517],[25.973369,43.823155],[25.973685,43.822815],[25.97418,43.822305],[25.974471,43.822009],[25.97425,43.821807],[25.974048,43.821687],[25.973782,43.821547],[25.973569,43.821442],[25.973474,43.821381],[25.973139,43.821188],[25.97296,43.821092],[25.97272,43.820955],[25.972699,43.820943],[25.972448,43.820801],[25.972316,43.820728],[25.972157,43.820641],[25.972044,43.820594],[25.971956,43.820569],[25.971702,43.820523],[25.971609,43.820606],[25.971537,43.82067],[25.970544,43.821612],[25.969952,43.822137],[25.969711,43.822367],[25.96941,43.822666],[25.969254,43.822809],[25.968696,43.823351],[25.968473,43.823567],[25.968463,43.823576],[25.968161,43.823847],[25.967591,43.824351],[25.967167,43.824706],[25.967607,43.824902],[25.967866,43.825008],[25.968102,43.825112],[25.968379,43.825228],[25.968609,43.825301],[25.968792,43.825349],[25.968815,43.825355],[25.969083,43.825421],[25.969321,43.825473],[25.970219,43.825665],[25.970441,43.825716],[25.970855,43.825812],[25.971218,43.825876],[25.971407,43.825934],[25.971564,43.826023],[25.971661,43.826086],[25.971722,43.826138],[25.971772,43.826199],[25.971791,43.826234],[25.971837,43.826317],[25.971927,43.826697],[25.972019,43.827098],[25.97203,43.827208],[25.97204,43.827312],[25.972047,43.827458],[25.972006,43.827601],[25.971858,43.827894],[25.971278,43.828434],[25.971258,43.828451],[25.970908,43.82875],[25.97034,43.829263],[25.969959,43.829606],[25.969876,43.829682],[25.969992,43.829739],[25.970343,43.829952],[25.970598,43.830108],[25.970995,43.83039],[25.971143,43.830514],[25.971223,43.830579],[25.97139,43.830721],[25.971691,43.830996],[25.971901,43.831196],[25.971988,43.83127],[25.972117,43.831383],[25.972203,43.831449],[25.972323,43.83155],[25.972434,43.831649],[25.972762,43.831937],[25.972905,43.832056],[25.973123,43.832223],[25.973398,43.832392],[25.973916,43.832695],[25.974129,43.832806],[25.974402,43.832948],[25.97458,43.833027],[25.974754,43.833101],[25.974973,43.833155],[25.975018,43.83314],[25.975067,43.833137],[25.975094,43.83314],[25.975139,43.833156],[25.975174,43.833183],[25.975285,43.833107],[25.975301,43.833096],[25.97572,43.832759],[25.975959,43.83261],[25.976293,43.832425],[25.976507,43.832339],[25.976664,43.8323],[25.977112,43.832194],[25.977312,43.832162],[25.977308,43.832163],[25.977112,43.832194],[25.976664,43.8323],[25.976507,43.832339],[25.976293,43.832425],[25.975959,43.83261],[25.97572,43.832759],[25.975301,43.833096],[25.975285,43.833107],[25.975174,43.833183],[25.975194,43.833216],[25.975197,43.833234],[25.97519,43.833272],[25.975175,43.833292],[25.975166,43.833303],[25.975129,43.833327],[25.975083,43.83334],[25.975017,43.833338],[25.974796,43.833476],[25.974581,43.833646],[25.974149,43.834054],[25.974057,43.834177],[25.973999,43.834255],[25.97385,43.834579],[25.973734,43.834836],[25.973702,43.834935],[25.973657,43.835218],[25.973651,43.835629],[25.973615,43.836442],[25.973618,43.836753],[25.973669,43.837022],[25.973756,43.837195],[25.973839,43.83733],[25.973991,43.837502],[25.974156,43.837661],[25.974305,43.837782],[25.974528,43.837921],[25.974943,43.838114],[25.975458,43.838351],[25.976313,43.838683],[25.976544,43.83875],[25.97664,43.83879],[25.976686,43.838813],[25.976718,43.838836],[25.976749,43.83887],[25.976774,43.838902],[25.976753,43.838909],[25.976522,43.838989],[25.975871,43.83925],[25.975734,43.83931],[25.975871,43.83925],[25.976522,43.838989],[25.976552,43.838951],[25.976566,43.838918],[25.976565,43.838883],[25.976555,43.838848],[25.976542,43.838829],[25.976515,43.838801],[25.976313,43.838683],[25.975458,43.838351],[25.974943,43.838114],[25.975458,43.838351],[25.976313,43.838683],[25.976544,43.83875],[25.97664,43.83879],[25.976686,43.838813],[25.976718,43.838836],[25.976749,43.83887],[25.976774,43.838902],[25.976753,43.838909],[25.976522,43.838989],[25.975871,43.83925],[25.975734,43.83931],[25.97568,43.839336],[25.975609,43.83937],[25.975355,43.839492],[25.975091,43.839595],[25.974983,43.839629],[25.974764,43.839685],[25.974465,43.83974],[25.974296,43.839772],[25.973905,43.839848],[25.973708,43.839887],[25.973622,43.839905],[25.973414,43.839947],[25.973277,43.839949],[25.973144,43.83994],[25.973043,43.839924],[25.972532,43.839782],[25.972023,43.839627],[25.971908,43.839601],[25.971832,43.839594],[25.97176,43.839594],[25.971683,43.839606],[25.971597,43.839638],[25.971537,43.839674],[25.970887,43.840145],[25.970775,43.840213],[25.970685,43.840269],[25.970573,43.84031],[25.970504,43.840325],[25.970411,43.840327],[25.970285,43.840327],[25.969983,43.84034],[25.969609,43.840358],[25.969407,43.840366],[25.969205,43.840379],[25.969071,43.840396],[25.968963,43.840417],[25.96884,43.840444],[25.968727,43.840481],[25.968601,43.840524],[25.968467,43.840579],[25.968418,43.840613],[25.968384,43.840642],[25.968356,43.840669],[25.968337,43.840701],[25.968319,43.840737],[25.968313,43.84076],[25.968302,43.840782],[25.968288,43.840802],[25.968269,43.840821],[25.968247,43.840838],[25.968216,43.840854],[25.968181,43.840866],[25.968144,43.840874],[25.968105,43.840877],[25.968067,43.840875],[25.968045,43.840871],[25.968025,43.840866],[25.968004,43.84086],[25.967985,43.840852],[25.967932,43.840849],[25.967895,43.840849],[25.967841,43.840854],[25.96776,43.840866],[25.967674,43.840879],[25.967574,43.840901],[25.967502,43.840913],[25.967398,43.840931],[25.9673,43.840943],[25.967003,43.840967],[25.966855,43.840969],[25.966716,43.840964],[25.965911,43.841036],[25.965571,43.841075],[25.965533,43.841307],[25.965383,43.841748],[25.965255,43.841792],[25.965307,43.84186],[25.965553,43.842179],[25.965705,43.84237],[25.966083,43.842829],[25.966231,43.843001],[25.966369,43.84312],[25.966564,43.843238],[25.966745,43.843322],[25.966854,43.843364],[25.967008,43.843405],[25.967197,43.843446],[25.967512,43.843513],[25.967708,43.843556],[25.967895,43.843595],[25.96822,43.843667],[25.96868,43.843763],[25.968786,43.843785],[25.96884,43.843796],[25.968947,43.843807],[25.969043,43.843803],[25.969134,43.843789],[25.9692,43.843772],[25.969245,43.843759],[25.969328,43.843735],[25.969397,43.843713],[25.969476,43.843679],[25.96952,43.843659],[25.969574,43.843646],[25.969631,43.843642],[25.969688,43.843649],[25.969741,43.843665],[25.969787,43.843689],[25.969823,43.843721],[25.969848,43.843759],[25.969937,43.843839],[25.969992,43.84389],[25.970062,43.843949],[25.970136,43.844],[25.970213,43.844053],[25.97031,43.844122],[25.970742,43.84423],[25.971461,43.844412],[25.973157,43.844819],[25.973948,43.845019],[25.975049,43.84534],[25.975313,43.84543],[25.975421,43.845467],[25.975467,43.845516],[25.975513,43.845566],[25.975829,43.845928],[25.975994,43.846116],[25.976382,43.84656],[25.976624,43.846848],[25.97692,43.84718],[25.977218,43.847508],[25.977282,43.847579],[25.977708,43.848053],[25.97796,43.848414],[25.978986,43.84953],[25.979039,43.849587],[25.979247,43.849787],[25.979271,43.849817],[25.979347,43.84987],[25.979376,43.849898],[25.979395,43.849919],[25.979434,43.849981],[25.979381,43.850203],[25.979363,43.850292],[25.979357,43.850323],[25.979346,43.850376],[25.97933,43.850464],[25.979299,43.850597],[25.97928,43.850687],[25.979129,43.851395],[25.978979,43.852122],[25.978957,43.852215],[25.978928,43.852331],[25.978919,43.852366],[25.978917,43.852545],[25.978916,43.852657],[25.978929,43.85277],[25.978981,43.8529],[25.979127,43.853062],[25.97917,43.853093],[25.979204,43.853129],[25.979236,43.85319],[25.979242,43.853255],[25.979223,43.853318],[25.979179,43.853375],[25.979115,43.85342],[25.979059,43.853444],[25.978999,43.853459],[25.978813,43.853618],[25.978481,43.854005],[25.976355,43.856306],[25.976302,43.856363],[25.976268,43.856402],[25.975881,43.856719],[25.975592,43.856956],[25.975286,43.857259],[25.975229,43.857315],[25.97518,43.857364],[25.975094,43.857453],[25.974017,43.858568],[25.973957,43.85863],[25.9739,43.85869],[25.973965,43.858723],[25.974332,43.858909],[25.974819,43.859156],[25.976771,43.860124],[25.978105,43.860766],[25.978716,43.861061],[25.979139,43.861277],[25.979697,43.861537],[25.979946,43.861691],[25.980475,43.862093],[25.980878,43.862445],[25.981211,43.862756],[25.981594,43.863126],[25.981816,43.863339],[25.98202,43.863515],[25.982172,43.863629],[25.982329,43.863732],[25.982513,43.863839],[25.983961,43.864622],[25.984174,43.864739],[25.984197,43.864751],[25.984928,43.865127],[25.985882,43.865653],[25.987126,43.866286],[25.987354,43.866394],[25.987595,43.866507],[25.988119,43.866723],[25.988236,43.866768],[25.990054,43.867474],[25.990187,43.867529],[25.991322,43.868005],[25.99201,43.868293],[25.99222,43.868379],[25.992286,43.868406],[25.992599,43.868533],[25.993244,43.8688],[25.994054,43.869131],[25.99468,43.869387],[25.995395,43.869687],[25.996317,43.8701],[25.99653,43.870203],[25.996596,43.870234],[25.996658,43.870262],[25.996727,43.870292],[25.99679,43.870313],[25.996861,43.870328],[25.996931,43.870329],[25.997006,43.870331],[25.9971,43.870325],[25.997174,43.870314],[25.99725,43.870307],[25.99733,43.870312],[25.997411,43.870334],[25.997482,43.87037],[25.998,43.870606],[25.998048,43.870639],[25.998088,43.870681],[25.998111,43.870736],[25.998131,43.870808],[25.998161,43.870868],[25.998199,43.870918],[25.998242,43.870965],[25.998278,43.870999],[25.998331,43.871036],[25.998407,43.871078],[25.999256,43.871462],[25.999402,43.871517],[25.999505,43.871553],[25.999831,43.871638],[26.000119,43.871693],[26.000332,43.871731],[26.001161,43.871879],[26.00356,43.872307],[26.007786,43.873062],[26.008422,43.873181],[26.008478,43.873151],[26.008543,43.873133],[26.008627,43.87313],[26.008707,43.873147],[26.008775,43.873183],[26.008822,43.873233],[26.008994,43.873301],[26.009064,43.873343],[26.009143,43.873385],[26.009217,43.873412],[26.009293,43.873433],[26.009577,43.873484],[26.010483,43.873645],[26.010991,43.873735],[26.011365,43.873805],[26.012583,43.874034],[26.013065,43.874127],[26.01318,43.874156],[26.013298,43.874191],[26.013429,43.874232],[26.013551,43.874273],[26.013675,43.874318],[26.013778,43.874355],[26.013896,43.874407],[26.014025,43.874469],[26.014148,43.874529],[26.015248,43.875135],[26.015565,43.875308],[26.015619,43.875339],[26.015717,43.875394],[26.015842,43.875462],[26.016004,43.87554],[26.01608,43.87557],[26.016153,43.87559],[26.016214,43.875549],[26.016286,43.875518],[26.016318,43.875465],[26.016332,43.875425],[26.016337,43.875373],[26.016323,43.875319],[26.016305,43.875259],[26.016245,43.875111],[26.016071,43.874713],[26.015966,43.874409],[26.015919,43.874241],[26.015886,43.874062],[26.015853,43.873756],[26.0158,43.873223],[26.01577,43.872852],[26.015688,43.87189],[26.015605,43.870854],[26.015516,43.86998],[26.015499,43.869813],[26.015482,43.86966],[26.015452,43.869369],[26.015237,43.867323],[26.015179,43.866732],[26.015132,43.866164],[26.014918,43.863825],[26.014674,43.861401]]},"properties":{"line":"А4","dir":"0","headsign":"ЗЕИМ - запад","mode":"bus","color":"#0059a9","lbl":"4"}},{"type":"Feature","geometry":{"type":"LineString","coordinates":[[26.015157,43.862276],[26.015173,43.862445],[26.015249,43.863271],[26.015295,43.863768],[26.015508,43.866082],[26.015555,43.866521],[26.015588,43.866825],[26.015639,43.867301],[26.015645,43.867377],[26.015679,43.867816],[26.015829,43.86926],[26.015915,43.870087],[26.016003,43.870938],[26.016038,43.871281],[26.016065,43.871606],[26.016088,43.87184],[26.016094,43.871925],[26.016241,43.873522],[26.016229,43.8737],[26.016213,43.873878],[26.016198,43.873997],[26.016158,43.874183],[26.016146,43.874301],[26.01615,43.874357],[26.016187,43.87454],[26.016282,43.874756],[26.0164,43.875014],[26.016574,43.875402],[26.016616,43.875469],[26.016676,43.875557],[26.016719,43.875587],[26.016751,43.875619],[26.016797,43.875694],[26.016809,43.875773],[26.016789,43.875851],[26.016739,43.875921],[26.016662,43.875977],[26.016558,43.876017],[26.016463,43.876031],[26.016367,43.876027],[26.016275,43.876005],[26.016195,43.875967],[26.016133,43.875918],[26.01609,43.87586],[26.015993,43.875801],[26.015851,43.875705],[26.015788,43.875656],[26.015672,43.875553],[26.015572,43.875458],[26.015515,43.875424],[26.015466,43.875394],[26.015123,43.875213],[26.014139,43.874677],[26.013972,43.874587],[26.013826,43.874521],[26.01369,43.874464],[26.013564,43.874414],[26.013383,43.874351],[26.013169,43.874289],[26.01298,43.874238],[26.012781,43.874195],[26.012555,43.874153],[26.01081,43.873839],[26.009941,43.873679],[26.009257,43.873553],[26.008755,43.873443],[26.008741,43.873451],[26.008657,43.873479],[26.008564,43.873483],[26.008475,43.873461],[26.008404,43.873418],[26.008362,43.87336],[26.008356,43.873346],[26.008241,43.873304],[26.008086,43.873246],[26.007928,43.87321],[26.007736,43.873173],[26.003423,43.872412],[25.999947,43.871799],[25.999682,43.871746],[25.999485,43.871689],[25.999329,43.871639],[25.999179,43.871579],[25.998308,43.871189],[25.997867,43.870981],[25.997389,43.870759],[25.997064,43.87061],[25.99657,43.870392],[25.996426,43.870328],[25.994823,43.869587],[25.994368,43.869384],[25.994144,43.869294],[25.993167,43.868902],[25.992515,43.86864],[25.992137,43.868487],[25.991879,43.868383],[25.991275,43.868139],[25.990091,43.867655],[25.98996,43.867601],[25.988026,43.866832],[25.987931,43.866793],[25.987438,43.866588],[25.987226,43.866497],[25.98702,43.866401],[25.985778,43.865752],[25.984921,43.865282],[25.984481,43.865041],[25.983861,43.864702],[25.982299,43.863839],[25.982161,43.86375],[25.982066,43.86368],[25.981739,43.863409],[25.981544,43.863235],[25.981101,43.862818],[25.980993,43.862745],[25.980877,43.862691],[25.980772,43.862668],[25.980644,43.862662],[25.980327,43.862678],[25.980087,43.862691],[25.979942,43.862682],[25.97984,43.862661],[25.97803,43.861782],[25.977667,43.861607],[25.976136,43.860867],[25.975013,43.860325],[25.973655,43.859654],[25.973175,43.859436],[25.973094,43.859395],[25.973703,43.858767],[25.973728,43.858741],[25.973814,43.858652],[25.973879,43.858582],[25.974935,43.857452],[25.974983,43.8574],[25.975066,43.857311],[25.975118,43.857262],[25.975277,43.857109],[25.975499,43.856895],[25.975721,43.856721],[25.97609,43.856391],[25.976182,43.856304],[25.976208,43.856278],[25.976591,43.855912],[25.977747,43.854652],[25.977955,43.854427],[25.977977,43.854402],[25.978014,43.854363],[25.978138,43.854219],[25.978352,43.853968],[25.978483,43.853707],[25.978549,43.853506],[25.978585,43.853371],[25.978614,43.853234],[25.978622,43.853188],[25.978642,43.853145],[25.978758,43.852636],[25.978806,43.852332],[25.978826,43.852204],[25.97899,43.851378],[25.979126,43.850749],[25.979143,43.85067],[25.979162,43.850579],[25.979189,43.850445],[25.979207,43.850359],[25.97922,43.850284],[25.979229,43.850231],[25.979296,43.849955],[25.9793,43.849902],[25.979298,43.849866],[25.979271,43.849817],[25.979247,43.849787],[25.979039,43.849587],[25.97892,43.849458],[25.97796,43.848414],[25.977708,43.848053],[25.977282,43.847579],[25.977218,43.847508],[25.97692,43.84718],[25.976624,43.846848],[25.976382,43.84656],[25.975994,43.846116],[25.975513,43.845566],[25.975467,43.845516],[25.975421,43.845467],[25.975313,43.84543],[25.975049,43.84534],[25.974962,43.845315],[25.973948,43.845019],[25.973157,43.844819],[25.971461,43.844412],[25.97031,43.844122],[25.97024,43.844108],[25.970085,43.844077],[25.970035,43.844067],[25.969852,43.844028],[25.969671,43.843982],[25.969597,43.843985],[25.969549,43.843977],[25.969476,43.843949],[25.969421,43.843904],[25.969395,43.843863],[25.96933,43.843836],[25.969263,43.843813],[25.969212,43.843802],[25.969134,43.843789],[25.969043,43.843803],[25.968947,43.843807],[25.96884,43.843796],[25.968786,43.843785],[25.96868,43.843763],[25.96822,43.843667],[25.967895,43.843595],[25.967708,43.843556],[25.967512,43.843513],[25.967197,43.843446],[25.967008,43.843405],[25.966854,43.843364],[25.966745,43.843322],[25.966564,43.843238],[25.966369,43.84312],[25.966231,43.843001],[25.966083,43.842829],[25.965705,43.84237],[25.965553,43.842179],[25.965307,43.84186],[25.965255,43.841792],[25.965383,43.841748],[25.965533,43.841307],[25.965571,43.841075],[25.965911,43.841036],[25.966716,43.840964],[25.966855,43.840969],[25.967003,43.840967],[25.9673,43.840943],[25.967398,43.840931],[25.967502,43.840913],[25.967574,43.840901],[25.967674,43.840879],[25.967755,43.840836],[25.967789,43.840817],[25.967818,43.840796],[25.967854,43.840759],[25.967886,43.840712],[25.967891,43.840688],[25.9679,43.840664],[25.967915,43.840642],[25.967934,43.840622],[25.967957,43.840604],[25.967984,43.840589],[25.968013,43.840578],[25.968043,43.84057],[25.968074,43.840565],[25.968107,43.840564],[25.968139,43.840566],[25.968168,43.840571],[25.968196,43.840579],[25.968222,43.840589],[25.968289,43.8406],[25.968334,43.840601],[25.968376,43.840599],[25.968413,43.840594],[25.968467,43.840579],[25.968601,43.840524],[25.968727,43.840481],[25.96884,43.840444],[25.968963,43.840417],[25.969071,43.840396],[25.969205,43.840379],[25.969407,43.840366],[25.969609,43.840358],[25.969983,43.84034],[25.970285,43.840327],[25.970392,43.840299],[25.970454,43.840275],[25.970534,43.840234],[25.970655,43.840166],[25.970761,43.840089],[25.971514,43.839568],[25.971604,43.839537],[25.971677,43.839523],[25.971763,43.839517],[25.971852,43.839516],[25.971952,43.83953],[25.973106,43.839864],[25.97325,43.839885],[25.973409,43.839891],[25.973622,43.839905],[25.973708,43.839887],[25.973905,43.839848],[25.974296,43.839772],[25.974465,43.83974],[25.974764,43.839685],[25.974983,43.839629],[25.975091,43.839595],[25.975355,43.839492],[25.975609,43.83937],[25.97568,43.839336],[25.975734,43.83931],[25.975871,43.83925],[25.976522,43.838989],[25.976552,43.838951],[25.976566,43.838918],[25.976565,43.838883],[25.976555,43.838848],[25.976542,43.838829],[25.976515,43.838801],[25.976313,43.838683],[25.975458,43.838351],[25.974943,43.838114],[25.974838,43.838065],[25.974528,43.837921],[25.974305,43.837782],[25.974156,43.837661],[25.973991,43.837502],[25.973839,43.83733],[25.973756,43.837195],[25.973669,43.837022],[25.973618,43.836753],[25.973615,43.836442],[25.973639,43.8359],[25.973651,43.835629],[25.973657,43.835218],[25.973702,43.834935],[25.973734,43.834836],[25.97385,43.834579],[25.973999,43.834255],[25.974057,43.834177],[25.974149,43.834054],[25.974581,43.833646],[25.974796,43.833476],[25.974938,43.833297],[25.974916,43.83326],[25.974913,43.833238],[25.974922,43.833203],[25.974951,43.83317],[25.974973,43.833155],[25.975018,43.83314],[25.975067,43.833137],[25.975094,43.83314],[25.975139,43.833156],[25.975174,43.833183],[25.975285,43.833107],[25.975301,43.833096],[25.97572,43.832759],[25.975959,43.83261],[25.976293,43.832425],[25.976507,43.832339],[25.976664,43.8323],[25.977112,43.832194],[25.977312,43.832162],[25.977308,43.832163],[25.977112,43.832194],[25.976664,43.8323],[25.976507,43.832339],[25.976293,43.832425],[25.975959,43.83261],[25.97572,43.832759],[25.975301,43.833096],[25.975285,43.833107],[25.975174,43.833183],[25.975194,43.833216],[25.975197,43.833234],[25.97519,43.833272],[25.975175,43.833292],[25.975166,43.833303],[25.975129,43.833327],[25.975083,43.83334],[25.975017,43.833338],[25.974972,43.833322],[25.974938,43.833297],[25.974916,43.83326],[25.974913,43.833238],[25.974922,43.833203],[25.974754,43.833101],[25.97458,43.833027],[25.974402,43.832948],[25.973916,43.832695],[25.973787,43.83262],[25.973398,43.832392],[25.973123,43.832223],[25.972905,43.832056],[25.972762,43.831937],[25.972434,43.831649],[25.972323,43.83155],[25.972203,43.831449],[25.972117,43.831383],[25.971988,43.83127],[25.971901,43.831196],[25.971691,43.830996],[25.97139,43.830721],[25.971223,43.830579],[25.971143,43.830514],[25.970995,43.83039],[25.970598,43.830108],[25.970343,43.829952],[25.969992,43.829739],[25.969876,43.829682],[25.969959,43.829606],[25.970331,43.829271],[25.970908,43.82875],[25.971258,43.828451],[25.971278,43.828434],[25.971858,43.827894],[25.972006,43.827601],[25.972047,43.827458],[25.97204,43.827312],[25.972019,43.827098],[25.971927,43.826697],[25.971837,43.826317],[25.971791,43.826234],[25.971772,43.826199],[25.971722,43.826138],[25.971661,43.826086],[25.971564,43.826023],[25.971407,43.825934],[25.971218,43.825876],[25.970891,43.825818],[25.970855,43.825812],[25.970441,43.825716],[25.970219,43.825665],[25.969321,43.825473],[25.969083,43.825421],[25.968792,43.825349],[25.968609,43.825301],[25.968379,43.825228],[25.968136,43.825126],[25.968102,43.825112],[25.967866,43.825008],[25.967607,43.824902],[25.967167,43.824706],[25.967591,43.824351],[25.968161,43.823847],[25.968473,43.823567],[25.968619,43.823426],[25.968696,43.823351],[25.969254,43.822809],[25.96941,43.822666],[25.969711,43.822367],[25.969952,43.822137],[25.970544,43.821612],[25.971537,43.82067],[25.971608,43.820607],[25.971702,43.820523],[25.971956,43.820569],[25.972044,43.820594],[25.972157,43.820641],[25.972316,43.820728],[25.972448,43.820801],[25.972699,43.820943],[25.97272,43.820955],[25.97296,43.821092],[25.973139,43.821188],[25.973474,43.821381],[25.973569,43.821442],[25.973782,43.821547],[25.974048,43.821687],[25.97425,43.821807],[25.974471,43.822009],[25.97418,43.822305],[25.973685,43.822815],[25.973369,43.823155],[25.974063,43.823517],[25.974274,43.823608]]},"properties":{"line":"А4","dir":"1","headsign":"Блок №48","mode":"bus","color":"#0059a9","lbl":"4"}},{"type":"Feature","geometry":{"type":"LineString","coordinates":[[25.954597,43.834375],[25.95412,43.834817],[25.953423,43.8355],[25.952702,43.836147],[25.952205,43.836628],[25.951895,43.83694],[25.951654,43.837166],[25.951629,43.837189],[25.9516,43.837218],[25.951452,43.837352],[25.950941,43.837863],[25.950815,43.83799],[25.950334,43.838424],[25.949427,43.839232],[25.948743,43.839938],[25.948438,43.840213],[25.948344,43.840257],[25.948091,43.840575],[25.948075,43.840591],[25.947956,43.840711],[25.947846,43.841548],[25.947801,43.841841],[25.94786,43.841891],[25.948529,43.842457],[25.94885,43.842702],[25.949113,43.842872],[25.949262,43.842955],[25.949313,43.842983],[25.949425,43.843042],[25.949504,43.843082],[25.950582,43.843592],[25.950616,43.84361],[25.950783,43.843624],[25.951028,43.84371],[25.951206,43.843785],[25.951298,43.843818],[25.95133,43.843833],[25.951347,43.843841],[25.951394,43.843866],[25.951435,43.843889],[25.951614,43.843984],[25.951729,43.84406],[25.951764,43.844092],[25.951826,43.844206],[25.952077,43.844329],[25.952179,43.84438],[25.952907,43.84467],[25.953017,43.844701],[25.953356,43.84477],[25.953803,43.844801],[25.953905,43.844809],[25.954078,43.844818],[25.95422,43.844826],[25.954511,43.844842],[25.954804,43.844846],[25.955059,43.844836],[25.955384,43.844827],[25.955691,43.844822],[25.955907,43.844842],[25.956091,43.844871],[25.956291,43.844909],[25.956458,43.84495],[25.956621,43.845001],[25.956781,43.845051],[25.957091,43.845165],[25.957675,43.845386],[25.957737,43.84541],[25.957807,43.845435],[25.957862,43.845453],[25.957937,43.845476],[25.958029,43.845503],[25.95813,43.845528],[25.958187,43.845543],[25.958255,43.845559],[25.958404,43.845594],[25.958899,43.845666],[25.959312,43.845757],[25.959541,43.845798],[25.959627,43.845805],[25.959679,43.845798],[25.959786,43.845778],[25.959811,43.845754],[25.959894,43.845693],[25.959994,43.845649],[25.960085,43.845627],[25.96018,43.845619],[25.960275,43.845624],[25.960367,43.845643],[25.960452,43.845675],[25.960526,43.845718],[25.960565,43.845749],[25.960598,43.845784],[25.960625,43.845821],[25.960646,43.84586],[25.960752,43.845952],[25.960833,43.845989],[25.960932,43.84602],[25.961585,43.846139],[25.961686,43.846157],[25.962585,43.846311],[25.962799,43.846348],[25.96291,43.846368],[25.963405,43.846428],[25.963937,43.846474],[25.964259,43.8465],[25.964473,43.846524],[25.964705,43.846553],[25.964806,43.846571],[25.965078,43.846631],[25.965209,43.846666],[25.965401,43.846726],[25.965507,43.846759],[25.966117,43.846948],[25.966159,43.846961],[25.966321,43.847012],[25.966479,43.847056],[25.966694,43.847128],[25.967295,43.84733],[25.968551,43.84765],[25.969234,43.84783],[25.970946,43.848266],[25.971538,43.848423],[25.973184,43.848956],[25.973538,43.849076],[25.976427,43.850054],[25.976518,43.850082],[25.976826,43.850158],[25.977245,43.850216],[25.977902,43.850305],[25.97897,43.850449],[25.979004,43.850451],[25.979189,43.850445],[25.97933,43.850464],[25.979522,43.850488],[25.982132,43.850824],[25.982271,43.850728],[25.98276,43.850792],[25.983047,43.85083],[25.983807,43.850931],[25.984881,43.851073],[25.98532,43.851123],[25.987626,43.851413],[25.988138,43.851478],[25.988561,43.851531],[25.989158,43.851606],[25.989419,43.851639],[25.989861,43.851695],[25.990009,43.851713],[25.991049,43.851844],[25.991305,43.851876],[25.991311,43.851854],[25.991431,43.851362],[25.991503,43.851064],[25.991626,43.850597],[25.991837,43.850246],[25.992094,43.849888],[25.99217,43.849783],[25.992397,43.849463],[25.992122,43.849362],[25.990388,43.848725],[25.989932,43.848568],[25.988748,43.848127],[25.988614,43.848064],[25.987726,43.847586],[25.987628,43.847534],[25.987198,43.847303],[25.986337,43.846947],[25.986152,43.846862],[25.98595,43.84676],[25.985739,43.846645],[25.985335,43.846425],[25.984205,43.845816],[25.983193,43.845389],[25.982096,43.844958],[25.981731,43.844836],[25.981535,43.84478],[25.981048,43.84464],[25.980614,43.844533],[25.979818,43.844351],[25.978757,43.844119],[25.978429,43.844047],[25.978289,43.844015],[25.978075,43.843959],[25.977502,43.843798],[25.977486,43.843793],[25.976547,43.843502],[25.976476,43.843482],[25.976416,43.843462],[25.975807,43.843267],[25.975101,43.842964],[25.974873,43.842851],[25.974389,43.842633],[25.973665,43.842316],[25.97332,43.842188],[25.97293,43.842043],[25.972087,43.841785],[25.971391,43.84157],[25.970972,43.841469],[25.970701,43.841422],[25.970493,43.841382],[25.970402,43.841365],[25.97006,43.841293],[25.969659,43.841243],[25.969436,43.841227],[25.969366,43.841226],[25.969302,43.841232],[25.969207,43.841258],[25.96906,43.841305],[25.968905,43.841354],[25.96857,43.841472],[25.968484,43.841498],[25.968397,43.841343],[25.968266,43.841097],[25.968246,43.841053],[25.968184,43.84098],[25.968144,43.840937],[25.968106,43.840902],[25.968067,43.840875],[25.968045,43.840871],[25.968025,43.840866],[25.968004,43.84086],[25.967985,43.840852],[25.967932,43.840849],[25.967895,43.840849],[25.967841,43.840854],[25.96776,43.840866],[25.967674,43.840879],[25.967574,43.840901],[25.967502,43.840913],[25.967398,43.840931],[25.9673,43.840943],[25.967003,43.840967],[25.966855,43.840969],[25.966716,43.840964],[25.965911,43.841036],[25.965571,43.841075],[25.965533,43.841307],[25.965383,43.841748]]},"properties":{"line":"А5","dir":"0","headsign":"Кооперативен пазар (ЖП прелез)","mode":"bus","color":"#0059a9","lbl":"5"}},{"type":"Feature","geometry":{"type":"LineString","coordinates":[[25.965044,43.841474],[25.965255,43.841792],[25.965553,43.842179],[25.965705,43.84237],[25.966083,43.842829],[25.966231,43.843001],[25.966369,43.84312],[25.966564,43.843238],[25.966745,43.843322],[25.966854,43.843364],[25.967008,43.843405],[25.967197,43.843446],[25.967512,43.843513],[25.967708,43.843556],[25.967895,43.843595],[25.96822,43.843667],[25.96868,43.843763],[25.968786,43.843785],[25.96884,43.843796],[25.968947,43.843807],[25.969043,43.843803],[25.969134,43.843789],[25.9692,43.843772],[25.969245,43.843759],[25.969328,43.843735],[25.969397,43.843713],[25.969476,43.843679],[25.96952,43.843659],[25.969574,43.843646],[25.969631,43.843642],[25.969688,43.843649],[25.969741,43.843665],[25.969787,43.843689],[25.969823,43.843721],[25.969848,43.843759],[25.969937,43.843839],[25.969992,43.84389],[25.970062,43.843949],[25.970136,43.844],[25.970213,43.844053],[25.97031,43.844122],[25.970742,43.84423],[25.971461,43.844412],[25.97178,43.8439],[25.972084,43.843403],[25.972136,43.843316],[25.97293,43.842043],[25.973306,43.841546],[25.974072,43.841854],[25.974166,43.841891],[25.974349,43.841961],[25.975263,43.842316],[25.975706,43.842492],[25.976824,43.842903],[25.976826,43.842945],[25.976559,43.843351],[25.9765,43.843444],[25.976476,43.843482],[25.976547,43.843502],[25.977502,43.843798],[25.977642,43.843837],[25.978075,43.843959],[25.978289,43.844015],[25.978429,43.844047],[25.978757,43.844119],[25.979818,43.844351],[25.980614,43.844533],[25.981048,43.84464],[25.981535,43.84478],[25.981731,43.844836],[25.982096,43.844958],[25.983193,43.845389],[25.984205,43.845816],[25.985335,43.846425],[25.985739,43.846645],[25.98595,43.84676],[25.986152,43.846862],[25.986337,43.846947],[25.987198,43.847303],[25.987726,43.847586],[25.987985,43.847726],[25.988614,43.848064],[25.988748,43.848127],[25.989932,43.848568],[25.990388,43.848725],[25.992162,43.849376],[25.992397,43.849463],[25.99217,43.849783],[25.992094,43.849888],[25.991837,43.850246],[25.991626,43.850597],[25.991503,43.851064],[25.991431,43.851362],[25.991311,43.851854],[25.991305,43.851876],[25.991302,43.851907],[25.99133,43.852025],[25.991309,43.852136],[25.991182,43.852117],[25.99099,43.852094],[25.990044,43.851974],[25.9898,43.851943],[25.989616,43.851919],[25.988582,43.851791],[25.988478,43.851778],[25.988117,43.85173],[25.987518,43.85165],[25.987478,43.851645],[25.987137,43.851605],[25.985383,43.85138],[25.985232,43.85136],[25.985053,43.851337],[25.984734,43.851297],[25.984405,43.851255],[25.983566,43.851152],[25.982355,43.850987],[25.981214,43.850835],[25.979511,43.850623],[25.979484,43.85062],[25.979299,43.850597],[25.979162,43.850579],[25.978979,43.850556],[25.978658,43.850516],[25.977188,43.85033],[25.976673,43.850251],[25.976385,43.850164],[25.976297,43.850139],[25.975412,43.849845],[25.974952,43.849664],[25.974795,43.849603],[25.973436,43.849119],[25.973137,43.849012],[25.97143,43.848478],[25.969481,43.847969],[25.96746,43.847443],[25.967024,43.847319],[25.966719,43.847233],[25.966475,43.847164],[25.966422,43.847148],[25.96627,43.847108],[25.966101,43.847054],[25.96513,43.846743],[25.964743,43.846662],[25.964245,43.846584],[25.963352,43.846496],[25.962525,43.846406],[25.96205,43.846325],[25.961041,43.846152],[25.960867,43.846109],[25.960793,43.8461],[25.960716,43.846102],[25.960613,43.846122],[25.960568,43.846173],[25.960511,43.846217],[25.960444,43.846254],[25.960339,43.846289],[25.960226,43.846305],[25.96011,43.846301],[25.959999,43.846277],[25.959899,43.846235],[25.959802,43.846162],[25.959738,43.846072],[25.959672,43.845997],[25.959578,43.845934],[25.959472,43.845897],[25.959281,43.84586],[25.959013,43.845806],[25.958206,43.845616],[25.958128,43.845597],[25.958015,43.845568],[25.957988,43.845561],[25.957904,43.845537],[25.957847,43.845516],[25.957219,43.845294],[25.957193,43.845285],[25.957117,43.845256],[25.956971,43.845204],[25.956858,43.845164],[25.95658,43.845062],[25.956411,43.845008],[25.956139,43.844949],[25.955802,43.844898],[25.95568,43.844886],[25.955394,43.844893],[25.954803,43.844909],[25.954534,43.844905],[25.954256,43.844894],[25.954207,43.844892],[25.954066,43.844884],[25.953897,43.844876],[25.953705,43.844868],[25.953346,43.84484],[25.952984,43.844767],[25.95287,43.844734],[25.952394,43.844536],[25.952134,43.844428],[25.951926,43.844324],[25.951897,43.844309],[25.951686,43.844196],[25.951515,43.844114],[25.95054,43.84364],[25.950485,43.843615],[25.950213,43.84349],[25.949556,43.843206],[25.949449,43.84316],[25.949375,43.843128],[25.949258,43.843068],[25.949079,43.842972],[25.948846,43.842824],[25.948491,43.842568],[25.948278,43.84239],[25.947895,43.842068],[25.947851,43.84202],[25.947836,43.842003],[25.947834,43.842001],[25.947805,43.841939],[25.947801,43.841841],[25.947846,43.841548],[25.947956,43.840711],[25.948091,43.840575],[25.948344,43.840257],[25.948344,43.840211],[25.948343,43.840175],[25.948442,43.839873],[25.948732,43.838977],[25.948807,43.838727],[25.949097,43.837895],[25.949148,43.837695],[25.949158,43.837654],[25.949222,43.837402],[25.949267,43.837245],[25.949282,43.837185],[25.949333,43.837024],[25.949366,43.836917],[25.949395,43.836845],[25.949507,43.836556],[25.949674,43.836127],[25.949801,43.835741],[25.949864,43.835509],[25.950057,43.834745],[25.95015,43.833745],[25.950219,43.833078],[25.95026,43.83284],[25.950274,43.83276],[25.950311,43.832461],[25.950401,43.831751],[25.950417,43.831659],[25.950531,43.83168],[25.950705,43.831724],[25.950873,43.831769],[25.950991,43.831808],[25.951154,43.831863],[25.951725,43.832085],[25.952568,43.832413],[25.953289,43.832716],[25.954028,43.833078],[25.954279,43.833209],[25.955232,43.833748],[25.954982,43.833997],[25.954827,43.83415],[25.9548,43.834177],[25.954644,43.834331]]},"properties":{"line":"А5","dir":"1","headsign":"Централна жп гара, ул. Николаевска","mode":"bus","color":"#0059a9","lbl":"5"}},{"type":"Feature","geometry":{"type":"LineString","coordinates":[[25.962278,43.855827],[25.962299,43.855742],[25.962325,43.855698],[25.962341,43.855672],[25.962368,43.855634],[25.962395,43.855612],[25.962438,43.855577],[25.962511,43.85553],[25.962662,43.855444],[25.962729,43.855415],[25.962782,43.85539],[25.962818,43.855352],[25.962837,43.855304],[25.962791,43.855248],[25.962389,43.854725],[25.962142,43.854401],[25.961797,43.853946],[25.961699,43.853828],[25.96166,43.853777],[25.96163,43.853737],[25.961551,43.853612],[25.961538,43.853592],[25.961181,43.853051],[25.961044,43.852882],[25.95998,43.851374],[25.959745,43.851022],[25.959648,43.850897],[25.959579,43.850821],[25.959487,43.850738],[25.959398,43.850655],[25.959234,43.850511],[25.959142,43.850437],[25.959067,43.850388],[25.958958,43.850323],[25.958849,43.850277],[25.95883,43.850272],[25.958744,43.850251],[25.95865,43.850223],[25.958497,43.850182],[25.95826,43.850117],[25.958377,43.849977],[25.959031,43.849056],[25.959083,43.848982],[25.959263,43.848696],[25.959309,43.848622],[25.95944,43.848249],[25.959447,43.848229],[25.959473,43.848141],[25.959517,43.847958],[25.959559,43.847812],[25.95977,43.847045],[25.9599,43.846592],[25.959931,43.846502],[25.959939,43.846397],[25.959931,43.846307],[25.959899,43.846235],[25.959802,43.846162],[25.959738,43.846072],[25.959672,43.845997],[25.959578,43.845934],[25.959472,43.845897],[25.959281,43.84586],[25.959013,43.845806],[25.958206,43.845616],[25.958128,43.845597],[25.958015,43.845568],[25.957988,43.845561],[25.957904,43.845537],[25.957847,43.845516],[25.957219,43.845294],[25.957193,43.845285],[25.957117,43.845256],[25.956971,43.845204],[25.956858,43.845164],[25.95658,43.845062],[25.956411,43.845008],[25.956139,43.844949],[25.955802,43.844898],[25.95568,43.844886],[25.955394,43.844893],[25.954803,43.844909],[25.954534,43.844905],[25.954256,43.844894],[25.954207,43.844892],[25.954066,43.844884],[25.953897,43.844876],[25.953705,43.844868],[25.953346,43.84484],[25.952984,43.844767],[25.95287,43.844734],[25.952394,43.844536],[25.952134,43.844428],[25.951926,43.844324],[25.951897,43.844309],[25.951686,43.844196],[25.951515,43.844114],[25.95054,43.84364],[25.950485,43.843615],[25.950213,43.84349],[25.949556,43.843206],[25.949449,43.84316],[25.949375,43.843128],[25.949258,43.843068],[25.949079,43.842972],[25.948846,43.842824],[25.948491,43.842568],[25.948278,43.84239],[25.947895,43.842068],[25.947851,43.84202],[25.947836,43.842003],[25.947834,43.842001],[25.947805,43.841939],[25.947801,43.841841],[25.947846,43.841548],[25.947956,43.840711],[25.948091,43.840575],[25.948344,43.840257],[25.948344,43.840211],[25.948343,43.840175],[25.948442,43.839873],[25.948732,43.838977],[25.948807,43.838727],[25.949097,43.837895],[25.949148,43.837695],[25.949158,43.837654],[25.949222,43.837402],[25.949267,43.837245],[25.949282,43.837185],[25.949246,43.837047],[25.949222,43.837003],[25.949182,43.836959],[25.949111,43.836915],[25.949,43.83688],[25.948517,43.836831],[25.948049,43.836786],[25.947581,43.836671],[25.947337,43.8366],[25.947018,43.836485],[25.943692,43.835205],[25.943519,43.835131],[25.943321,43.835043],[25.943216,43.834996],[25.943109,43.83493],[25.942312,43.834314],[25.942107,43.834156],[25.941994,43.834069],[25.941612,43.833745],[25.940996,43.833202],[25.940294,43.832621],[25.939808,43.832186],[25.939614,43.832002],[25.93941,43.83177],[25.939186,43.831495],[25.939011,43.831264],[25.938821,43.830995],[25.938008,43.829849],[25.937296,43.828844],[25.936636,43.828243],[25.936502,43.82811],[25.936402,43.827985],[25.9363,43.827839],[25.936216,43.827719],[25.936129,43.827585],[25.936019,43.827417],[25.935963,43.827322],[25.935713,43.826827],[25.935441,43.826289],[25.93536,43.826175],[25.935235,43.826],[25.935018,43.825696],[25.934704,43.825256],[25.934462,43.824917],[25.933032,43.822915],[25.932899,43.822729],[25.932782,43.822565],[25.932715,43.822471],[25.932441,43.822087],[25.932378,43.821999],[25.932305,43.821897],[25.932157,43.821771],[25.932007,43.821593],[25.93173,43.821299],[25.931656,43.821202],[25.931583,43.821104],[25.931449,43.820912],[25.931257,43.820575],[25.931195,43.820454],[25.931098,43.820138],[25.931048,43.819931],[25.931,43.819793],[25.930905,43.819557],[25.930717,43.819162],[25.930459,43.818636],[25.930349,43.818396],[25.930204,43.818094],[25.93017,43.818021],[25.930051,43.817769],[25.92993,43.817484],[25.929893,43.817397],[25.929692,43.816947],[25.929464,43.816513],[25.929432,43.81645],[25.929269,43.816144],[25.929027,43.815632],[25.928835,43.815203],[25.928754,43.815005],[25.928447,43.814289],[25.928458,43.814367],[25.928466,43.814427],[25.928466,43.814483],[25.928452,43.814542],[25.92842,43.814599],[25.928374,43.814641],[25.928314,43.814679],[25.928237,43.814702],[25.928172,43.814708],[25.928093,43.814701],[25.928029,43.814678],[25.927973,43.814638],[25.927946,43.814602],[25.927973,43.814638],[25.928029,43.814678],[25.928093,43.814701],[25.928172,43.814708],[25.928237,43.814702],[25.928314,43.814679],[25.928374,43.814641],[25.92842,43.814599],[25.928452,43.814542],[25.928466,43.814483],[25.928466,43.814427],[25.928458,43.814367],[25.928447,43.814289],[25.927961,43.813209],[25.927859,43.812977],[25.927422,43.812073],[25.927327,43.811886],[25.92727,43.811795],[25.927164,43.811652],[25.926915,43.811318],[25.926179,43.810585],[25.926093,43.810486],[25.923545,43.808153],[25.923359,43.807982],[25.923136,43.807765],[25.922586,43.807156],[25.922425,43.806964],[25.92221,43.806663],[25.921598,43.805651],[25.921547,43.805538],[25.921124,43.804594],[25.920488,43.803075],[25.920233,43.80245],[25.919101,43.799749],[25.918822,43.799184],[25.918504,43.798542],[25.918435,43.798423],[25.917796,43.797314],[25.917576,43.796917],[25.917573,43.796911],[25.917484,43.796752],[25.917315,43.796446],[25.916829,43.795569],[25.916824,43.795448],[25.916838,43.795386],[25.916883,43.795343],[25.916974,43.795326],[25.917056,43.795344],[25.917203,43.795453],[25.91747,43.795949],[25.917634,43.796068],[25.91772,43.796088],[25.917814,43.796098],[25.918016,43.796064],[25.918262,43.795941],[25.918506,43.795863],[25.918664,43.795815],[25.919008,43.795738],[25.919637,43.795619],[25.919962,43.795579],[25.920171,43.795542],[25.920468,43.795488],[25.920809,43.795392],[25.92097,43.795331],[25.921406,43.795138],[25.921723,43.794972],[25.922176,43.794747],[25.922371,43.79465],[25.922555,43.794558],[25.923005,43.794362],[25.92345,43.794225],[25.923794,43.794106],[25.924021,43.794061],[25.924417,43.793992],[25.924714,43.793957],[25.92513,43.793961],[25.925541,43.793995],[25.92601,43.794065],[25.926352,43.794083],[25.926541,43.794177],[25.926721,43.794256],[25.927162,43.794465],[25.927489,43.794643],[25.928106,43.795002],[25.928909,43.795442],[25.929285,43.795631],[25.929644,43.795814],[25.929876,43.795933],[25.929909,43.795956],[25.929933,43.795973],[25.93028,43.796234],[25.930631,43.79649],[25.930929,43.796689],[25.931268,43.796955],[25.931351,43.797046],[25.931562,43.797373],[25.931741,43.797633],[25.93177,43.797672],[25.931832,43.797768],[25.932094,43.798169],[25.932052,43.798221],[25.93196,43.798274],[25.93184,43.798307],[25.931433,43.798361],[25.931136,43.798394],[25.930973,43.798412],[25.930711,43.798481],[25.93049,43.798629],[25.93017,43.798837],[25.929984,43.798961],[25.929577,43.799209],[25.92937,43.79936],[25.929125,43.79957],[25.928771,43.79994],[25.928388,43.800379],[25.928325,43.800449],[25.928048,43.800827],[25.92752,43.801673],[25.927363,43.801924],[25.927312,43.801991],[25.927268,43.802049],[25.927209,43.802153],[25.927156,43.80232],[25.927127,43.802443],[25.927124,43.802573],[25.927137,43.802745],[25.927187,43.802932],[25.927566,43.803871],[25.927824,43.804421],[25.927923,43.804663],[25.928188,43.804954],[25.928589,43.805187],[25.930116,43.805832],[25.930263,43.805891],[25.930696,43.806068],[25.931735,43.806502],[25.931922,43.806549],[25.93243,43.806615],[25.932727,43.806635],[25.934333,43.80671],[25.936197,43.806677],[25.937184,43.806653],[25.937302,43.806651],[25.937385,43.80665],[25.939445,43.806622],[25.939589,43.806619],[25.941222,43.806584],[25.94162,43.806576],[25.94171,43.806582],[25.941774,43.80659],[25.941853,43.806614],[25.941946,43.806653],[25.942031,43.806698],[25.942173,43.806758],[25.942749,43.807],[25.943068,43.806835],[25.943283,43.806723],[25.943712,43.806498],[25.943803,43.806452],[25.944235,43.806231],[25.944434,43.8061],[25.944571,43.806001],[25.944724,43.805837],[25.944858,43.805665],[25.945351,43.804999],[25.945637,43.804628],[25.945913,43.80427],[25.946038,43.804108],[25.946188,43.803883],[25.946295,43.803685],[25.946309,43.803623],[25.946235,43.803539],[25.946053,43.803391]]},"properties":{"line":"А6","dir":"0","headsign":"Асфалтова база - изток","mode":"bus","color":"#0059a9","lbl":"6"}},{"type":"Feature","geometry":{"type":"LineString","coordinates":[[25.945913,43.80427],[25.945637,43.804628],[25.945351,43.804999],[25.944858,43.805665],[25.944724,43.805837],[25.944571,43.806001],[25.944434,43.8061],[25.944235,43.806231],[25.943803,43.806452],[25.943712,43.806498],[25.943283,43.806723],[25.943085,43.806826],[25.942749,43.807],[25.942612,43.807072],[25.942031,43.806698],[25.941946,43.806653],[25.941853,43.806614],[25.941774,43.80659],[25.94171,43.806582],[25.94162,43.806576],[25.941188,43.806585],[25.939589,43.806619],[25.939445,43.806622],[25.937385,43.80665],[25.937302,43.806651],[25.937184,43.806653],[25.937054,43.806656],[25.936197,43.806677],[25.934333,43.80671],[25.932727,43.806635],[25.93243,43.806615],[25.931922,43.806549],[25.931735,43.806502],[25.930696,43.806068],[25.930274,43.805896],[25.930116,43.805832],[25.928589,43.805187],[25.928188,43.804954],[25.927923,43.804663],[25.927824,43.804421],[25.927566,43.803871],[25.927187,43.802932],[25.927137,43.802745],[25.927124,43.802573],[25.927127,43.802443],[25.927156,43.80232],[25.927209,43.802153],[25.927268,43.802049],[25.927312,43.801991],[25.927363,43.801924],[25.92752,43.801673],[25.928048,43.800827],[25.928325,43.800449],[25.928388,43.800379],[25.928771,43.79994],[25.929125,43.79957],[25.92937,43.79936],[25.929577,43.799209],[25.929984,43.798961],[25.93017,43.798837],[25.93049,43.798629],[25.930711,43.798481],[25.930801,43.79841],[25.930876,43.798366],[25.931037,43.798234],[25.931112,43.79817],[25.931277,43.79803],[25.931487,43.797864],[25.931632,43.797743],[25.931656,43.797723],[25.931698,43.797687],[25.931741,43.797633],[25.931562,43.797373],[25.931351,43.797046],[25.931268,43.796955],[25.930929,43.796689],[25.930631,43.79649],[25.93028,43.796234],[25.929933,43.795973],[25.929876,43.795933],[25.929644,43.795814],[25.929285,43.795631],[25.92898,43.795478],[25.928909,43.795442],[25.928106,43.795002],[25.927489,43.794643],[25.927162,43.794465],[25.926721,43.794256],[25.926541,43.794177],[25.926352,43.794083],[25.92601,43.794065],[25.925541,43.793995],[25.92513,43.793961],[25.924714,43.793957],[25.924417,43.793992],[25.924021,43.794061],[25.923794,43.794106],[25.92345,43.794225],[25.923005,43.794362],[25.922555,43.794558],[25.922371,43.79465],[25.922176,43.794747],[25.921723,43.794972],[25.921406,43.795138],[25.92097,43.795331],[25.920809,43.795392],[25.920468,43.795488],[25.920171,43.795542],[25.919962,43.795579],[25.919637,43.795619],[25.919008,43.795738],[25.918664,43.795815],[25.918506,43.795863],[25.918262,43.795941],[25.918016,43.796064],[25.9179,43.796134],[25.917764,43.79624],[25.917704,43.796384],[25.91784,43.796635],[25.917932,43.7968],[25.917989,43.796902],[25.918151,43.797196],[25.918467,43.797736],[25.918499,43.797791],[25.918752,43.79823],[25.919177,43.799004],[25.919343,43.79936],[25.9195,43.7997],[25.91994,43.800771],[25.920751,43.802659],[25.921088,43.803439],[25.921158,43.803631],[25.921569,43.804561],[25.921657,43.804759],[25.921728,43.804954],[25.92199,43.805529],[25.922235,43.806],[25.922418,43.806315],[25.922701,43.806705],[25.923075,43.807177],[25.923401,43.807537],[25.923494,43.807627],[25.923666,43.807782],[25.924085,43.808177],[25.924392,43.808455],[25.924592,43.808638],[25.924671,43.808709],[25.925914,43.809836],[25.926555,43.810418],[25.926889,43.810743],[25.927103,43.810978],[25.927325,43.811254],[25.927548,43.811533],[25.927848,43.81196],[25.928015,43.812326],[25.928161,43.812642],[25.928404,43.813161],[25.928597,43.813607],[25.928628,43.813678],[25.929012,43.814563],[25.929018,43.814574],[25.929104,43.814764],[25.929258,43.815097],[25.929481,43.815584],[25.929618,43.815887],[25.929706,43.816068],[25.929797,43.816283],[25.929945,43.816519],[25.93019,43.816869],[25.930266,43.816966],[25.930486,43.817248],[25.930532,43.817307],[25.930928,43.817693],[25.931041,43.817801],[25.931176,43.817918],[25.931674,43.818279],[25.931906,43.818413],[25.932029,43.818439],[25.932113,43.818442],[25.93222,43.818434],[25.932319,43.818404],[25.932401,43.81835],[25.932452,43.81829],[25.932477,43.818224],[25.932484,43.818168],[25.932467,43.818099],[25.932423,43.818031],[25.93235,43.81797],[25.932264,43.817936],[25.932109,43.817922],[25.932007,43.817935],[25.931912,43.817962],[25.931785,43.818015],[25.931642,43.818088],[25.931535,43.818154],[25.931385,43.818295],[25.93128,43.818411],[25.931175,43.818548],[25.931086,43.818707],[25.931023,43.818874],[25.931001,43.819021],[25.93099,43.819162],[25.930998,43.819353],[25.931012,43.81948],[25.931041,43.819611],[25.931103,43.819731],[25.931151,43.819815],[25.931223,43.819915],[25.931562,43.820283],[25.931613,43.820343],[25.931668,43.820417],[25.931905,43.820778],[25.931951,43.820857],[25.932,43.820941],[25.932067,43.821161],[25.932135,43.821438],[25.932183,43.8216],[25.932229,43.821724],[25.932305,43.821897],[25.932378,43.821999],[25.932441,43.822087],[25.932441,43.822088],[25.932715,43.822471],[25.932782,43.822565],[25.933032,43.822915],[25.934462,43.824917],[25.934704,43.825256],[25.935235,43.826],[25.93536,43.826175],[25.935441,43.826289],[25.935501,43.826345],[25.935959,43.826776],[25.936323,43.82712],[25.93643,43.827236],[25.936468,43.827295],[25.936507,43.827356],[25.936547,43.827414],[25.936666,43.827581],[25.936816,43.8278],[25.9369,43.827921],[25.936952,43.828013],[25.937102,43.828398],[25.937147,43.828512],[25.937296,43.828844],[25.938008,43.829849],[25.938821,43.830995],[25.939011,43.831264],[25.939035,43.831296],[25.939186,43.831495],[25.93941,43.83177],[25.939614,43.832002],[25.939808,43.832186],[25.940294,43.832621],[25.940996,43.833202],[25.941612,43.833745],[25.941994,43.834069],[25.942131,43.834175],[25.942312,43.834314],[25.943109,43.83493],[25.943216,43.834996],[25.943321,43.835043],[25.943519,43.835131],[25.943692,43.835205],[25.947018,43.836485],[25.947337,43.8366],[25.947581,43.836671],[25.948049,43.836786],[25.948517,43.836831],[25.949,43.83688],[25.949214,43.836902],[25.949286,43.836909],[25.949366,43.836917],[25.949444,43.83693],[25.950402,43.837085],[25.950668,43.837132],[25.951241,43.837217],[25.951359,43.837241],[25.951375,43.837252],[25.951402,43.837269],[25.951424,43.837283],[25.951452,43.837352],[25.950941,43.837863],[25.950815,43.83799],[25.950334,43.838424],[25.949427,43.839232],[25.948743,43.839938],[25.948438,43.840213],[25.948344,43.840257],[25.948091,43.840575],[25.948075,43.840591],[25.947956,43.840711],[25.947846,43.841548],[25.947801,43.841841],[25.94786,43.841891],[25.948529,43.842457],[25.94885,43.842702],[25.949113,43.842872],[25.949262,43.842955],[25.949313,43.842983],[25.949425,43.843042],[25.949504,43.843082],[25.950582,43.843592],[25.950616,43.84361],[25.950783,43.843624],[25.951028,43.84371],[25.951206,43.843785],[25.951298,43.843818],[25.95133,43.843833],[25.951347,43.843841],[25.951394,43.843866],[25.951435,43.843889],[25.951614,43.843984],[25.951729,43.84406],[25.951764,43.844092],[25.951826,43.844206],[25.952077,43.844329],[25.952179,43.84438],[25.952907,43.84467],[25.953017,43.844701],[25.953356,43.84477],[25.953803,43.844801],[25.953905,43.844809],[25.954078,43.844818],[25.95422,43.844826],[25.954511,43.844842],[25.954804,43.844846],[25.955059,43.844836],[25.955384,43.844827],[25.955691,43.844822],[25.955907,43.844842],[25.956091,43.844871],[25.956291,43.844909],[25.956458,43.84495],[25.956621,43.845001],[25.956781,43.845051],[25.957091,43.845165],[25.957675,43.845386],[25.957737,43.84541],[25.957807,43.845435],[25.957862,43.845453],[25.957937,43.845476],[25.958029,43.845503],[25.95813,43.845528],[25.958187,43.845543],[25.958255,43.845559],[25.958404,43.845594],[25.958899,43.845666],[25.959312,43.845757],[25.959541,43.845798],[25.959627,43.845805],[25.959679,43.845798],[25.959786,43.845778],[25.959811,43.845754],[25.959894,43.845693],[25.959994,43.845649],[25.960085,43.845627],[25.96018,43.845619],[25.960275,43.845624],[25.960367,43.845643],[25.960452,43.845675],[25.960526,43.845718],[25.960565,43.845749],[25.960598,43.845784],[25.960625,43.845821],[25.960646,43.84586],[25.960667,43.845948],[25.960656,43.846038],[25.960613,43.846122],[25.960568,43.846173],[25.960511,43.846217],[25.960444,43.846254],[25.96042,43.846294],[25.960396,43.846357],[25.960268,43.846811],[25.960216,43.846979],[25.959926,43.847927],[25.959905,43.847996],[25.959808,43.848282],[25.95965,43.848702],[25.959352,43.849176],[25.959034,43.849657],[25.958831,43.849965],[25.958799,43.850007],[25.958747,43.850076],[25.95865,43.850223],[25.958744,43.850251],[25.95883,43.850272],[25.958849,43.850277],[25.958958,43.850323],[25.959067,43.850388],[25.959142,43.850437],[25.959234,43.850511],[25.959398,43.850655],[25.959487,43.850738],[25.959579,43.850821],[25.959648,43.850897],[25.959745,43.851022],[25.95998,43.851374],[25.961044,43.852882],[25.961181,43.853051],[25.961425,43.853231],[25.961544,43.853319],[25.961709,43.853435],[25.961783,43.853484],[25.961795,43.853492],[25.961913,43.853569],[25.961993,43.853619],[25.962064,43.853672],[25.962099,43.853704],[25.962126,43.853744],[25.962146,43.853773],[25.962479,43.854266],[25.962596,43.854427],[25.963103,43.855148],[25.963141,43.855202],[25.963185,43.855265],[25.963053,43.855316],[25.963016,43.855327],[25.962994,43.855333],[25.962969,43.855338],[25.962949,43.85534],[25.962925,43.855339],[25.962899,43.855332],[25.962875,43.855322],[25.962837,43.855304],[25.962818,43.855352],[25.962782,43.85539],[25.962729,43.855415],[25.962662,43.855444],[25.962511,43.85553],[25.962438,43.855577],[25.962395,43.855612],[25.962368,43.855634],[25.962341,43.855672],[25.962325,43.855698],[25.962299,43.855742],[25.962278,43.855827]]},"properties":{"line":"А6","dir":"1","headsign":"Дом на културата","mode":"bus","color":"#0059a9","lbl":"6"}},{"type":"Feature","geometry":{"type":"LineString","coordinates":[[25.962278,43.855827],[25.962299,43.855742],[25.962325,43.855698],[25.962341,43.855672],[25.962368,43.855634],[25.962395,43.855612],[25.962438,43.855577],[25.962511,43.85553],[25.962662,43.855444],[25.962729,43.855415],[25.962782,43.85539],[25.962818,43.855352],[25.962837,43.855304],[25.962791,43.855248],[25.962389,43.854725],[25.962142,43.854401],[25.961797,43.853946],[25.961699,43.853828],[25.96166,43.853777],[25.96163,43.853737],[25.961551,43.853612],[25.961538,43.853592],[25.961181,43.853051],[25.961044,43.852882],[25.95998,43.851374],[25.959745,43.851022],[25.959648,43.850897],[25.959579,43.850821],[25.959487,43.850738],[25.959398,43.850655],[25.959234,43.850511],[25.959142,43.850437],[25.959067,43.850388],[25.958958,43.850323],[25.958849,43.850277],[25.95883,43.850272],[25.958744,43.850251],[25.95865,43.850223],[25.958497,43.850182],[25.95826,43.850117],[25.958377,43.849977],[25.959031,43.849056],[25.959083,43.848982],[25.959263,43.848696],[25.959309,43.848622],[25.95944,43.848249],[25.959447,43.848229],[25.959473,43.848141],[25.959517,43.847958],[25.959559,43.847812],[25.95977,43.847045],[25.9599,43.846592],[25.959931,43.846502],[25.959939,43.846397],[25.959931,43.846307],[25.959899,43.846235],[25.959802,43.846162],[25.959738,43.846072],[25.959715,43.84599],[25.95972,43.845907],[25.959742,43.845836],[25.959786,43.845778],[25.959811,43.845754],[25.959894,43.845693],[25.959994,43.845649],[25.960074,43.845559],[25.960094,43.8455],[25.960107,43.845418],[25.960191,43.845015],[25.960192,43.844952],[25.960199,43.844641],[25.960208,43.844108],[25.960208,43.844075],[25.960241,43.842984],[25.960241,43.842948],[25.96024,43.842194],[25.960237,43.841843],[25.960232,43.841721],[25.960209,43.841631],[25.960206,43.841623],[25.960052,43.841152],[25.959757,43.840245],[25.959741,43.840201],[25.959651,43.839907],[25.959629,43.839837],[25.959579,43.839693],[25.95953,43.839562],[25.959709,43.839529],[25.959894,43.839478],[25.959977,43.839439],[25.960225,43.839321],[25.960344,43.83924],[25.960691,43.838968],[25.961103,43.838645],[25.962453,43.83766],[25.962602,43.837561],[25.964415,43.836344],[25.964453,43.836321],[25.965379,43.835672],[25.965699,43.835458],[25.96675,43.834768],[25.9668,43.834735],[25.967978,43.833933],[25.968142,43.833826],[25.968212,43.833704],[25.968224,43.833686],[25.968222,43.833661],[25.968212,43.833628],[25.96815,43.83358],[25.96811,43.833549],[25.967063,43.832746],[25.967142,43.832411],[25.967197,43.832174],[25.967245,43.831961],[25.967264,43.831895],[25.967296,43.831842],[25.967323,43.831793],[25.967343,43.831762],[25.967402,43.831776],[25.967447,43.831776],[25.96783,43.831489],[25.968086,43.831275],[25.96835,43.831053],[25.969104,43.830398],[25.969199,43.830309],[25.969295,43.830215],[25.969504,43.830006],[25.969571,43.829938],[25.969783,43.829743],[25.969876,43.829682],[25.969959,43.829606],[25.970908,43.82875],[25.971258,43.828451],[25.971278,43.828434],[25.971858,43.827894],[25.972006,43.827601],[25.972047,43.827458],[25.97204,43.827312],[25.972019,43.827098],[25.971927,43.826697],[25.971837,43.826317],[25.971791,43.826234],[25.971772,43.826199],[25.971722,43.826138],[25.971661,43.826086],[25.971564,43.826023],[25.971407,43.825934],[25.971218,43.825876],[25.970891,43.825818],[25.971218,43.825876],[25.971407,43.825934],[25.971564,43.826023],[25.971661,43.826086],[25.971722,43.826138],[25.971772,43.826199],[25.971791,43.826234],[25.971837,43.826317],[25.971927,43.826697],[25.972019,43.827098],[25.97204,43.827312],[25.972047,43.827458],[25.972006,43.827601],[25.971858,43.827894],[25.971278,43.828434],[25.971258,43.828451],[25.970908,43.82875],[25.969959,43.829606],[25.969876,43.829682],[25.969992,43.829739],[25.970343,43.829952],[25.970598,43.830108],[25.970995,43.83039],[25.971143,43.830514],[25.971223,43.830579],[25.97139,43.830721],[25.971691,43.830996],[25.971901,43.831196],[25.971988,43.83127],[25.972117,43.831383],[25.971916,43.831509],[25.97171,43.831639],[25.971398,43.831835],[25.970897,43.83215],[25.970837,43.832187],[25.970458,43.832427],[25.970154,43.832638],[25.96962,43.833007],[25.969499,43.833091],[25.968733,43.833622],[25.967809,43.834252],[25.967482,43.834451],[25.96718,43.834662],[25.966869,43.834862],[25.965831,43.83557],[25.96551,43.835772],[25.964566,43.836408],[25.963814,43.836916],[25.962687,43.837676],[25.962533,43.837779],[25.960754,43.839125],[25.960535,43.839331],[25.960303,43.839483],[25.960178,43.839555],[25.960087,43.839603],[25.960021,43.839632],[25.959947,43.839649],[25.959754,43.83968],[25.959579,43.839693],[25.959439,43.839696],[25.959199,43.839706],[25.959033,43.839706],[25.958832,43.839691],[25.958607,43.839661],[25.957415,43.839427],[25.957302,43.83941],[25.957225,43.839399],[25.956769,43.839341],[25.95639,43.839294],[25.956,43.839245],[25.955219,43.83914],[25.955062,43.839119],[25.955025,43.839323],[25.955011,43.839415],[25.954994,43.839497],[25.954034,43.839792],[25.953778,43.839865],[25.952846,43.84014],[25.952298,43.840331],[25.951546,43.840593],[25.95088,43.840444],[25.950236,43.8403],[25.950095,43.840269],[25.950462,43.839546],[25.95069,43.839069],[25.950825,43.838773],[25.950854,43.838718],[25.950884,43.83867],[25.950801,43.838636],[25.950654,43.838558],[25.950531,43.838492],[25.950391,43.838437],[25.950334,43.838424],[25.950252,43.838403],[25.949705,43.838155],[25.949097,43.837895],[25.949148,43.837695],[25.949158,43.837654],[25.949222,43.837402],[25.949267,43.837245],[25.949282,43.837185],[25.949246,43.837047],[25.949222,43.837003],[25.949182,43.836959],[25.949111,43.836915],[25.949,43.83688],[25.948517,43.836831],[25.948049,43.836786],[25.947581,43.836671],[25.947337,43.8366],[25.947018,43.836485],[25.94715,43.836479],[25.947248,43.836459],[25.947272,43.836453],[25.94737,43.836402],[25.947427,43.836354],[25.947454,43.836309],[25.94747,43.836267],[25.947479,43.836204],[25.947468,43.836142],[25.947449,43.836098],[25.947414,43.836048],[25.947345,43.835994],[25.947277,43.835957],[25.94718,43.835925],[25.947064,43.835902],[25.946951,43.835893],[25.946822,43.835895],[25.946582,43.835905],[25.946288,43.835919],[25.946099,43.835931],[25.945962,43.835922],[25.945851,43.8359],[25.945739,43.83586],[25.945642,43.835814],[25.945562,43.835759],[25.9455,43.835703],[25.945452,43.835651],[25.945419,43.835613],[25.945388,43.835553],[25.945366,43.835503],[25.945348,43.835415],[25.945392,43.835235],[25.945417,43.835161],[25.945445,43.835076],[25.945471,43.835],[25.945529,43.834863],[25.945595,43.834616],[25.945792,43.833948],[25.946046,43.833211],[25.946236,43.83266],[25.946438,43.832114],[25.946545,43.831719],[25.946597,43.831515],[25.946604,43.831414],[25.946562,43.831224],[25.946459,43.831004],[25.946297,43.830741],[25.945984,43.830285],[25.945899,43.830178],[25.945849,43.83012],[25.945672,43.829917],[25.945518,43.82976],[25.945014,43.829266],[25.944721,43.828978],[25.943813,43.828091],[25.943064,43.827371],[25.943058,43.827365],[25.942999,43.827312],[25.942792,43.827064],[25.942564,43.826784],[25.94233,43.826653],[25.942201,43.826605],[25.942099,43.826561],[25.941928,43.826444],[25.94179,43.826184],[25.941696,43.825961],[25.941593,43.825763],[25.941481,43.825595],[25.941361,43.825453],[25.941162,43.825229],[25.940696,43.824817],[25.939578,43.824014],[25.939012,43.823575],[25.938466,43.823129],[25.938338,43.823023],[25.93774,43.822462],[25.937491,43.822187],[25.937259,43.821936],[25.937143,43.821692],[25.937125,43.821655],[25.937078,43.82156],[25.936796,43.820982],[25.936641,43.820693],[25.936533,43.820504],[25.936448,43.820308],[25.936404,43.820096],[25.936393,43.820017],[25.93639,43.819934],[25.936406,43.81985],[25.93643,43.819783],[25.936477,43.819719],[25.936613,43.819574],[25.93673,43.819473],[25.936884,43.819344],[25.937012,43.819234],[25.937074,43.819193],[25.937118,43.819133],[25.937153,43.819084],[25.937399,43.818896],[25.937771,43.818715],[25.938307,43.818487],[25.938619,43.818359],[25.938995,43.818179],[25.939065,43.81814],[25.939111,43.818101],[25.93915,43.818065],[25.939211,43.817996],[25.939317,43.817786],[25.939506,43.817439],[25.939708,43.817046],[25.939839,43.816689],[25.939906,43.816485],[25.939973,43.816161],[25.939999,43.816097],[25.940171,43.815673],[25.940652,43.81461],[25.940862,43.814209],[25.941168,43.813815],[25.941451,43.81347],[25.941525,43.813384],[25.941901,43.812958],[25.942282,43.812533],[25.942368,43.812436],[25.94284,43.811983],[25.943106,43.811685],[25.943304,43.811418],[25.943438,43.811164],[25.943493,43.811034],[25.943572,43.810783],[25.943643,43.810499],[25.943647,43.810152],[25.943621,43.809833],[25.943557,43.809595],[25.943453,43.809339],[25.943309,43.809074],[25.942965,43.808542],[25.942639,43.808071],[25.94251,43.807842],[25.942434,43.80765],[25.942418,43.807578],[25.942407,43.80753],[25.942402,43.807471],[25.942402,43.80743],[25.942407,43.807391],[25.942422,43.807339],[25.94244,43.807283],[25.942462,43.807229],[25.94249,43.80718],[25.942526,43.80714],[25.942568,43.807105],[25.942612,43.807072],[25.942749,43.807],[25.943085,43.806826],[25.943283,43.806723],[25.943712,43.806498],[25.943803,43.806452],[25.944235,43.806231],[25.944434,43.8061],[25.944571,43.806001],[25.944724,43.805837],[25.944858,43.805665],[25.945351,43.804999],[25.945637,43.804628],[25.945913,43.80427],[25.945929,43.804249],[25.946038,43.804108],[25.946188,43.803883],[25.946295,43.803685],[25.946309,43.803623],[25.946235,43.803539],[25.945928,43.80329],[25.94578,43.803188],[25.945609,43.80307],[25.945483,43.802982],[25.945385,43.802877],[25.945366,43.802773],[25.945387,43.802599],[25.94559,43.80184],[25.945642,43.801694],[25.945679,43.801583],[25.945739,43.80128],[25.945787,43.800896],[25.945819,43.800427],[25.945865,43.79999],[25.945979,43.798286],[25.945981,43.798144]]},"properties":{"line":"А8","dir":"0","headsign":"Гробищен парк Басарбово - вход","mode":"bus","color":"#0059a9","lbl":"8"}},{"type":"Feature","geometry":{"type":"LineString","coordinates":[[25.94598,43.798231],[25.945979,43.798286],[25.945865,43.79999],[25.945819,43.800427],[25.945787,43.800896],[25.945739,43.80128],[25.945679,43.801583],[25.945642,43.801694],[25.94559,43.80184],[25.945387,43.802599],[25.945366,43.802773],[25.945385,43.802877],[25.945483,43.802982],[25.945609,43.80307],[25.94578,43.803188],[25.945928,43.80329],[25.946053,43.803391],[25.946235,43.803539],[25.946309,43.803623],[25.946295,43.803685],[25.946188,43.803883],[25.946038,43.804108],[25.945913,43.80427],[25.945637,43.804628],[25.945351,43.804999],[25.944858,43.805665],[25.944724,43.805837],[25.944571,43.806001],[25.944434,43.8061],[25.944235,43.806231],[25.943803,43.806452],[25.943712,43.806498],[25.943283,43.806723],[25.943068,43.806835],[25.942749,43.807],[25.942612,43.807072],[25.942568,43.807105],[25.942526,43.80714],[25.94249,43.80718],[25.942462,43.807229],[25.94244,43.807283],[25.942422,43.807339],[25.942407,43.807391],[25.942402,43.80743],[25.942402,43.807471],[25.942407,43.80753],[25.942418,43.807578],[25.942434,43.80765],[25.94251,43.807842],[25.942639,43.808071],[25.942965,43.808542],[25.943309,43.809074],[25.943453,43.809339],[25.943557,43.809595],[25.943621,43.809833],[25.943647,43.810152],[25.943643,43.810499],[25.943572,43.810783],[25.943493,43.811034],[25.943438,43.811164],[25.943304,43.811418],[25.943106,43.811685],[25.94284,43.811983],[25.942368,43.812436],[25.941901,43.812958],[25.941551,43.813354],[25.941525,43.813384],[25.941451,43.81347],[25.941168,43.813815],[25.940862,43.814209],[25.940652,43.81461],[25.940171,43.815673],[25.939973,43.816161],[25.939957,43.816237],[25.939906,43.816485],[25.939839,43.816689],[25.939708,43.817046],[25.939506,43.817439],[25.939317,43.817786],[25.939211,43.817996],[25.93915,43.818065],[25.939111,43.818101],[25.939065,43.81814],[25.938995,43.818179],[25.938619,43.818359],[25.938307,43.818487],[25.937771,43.818715],[25.937399,43.818896],[25.937153,43.819084],[25.937118,43.819133],[25.937074,43.819193],[25.937026,43.819297],[25.936967,43.819404],[25.936895,43.819511],[25.936845,43.819582],[25.936786,43.819649],[25.936492,43.819874],[25.936462,43.819904],[25.936437,43.819937],[25.936393,43.820017],[25.936404,43.820096],[25.936448,43.820308],[25.936533,43.820504],[25.936641,43.820693],[25.936796,43.820982],[25.937046,43.821494],[25.937125,43.821655],[25.937143,43.821692],[25.937259,43.821936],[25.937491,43.822187],[25.93774,43.822462],[25.938338,43.823023],[25.938466,43.823129],[25.939012,43.823575],[25.939578,43.824014],[25.940696,43.824817],[25.941162,43.825229],[25.941361,43.825453],[25.941481,43.825595],[25.941593,43.825763],[25.941696,43.825961],[25.94179,43.826184],[25.941928,43.826444],[25.942099,43.826561],[25.942201,43.826605],[25.94233,43.826653],[25.942564,43.826784],[25.942792,43.827064],[25.942819,43.827097],[25.942999,43.827312],[25.943058,43.827365],[25.943813,43.828091],[25.944721,43.828978],[25.945014,43.829266],[25.945518,43.82976],[25.945672,43.829917],[25.945899,43.830178],[25.945984,43.830285],[25.946297,43.830741],[25.946327,43.830791],[25.946459,43.831004],[25.946562,43.831224],[25.946604,43.831414],[25.946597,43.831515],[25.946545,43.831719],[25.946438,43.832114],[25.946236,43.83266],[25.946046,43.833211],[25.945792,43.833948],[25.945595,43.834616],[25.945529,43.834863],[25.945471,43.835],[25.945445,43.835076],[25.945418,43.835158],[25.945392,43.835235],[25.945348,43.835415],[25.945366,43.835503],[25.945388,43.835553],[25.945419,43.835613],[25.945452,43.835651],[25.9455,43.835703],[25.945562,43.835759],[25.945642,43.835814],[25.945739,43.83586],[25.945851,43.8359],[25.945962,43.835922],[25.946099,43.835931],[25.946288,43.835919],[25.946582,43.835905],[25.946822,43.835895],[25.946951,43.835893],[25.947064,43.835902],[25.94718,43.835925],[25.947277,43.835957],[25.947345,43.835994],[25.947414,43.836048],[25.947449,43.836098],[25.947468,43.836142],[25.947479,43.836204],[25.94747,43.836267],[25.947454,43.836309],[25.947427,43.836354],[25.947429,43.836456],[25.947438,43.836504],[25.947447,43.836548],[25.947524,43.836617],[25.947581,43.836671],[25.948049,43.836786],[25.948517,43.836831],[25.949,43.83688],[25.949214,43.836902],[25.949286,43.836909],[25.949366,43.836917],[25.949444,43.83693],[25.950402,43.837085],[25.950668,43.837132],[25.951241,43.837217],[25.951359,43.837241],[25.951375,43.837252],[25.951402,43.837269],[25.951424,43.837283],[25.951452,43.837352],[25.950941,43.837863],[25.950815,43.83799],[25.950334,43.838424],[25.950391,43.838437],[25.950531,43.838492],[25.950654,43.838558],[25.950801,43.838636],[25.950884,43.83867],[25.950977,43.838694],[25.951094,43.838709],[25.952174,43.838809],[25.953012,43.838884],[25.954121,43.838981],[25.95494,43.839062],[25.955078,43.839046],[25.955062,43.839119],[25.955025,43.839323],[25.955011,43.839415],[25.954994,43.839497],[25.954978,43.839576],[25.954863,43.840245],[25.954856,43.840284],[25.954809,43.840616],[25.954774,43.840825],[25.95484,43.84083],[25.955778,43.840906],[25.956372,43.842468],[25.956551,43.84242],[25.957256,43.842231],[25.957833,43.842094],[25.958181,43.842011],[25.959159,43.841859],[25.960183,43.841725],[25.960232,43.841721],[25.960377,43.841729],[25.960625,43.841742],[25.960633,43.841832],[25.960621,43.842581],[25.96062,43.842657],[25.960616,43.842782],[25.960594,43.843475],[25.960592,43.843513],[25.960571,43.844139],[25.960543,43.844953],[25.960494,43.84552],[25.960494,43.845587],[25.960526,43.845718],[25.960565,43.845749],[25.960598,43.845784],[25.960625,43.845821],[25.960646,43.84586],[25.960667,43.845948],[25.960656,43.846038],[25.960613,43.846122],[25.960568,43.846173],[25.960511,43.846217],[25.960444,43.846254],[25.96042,43.846294],[25.960396,43.846357],[25.960268,43.846811],[25.960216,43.846979],[25.959926,43.847927],[25.959905,43.847996],[25.959808,43.848282],[25.95965,43.848702],[25.959352,43.849176],[25.959034,43.849657],[25.958831,43.849965],[25.958799,43.850007],[25.958747,43.850076],[25.95865,43.850223],[25.958744,43.850251],[25.95883,43.850272],[25.958849,43.850277],[25.958958,43.850323],[25.959067,43.850388],[25.959142,43.850437],[25.959234,43.850511],[25.959398,43.850655],[25.959487,43.850738],[25.959579,43.850821],[25.959648,43.850897],[25.959745,43.851022],[25.95998,43.851374],[25.961044,43.852882],[25.961181,43.853051],[25.961425,43.853231],[25.961544,43.853319],[25.961709,43.853435],[25.961783,43.853484],[25.961795,43.853492],[25.961913,43.853569],[25.961993,43.853619],[25.962064,43.853672],[25.962099,43.853704],[25.962126,43.853744],[25.962146,43.853773],[25.962479,43.854266],[25.962596,43.854427],[25.963103,43.855148],[25.963141,43.855202],[25.963185,43.855265],[25.963053,43.855316],[25.963016,43.855327],[25.962994,43.855333],[25.962969,43.855338],[25.962949,43.85534],[25.962925,43.855339],[25.962899,43.855332],[25.962875,43.855322],[25.962837,43.855304],[25.962818,43.855352],[25.962782,43.85539],[25.962729,43.855415],[25.962662,43.855444],[25.962511,43.85553],[25.962438,43.855577],[25.962395,43.855612],[25.962368,43.855634],[25.962341,43.855672],[25.962325,43.855698],[25.962299,43.855742],[25.962278,43.855827]]},"properties":{"line":"А8","dir":"1","headsign":"Дом на културата","mode":"bus","color":"#0059a9","lbl":"8"}},{"type":"Feature","geometry":{"type":"LineString","coordinates":[[25.962278,43.855827],[25.962299,43.855742],[25.962325,43.855698],[25.962341,43.855672],[25.962368,43.855634],[25.962395,43.855612],[25.962438,43.855577],[25.962511,43.85553],[25.962662,43.855444],[25.962729,43.855415],[25.962782,43.85539],[25.962818,43.855352],[25.962837,43.855304],[25.962791,43.855248],[25.962389,43.854725],[25.962142,43.854401],[25.961797,43.853946],[25.961699,43.853828],[25.96166,43.853777],[25.96163,43.853737],[25.961551,43.853612],[25.961538,43.853592],[25.961181,43.853051],[25.961044,43.852882],[25.95998,43.851374],[25.959745,43.851022],[25.959648,43.850897],[25.959579,43.850821],[25.959487,43.850738],[25.959398,43.850655],[25.959234,43.850511],[25.959142,43.850437],[25.959067,43.850388],[25.958958,43.850323],[25.958849,43.850277],[25.95883,43.850272],[25.958744,43.850251],[25.95865,43.850223],[25.958497,43.850182],[25.95826,43.850117],[25.958377,43.849977],[25.959031,43.849056],[25.959083,43.848982],[25.959263,43.848696],[25.959309,43.848622],[25.95944,43.848249],[25.959447,43.848229],[25.959473,43.848141],[25.959517,43.847958],[25.959559,43.847812],[25.95977,43.847045],[25.9599,43.846592],[25.959931,43.846502],[25.959939,43.846397],[25.959931,43.846307],[25.959899,43.846235],[25.959802,43.846162],[25.959738,43.846072],[25.959715,43.84599],[25.95972,43.845907],[25.959742,43.845836],[25.959786,43.845778],[25.959811,43.845754],[25.959894,43.845693],[25.959994,43.845649],[25.960074,43.845559],[25.960094,43.8455],[25.960107,43.845418],[25.960191,43.845015],[25.960192,43.844952],[25.960199,43.844641],[25.960208,43.844108],[25.960208,43.844075],[25.960241,43.842984],[25.960241,43.842948],[25.96024,43.842194],[25.960237,43.841843],[25.960232,43.841721],[25.960209,43.841631],[25.960206,43.841623],[25.960052,43.841152],[25.959757,43.840245],[25.959741,43.840201],[25.959651,43.839907],[25.959629,43.839837],[25.959579,43.839693],[25.95953,43.839562],[25.959709,43.839529],[25.959894,43.839478],[25.959977,43.839439],[25.960225,43.839321],[25.960344,43.83924],[25.960691,43.838968],[25.961103,43.838645],[25.962453,43.83766],[25.962602,43.837561],[25.964415,43.836344],[25.964453,43.836321],[25.965379,43.835672],[25.965699,43.835458],[25.96675,43.834768],[25.9668,43.834735],[25.967978,43.833933],[25.968142,43.833826],[25.968529,43.833567],[25.969018,43.833235],[25.969484,43.832922],[25.97034,43.832347],[25.970717,43.832105],[25.971518,43.831586],[25.971785,43.831406],[25.971988,43.83127],[25.972117,43.831383],[25.972203,43.831449],[25.972323,43.83155],[25.972434,43.831649],[25.972762,43.831937],[25.972905,43.832056],[25.973123,43.832223],[25.973398,43.832392],[25.973916,43.832695],[25.974129,43.832806],[25.974402,43.832948],[25.97458,43.833027],[25.974754,43.833101],[25.974973,43.833155],[25.975018,43.83314],[25.975067,43.833137],[25.975094,43.83314],[25.975139,43.833156],[25.975174,43.833183],[25.975194,43.833216],[25.975197,43.833234],[25.97519,43.833272],[25.975175,43.833292],[25.975166,43.833303],[25.975129,43.833327],[25.975083,43.83334],[25.975017,43.833338],[25.974796,43.833476],[25.974581,43.833646],[25.974149,43.834054],[25.974057,43.834177],[25.973999,43.834255],[25.97385,43.834579],[25.973734,43.834836],[25.973702,43.834935],[25.973657,43.835218],[25.973651,43.835629],[25.973615,43.836442],[25.973618,43.836753],[25.973669,43.837022],[25.973756,43.837195],[25.973839,43.83733],[25.973991,43.837502],[25.974156,43.837661],[25.974305,43.837782],[25.974528,43.837921],[25.974943,43.838114],[25.975458,43.838351],[25.976313,43.838683],[25.976544,43.83875],[25.97664,43.83879],[25.976686,43.838813],[25.976718,43.838836],[25.976749,43.83887],[25.976774,43.838902],[25.976753,43.838909],[25.976522,43.838989],[25.975871,43.83925],[25.975734,43.83931],[25.975871,43.83925],[25.976522,43.838989],[25.976552,43.838951],[25.976566,43.838918],[25.976565,43.838883],[25.976555,43.838848],[25.976542,43.838829],[25.976515,43.838801],[25.976313,43.838683],[25.975458,43.838351],[25.974943,43.838114],[25.975458,43.838351],[25.976313,43.838683],[25.976544,43.83875],[25.9768,43.83879],[25.976845,43.838797],[25.976891,43.838799],[25.977217,43.838781],[25.977365,43.838743],[25.977509,43.838711],[25.977895,43.838638],[25.978047,43.838611],[25.978117,43.838599],[25.978472,43.838542],[25.978742,43.838523],[25.978882,43.838514],[25.979076,43.838509],[25.979457,43.838564],[25.980056,43.838658],[25.980237,43.838714],[25.980288,43.83873],[25.981012,43.839016],[25.981679,43.839252],[25.981842,43.83931],[25.982361,43.839537],[25.983097,43.839848],[25.983978,43.840189],[25.984679,43.840383],[25.9851,43.84046],[25.985202,43.840463],[25.985651,43.840463],[25.98577,43.840461],[25.986061,43.840457],[25.986251,43.840449],[25.986778,43.840417],[25.986931,43.840413],[25.988405,43.840349],[25.988569,43.840342],[25.989554,43.840297],[25.989701,43.840291],[25.990092,43.840282],[25.990169,43.84028],[25.99069,43.840222],[25.9919,43.839889],[25.992618,43.839658],[25.994088,43.839286],[25.994243,43.839244],[25.994756,43.839107],[25.994933,43.839037],[25.99523,43.838919],[25.99586,43.838663],[25.99641,43.838509],[25.996942,43.838386],[25.997574,43.838288],[25.998206,43.838191],[25.999239,43.838094],[26.000123,43.837999],[26.000261,43.837984],[26.001332,43.837874],[26.001608,43.837868],[26.002086,43.837854],[26.002195,43.837855],[26.002419,43.837835],[26.002719,43.837762],[26.002951,43.83767],[26.003066,43.83761],[26.003172,43.837529],[26.00335,43.837361],[26.003596,43.83707],[26.003726,43.836968],[26.003903,43.836891],[26.00409,43.836833],[26.004324,43.836805],[26.005054,43.836749],[26.005167,43.836741],[26.00547,43.836726],[26.005609,43.836724],[26.005841,43.83672],[26.006194,43.836725],[26.00689,43.836737],[26.008407,43.836735],[26.009418,43.836724],[26.009959,43.836699],[26.010265,43.836647],[26.010371,43.836622],[26.01049,43.836581],[26.01075,43.836476],[26.011767,43.835996],[26.011889,43.835943],[26.0129,43.835478],[26.013079,43.835396],[26.013222,43.835335],[26.013354,43.835279],[26.013821,43.834945],[26.01421,43.834638],[26.014685,43.83435],[26.014968,43.834238],[26.015183,43.834159],[26.015356,43.834056],[26.015376,43.834025],[26.015409,43.833973],[26.015498,43.83374],[26.01563,43.833561],[26.015856,43.833432],[26.016158,43.833284],[26.016392,43.833093],[26.016578,43.832872],[26.017131,43.832104],[26.017399,43.831729],[26.017514,43.831516],[26.017595,43.83127],[26.017689,43.830969],[26.017857,43.830753],[26.018045,43.83056],[26.018208,43.830388],[26.018213,43.830383],[26.018662,43.830041],[26.019469,43.829474],[26.019566,43.829406],[26.020466,43.829067],[26.021775,43.828672],[26.022646,43.82839],[26.02299,43.828209],[26.023415,43.827963],[26.023745,43.827763],[26.024293,43.827447],[26.024458,43.827364],[26.024507,43.827339],[26.025359,43.82689],[26.025464,43.826784],[26.02555,43.826617],[26.025568,43.826581],[26.025622,43.826399],[26.025704,43.826297],[26.02583,43.82623],[26.026028,43.826211],[26.026234,43.82626],[26.027284,43.826492],[26.028203,43.826623],[26.02909,43.826585],[26.029358,43.826582],[26.029512,43.826581],[26.030083,43.826531],[26.031103,43.826341],[26.031667,43.826235],[26.031773,43.826234]]},"properties":{"line":"А10","dir":"0","headsign":"Прелеза, Обръщало","mode":"bus","color":"#0059a9","lbl":"10"}},{"type":"Feature","geometry":{"type":"LineString","coordinates":[[26.031773,43.826234],[26.031667,43.826235],[26.031103,43.826341],[26.030083,43.826531],[26.029512,43.826581],[26.029358,43.826582],[26.02909,43.826585],[26.028203,43.826623],[26.027284,43.826492],[26.026234,43.82626],[26.026028,43.826211],[26.02583,43.82623],[26.025704,43.826297],[26.025622,43.826399],[26.025568,43.826581],[26.02555,43.826617],[26.025464,43.826784],[26.025359,43.82689],[26.024507,43.827339],[26.024293,43.827447],[26.023937,43.827652],[26.023745,43.827763],[26.023415,43.827963],[26.02299,43.828209],[26.022646,43.82839],[26.021775,43.828672],[26.020466,43.829067],[26.019566,43.829406],[26.019469,43.829474],[26.018662,43.830041],[26.018213,43.830383],[26.018197,43.8304],[26.018045,43.83056],[26.017857,43.830753],[26.017689,43.830969],[26.017595,43.83127],[26.017514,43.831516],[26.017399,43.831729],[26.017131,43.832104],[26.016578,43.832872],[26.016392,43.833093],[26.016158,43.833284],[26.015856,43.833432],[26.01563,43.833561],[26.015498,43.83374],[26.015409,43.833973],[26.015356,43.834056],[26.01533,43.834071],[26.015183,43.834159],[26.014968,43.834238],[26.014685,43.83435],[26.01421,43.834638],[26.013821,43.834945],[26.013354,43.835279],[26.013222,43.835335],[26.013079,43.835396],[26.0129,43.835478],[26.011889,43.835943],[26.011767,43.835996],[26.01075,43.836476],[26.01049,43.836581],[26.010371,43.836622],[26.010265,43.836647],[26.009959,43.836699],[26.009418,43.836724],[26.008407,43.836735],[26.00689,43.836737],[26.006194,43.836725],[26.005841,43.83672],[26.00547,43.836726],[26.005344,43.836732],[26.005167,43.836741],[26.005054,43.836749],[26.004324,43.836805],[26.00409,43.836833],[26.003903,43.836891],[26.003726,43.836968],[26.003596,43.83707],[26.00335,43.837361],[26.003172,43.837529],[26.003066,43.83761],[26.002951,43.83767],[26.002719,43.837762],[26.002419,43.837835],[26.002195,43.837855],[26.002086,43.837854],[26.001608,43.837868],[26.001332,43.837874],[26.000261,43.837984],[25.999807,43.838033],[25.999239,43.838094],[25.998206,43.838191],[25.997574,43.838288],[25.996942,43.838386],[25.99641,43.838509],[25.99586,43.838663],[25.99523,43.838919],[25.994933,43.839037],[25.994756,43.839107],[25.994243,43.839244],[25.994088,43.839286],[25.992618,43.839658],[25.9919,43.839889],[25.99069,43.840222],[25.990169,43.84028],[25.990052,43.840283],[25.989701,43.840291],[25.989554,43.840297],[25.988569,43.840342],[25.988405,43.840349],[25.986931,43.840413],[25.986778,43.840417],[25.986251,43.840449],[25.986061,43.840457],[25.985987,43.840458],[25.985651,43.840463],[25.985202,43.840463],[25.9851,43.84046],[25.984679,43.840383],[25.983978,43.840189],[25.983097,43.839848],[25.982361,43.839537],[25.981842,43.83931],[25.981679,43.839252],[25.981012,43.839016],[25.980288,43.83873],[25.980237,43.838714],[25.980056,43.838658],[25.979457,43.838564],[25.979076,43.838509],[25.978944,43.838512],[25.978882,43.838514],[25.978472,43.838542],[25.978117,43.838599],[25.978047,43.838611],[25.977895,43.838638],[25.977509,43.838711],[25.977365,43.838743],[25.977217,43.838781],[25.976774,43.838902],[25.976753,43.838909],[25.976515,43.838801],[25.976313,43.838683],[25.975458,43.838351],[25.974943,43.838114],[25.974838,43.838065],[25.974528,43.837921],[25.974305,43.837782],[25.974156,43.837661],[25.973991,43.837502],[25.973839,43.83733],[25.973756,43.837195],[25.973669,43.837022],[25.973618,43.836753],[25.973615,43.836442],[25.973639,43.8359],[25.973651,43.835629],[25.973657,43.835218],[25.973702,43.834935],[25.973734,43.834836],[25.97385,43.834579],[25.973999,43.834255],[25.974057,43.834177],[25.974149,43.834054],[25.974581,43.833646],[25.974796,43.833476],[25.974938,43.833297],[25.974916,43.83326],[25.974913,43.833238],[25.974922,43.833203],[25.974754,43.833101],[25.97458,43.833027],[25.974402,43.832948],[25.973916,43.832695],[25.973787,43.83262],[25.973398,43.832392],[25.973123,43.832223],[25.972905,43.832056],[25.972762,43.831937],[25.972434,43.831649],[25.972323,43.83155],[25.972203,43.831449],[25.972117,43.831383],[25.971916,43.831509],[25.97171,43.831639],[25.971398,43.831835],[25.970897,43.83215],[25.970837,43.832187],[25.970458,43.832427],[25.970154,43.832638],[25.96962,43.833007],[25.969499,43.833091],[25.96945,43.833187],[25.969431,43.833233],[25.969402,43.833255],[25.969337,43.833298],[25.969307,43.833318],[25.9692,43.833376],[25.969131,43.833418],[25.969105,43.833452],[25.968784,43.833637],[25.968732,43.833679],[25.968679,43.83376],[25.968654,43.8338],[25.968578,43.833895],[25.968531,43.833928],[25.968064,43.834238],[25.967809,43.834252],[25.967482,43.834451],[25.96718,43.834662],[25.966869,43.834862],[25.965831,43.83557],[25.96551,43.835772],[25.964566,43.836408],[25.963814,43.836916],[25.962687,43.837676],[25.962533,43.837779],[25.960754,43.839125],[25.960535,43.839331],[25.960372,43.839504],[25.9603,43.839567],[25.960174,43.839672],[25.960149,43.83969],[25.960099,43.839723],[25.960064,43.839764],[25.960036,43.839817],[25.960014,43.839866],[25.960125,43.840181],[25.9602,43.840406],[25.960309,43.840736],[25.96059,43.841593],[25.960625,43.841742],[25.960633,43.841832],[25.960621,43.842581],[25.96062,43.842657],[25.960594,43.843475],[25.960592,43.843513],[25.960571,43.844139],[25.960543,43.844953],[25.960494,43.84552],[25.960494,43.845587],[25.960526,43.845718],[25.960565,43.845749],[25.960598,43.845784],[25.960625,43.845821],[25.960646,43.84586],[25.960667,43.845948],[25.960656,43.846038],[25.960613,43.846122],[25.960568,43.846173],[25.960511,43.846217],[25.960444,43.846254],[25.96042,43.846294],[25.960396,43.846357],[25.960268,43.846811],[25.960216,43.846979],[25.959926,43.847927],[25.959905,43.847996],[25.959808,43.848282],[25.95965,43.848702],[25.959352,43.849176],[25.959034,43.849657],[25.958831,43.849965],[25.958799,43.850007],[25.958747,43.850076],[25.95865,43.850223],[25.958744,43.850251],[25.95883,43.850272],[25.958849,43.850277],[25.958958,43.850323],[25.959067,43.850388],[25.959142,43.850437],[25.959234,43.850511],[25.959398,43.850655],[25.959487,43.850738],[25.959579,43.850821],[25.959648,43.850897],[25.959745,43.851022],[25.95998,43.851374],[25.961044,43.852882],[25.961181,43.853051],[25.961425,43.853231],[25.961544,43.853319],[25.961709,43.853435],[25.961783,43.853484],[25.961795,43.853492],[25.961913,43.853569],[25.961993,43.853619],[25.962064,43.853672],[25.962099,43.853704],[25.962126,43.853744],[25.962146,43.853773],[25.962479,43.854266],[25.962596,43.854427],[25.963103,43.855148],[25.963141,43.855202],[25.963185,43.855265],[25.963053,43.855316],[25.963016,43.855327],[25.962994,43.855333],[25.962969,43.855338],[25.962949,43.85534],[25.962925,43.855339],[25.962899,43.855332],[25.962875,43.855322],[25.962837,43.855304],[25.962818,43.855352],[25.962782,43.85539],[25.962729,43.855415],[25.962662,43.855444],[25.962511,43.85553],[25.962438,43.855577],[25.962395,43.855612],[25.962368,43.855634],[25.962341,43.855672],[25.962325,43.855698],[25.962299,43.855742],[25.962278,43.855827]]},"properties":{"line":"А10","dir":"1","headsign":"Дом на културата","mode":"bus","color":"#0059a9","lbl":"10"}},{"type":"Feature","geometry":{"type":"LineString","coordinates":[[25.953358,43.827004],[25.95343,43.827033],[25.953881,43.827185],[25.954867,43.827442],[25.955645,43.827643],[25.955843,43.827695],[25.956126,43.827774],[25.958638,43.828683],[25.958663,43.828692],[25.95878,43.828734],[25.959003,43.828731],[25.959556,43.829102],[25.959736,43.829249],[25.960005,43.829437],[25.960623,43.829828],[25.96016,43.830115],[25.959827,43.83032],[25.958985,43.830864],[25.958954,43.830887],[25.957024,43.832147],[25.95696,43.832189],[25.957253,43.8323],[25.957377,43.832346],[25.957526,43.832402],[25.957585,43.832425],[25.957663,43.832454],[25.958051,43.832601],[25.958151,43.832639],[25.958172,43.832647],[25.958276,43.832686],[25.958616,43.832814],[25.960851,43.833602],[25.962192,43.83405],[25.962215,43.834057],[25.962551,43.834169],[25.963344,43.834425],[25.963494,43.834475],[25.963745,43.834556],[25.963922,43.834617],[25.964054,43.834668],[25.964196,43.834724],[25.964327,43.83478],[25.964448,43.834833],[25.964554,43.834885],[25.964733,43.834976],[25.964921,43.835083],[25.965146,43.835224],[25.965239,43.835284],[25.965366,43.835375],[25.965461,43.835448],[25.965838,43.835769],[25.966518,43.836322],[25.966564,43.836344],[25.966618,43.836363],[25.966672,43.836373],[25.966739,43.836378],[25.966807,43.836374],[25.966865,43.836365],[25.966922,43.836348],[25.96697,43.836328],[25.967009,43.836306],[25.967047,43.836275],[25.967077,43.836235],[25.967101,43.836201],[25.96712,43.836162],[25.967132,43.836127],[25.967133,43.83609],[25.967129,43.836055],[25.967117,43.836016],[25.967102,43.835981],[25.967082,43.835951],[25.967062,43.835923],[25.96704,43.8359],[25.966487,43.835463],[25.966433,43.835432],[25.96636,43.835406],[25.966298,43.835395],[25.966236,43.835393],[25.966175,43.835402],[25.966117,43.835419],[25.965831,43.83557],[25.96551,43.835772],[25.965236,43.836028],[25.965223,43.836077],[25.965222,43.83613],[25.965226,43.836183],[25.965241,43.836222],[25.965268,43.836262],[25.965965,43.836932],[25.966001,43.836958],[25.966045,43.836981],[25.966089,43.836997],[25.966147,43.837005],[25.966208,43.837006],[25.966269,43.837004],[25.96632,43.836989],[25.966369,43.836966],[25.966401,43.836942],[25.966423,43.836908],[25.966438,43.836874],[25.966449,43.836838],[25.96645,43.836797],[25.966445,43.836764],[25.966433,43.836738],[25.966408,43.836704],[25.966024,43.836309],[25.965971,43.836233],[25.965718,43.835859],[25.965343,43.835528],[25.965012,43.835297],[25.964868,43.835206],[25.964767,43.835148],[25.964668,43.835093],[25.964541,43.83503],[25.964432,43.834975],[25.964325,43.834923],[25.964197,43.834865],[25.964059,43.83481],[25.963893,43.834747],[25.963448,43.834593],[25.96249,43.834282],[25.960744,43.833721],[25.959684,43.833356],[25.959019,43.833127],[25.958158,43.832797],[25.957656,43.832583],[25.957244,43.832427],[25.956905,43.832299],[25.95647,43.832129],[25.956264,43.832049],[25.956201,43.832025],[25.955555,43.831773],[25.954529,43.831407],[25.953387,43.830975],[25.953255,43.830925],[25.95189,43.830409],[25.951514,43.830237],[25.951264,43.830122],[25.949903,43.829493],[25.949019,43.828997],[25.948148,43.828534],[25.947351,43.828135],[25.947294,43.828031],[25.947297,43.827969],[25.947318,43.827929],[25.947384,43.827879],[25.947477,43.827873],[25.94761,43.827897],[25.94802,43.828106],[25.949061,43.828653],[25.949896,43.829117],[25.950052,43.829114],[25.950154,43.829088],[25.950273,43.829026],[25.950306,43.828942],[25.950299,43.828841],[25.950257,43.828746],[25.950237,43.82873],[25.95015,43.828667],[25.950078,43.828632],[25.950052,43.828616],[25.949979,43.828576],[25.949944,43.828558],[25.949902,43.828536],[25.949811,43.828517],[25.949716,43.82852],[25.949628,43.828546],[25.949547,43.82858],[25.949499,43.828621],[25.949444,43.82871],[25.949476,43.829604],[25.949493,43.829765],[25.949535,43.829945],[25.949632,43.830127],[25.949787,43.830331],[25.950426,43.831135],[25.950762,43.831499],[25.951154,43.831863],[25.951725,43.832085],[25.952568,43.832413],[25.953289,43.832716],[25.954028,43.833078],[25.954279,43.833209],[25.955232,43.833748],[25.955461,43.833875],[25.955868,43.834092],[25.955902,43.834191],[25.955918,43.834256],[25.955916,43.834307],[25.955909,43.83437],[25.955884,43.8345],[25.955819,43.83474],[25.955808,43.834798],[25.955548,43.836117],[25.955378,43.837085],[25.955331,43.837402],[25.955231,43.838058],[25.955207,43.838214],[25.955096,43.838928],[25.955078,43.839046],[25.955062,43.839119],[25.955025,43.839323],[25.955011,43.839415],[25.954994,43.839497],[25.954978,43.839576],[25.954863,43.840245],[25.954856,43.840284],[25.954809,43.840616],[25.954774,43.840825],[25.954762,43.840903],[25.954711,43.84126],[25.954569,43.842088],[25.954453,43.842783],[25.954404,43.843065],[25.954386,43.843169],[25.954269,43.843801],[25.954229,43.844013],[25.954105,43.844671],[25.954095,43.844724],[25.954078,43.844818],[25.95422,43.844826],[25.954511,43.844842],[25.954804,43.844846],[25.955059,43.844836],[25.955384,43.844827],[25.955691,43.844822],[25.955907,43.844842],[25.956091,43.844871],[25.956291,43.844909],[25.956458,43.84495],[25.956621,43.845001],[25.956781,43.845051],[25.957091,43.845165],[25.957675,43.845386],[25.957737,43.84541],[25.957807,43.845435],[25.957862,43.845453],[25.957937,43.845476],[25.958029,43.845503],[25.95813,43.845528],[25.958187,43.845543],[25.958255,43.845559],[25.958404,43.845594],[25.958899,43.845666],[25.959312,43.845757],[25.959541,43.845798],[25.959627,43.845805],[25.959679,43.845798],[25.959786,43.845778],[25.959811,43.845754],[25.959894,43.845693],[25.959994,43.845649],[25.960085,43.845627],[25.96018,43.845619],[25.960275,43.845624],[25.960367,43.845643],[25.960452,43.845675],[25.960526,43.845718],[25.960565,43.845749],[25.960598,43.845784],[25.960625,43.845821],[25.960646,43.84586],[25.960667,43.845948],[25.960656,43.846038],[25.960613,43.846122],[25.960568,43.846173],[25.960511,43.846217],[25.960444,43.846254],[25.96042,43.846294],[25.960396,43.846357],[25.960268,43.846811],[25.960216,43.846979],[25.959926,43.847927],[25.959905,43.847996],[25.959808,43.848282],[25.95965,43.848702],[25.959352,43.849176],[25.959034,43.849657],[25.958831,43.849965],[25.958799,43.850007],[25.958747,43.850076],[25.95865,43.850223],[25.958744,43.850251],[25.95883,43.850272],[25.958849,43.850277],[25.958958,43.850323],[25.959067,43.850388],[25.959142,43.850437],[25.959234,43.850511],[25.959398,43.850655],[25.959487,43.850738],[25.959579,43.850821],[25.959648,43.850897],[25.959745,43.851022],[25.95998,43.851374],[25.961044,43.852882],[25.961181,43.853051],[25.961425,43.853231],[25.961544,43.853319],[25.961709,43.853435],[25.961783,43.853484],[25.961795,43.853492],[25.961913,43.853569],[25.961993,43.853619],[25.962064,43.853672],[25.962099,43.853704],[25.962195,43.853711],[25.962245,43.853719],[25.962337,43.853733],[25.962645,43.853798],[25.963398,43.853959],[25.964188,43.854127],[25.964547,43.854203],[25.964655,43.854233],[25.964686,43.854246],[25.964759,43.854276],[25.965134,43.854459],[25.965695,43.854732],[25.965711,43.85474],[25.966648,43.855196],[25.967646,43.855677],[25.968596,43.856135],[25.96869,43.856181],[25.969,43.856329],[25.969567,43.856599],[25.970663,43.857122],[25.97123,43.857402],[25.971321,43.857451],[25.972627,43.858075],[25.972713,43.858116],[25.972854,43.858185],[25.973391,43.858446],[25.973692,43.858593],[25.973726,43.85861],[25.973814,43.858652],[25.9739,43.85869],[25.973965,43.858723],[25.974819,43.859156],[25.976771,43.860124],[25.978105,43.860766],[25.978716,43.861061],[25.979139,43.861277],[25.979697,43.861537],[25.979946,43.861691],[25.980475,43.862093],[25.980878,43.862445],[25.981211,43.862756],[25.981594,43.863126],[25.981816,43.863339],[25.98202,43.863515],[25.982172,43.863629],[25.982329,43.863732],[25.982513,43.863839],[25.983961,43.864622],[25.984174,43.864739],[25.984197,43.864751],[25.984928,43.865127],[25.985882,43.865653],[25.987126,43.866286],[25.987354,43.866394],[25.987595,43.866507],[25.988119,43.866723],[25.988236,43.866768],[25.990054,43.867474],[25.990187,43.867529],[25.991322,43.868005],[25.99201,43.868293],[25.99222,43.868379],[25.992286,43.868406],[25.992599,43.868533],[25.993244,43.8688],[25.994054,43.869131],[25.99468,43.869387],[25.995395,43.869687],[25.996317,43.8701],[25.99653,43.870203],[25.996596,43.870234],[25.996658,43.870262],[25.996727,43.870292],[25.99679,43.870313],[25.996861,43.870328],[25.996931,43.870329],[25.997006,43.870331],[25.9971,43.870325],[25.997174,43.870314],[25.99725,43.870307],[25.99733,43.870312],[25.997411,43.870334],[25.997482,43.87037],[25.998,43.870606],[25.998048,43.870639],[25.998088,43.870681],[25.998111,43.870736],[25.998131,43.870808],[25.998161,43.870868],[25.998199,43.870918],[25.998242,43.870965],[25.998278,43.870999],[25.998331,43.871036],[25.998407,43.871078],[25.999256,43.871462],[25.999402,43.871517],[25.999505,43.871553],[25.999831,43.871638],[26.000119,43.871693],[26.000332,43.871731],[26.001161,43.871879],[26.00356,43.872307],[26.007786,43.873062],[26.008422,43.873181],[26.008478,43.873151],[26.008543,43.873133],[26.008627,43.87313],[26.008707,43.873147],[26.008775,43.873183],[26.008822,43.873233],[26.008994,43.873301],[26.009064,43.873343],[26.009143,43.873385],[26.009217,43.873412],[26.009293,43.873433],[26.009577,43.873484],[26.010483,43.873645],[26.010991,43.873735],[26.011365,43.873805],[26.012583,43.874034],[26.013065,43.874127],[26.01318,43.874156],[26.013298,43.874191],[26.013429,43.874232],[26.013551,43.874273],[26.013675,43.874318],[26.013778,43.874355],[26.013896,43.874407],[26.014025,43.874469],[26.014148,43.874529],[26.015248,43.875135],[26.015565,43.875308],[26.015619,43.875339]]},"properties":{"line":"А11","dir":"0","headsign":"Митница (Дунав мост)","mode":"bus","color":"#0059a9","lbl":"11"}},{"type":"Feature","geometry":{"type":"LineString","coordinates":[[26.015515,43.875424],[26.015466,43.875394],[26.015123,43.875213],[26.014139,43.874677],[26.013972,43.874587],[26.013826,43.874521],[26.01369,43.874464],[26.013564,43.874414],[26.013383,43.874351],[26.013169,43.874289],[26.01298,43.874238],[26.012781,43.874195],[26.012555,43.874153],[26.01081,43.873839],[26.009941,43.873679],[26.009257,43.873553],[26.008755,43.873443],[26.008741,43.873451],[26.008657,43.873479],[26.008564,43.873483],[26.008475,43.873461],[26.008404,43.873418],[26.008362,43.87336],[26.008356,43.873346],[26.008241,43.873304],[26.008086,43.873246],[26.007928,43.87321],[26.007736,43.873173],[26.003423,43.872412],[25.999947,43.871799],[25.999682,43.871746],[25.999485,43.871689],[25.999329,43.871639],[25.999179,43.871579],[25.998308,43.871189],[25.997867,43.870981],[25.997389,43.870759],[25.997064,43.87061],[25.99657,43.870392],[25.996426,43.870328],[25.994823,43.869587],[25.994368,43.869384],[25.994144,43.869294],[25.993167,43.868902],[25.992515,43.86864],[25.992137,43.868487],[25.991879,43.868383],[25.991275,43.868139],[25.990091,43.867655],[25.98996,43.867601],[25.988026,43.866832],[25.987931,43.866793],[25.987438,43.866588],[25.987226,43.866497],[25.98702,43.866401],[25.985778,43.865752],[25.984921,43.865282],[25.984481,43.865041],[25.983861,43.864702],[25.982299,43.863839],[25.982161,43.86375],[25.982066,43.86368],[25.981739,43.863409],[25.981544,43.863235],[25.981101,43.862818],[25.980993,43.862745],[25.980877,43.862691],[25.980772,43.862668],[25.980644,43.862662],[25.980327,43.862678],[25.980087,43.862691],[25.979942,43.862682],[25.97984,43.862661],[25.97803,43.861782],[25.977667,43.861607],[25.976136,43.860867],[25.975013,43.860325],[25.973655,43.859654],[25.973175,43.859436],[25.973094,43.859395],[25.973041,43.859369],[25.972191,43.858941],[25.971815,43.858752],[25.971062,43.858394],[25.970361,43.858055],[25.969967,43.857862],[25.96907,43.857437],[25.968884,43.857348],[25.968042,43.856945],[25.967994,43.856922],[25.967875,43.856865],[25.967802,43.856831],[25.965961,43.855961],[25.964389,43.855196],[25.964123,43.85506],[25.964085,43.855046],[25.964031,43.855035],[25.96397,43.855028],[25.963898,43.855031],[25.963784,43.855046],[25.963623,43.855105],[25.963273,43.855233],[25.963185,43.855265],[25.963053,43.855316],[25.963016,43.855327],[25.962994,43.855333],[25.962969,43.855338],[25.962949,43.85534],[25.962925,43.855339],[25.962899,43.855332],[25.962875,43.855322],[25.962837,43.855304],[25.962791,43.855248],[25.962389,43.854725],[25.962142,43.854401],[25.961797,43.853946],[25.961699,43.853828],[25.96166,43.853777],[25.96163,43.853737],[25.961551,43.853612],[25.961538,43.853592],[25.961181,43.853051],[25.961044,43.852882],[25.95998,43.851374],[25.959745,43.851022],[25.959648,43.850897],[25.959579,43.850821],[25.959487,43.850738],[25.959398,43.850655],[25.959234,43.850511],[25.959142,43.850437],[25.959067,43.850388],[25.958958,43.850323],[25.958849,43.850277],[25.95883,43.850272],[25.958744,43.850251],[25.95865,43.850223],[25.958497,43.850182],[25.95826,43.850117],[25.958377,43.849977],[25.959031,43.849056],[25.959083,43.848982],[25.959263,43.848696],[25.959309,43.848622],[25.95944,43.848249],[25.959447,43.848229],[25.959473,43.848141],[25.959517,43.847958],[25.959559,43.847812],[25.95977,43.847045],[25.9599,43.846592],[25.959931,43.846502],[25.959939,43.846397],[25.959931,43.846307],[25.959899,43.846235],[25.959802,43.846162],[25.959738,43.846072],[25.959672,43.845997],[25.959578,43.845934],[25.959472,43.845897],[25.959281,43.84586],[25.959013,43.845806],[25.958206,43.845616],[25.958128,43.845597],[25.958015,43.845568],[25.957988,43.845561],[25.957904,43.845537],[25.957847,43.845516],[25.957219,43.845294],[25.957193,43.845285],[25.957117,43.845256],[25.956971,43.845204],[25.956858,43.845164],[25.95658,43.845062],[25.956411,43.845008],[25.956139,43.844949],[25.955802,43.844898],[25.95568,43.844886],[25.955394,43.844893],[25.954803,43.844909],[25.954534,43.844905],[25.954256,43.844894],[25.954207,43.844892],[25.954066,43.844884],[25.954078,43.844818],[25.954095,43.844724],[25.954105,43.844671],[25.954125,43.844563],[25.954269,43.843801],[25.954386,43.843169],[25.954404,43.843065],[25.954453,43.842783],[25.954569,43.842088],[25.954711,43.84126],[25.954774,43.840825],[25.95479,43.840727],[25.954809,43.840616],[25.954856,43.840284],[25.954863,43.840245],[25.954978,43.839576],[25.954994,43.839497],[25.955011,43.839415],[25.955025,43.839323],[25.955062,43.839119],[25.955078,43.839046],[25.955096,43.838928],[25.955231,43.838058],[25.955268,43.837812],[25.955331,43.837402],[25.955378,43.837085],[25.955548,43.836117],[25.955819,43.83474],[25.955803,43.834634],[25.95578,43.834552],[25.955753,43.834497],[25.955707,43.83442],[25.95552,43.834305],[25.955295,43.834177],[25.955176,43.83411],[25.954982,43.833997],[25.954881,43.833933],[25.954816,43.833867],[25.954748,43.833782],[25.954623,43.833629],[25.954541,43.833546],[25.954452,43.833471],[25.954373,43.833414],[25.954283,43.833357],[25.954152,43.833282],[25.953833,43.83311],[25.953523,43.832951],[25.953283,43.832832],[25.953023,43.832707],[25.952708,43.832568],[25.952484,43.832472],[25.952114,43.832322],[25.951648,43.832147],[25.951181,43.831972],[25.950961,43.8319],[25.950771,43.831843],[25.950566,43.831788],[25.950401,43.831751],[25.950417,43.831659],[25.950418,43.831544],[25.950411,43.831432],[25.950391,43.831338],[25.950358,43.831244],[25.950267,43.831094],[25.950148,43.830952],[25.949906,43.830636],[25.949633,43.830345],[25.949576,43.830269],[25.949456,43.830076],[25.949401,43.829945],[25.949352,43.829762],[25.949336,43.829586],[25.949344,43.828668],[25.949337,43.828613],[25.949316,43.828355],[25.949358,43.828303],[25.949408,43.828272],[25.949479,43.828255],[25.949571,43.828251],[25.949714,43.828256],[25.950006,43.828425],[25.950249,43.828566],[25.950369,43.828641],[25.950436,43.82873],[25.95046,43.828875],[25.950452,43.829032],[25.950451,43.829174],[25.950478,43.829311],[25.950536,43.829386],[25.950742,43.829494],[25.95096,43.829613],[25.951195,43.829769],[25.951469,43.829898],[25.951728,43.830024],[25.952203,43.830255],[25.952383,43.830345],[25.953139,43.830701],[25.95337,43.830794],[25.953972,43.831037],[25.954625,43.831301],[25.955579,43.83168],[25.956385,43.831977],[25.95696,43.832189],[25.957024,43.832147],[25.958954,43.830887],[25.958985,43.830864],[25.959827,43.83032],[25.959998,43.830214],[25.960623,43.829828],[25.960005,43.829437],[25.959736,43.829249],[25.959556,43.829102],[25.959003,43.828731],[25.95878,43.828734],[25.958718,43.828712],[25.958638,43.828683],[25.956126,43.827774],[25.955843,43.827695],[25.955645,43.827643],[25.954867,43.827442],[25.953881,43.827185],[25.953658,43.82711]]},"properties":{"line":"А11","dir":"1","headsign":"Ул. Мальовица 1 - север","mode":"bus","color":"#0059a9","lbl":"11"}},{"type":"Feature","geometry":{"type":"LineString","coordinates":[[25.955808,43.834798],[25.955548,43.836117],[25.955378,43.837085],[25.955331,43.837402],[25.955231,43.838058],[25.955207,43.838214],[25.955096,43.838928],[25.955078,43.839046],[25.955062,43.839119],[25.955025,43.839323],[25.955011,43.839415],[25.954994,43.839497],[25.954978,43.839576],[25.954863,43.840245],[25.954856,43.840284],[25.954809,43.840616],[25.954774,43.840825],[25.954762,43.840903],[25.954711,43.84126],[25.954569,43.842088],[25.954453,43.842783],[25.954404,43.843065],[25.954386,43.843169],[25.954269,43.843801],[25.954229,43.844013],[25.954105,43.844671],[25.954095,43.844724],[25.954078,43.844818],[25.95422,43.844826],[25.954511,43.844842],[25.954804,43.844846],[25.955059,43.844836],[25.955384,43.844827],[25.955691,43.844822],[25.955907,43.844842],[25.956091,43.844871],[25.956291,43.844909],[25.956458,43.84495],[25.956621,43.845001],[25.956781,43.845051],[25.957091,43.845165],[25.957675,43.845386],[25.957737,43.84541],[25.957807,43.845435],[25.957862,43.845453],[25.957937,43.845476],[25.958029,43.845503],[25.95813,43.845528],[25.958187,43.845543],[25.958255,43.845559],[25.958404,43.845594],[25.958899,43.845666],[25.959312,43.845757],[25.959541,43.845798],[25.959627,43.845805],[25.959679,43.845798],[25.959786,43.845778],[25.959811,43.845754],[25.959894,43.845693],[25.959994,43.845649],[25.960085,43.845627],[25.96018,43.845619],[25.960275,43.845624],[25.960367,43.845643],[25.960452,43.845675],[25.960526,43.845718],[25.960565,43.845749],[25.960598,43.845784],[25.960625,43.845821],[25.960646,43.84586],[25.960752,43.845952],[25.960833,43.845989],[25.960932,43.84602],[25.961585,43.846139],[25.961686,43.846157],[25.962585,43.846311],[25.962799,43.846348],[25.96291,43.846368],[25.963405,43.846428],[25.963937,43.846474],[25.964259,43.8465],[25.964473,43.846524],[25.964705,43.846553],[25.964806,43.846571],[25.965078,43.846631],[25.965209,43.846666],[25.965401,43.846726],[25.965507,43.846759],[25.966117,43.846948],[25.966159,43.846961],[25.966321,43.847012],[25.966479,43.847056],[25.966694,43.847128],[25.967295,43.84733],[25.968551,43.84765],[25.969234,43.84783],[25.970946,43.848266],[25.971538,43.848423],[25.973184,43.848956],[25.973538,43.849076],[25.976427,43.850054],[25.976518,43.850082],[25.976826,43.850158],[25.977245,43.850216],[25.977902,43.850305],[25.97897,43.850449],[25.979004,43.850451],[25.979189,43.850445],[25.97933,43.850464],[25.979522,43.850488],[25.982132,43.850824],[25.982349,43.850859],[25.98239,43.850864],[25.982731,43.850909],[25.983015,43.850946],[25.985104,43.851222],[25.985281,43.851245],[25.985406,43.851261],[25.988539,43.851665],[25.989828,43.851829],[25.99097,43.851975],[25.991016,43.851981],[25.991203,43.852004],[25.99133,43.852025],[25.991406,43.852034],[25.99284,43.852213],[25.996158,43.852637],[25.997624,43.852825],[25.997903,43.852861],[25.998109,43.852888],[26.000221,43.853169],[26.001477,43.853335],[26.00204,43.85341],[26.002448,43.853458],[26.003586,43.853591],[26.004484,43.853696],[26.004667,43.85371],[26.004901,43.85373],[26.005019,43.853742],[26.005334,43.853767],[26.005582,43.853777],[26.00574,43.853763],[26.00585,43.853736],[26.006086,43.85365],[26.006176,43.853619],[26.006282,43.853603],[26.006391,43.853605],[26.006496,43.853627],[26.00659,43.853666],[26.006668,43.853721],[26.006708,43.853763],[26.006738,43.85381],[26.006816,43.853889],[26.006847,43.853917],[26.006881,43.853937],[26.006924,43.853953],[26.006979,43.853967],[26.007035,43.853979],[26.009434,43.854357],[26.009586,43.85438],[26.009738,43.854397],[26.009898,43.854413],[26.010047,43.854427],[26.01017,43.854437],[26.010285,43.854442],[26.010379,43.85444],[26.010462,43.854433],[26.010528,43.854422],[26.010593,43.854409],[26.010667,43.854389],[26.010755,43.85436],[26.010826,43.854328],[26.010898,43.854285],[26.010958,43.854242],[26.011012,43.854199],[26.011073,43.854141],[26.011123,43.854084],[26.011163,43.854022],[26.011194,43.853963],[26.011217,43.853908],[26.01123,43.853848],[26.011236,43.85379],[26.01124,43.853736],[26.011237,43.853679],[26.011229,43.853636],[26.011157,43.853458],[26.011129,43.853406],[26.011097,43.853362],[26.011054,43.853321],[26.011016,43.853285],[26.010959,43.853245],[26.01091,43.853215],[26.010844,43.853178],[26.010777,43.853148],[26.010708,43.853122],[26.010633,43.853101],[26.01054,43.853084],[26.010473,43.853073],[26.010398,43.853065],[26.010304,43.853069],[26.010226,43.853075],[26.010145,43.853085],[26.010071,43.8531],[26.010004,43.853119],[26.009943,43.853145],[26.009883,43.853173],[26.009828,43.853204],[26.009779,43.853243],[26.009735,43.853283],[26.009693,43.853327],[26.009651,43.853376],[26.009624,43.853427],[26.009603,43.853478],[26.00959,43.853527],[26.009582,43.853573],[26.009582,43.853626],[26.009585,43.853682],[26.009596,43.853738],[26.009612,43.853783],[26.009632,43.853821],[26.009658,43.85386],[26.009686,43.853899],[26.009712,43.853933],[26.009743,43.853969],[26.009778,43.854002],[26.009998,43.854203],[26.012255,43.855861],[26.013433,43.856769],[26.013839,43.857155],[26.014167,43.857535],[26.014402,43.857914],[26.014618,43.858309],[26.014737,43.858737],[26.014839,43.859117],[26.014952,43.860094],[26.014984,43.860363],[26.015006,43.860557],[26.015026,43.860727],[26.015065,43.861275],[26.0151,43.86165],[26.015157,43.862276],[26.015173,43.862445],[26.015249,43.863271],[26.015295,43.863768],[26.015508,43.866082],[26.015555,43.866521],[26.015588,43.866825],[26.015639,43.867301],[26.015645,43.867377],[26.015679,43.867816],[26.015829,43.86926],[26.015915,43.870087],[26.016003,43.870938],[26.016038,43.871281],[26.016065,43.871606],[26.016088,43.87184],[26.016094,43.871925],[26.016241,43.873522],[26.016229,43.8737],[26.016213,43.873878],[26.016198,43.873997],[26.016158,43.874183],[26.016146,43.874301],[26.01615,43.874357],[26.016187,43.87454],[26.016282,43.874756],[26.0164,43.875014],[26.016574,43.875402],[26.016616,43.875469],[26.016676,43.875557],[26.016719,43.875587],[26.016751,43.875619],[26.016797,43.875694],[26.016809,43.875773],[26.016789,43.875851],[26.016739,43.875921],[26.016662,43.875977],[26.016558,43.876017],[26.016463,43.876031],[26.016367,43.876027],[26.016275,43.876005],[26.016195,43.875967],[26.016133,43.875918],[26.01609,43.87586],[26.015993,43.875801],[26.015851,43.875705],[26.015788,43.875656],[26.015672,43.875553],[26.015572,43.875458],[26.015515,43.875424],[26.015466,43.875394],[26.015123,43.875213],[26.014139,43.874677],[26.013972,43.874587],[26.013826,43.874521],[26.01369,43.874464],[26.013564,43.874414],[26.013383,43.874351],[26.013169,43.874289],[26.01298,43.874238],[26.012781,43.874195],[26.012555,43.874153],[26.01081,43.873839],[26.009941,43.873679],[26.009257,43.873553],[26.008755,43.873443],[26.008741,43.873451],[26.008657,43.873479],[26.008564,43.873483],[26.008475,43.873461],[26.008404,43.873418],[26.008362,43.87336],[26.008356,43.873346],[26.008241,43.873304],[26.008086,43.873246],[26.007928,43.87321],[26.007736,43.873173],[26.003423,43.872412],[25.999947,43.871799],[25.999682,43.871746],[25.999485,43.871689],[25.999329,43.871639],[25.999179,43.871579],[25.998308,43.871189],[25.997867,43.870981],[25.997389,43.870759],[25.997064,43.87061],[25.99657,43.870392],[25.996426,43.870328],[25.994823,43.869587],[25.994368,43.869384],[25.994144,43.869294],[25.993167,43.868902],[25.992515,43.86864],[25.992137,43.868487],[25.991879,43.868383]]},"properties":{"line":"А12","dir":"0","headsign":"Мототехника","mode":"bus","color":"#0059a9","lbl":"12"}},{"type":"Feature","geometry":{"type":"LineString","coordinates":[[26.002658,43.853618],[26.002354,43.85358],[26.002007,43.853535],[26.001706,43.853496],[26.000906,43.853388],[26.000426,43.853328],[25.999796,43.853247],[25.998074,43.853016],[25.997865,43.85299],[25.99759,43.852953],[25.997232,43.852906],[25.996105,43.85276],[25.993383,43.852406],[25.992925,43.852348],[25.992309,43.852266],[25.992153,43.852245],[25.991404,43.852148],[25.99138,43.852145],[25.991309,43.852136],[25.991182,43.852117],[25.99099,43.852094],[25.99036,43.852014],[25.990044,43.851974],[25.989616,43.851919],[25.988582,43.851791],[25.988478,43.851778],[25.988117,43.85173],[25.987518,43.85165],[25.987478,43.851645],[25.987137,43.851605],[25.985383,43.85138],[25.985232,43.85136],[25.985053,43.851337],[25.984734,43.851297],[25.984405,43.851255],[25.983566,43.851152],[25.982355,43.850987],[25.981214,43.850835],[25.979511,43.850623],[25.979484,43.85062],[25.979299,43.850597],[25.979162,43.850579],[25.978979,43.850556],[25.978658,43.850516],[25.977188,43.85033],[25.976673,43.850251],[25.976385,43.850164],[25.976297,43.850139],[25.975412,43.849845],[25.974952,43.849664],[25.974795,43.849603],[25.973436,43.849119],[25.973137,43.849012],[25.97143,43.848478],[25.969481,43.847969],[25.96746,43.847443],[25.967024,43.847319],[25.966719,43.847233],[25.966475,43.847164],[25.966422,43.847148],[25.96627,43.847108],[25.966101,43.847054],[25.96513,43.846743],[25.964743,43.846662],[25.964245,43.846584],[25.963352,43.846496],[25.962525,43.846406],[25.96205,43.846325],[25.961041,43.846152],[25.960867,43.846109],[25.960793,43.8461],[25.960716,43.846102],[25.960613,43.846122],[25.960568,43.846173],[25.960511,43.846217],[25.960444,43.846254],[25.960339,43.846289],[25.960226,43.846305],[25.96011,43.846301],[25.959999,43.846277],[25.959899,43.846235],[25.959802,43.846162],[25.959738,43.846072],[25.959672,43.845997],[25.959578,43.845934],[25.959472,43.845897],[25.959281,43.84586],[25.959013,43.845806],[25.958206,43.845616],[25.958128,43.845597],[25.958015,43.845568],[25.957988,43.845561],[25.957904,43.845537],[25.957847,43.845516],[25.957219,43.845294],[25.957193,43.845285],[25.957117,43.845256],[25.956971,43.845204],[25.956858,43.845164],[25.95658,43.845062],[25.956411,43.845008],[25.956139,43.844949],[25.955802,43.844898],[25.95568,43.844886],[25.955394,43.844893],[25.954803,43.844909],[25.954534,43.844905],[25.954256,43.844894],[25.954207,43.844892],[25.954066,43.844884],[25.954078,43.844818],[25.954095,43.844724],[25.954105,43.844671],[25.954125,43.844563],[25.954269,43.843801],[25.954386,43.843169],[25.954404,43.843065],[25.954453,43.842783],[25.954569,43.842088],[25.954711,43.84126],[25.954774,43.840825],[25.95479,43.840727],[25.954809,43.840616],[25.954856,43.840284],[25.954863,43.840245],[25.954978,43.839576],[25.954994,43.839497],[25.955011,43.839415],[25.955025,43.839323],[25.955062,43.839119],[25.955078,43.839046],[25.955096,43.838928],[25.955231,43.838058],[25.955268,43.837812],[25.955331,43.837402],[25.955378,43.837085],[25.955548,43.836117],[25.955811,43.834781]]},"properties":{"line":"А12","dir":"1","headsign":"Космос (Централна жп гара)","mode":"bus","color":"#0059a9","lbl":"12"}},{"type":"Feature","geometry":{"type":"LineString","coordinates":[[26.002658,43.853618],[26.002354,43.85358],[26.002007,43.853535],[26.001706,43.853496],[26.000906,43.853388],[26.000426,43.853328],[25.999796,43.853247],[25.998074,43.853016],[25.997865,43.85299],[25.99759,43.852953],[25.997232,43.852906],[25.996105,43.85276],[25.993383,43.852406],[25.992925,43.852348],[25.992309,43.852266],[25.992153,43.852245],[25.991404,43.852148],[25.99138,43.852145],[25.991309,43.852136],[25.991182,43.852117],[25.99099,43.852094],[25.99036,43.852014],[25.990044,43.851974],[25.989616,43.851919],[25.988582,43.851791],[25.988478,43.851778],[25.988117,43.85173],[25.987518,43.85165],[25.987478,43.851645],[25.987137,43.851605],[25.985383,43.85138],[25.985232,43.85136],[25.985053,43.851337],[25.984734,43.851297],[25.984405,43.851255],[25.983566,43.851152],[25.982355,43.850987],[25.981214,43.850835],[25.979511,43.850623],[25.979484,43.85062],[25.979299,43.850597],[25.979162,43.850579],[25.978979,43.850556],[25.978658,43.850516],[25.977188,43.85033],[25.976673,43.850251],[25.976385,43.850164],[25.976297,43.850139],[25.975412,43.849845],[25.974952,43.849664],[25.974795,43.849603],[25.973436,43.849119],[25.973137,43.849012],[25.97143,43.848478],[25.969481,43.847969],[25.96746,43.847443],[25.967024,43.847319],[25.966719,43.847233],[25.966475,43.847164],[25.966422,43.847148],[25.96627,43.847108],[25.966101,43.847054],[25.96513,43.846743],[25.964743,43.846662],[25.964245,43.846584],[25.963352,43.846496],[25.962525,43.846406],[25.96205,43.846325],[25.961041,43.846152],[25.960867,43.846109],[25.960793,43.8461],[25.960716,43.846102],[25.960613,43.846122],[25.960568,43.846173],[25.960511,43.846217],[25.960444,43.846254],[25.960339,43.846289],[25.960226,43.846305],[25.96011,43.846301],[25.959999,43.846277],[25.959899,43.846235],[25.959802,43.846162],[25.959738,43.846072],[25.959715,43.84599],[25.95972,43.845907],[25.959742,43.845836],[25.959786,43.845778],[25.959811,43.845754],[25.959894,43.845693],[25.959994,43.845649],[25.960074,43.845559],[25.960094,43.8455],[25.960107,43.845418],[25.960191,43.845015],[25.960192,43.844952],[25.960199,43.844641],[25.960208,43.844108],[25.960208,43.844075],[25.960241,43.842984],[25.960241,43.842948],[25.96024,43.842194],[25.960237,43.841843],[25.960232,43.841721],[25.960209,43.841631],[25.960206,43.841623],[25.960052,43.841152],[25.959757,43.840245],[25.959741,43.840201],[25.959651,43.839907],[25.959629,43.839837],[25.959579,43.839693],[25.95953,43.839562],[25.959495,43.839433],[25.959117,43.838402],[25.959077,43.838292],[25.958996,43.838057],[25.958882,43.837746],[25.958753,43.837393],[25.958418,43.836419],[25.958396,43.836362],[25.958141,43.835741],[25.958086,43.835636],[25.958019,43.835531],[25.957941,43.835434],[25.957863,43.835348],[25.957786,43.835275],[25.957689,43.835199],[25.957443,43.835049],[25.956785,43.834683],[25.9567,43.834643],[25.956601,43.834613],[25.956507,43.834594],[25.956207,43.834553],[25.956033,43.834528],[25.955884,43.8345],[25.955821,43.834477],[25.955765,43.834454],[25.955707,43.83442],[25.95552,43.834305],[25.955295,43.834177],[25.955176,43.83411],[25.954982,43.833997],[25.954881,43.833933],[25.954816,43.833867],[25.954748,43.833782],[25.954623,43.833629],[25.954541,43.833546],[25.954452,43.833471],[25.954373,43.833414],[25.954283,43.833357],[25.954152,43.833282],[25.953833,43.83311],[25.953523,43.832951],[25.953283,43.832832],[25.953023,43.832707],[25.952708,43.832568],[25.952484,43.832472],[25.952114,43.832322],[25.951648,43.832147],[25.951181,43.831972],[25.950961,43.8319],[25.950771,43.831843],[25.950566,43.831788],[25.950401,43.831751],[25.950417,43.831659],[25.950418,43.831544],[25.950411,43.831432],[25.950391,43.831338],[25.950358,43.831244],[25.950267,43.831094],[25.950148,43.830952],[25.949906,43.830636],[25.949633,43.830345],[25.949576,43.830269],[25.949456,43.830076],[25.949401,43.829945],[25.949352,43.829762],[25.949336,43.829586],[25.949344,43.828668],[25.949337,43.828613],[25.949316,43.828355],[25.949358,43.828303],[25.949408,43.828272],[25.949479,43.828255],[25.949571,43.828251],[25.949714,43.828256],[25.950006,43.828425],[25.950249,43.828566],[25.950369,43.828641],[25.950436,43.82873],[25.95046,43.828875],[25.950452,43.829032],[25.950451,43.829174],[25.950478,43.829311],[25.950536,43.829386],[25.950742,43.829494],[25.95096,43.829613],[25.951195,43.829769],[25.951469,43.829898],[25.951486,43.829945],[25.951481,43.82998],[25.951465,43.830026],[25.95141,43.830084],[25.951371,43.8301],[25.951335,43.830115],[25.951264,43.830122],[25.949903,43.829493],[25.949019,43.828997],[25.948148,43.828534],[25.947351,43.828135],[25.947145,43.82802],[25.94663,43.827778],[25.946205,43.827551],[25.945709,43.827294],[25.9453,43.827078],[25.94498,43.826886],[25.944624,43.826646],[25.944164,43.82629],[25.942684,43.825101],[25.942102,43.824623],[25.941428,43.824058],[25.940835,43.823628],[25.940482,43.823365],[25.940063,43.823094],[25.939855,43.822951],[25.939351,43.822645],[25.939204,43.82252],[25.939137,43.822462],[25.938812,43.822221],[25.938676,43.822105],[25.938545,43.821965],[25.938371,43.821713],[25.937944,43.821189],[25.937626,43.820774],[25.937343,43.820415],[25.937291,43.82031],[25.937263,43.820178],[25.937283,43.819984],[25.937367,43.819805],[25.937487,43.819658],[25.93777,43.819352],[25.937995,43.819145],[25.938218,43.818944],[25.938365,43.818811],[25.938726,43.818478],[25.938995,43.818179],[25.939065,43.81814],[25.939111,43.818101],[25.93915,43.818065],[25.939211,43.817996],[25.939317,43.817786],[25.939506,43.817439],[25.939708,43.817046],[25.939839,43.816689],[25.939906,43.816485],[25.939973,43.816161],[25.939999,43.816097],[25.940171,43.815673],[25.940652,43.81461],[25.940862,43.814209],[25.941168,43.813815],[25.941451,43.81347],[25.941525,43.813384],[25.941901,43.812958],[25.942282,43.812533],[25.942368,43.812436],[25.94284,43.811983],[25.943106,43.811685],[25.943304,43.811418],[25.943438,43.811164],[25.943493,43.811034],[25.943572,43.810783],[25.943643,43.810499],[25.943647,43.810152],[25.943621,43.809833],[25.943557,43.809595],[25.943453,43.809339],[25.943309,43.809074],[25.942965,43.808542],[25.942639,43.808071],[25.94251,43.807842],[25.942434,43.80765],[25.94212,43.806848],[25.942082,43.806776],[25.942031,43.806698],[25.941946,43.806653],[25.941853,43.806614],[25.941774,43.80659],[25.94171,43.806582],[25.94162,43.806576],[25.941188,43.806585],[25.939589,43.806619],[25.939445,43.806622],[25.937385,43.80665],[25.937302,43.806651],[25.937184,43.806653],[25.937054,43.806656],[25.936197,43.806677],[25.934333,43.80671],[25.932727,43.806635],[25.93243,43.806615],[25.931922,43.806549],[25.931735,43.806502],[25.930696,43.806068],[25.930274,43.805896],[25.930116,43.805832],[25.928589,43.805187],[25.928188,43.804954],[25.927923,43.804663],[25.927824,43.804421],[25.927566,43.803871],[25.927187,43.802932],[25.927137,43.802745],[25.927124,43.802573],[25.927127,43.802443],[25.927156,43.80232],[25.927209,43.802153],[25.927268,43.802049],[25.927312,43.801991],[25.927363,43.801924],[25.92752,43.801673],[25.928048,43.800827],[25.928325,43.800449],[25.928388,43.800379],[25.928771,43.79994],[25.929125,43.79957],[25.92937,43.79936],[25.929577,43.799209],[25.929984,43.798961],[25.93017,43.798837],[25.93049,43.798629],[25.930711,43.798481],[25.930801,43.79841],[25.930876,43.798366],[25.931037,43.798234],[25.931112,43.79817],[25.931277,43.79803],[25.931487,43.797864],[25.931632,43.797743],[25.931656,43.797723],[25.931698,43.797687],[25.931741,43.797633],[25.931562,43.797373],[25.931351,43.797046],[25.931268,43.796955],[25.930929,43.796689],[25.930631,43.79649],[25.93028,43.796234],[25.929933,43.795973],[25.929876,43.795933],[25.929644,43.795814],[25.929285,43.795631],[25.92898,43.795478],[25.928909,43.795442],[25.928106,43.795002],[25.927489,43.794643],[25.927162,43.794465],[25.926721,43.794256],[25.926541,43.794177],[25.926352,43.794083],[25.926137,43.793974],[25.925935,43.793869],[25.925676,43.793748],[25.92544,43.793672],[25.925217,43.793615],[25.925017,43.793594],[25.924693,43.793565],[25.924397,43.793556],[25.924234,43.793547],[25.924012,43.79349],[25.923946,43.793446],[25.923911,43.793403],[25.923873,43.7933],[25.923889,43.793169],[25.923906,43.793119],[25.924018,43.792716],[25.924031,43.792542],[25.924021,43.792369],[25.924018,43.79232],[25.924004,43.79223],[25.923995,43.792124],[25.923989,43.792051],[25.923975,43.791849],[25.923956,43.791621],[25.923913,43.791187],[25.923881,43.790523],[25.923875,43.790314],[25.92383,43.790169],[25.923493,43.789856],[25.922596,43.789044],[25.922517,43.788965],[25.922348,43.788795],[25.922326,43.788626],[25.922326,43.788471],[25.922388,43.788384],[25.922629,43.78831],[25.923225,43.78812],[25.923299,43.7881],[25.923297,43.787804],[25.923275,43.787179],[25.923218,43.786773],[25.923075,43.786591],[25.922894,43.786442],[25.922286,43.78605],[25.921781,43.785742],[25.921477,43.785504],[25.921162,43.785223],[25.920965,43.785038],[25.920753,43.784816],[25.92065,43.784669],[25.920564,43.784482],[25.920624,43.784247],[25.920643,43.784124]]},"properties":{"line":"А15","dir":"0","headsign":"Стрелбището","mode":"bus","color":"#0059a9","lbl":"15"}},{"type":"Feature","geometry":{"type":"LineString","coordinates":[[25.920643,43.784124],[25.920624,43.784247],[25.920564,43.784482],[25.92065,43.784669],[25.920753,43.784816],[25.920965,43.785038],[25.921162,43.785223],[25.921477,43.785504],[25.921781,43.785742],[25.922286,43.78605],[25.922894,43.786442],[25.923075,43.786591],[25.923218,43.786773],[25.923275,43.787179],[25.923297,43.787804],[25.923299,43.7881],[25.923225,43.78812],[25.922629,43.78831],[25.922388,43.788384],[25.922326,43.788471],[25.922326,43.788626],[25.922348,43.788795],[25.922596,43.789044],[25.922721,43.789158],[25.923493,43.789856],[25.92383,43.790169],[25.923875,43.790314],[25.923881,43.790523],[25.923913,43.791187],[25.923956,43.791621],[25.923975,43.791849],[25.923989,43.792051],[25.923995,43.792124],[25.924004,43.79223],[25.924018,43.79232],[25.924021,43.792369],[25.924031,43.792542],[25.924018,43.792716],[25.923906,43.793119],[25.923889,43.793169],[25.923873,43.7933],[25.923911,43.793403],[25.923946,43.793446],[25.924012,43.79349],[25.924234,43.793547],[25.924397,43.793556],[25.924693,43.793565],[25.925017,43.793594],[25.925217,43.793615],[25.92544,43.793672],[25.925676,43.793748],[25.925935,43.793869],[25.926137,43.793974],[25.926352,43.794083],[25.926541,43.794177],[25.926721,43.794256],[25.927162,43.794465],[25.927489,43.794643],[25.928106,43.795002],[25.928909,43.795442],[25.929285,43.795631],[25.929644,43.795814],[25.929876,43.795933],[25.929909,43.795956],[25.929933,43.795973],[25.93028,43.796234],[25.930631,43.79649],[25.930929,43.796689],[25.931268,43.796955],[25.931351,43.797046],[25.931562,43.797373],[25.931741,43.797633],[25.93177,43.797672],[25.931832,43.797768],[25.932094,43.798169],[25.932052,43.798221],[25.93196,43.798274],[25.93184,43.798307],[25.931433,43.798361],[25.931136,43.798394],[25.930973,43.798412],[25.930711,43.798481],[25.93049,43.798629],[25.93017,43.798837],[25.929984,43.798961],[25.929577,43.799209],[25.92937,43.79936],[25.929125,43.79957],[25.928771,43.79994],[25.928388,43.800379],[25.928325,43.800449],[25.928048,43.800827],[25.92752,43.801673],[25.927363,43.801924],[25.927312,43.801991],[25.927268,43.802049],[25.927209,43.802153],[25.927156,43.80232],[25.927127,43.802443],[25.927124,43.802573],[25.927137,43.802745],[25.927187,43.802932],[25.927566,43.803871],[25.927824,43.804421],[25.927923,43.804663],[25.928188,43.804954],[25.928589,43.805187],[25.930116,43.805832],[25.930263,43.805891],[25.930696,43.806068],[25.931735,43.806502],[25.931922,43.806549],[25.93243,43.806615],[25.932727,43.806635],[25.934333,43.80671],[25.936197,43.806677],[25.937184,43.806653],[25.937302,43.806651],[25.937385,43.80665],[25.939445,43.806622],[25.939589,43.806619],[25.941222,43.806584],[25.94162,43.806576],[25.94171,43.806582],[25.941774,43.80659],[25.941853,43.806614],[25.941946,43.806653],[25.942031,43.806698],[25.942173,43.806758],[25.942749,43.807],[25.942612,43.807072],[25.942568,43.807105],[25.942526,43.80714],[25.94249,43.80718],[25.942462,43.807229],[25.94244,43.807283],[25.942422,43.807339],[25.942407,43.807391],[25.942402,43.80743],[25.942402,43.807471],[25.942407,43.80753],[25.942418,43.807578],[25.942434,43.80765],[25.94251,43.807842],[25.942639,43.808071],[25.942965,43.808542],[25.943309,43.809074],[25.943453,43.809339],[25.943557,43.809595],[25.943621,43.809833],[25.943647,43.810152],[25.943643,43.810499],[25.943572,43.810783],[25.943493,43.811034],[25.943438,43.811164],[25.943304,43.811418],[25.943106,43.811685],[25.94284,43.811983],[25.942368,43.812436],[25.941901,43.812958],[25.941551,43.813354],[25.941525,43.813384],[25.941451,43.81347],[25.941168,43.813815],[25.940862,43.814209],[25.940652,43.81461],[25.940171,43.815673],[25.939973,43.816161],[25.939957,43.816237],[25.939906,43.816485],[25.939839,43.816689],[25.939708,43.817046],[25.939506,43.817439],[25.939317,43.817786],[25.939211,43.817996],[25.93915,43.818065],[25.939111,43.818101],[25.939065,43.81814],[25.938995,43.818179],[25.938726,43.818478],[25.938365,43.818811],[25.938218,43.818944],[25.937995,43.819145],[25.93777,43.819352],[25.937487,43.819658],[25.937367,43.819805],[25.937283,43.819984],[25.937263,43.820178],[25.937291,43.82031],[25.937343,43.820415],[25.937626,43.820774],[25.937944,43.821189],[25.938371,43.821713],[25.938545,43.821965],[25.938676,43.822105],[25.938812,43.822221],[25.939093,43.822379],[25.939266,43.822484],[25.939544,43.822647],[25.94032,43.823099],[25.940874,43.823429],[25.941244,43.823682],[25.94159,43.82394],[25.941859,43.824157],[25.942159,43.824392],[25.942309,43.82451],[25.942391,43.824588],[25.94246,43.824664],[25.942519,43.824731],[25.942571,43.824798],[25.942602,43.824825],[25.942649,43.824859],[25.942689,43.824872],[25.942735,43.824869],[25.942781,43.824862],[25.94281,43.824852],[25.942861,43.824839],[25.942888,43.824843],[25.94291,43.824852],[25.942945,43.824866],[25.943029,43.824908],[25.943167,43.825019],[25.943726,43.825444],[25.944751,43.826275],[25.945276,43.826625],[25.945637,43.826833],[25.946154,43.827128],[25.947034,43.827604],[25.94714,43.827655],[25.947233,43.827707],[25.947458,43.827823],[25.94761,43.827897],[25.94802,43.828106],[25.949061,43.828653],[25.949896,43.829117],[25.950052,43.829114],[25.950154,43.829088],[25.950273,43.829026],[25.950306,43.828942],[25.950299,43.828841],[25.950257,43.828746],[25.950237,43.82873],[25.95015,43.828667],[25.950078,43.828632],[25.950052,43.828616],[25.949979,43.828576],[25.949944,43.828558],[25.949902,43.828536],[25.949811,43.828517],[25.949716,43.82852],[25.949628,43.828546],[25.949547,43.82858],[25.949499,43.828621],[25.949444,43.82871],[25.949476,43.829604],[25.949493,43.829765],[25.949535,43.829945],[25.949632,43.830127],[25.949787,43.830331],[25.950426,43.831135],[25.950762,43.831499],[25.951154,43.831863],[25.951725,43.832085],[25.952568,43.832413],[25.953289,43.832716],[25.954028,43.833078],[25.954279,43.833209],[25.955232,43.833748],[25.954982,43.833997],[25.955176,43.83411],[25.955103,43.83402],[25.955104,43.833975],[25.955122,43.833932],[25.955157,43.833893],[25.955203,43.83387],[25.955263,43.833855],[25.955336,43.833848],[25.9554,43.833858],[25.955461,43.833875],[25.955868,43.834092],[25.955974,43.834152],[25.957495,43.834994],[25.95787,43.835215],[25.957953,43.835274],[25.958016,43.835322],[25.958096,43.835404],[25.958163,43.835486],[25.95825,43.835608],[25.958322,43.835769],[25.958436,43.836074],[25.958573,43.836391],[25.958846,43.837065],[25.959135,43.837692],[25.959404,43.838247],[25.959456,43.838367],[25.959565,43.838654],[25.959752,43.839127],[25.959824,43.83931],[25.959843,43.839357],[25.959857,43.839397],[25.959894,43.839478],[25.959947,43.839649],[25.959984,43.83978],[25.960014,43.839866],[25.960125,43.840181],[25.9602,43.840406],[25.960309,43.840736],[25.96059,43.841593],[25.960625,43.841742],[25.960633,43.841832],[25.960621,43.842581],[25.96062,43.842657],[25.960594,43.843475],[25.960592,43.843513],[25.960571,43.844139],[25.960543,43.844953],[25.960494,43.84552],[25.960494,43.845587],[25.960526,43.845718],[25.960565,43.845749],[25.960598,43.845784],[25.960625,43.845821],[25.960646,43.84586],[25.960752,43.845952],[25.960833,43.845989],[25.960932,43.84602],[25.961585,43.846139],[25.961686,43.846157],[25.962585,43.846311],[25.962799,43.846348],[25.96291,43.846368],[25.963405,43.846428],[25.963937,43.846474],[25.964259,43.8465],[25.964473,43.846524],[25.964705,43.846553],[25.964806,43.846571],[25.965078,43.846631],[25.965209,43.846666],[25.965401,43.846726],[25.965507,43.846759],[25.966117,43.846948],[25.966159,43.846961],[25.966321,43.847012],[25.966479,43.847056],[25.966694,43.847128],[25.967295,43.84733],[25.968551,43.84765],[25.969234,43.84783],[25.970946,43.848266],[25.971538,43.848423],[25.973184,43.848956],[25.973538,43.849076],[25.976427,43.850054],[25.976518,43.850082],[25.976826,43.850158],[25.977245,43.850216],[25.977902,43.850305],[25.97897,43.850449],[25.979004,43.850451],[25.979189,43.850445],[25.97933,43.850464],[25.979522,43.850488],[25.982132,43.850824],[25.982349,43.850859],[25.98239,43.850864],[25.982731,43.850909],[25.983015,43.850946],[25.985104,43.851222],[25.985281,43.851245],[25.985406,43.851261],[25.988539,43.851665],[25.989828,43.851829],[25.99097,43.851975],[25.991016,43.851981],[25.991203,43.852004],[25.99133,43.852025],[25.991406,43.852034],[25.99284,43.852213],[25.996158,43.852637],[25.997624,43.852825],[25.997903,43.852861],[25.998109,43.852888],[26.000221,43.853169],[26.001477,43.853335],[26.00204,43.85341],[26.002448,43.853458],[26.003586,43.853591]]},"properties":{"line":"А15","dir":"1","headsign":"Мототехника","mode":"bus","color":"#0059a9","lbl":"15"}},{"type":"Feature","geometry":{"type":"LineString","coordinates":[[25.997428,43.857626],[25.997386,43.857625],[25.997346,43.857614],[25.997314,43.857595],[25.997292,43.857569],[25.997282,43.85754],[25.997286,43.85751],[25.997303,43.857482],[25.997332,43.85746],[25.997369,43.857445],[25.996986,43.85672],[25.996982,43.856655],[25.996984,43.856594],[25.996992,43.856526],[25.997004,43.856459],[25.99707,43.856152],[25.997081,43.856107],[25.997228,43.855522],[25.997247,43.855448],[25.997273,43.855345],[25.99728,43.855318],[25.997357,43.85501],[25.99736,43.854997],[25.997401,43.854835],[25.99741,43.854797],[25.997415,43.854778],[25.997571,43.85416],[25.997621,43.853962],[25.997664,43.853788],[25.997711,43.853602],[25.997842,43.853081],[25.997865,43.85299],[25.99759,43.852953],[25.997232,43.852906],[25.996105,43.85276],[25.993383,43.852406],[25.992925,43.852348],[25.992309,43.852266],[25.992153,43.852245],[25.991404,43.852148],[25.99138,43.852145],[25.991309,43.852136],[25.991182,43.852117],[25.99099,43.852094],[25.99036,43.852014],[25.990044,43.851974],[25.989616,43.851919],[25.988582,43.851791],[25.988478,43.851778],[25.988117,43.85173],[25.987518,43.85165],[25.987478,43.851645],[25.987137,43.851605],[25.985383,43.85138],[25.985232,43.85136],[25.985053,43.851337],[25.984734,43.851297],[25.984405,43.851255],[25.983566,43.851152],[25.982355,43.850987],[25.981214,43.850835],[25.979511,43.850623],[25.979484,43.85062],[25.979299,43.850597],[25.97928,43.850687],[25.979129,43.851395],[25.978979,43.852122],[25.978957,43.852215],[25.978928,43.852331],[25.978919,43.852366],[25.978917,43.852545],[25.978916,43.852657],[25.978929,43.85277],[25.978981,43.8529],[25.979127,43.853062],[25.97917,43.853093],[25.979204,43.853129],[25.979236,43.85319],[25.979242,43.853255],[25.979223,43.853318],[25.979179,43.853375],[25.979115,43.85342],[25.979059,43.853444],[25.978999,43.853459],[25.978813,43.853618],[25.978481,43.854005],[25.976355,43.856306],[25.976302,43.856363],[25.976268,43.856402],[25.975592,43.856956],[25.975383,43.857163],[25.975286,43.857259],[25.975229,43.857315],[25.97518,43.857364],[25.975094,43.857453],[25.974017,43.858568],[25.973957,43.85863],[25.9739,43.85869],[25.973811,43.858781],[25.973175,43.859436],[25.973094,43.859395],[25.973041,43.859369],[25.972191,43.858941],[25.971815,43.858752],[25.971062,43.858394],[25.970361,43.858055],[25.969967,43.857862],[25.96907,43.857437],[25.968884,43.857348],[25.968042,43.856945],[25.967994,43.856922],[25.967875,43.856865],[25.967802,43.856831],[25.965961,43.855961],[25.964389,43.855196],[25.964123,43.85506],[25.964085,43.855046],[25.964031,43.855035],[25.96397,43.855028],[25.963898,43.855031],[25.963784,43.855046],[25.963623,43.855105],[25.963273,43.855233],[25.963185,43.855265],[25.963053,43.855316],[25.963016,43.855327],[25.962994,43.855333],[25.962969,43.855338],[25.962949,43.85534],[25.962925,43.855339],[25.962899,43.855332],[25.962875,43.855322],[25.962837,43.855304],[25.962791,43.855248],[25.962389,43.854725],[25.962142,43.854401],[25.961797,43.853946],[25.961699,43.853828],[25.96166,43.853777],[25.96163,43.853737],[25.961551,43.853612],[25.961538,43.853592],[25.961181,43.853051],[25.961044,43.852882],[25.95998,43.851374],[25.959745,43.851022],[25.959648,43.850897],[25.959579,43.850821],[25.959487,43.850738],[25.959398,43.850655],[25.959234,43.850511],[25.959142,43.850437],[25.959067,43.850388],[25.958958,43.850323],[25.958849,43.850277],[25.95883,43.850272],[25.958744,43.850251],[25.95865,43.850223],[25.958497,43.850182],[25.95826,43.850117],[25.958377,43.849977],[25.959031,43.849056],[25.959083,43.848982],[25.959263,43.848696],[25.959309,43.848622],[25.95944,43.848249],[25.959447,43.848229],[25.959473,43.848141],[25.959517,43.847958],[25.959559,43.847812],[25.95977,43.847045],[25.9599,43.846592],[25.959931,43.846502],[25.959939,43.846397],[25.959931,43.846307],[25.959899,43.846235],[25.959802,43.846162],[25.959738,43.846072],[25.959672,43.845997],[25.959578,43.845934],[25.959472,43.845897],[25.959281,43.84586],[25.959013,43.845806],[25.958206,43.845616],[25.958128,43.845597],[25.958015,43.845568],[25.957988,43.845561],[25.957904,43.845537],[25.957847,43.845516],[25.957219,43.845294],[25.957193,43.845285],[25.957117,43.845256],[25.956971,43.845204],[25.956858,43.845164],[25.95658,43.845062],[25.956411,43.845008],[25.956139,43.844949],[25.955802,43.844898],[25.95568,43.844886],[25.955394,43.844893],[25.954803,43.844909],[25.954534,43.844905],[25.954256,43.844894],[25.954207,43.844892],[25.954066,43.844884],[25.953897,43.844876],[25.953705,43.844868],[25.953346,43.84484],[25.952984,43.844767],[25.95287,43.844734],[25.952394,43.844536],[25.952134,43.844428],[25.951926,43.844324],[25.951897,43.844309],[25.951686,43.844196],[25.951515,43.844114],[25.95054,43.84364],[25.950485,43.843615],[25.950213,43.84349],[25.949556,43.843206],[25.949449,43.84316],[25.949375,43.843128],[25.949258,43.843068],[25.949079,43.842972],[25.948846,43.842824],[25.948491,43.842568],[25.948278,43.84239],[25.947895,43.842068],[25.947851,43.84202],[25.947836,43.842003],[25.947834,43.842001],[25.947805,43.841939],[25.947801,43.841841],[25.947846,43.841548],[25.947956,43.840711],[25.948091,43.840575],[25.948344,43.840257],[25.948344,43.840211],[25.948343,43.840175],[25.948442,43.839873],[25.948732,43.838977],[25.948807,43.838727],[25.949097,43.837895],[25.949148,43.837695],[25.949158,43.837654],[25.949222,43.837402],[25.949267,43.837245],[25.949282,43.837185],[25.949246,43.837047],[25.949222,43.837003],[25.949182,43.836959],[25.949111,43.836915],[25.949,43.83688],[25.948517,43.836831],[25.948049,43.836786],[25.947581,43.836671],[25.947337,43.8366],[25.947018,43.836485],[25.943692,43.835205],[25.943519,43.835131],[25.943321,43.835043],[25.943216,43.834996],[25.943109,43.83493],[25.942312,43.834314],[25.942107,43.834156],[25.941994,43.834069],[25.941612,43.833745],[25.940996,43.833202],[25.940294,43.832621],[25.939808,43.832186],[25.939614,43.832002],[25.93941,43.83177],[25.939186,43.831495],[25.939011,43.831264],[25.938821,43.830995],[25.938008,43.829849],[25.937296,43.828844],[25.936636,43.828243],[25.936502,43.82811],[25.936402,43.827985],[25.9363,43.827839],[25.936216,43.827719],[25.936129,43.827585],[25.936019,43.827417],[25.935963,43.827322],[25.935713,43.826827],[25.935441,43.826289],[25.93536,43.826175],[25.935235,43.826],[25.935018,43.825696],[25.934704,43.825256],[25.934462,43.824917],[25.933032,43.822915],[25.932899,43.822729],[25.932782,43.822565],[25.932715,43.822471],[25.932441,43.822087],[25.932378,43.821999],[25.932305,43.821897],[25.932157,43.821771],[25.932007,43.821593],[25.93173,43.821299],[25.931656,43.821202],[25.931583,43.821104],[25.931449,43.820912],[25.931257,43.820575],[25.931195,43.820454],[25.931098,43.820138],[25.931048,43.819931],[25.931,43.819793],[25.930905,43.819557],[25.930717,43.819162],[25.930459,43.818636],[25.930349,43.818396],[25.930204,43.818094],[25.93017,43.818021],[25.930051,43.817769],[25.92993,43.817484],[25.929893,43.817397],[25.929692,43.816947],[25.929464,43.816513],[25.929432,43.81645],[25.929269,43.816144],[25.929027,43.815632],[25.928835,43.815203],[25.928754,43.815005],[25.928447,43.814289],[25.928458,43.814367],[25.928466,43.814427],[25.928466,43.814483],[25.928452,43.814542],[25.92842,43.814599],[25.928374,43.814641],[25.928314,43.814679],[25.928237,43.814702],[25.928172,43.814708],[25.928093,43.814701],[25.928029,43.814678],[25.927973,43.814638],[25.927946,43.814602],[25.927973,43.814638],[25.928029,43.814678],[25.928093,43.814701],[25.928172,43.814708],[25.928237,43.814702],[25.928314,43.814679],[25.928374,43.814641],[25.92842,43.814599],[25.928452,43.814542],[25.928466,43.814483],[25.928466,43.814427],[25.928458,43.814367],[25.928447,43.814289],[25.927961,43.813209],[25.927859,43.812977],[25.927422,43.812073],[25.927327,43.811886],[25.92727,43.811795],[25.927164,43.811652],[25.926915,43.811318],[25.926179,43.810585],[25.926093,43.810486],[25.923545,43.808153],[25.923359,43.807982],[25.923136,43.807765],[25.922586,43.807156],[25.922425,43.806964],[25.92221,43.806663],[25.921598,43.805651],[25.921547,43.805538],[25.921124,43.804594],[25.920488,43.803075],[25.920233,43.80245],[25.919101,43.799749],[25.918822,43.799184],[25.918504,43.798542],[25.918435,43.798423],[25.917796,43.797314],[25.917576,43.796917],[25.917573,43.796911],[25.917484,43.796752],[25.917315,43.796446],[25.916829,43.795569],[25.916722,43.795345],[25.916012,43.79384],[25.915826,43.793418],[25.915499,43.792688],[25.915278,43.792192],[25.915175,43.791871],[25.915062,43.791659],[25.91486,43.791221],[25.914759,43.791002],[25.914609,43.790598],[25.91444,43.790132],[25.914375,43.789977],[25.914324,43.789824],[25.914315,43.789798],[25.914163,43.789317],[25.914113,43.789122],[25.914012,43.788759],[25.914009,43.788751],[25.913857,43.788342],[25.913782,43.788116],[25.913637,43.787793],[25.913428,43.787458],[25.913251,43.787226],[25.913092,43.787042],[25.912846,43.786804],[25.912416,43.78636],[25.912097,43.786039],[25.911217,43.785069],[25.910877,43.784723],[25.910358,43.784234],[25.909068,43.782931],[25.906937,43.780747],[25.906765,43.780605],[25.906581,43.78044],[25.906278,43.780221],[25.905887,43.78],[25.905368,43.779771],[25.904768,43.779548],[25.899266,43.777626],[25.898944,43.777481],[25.898693,43.777345],[25.898488,43.77721],[25.898284,43.777014],[25.897978,43.776677],[25.897786,43.776312],[25.897668,43.775916],[25.897517,43.77477],[25.897474,43.774413],[25.897455,43.77428],[25.897305,43.773232],[25.897228,43.772525],[25.897254,43.772054],[25.897382,43.77148],[25.897614,43.770999],[25.897926,43.770541],[25.897611,43.770479],[25.897321,43.770382],[25.896943,43.770173],[25.896666,43.769932],[25.896497,43.769731],[25.896042,43.76924],[25.895701,43.768868],[25.895505,43.76871],[25.895207,43.768503],[25.895149,43.768462],[25.894624,43.768171],[25.894464,43.768082],[25.894316,43.768],[25.891649,43.766763],[25.891102,43.766522],[25.890489,43.766321],[25.88988,43.766184],[25.889085,43.766084],[25.888081,43.766098],[25.887274,43.766116],[25.887122,43.766119],[25.887152,43.766118],[25.887274,43.766116],[25.888081,43.766098],[25.889085,43.766084],[25.88988,43.766184],[25.890489,43.766321],[25.891102,43.766522],[25.891649,43.766763],[25.894316,43.768],[25.894464,43.768082],[25.894624,43.768171],[25.895149,43.768462],[25.895207,43.768503],[25.895505,43.76871],[25.895701,43.768868],[25.896042,43.76924],[25.896497,43.769731],[25.896666,43.769932],[25.896943,43.770173],[25.897321,43.770382],[25.897611,43.770479],[25.897926,43.770541],[25.898303,43.770166],[25.898869,43.769727],[25.89931,43.769338],[25.899969,43.768846],[25.900386,43.768437],[25.900795,43.767908],[25.901435,43.766518],[25.902135,43.765069],[25.902468,43.764387],[25.902638,43.76394],[25.902663,43.763823],[25.902702,43.763547],[25.90271,43.763379]]},"properties":{"line":"А16","dir":"0","headsign":"16-ти километър, Обръщало","mode":"bus","color":"#0059a9","lbl":"16"}},{"type":"Feature","geometry":{"type":"LineString","coordinates":[[25.90271,43.763379],[25.902702,43.763547],[25.902663,43.763823],[25.902638,43.76394],[25.902468,43.764387],[25.902135,43.765069],[25.901435,43.766518],[25.900795,43.767908],[25.900386,43.768437],[25.899969,43.768846],[25.89931,43.769338],[25.898869,43.769727],[25.898303,43.770166],[25.897926,43.770541],[25.897614,43.770999],[25.897382,43.77148],[25.897254,43.772054],[25.897228,43.772525],[25.897305,43.773232],[25.897474,43.774413],[25.897517,43.77477],[25.897528,43.774849],[25.897668,43.775916],[25.897786,43.776312],[25.897978,43.776677],[25.898284,43.777014],[25.898488,43.77721],[25.898693,43.777345],[25.898944,43.777481],[25.899266,43.777626],[25.904768,43.779548],[25.905368,43.779771],[25.905887,43.78],[25.906278,43.780221],[25.906581,43.78044],[25.906765,43.780605],[25.906937,43.780747],[25.909068,43.782931],[25.910358,43.784234],[25.910877,43.784723],[25.911217,43.785069],[25.912097,43.786039],[25.912416,43.78636],[25.912846,43.786804],[25.913092,43.787042],[25.913251,43.787226],[25.913428,43.787458],[25.913637,43.787793],[25.913782,43.788116],[25.913857,43.788342],[25.914012,43.788759],[25.914113,43.789122],[25.914163,43.789317],[25.914251,43.789594],[25.914315,43.789798],[25.914324,43.789824],[25.914375,43.789977],[25.91444,43.790132],[25.914609,43.790598],[25.914759,43.791002],[25.91486,43.791221],[25.915062,43.791659],[25.915175,43.791871],[25.915316,43.792041],[25.915504,43.792393],[25.915969,43.793246],[25.916422,43.794058],[25.917025,43.795124],[25.917203,43.795453],[25.91747,43.795949],[25.917704,43.796384],[25.91784,43.796635],[25.917932,43.7968],[25.917989,43.796902],[25.918151,43.797196],[25.918467,43.797736],[25.918499,43.797791],[25.918752,43.79823],[25.919177,43.799004],[25.919343,43.79936],[25.9195,43.7997],[25.91994,43.800771],[25.920751,43.802659],[25.921088,43.803439],[25.921158,43.803631],[25.921569,43.804561],[25.921657,43.804759],[25.921728,43.804954],[25.92199,43.805529],[25.922235,43.806],[25.922418,43.806315],[25.922701,43.806705],[25.923075,43.807177],[25.923401,43.807537],[25.923494,43.807627],[25.923666,43.807782],[25.924085,43.808177],[25.924392,43.808455],[25.924592,43.808638],[25.924671,43.808709],[25.925914,43.809836],[25.926555,43.810418],[25.926889,43.810743],[25.927103,43.810978],[25.927325,43.811254],[25.927548,43.811533],[25.927848,43.81196],[25.928015,43.812326],[25.928161,43.812642],[25.928404,43.813161],[25.928597,43.813607],[25.928628,43.813678],[25.929012,43.814563],[25.929018,43.814574],[25.929104,43.814764],[25.929258,43.815097],[25.929481,43.815584],[25.929618,43.815887],[25.929706,43.816068],[25.929797,43.816283],[25.929945,43.816519],[25.93019,43.816869],[25.930266,43.816966],[25.930486,43.817248],[25.930532,43.817307],[25.930928,43.817693],[25.931041,43.817801],[25.931176,43.817918],[25.931674,43.818279],[25.931906,43.818413],[25.932029,43.818439],[25.932113,43.818442],[25.93222,43.818434],[25.932319,43.818404],[25.932401,43.81835],[25.932452,43.81829],[25.932477,43.818224],[25.932484,43.818168],[25.932467,43.818099],[25.932423,43.818031],[25.93235,43.81797],[25.932264,43.817936],[25.932109,43.817922],[25.932007,43.817935],[25.931912,43.817962],[25.931785,43.818015],[25.931642,43.818088],[25.931535,43.818154],[25.931385,43.818295],[25.93128,43.818411],[25.931175,43.818548],[25.931086,43.818707],[25.931023,43.818874],[25.931001,43.819021],[25.93099,43.819162],[25.930998,43.819353],[25.931012,43.81948],[25.931041,43.819611],[25.931103,43.819731],[25.931151,43.819815],[25.931223,43.819915],[25.931562,43.820283],[25.931613,43.820343],[25.931668,43.820417],[25.931905,43.820778],[25.931951,43.820857],[25.932,43.820941],[25.932067,43.821161],[25.932135,43.821438],[25.932183,43.8216],[25.932229,43.821724],[25.932305,43.821897],[25.932378,43.821999],[25.932441,43.822087],[25.932441,43.822088],[25.932715,43.822471],[25.932782,43.822565],[25.933032,43.822915],[25.934462,43.824917],[25.934704,43.825256],[25.935235,43.826],[25.93536,43.826175],[25.935441,43.826289],[25.935501,43.826345],[25.935959,43.826776],[25.936323,43.82712],[25.93643,43.827236],[25.936468,43.827295],[25.936507,43.827356],[25.936547,43.827414],[25.936666,43.827581],[25.936816,43.8278],[25.9369,43.827921],[25.936952,43.828013],[25.937102,43.828398],[25.937147,43.828512],[25.937296,43.828844],[25.938008,43.829849],[25.938821,43.830995],[25.939011,43.831264],[25.939035,43.831296],[25.939186,43.831495],[25.93941,43.83177],[25.939614,43.832002],[25.939808,43.832186],[25.940294,43.832621],[25.940996,43.833202],[25.941612,43.833745],[25.941994,43.834069],[25.942131,43.834175],[25.942312,43.834314],[25.943109,43.83493],[25.943216,43.834996],[25.943321,43.835043],[25.943519,43.835131],[25.943692,43.835205],[25.947018,43.836485],[25.947337,43.8366],[25.947581,43.836671],[25.948049,43.836786],[25.948517,43.836831],[25.949,43.83688],[25.949214,43.836902],[25.949286,43.836909],[25.949366,43.836917],[25.949444,43.83693],[25.950402,43.837085],[25.950668,43.837132],[25.951241,43.837217],[25.951359,43.837241],[25.951375,43.837252],[25.951402,43.837269],[25.951424,43.837283],[25.951452,43.837352],[25.950941,43.837863],[25.950815,43.83799],[25.950334,43.838424],[25.949427,43.839232],[25.948743,43.839938],[25.948438,43.840213],[25.948344,43.840257],[25.948091,43.840575],[25.948075,43.840591],[25.947956,43.840711],[25.947846,43.841548],[25.947801,43.841841],[25.94786,43.841891],[25.948529,43.842457],[25.94885,43.842702],[25.949113,43.842872],[25.949262,43.842955],[25.949313,43.842983],[25.949425,43.843042],[25.949504,43.843082],[25.950582,43.843592],[25.950616,43.84361],[25.950783,43.843624],[25.951028,43.84371],[25.951206,43.843785],[25.951298,43.843818],[25.95133,43.843833],[25.951347,43.843841],[25.951394,43.843866],[25.951435,43.843889],[25.951614,43.843984],[25.951729,43.84406],[25.951764,43.844092],[25.951826,43.844206],[25.952077,43.844329],[25.952179,43.84438],[25.952907,43.84467],[25.953017,43.844701],[25.953356,43.84477],[25.953803,43.844801],[25.953905,43.844809],[25.954078,43.844818],[25.95422,43.844826],[25.954511,43.844842],[25.954804,43.844846],[25.955059,43.844836],[25.955384,43.844827],[25.955691,43.844822],[25.955907,43.844842],[25.956091,43.844871],[25.956291,43.844909],[25.956458,43.84495],[25.956621,43.845001],[25.956781,43.845051],[25.957091,43.845165],[25.957675,43.845386],[25.957737,43.84541],[25.957807,43.845435],[25.957862,43.845453],[25.957937,43.845476],[25.958029,43.845503],[25.95813,43.845528],[25.958187,43.845543],[25.958255,43.845559],[25.958404,43.845594],[25.958899,43.845666],[25.959312,43.845757],[25.959541,43.845798],[25.959627,43.845805],[25.959679,43.845798],[25.959786,43.845778],[25.959811,43.845754],[25.959894,43.845693],[25.959994,43.845649],[25.960085,43.845627],[25.96018,43.845619],[25.960275,43.845624],[25.960367,43.845643],[25.960452,43.845675],[25.960526,43.845718],[25.960565,43.845749],[25.960598,43.845784],[25.960625,43.845821],[25.960646,43.84586],[25.960667,43.845948],[25.960656,43.846038],[25.960613,43.846122],[25.960568,43.846173],[25.960511,43.846217],[25.960444,43.846254],[25.96042,43.846294],[25.960396,43.846357],[25.960268,43.846811],[25.960216,43.846979],[25.959926,43.847927],[25.959905,43.847996],[25.959808,43.848282],[25.95965,43.848702],[25.959352,43.849176],[25.959034,43.849657],[25.958831,43.849965],[25.958799,43.850007],[25.958747,43.850076],[25.95865,43.850223],[25.958744,43.850251],[25.95883,43.850272],[25.958849,43.850277],[25.958958,43.850323],[25.959067,43.850388],[25.959142,43.850437],[25.959234,43.850511],[25.959398,43.850655],[25.959487,43.850738],[25.959579,43.850821],[25.959648,43.850897],[25.959745,43.851022],[25.95998,43.851374],[25.961044,43.852882],[25.961181,43.853051],[25.961425,43.853231],[25.961544,43.853319],[25.961709,43.853435],[25.961783,43.853484],[25.961795,43.853492],[25.961913,43.853569],[25.961993,43.853619],[25.962064,43.853672],[25.962099,43.853704],[25.962195,43.853711],[25.962245,43.853719],[25.962337,43.853733],[25.962645,43.853798],[25.963398,43.853959],[25.964188,43.854127],[25.964547,43.854203],[25.964655,43.854233],[25.964686,43.854246],[25.964759,43.854276],[25.965134,43.854459],[25.965695,43.854732],[25.965711,43.85474],[25.966648,43.855196],[25.967646,43.855677],[25.968596,43.856135],[25.96869,43.856181],[25.969,43.856329],[25.969567,43.856599],[25.970663,43.857122],[25.97123,43.857402],[25.971321,43.857451],[25.972627,43.858075],[25.972713,43.858116],[25.972854,43.858185],[25.973391,43.858446],[25.973692,43.858593],[25.973726,43.85861],[25.973814,43.858652],[25.973879,43.858582],[25.974935,43.857452],[25.974983,43.8574],[25.975066,43.857311],[25.975118,43.857262],[25.975277,43.857109],[25.975499,43.856895],[25.975721,43.856721],[25.97609,43.856391],[25.976182,43.856304],[25.976208,43.856278],[25.976591,43.855912],[25.977747,43.854652],[25.977955,43.854427],[25.977977,43.854402],[25.978014,43.854363],[25.978138,43.854219],[25.978352,43.853968],[25.978483,43.853707],[25.978549,43.853506],[25.978585,43.853371],[25.978614,43.853234],[25.978622,43.853188],[25.978642,43.853145],[25.978758,43.852636],[25.978806,43.852332],[25.978826,43.852204],[25.97899,43.851378],[25.979126,43.850749],[25.979143,43.85067],[25.979162,43.850579],[25.979189,43.850445],[25.97933,43.850464],[25.979522,43.850488],[25.982132,43.850824],[25.982349,43.850859],[25.98239,43.850864],[25.982731,43.850909],[25.983015,43.850946],[25.985104,43.851222],[25.985281,43.851245],[25.985406,43.851261],[25.988539,43.851665],[25.989828,43.851829],[25.99097,43.851975],[25.991016,43.851981],[25.991203,43.852004],[25.99133,43.852025],[25.991406,43.852034],[25.99284,43.852213],[25.996158,43.852637],[25.997076,43.852755],[25.997624,43.852825],[25.997903,43.852861],[25.997865,43.85299],[25.997842,43.853081],[25.997711,43.853602],[25.997664,43.853788],[25.997621,43.853962],[25.997571,43.85416],[25.997415,43.854778],[25.99741,43.854797],[25.997401,43.854835],[25.997357,43.85501],[25.99728,43.855318],[25.997273,43.855345],[25.997247,43.855448],[25.997228,43.855522],[25.997216,43.855573],[25.997081,43.856107],[25.99707,43.856152],[25.997004,43.856459],[25.996992,43.856526],[25.996984,43.856594],[25.996982,43.856655],[25.996986,43.85672],[25.997369,43.857445],[25.997412,43.85744],[25.997456,43.857446],[25.997494,43.857462],[25.997523,43.857487],[25.997537,43.857515],[25.997539,43.857545],[25.997527,43.857575],[25.997502,43.857599],[25.997468,43.857617]]},"properties":{"line":"А16","dir":"1","headsign":"Гара Разпределителна","mode":"bus","color":"#0059a9","lbl":"16"}},{"type":"Feature","geometry":{"type":"LineString","coordinates":[[25.974274,43.823608],[25.974063,43.823517],[25.973369,43.823155],[25.973685,43.822815],[25.97418,43.822305],[25.974471,43.822009],[25.97425,43.821807],[25.974048,43.821687],[25.973782,43.821547],[25.973569,43.821442],[25.973474,43.821381],[25.973139,43.821188],[25.97296,43.821092],[25.97272,43.820955],[25.972699,43.820943],[25.972448,43.820801],[25.972316,43.820728],[25.972157,43.820641],[25.972044,43.820594],[25.971956,43.820569],[25.971702,43.820523],[25.971609,43.820606],[25.971537,43.82067],[25.970544,43.821612],[25.969952,43.822137],[25.969711,43.822367],[25.96941,43.822666],[25.969254,43.822809],[25.968696,43.823351],[25.968473,43.823567],[25.968463,43.823576],[25.968161,43.823847],[25.967591,43.824351],[25.967167,43.824706],[25.965438,43.82612],[25.964926,43.826534],[25.964759,43.826669],[25.964543,43.82684],[25.964087,43.827199],[25.96379,43.827443],[25.963524,43.827652],[25.96343,43.827728],[25.963215,43.827901],[25.961519,43.829248],[25.960865,43.829671],[25.960837,43.829689],[25.960623,43.829828],[25.96016,43.830115],[25.959827,43.83032],[25.958985,43.830864],[25.958954,43.830887],[25.957024,43.832147],[25.95696,43.832189],[25.957253,43.8323],[25.957377,43.832346],[25.957526,43.832402],[25.957585,43.832425],[25.957663,43.832454],[25.958051,43.832601],[25.958151,43.832639],[25.958172,43.832647],[25.958276,43.832686],[25.958616,43.832814],[25.960851,43.833602],[25.962192,43.83405],[25.962215,43.834057],[25.962551,43.834169],[25.963344,43.834425],[25.963494,43.834475],[25.963745,43.834556],[25.963922,43.834617],[25.964054,43.834668],[25.964196,43.834724],[25.964327,43.83478],[25.964448,43.834833],[25.964554,43.834885],[25.964733,43.834976],[25.964921,43.835083],[25.965146,43.835224],[25.965239,43.835284],[25.965366,43.835375],[25.965461,43.835448],[25.965838,43.835769],[25.966518,43.836322],[25.966564,43.836344],[25.966618,43.836363],[25.966672,43.836373],[25.966739,43.836378],[25.966807,43.836374],[25.966865,43.836365],[25.966922,43.836348],[25.96697,43.836328],[25.967009,43.836306],[25.967047,43.836275],[25.967077,43.836235],[25.967101,43.836201],[25.96712,43.836162],[25.967132,43.836127],[25.967133,43.83609],[25.967129,43.836055],[25.967117,43.836016],[25.967102,43.835981],[25.967082,43.835951],[25.967062,43.835923],[25.96704,43.8359],[25.966487,43.835463],[25.966433,43.835432],[25.96636,43.835406],[25.966298,43.835395],[25.966236,43.835393],[25.966175,43.835402],[25.966117,43.835419],[25.965831,43.83557],[25.96551,43.835772],[25.965236,43.836028],[25.965223,43.836077],[25.965222,43.83613],[25.965226,43.836183],[25.965241,43.836222],[25.965268,43.836262],[25.965965,43.836932],[25.966001,43.836958],[25.966045,43.836981],[25.966089,43.836997],[25.966147,43.837005],[25.966208,43.837006],[25.966269,43.837004],[25.96632,43.836989],[25.966369,43.836966],[25.966401,43.836942],[25.966423,43.836908],[25.966438,43.836874],[25.966449,43.836838],[25.96645,43.836797],[25.966445,43.836764],[25.966433,43.836738],[25.966408,43.836704],[25.966024,43.836309],[25.965971,43.836233],[25.965718,43.835859],[25.965343,43.835528],[25.965012,43.835297],[25.964868,43.835206],[25.964767,43.835148],[25.964668,43.835093],[25.964541,43.83503],[25.964432,43.834975],[25.964325,43.834923],[25.964197,43.834865],[25.964059,43.83481],[25.963893,43.834747],[25.963448,43.834593],[25.96249,43.834282],[25.960744,43.833721],[25.959684,43.833356],[25.959019,43.833127],[25.958158,43.832797],[25.957656,43.832583],[25.957244,43.832427],[25.956905,43.832299],[25.95647,43.832129],[25.956264,43.832049],[25.956201,43.832025],[25.955555,43.831773],[25.954529,43.831407],[25.953387,43.830975],[25.953255,43.830925],[25.95189,43.830409],[25.951514,43.830237],[25.951264,43.830122],[25.949903,43.829493],[25.949019,43.828997],[25.948148,43.828534],[25.947351,43.828135],[25.947294,43.828031],[25.947297,43.827969],[25.947318,43.827929],[25.947384,43.827879],[25.947477,43.827873],[25.94761,43.827897],[25.94802,43.828106],[25.949061,43.828653],[25.949896,43.829117],[25.950052,43.829114],[25.950154,43.829088],[25.950273,43.829026],[25.950306,43.828942],[25.950299,43.828841],[25.950257,43.828746],[25.950237,43.82873],[25.95015,43.828667],[25.950078,43.828632],[25.950052,43.828616],[25.949979,43.828576],[25.949944,43.828558],[25.949902,43.828536],[25.949811,43.828517],[25.949716,43.82852],[25.949628,43.828546],[25.949547,43.82858],[25.949499,43.828621],[25.949444,43.82871],[25.949476,43.829604],[25.949493,43.829765],[25.949535,43.829945],[25.949632,43.830127],[25.949787,43.830331],[25.950426,43.831135],[25.950762,43.831499],[25.951154,43.831863],[25.951725,43.832085],[25.952568,43.832413],[25.953289,43.832716],[25.954028,43.833078],[25.954279,43.833209],[25.955232,43.833748],[25.954982,43.833997],[25.954827,43.83415],[25.9548,43.834177],[25.954644,43.834331],[25.954597,43.834375],[25.95412,43.834817],[25.953423,43.8355],[25.952702,43.836147],[25.952205,43.836628],[25.951895,43.83694],[25.951654,43.837166],[25.951629,43.837189],[25.9516,43.837218],[25.951452,43.837352],[25.950941,43.837863],[25.950815,43.83799],[25.950334,43.838424],[25.950391,43.838437],[25.950531,43.838492],[25.950654,43.838558],[25.950801,43.838636],[25.950884,43.83867],[25.950977,43.838694],[25.951094,43.838709],[25.952174,43.838809],[25.953012,43.838884],[25.954121,43.838981],[25.95494,43.839062],[25.955078,43.839046],[25.955062,43.839119],[25.955025,43.839323],[25.955011,43.839415],[25.954994,43.839497],[25.954978,43.839576],[25.954863,43.840245],[25.954856,43.840284],[25.954809,43.840616],[25.954774,43.840825],[25.954762,43.840903],[25.954711,43.84126],[25.954569,43.842088],[25.954453,43.842783],[25.954404,43.843065],[25.954386,43.843169],[25.954269,43.843801],[25.954229,43.844013],[25.954105,43.844671],[25.954095,43.844724],[25.954078,43.844818],[25.95422,43.844826],[25.954511,43.844842],[25.954804,43.844846],[25.955059,43.844836],[25.955384,43.844827],[25.955691,43.844822],[25.955907,43.844842],[25.956091,43.844871],[25.956291,43.844909],[25.956458,43.84495],[25.956621,43.845001],[25.956781,43.845051],[25.957091,43.845165],[25.957675,43.845386],[25.957737,43.84541],[25.957807,43.845435],[25.957862,43.845453],[25.957937,43.845476],[25.958029,43.845503],[25.95813,43.845528],[25.958187,43.845543],[25.958255,43.845559],[25.958404,43.845594],[25.958899,43.845666],[25.959312,43.845757],[25.959541,43.845798],[25.959627,43.845805],[25.959679,43.845798],[25.959786,43.845778],[25.959811,43.845754],[25.959894,43.845693],[25.959994,43.845649],[25.960085,43.845627],[25.96018,43.845619],[25.960275,43.845624],[25.960367,43.845643],[25.960452,43.845675],[25.960526,43.845718],[25.960565,43.845749],[25.960598,43.845784],[25.960625,43.845821],[25.960646,43.84586],[25.960667,43.845948],[25.960656,43.846038],[25.960613,43.846122],[25.960568,43.846173],[25.960511,43.846217],[25.960444,43.846254],[25.96042,43.846294],[25.960396,43.846357],[25.960268,43.846811],[25.960216,43.846979],[25.959926,43.847927],[25.959905,43.847996],[25.959808,43.848282],[25.95965,43.848702],[25.959352,43.849176],[25.959034,43.849657],[25.958831,43.849965],[25.958799,43.850007],[25.958747,43.850076],[25.95865,43.850223],[25.958744,43.850251],[25.95883,43.850272],[25.958849,43.850277],[25.958958,43.850323],[25.959067,43.850388],[25.959142,43.850437],[25.959234,43.850511],[25.959398,43.850655],[25.959487,43.850738],[25.959579,43.850821],[25.959648,43.850897],[25.959745,43.851022],[25.95998,43.851374],[25.961044,43.852882],[25.961181,43.853051],[25.961425,43.853231],[25.961544,43.853319],[25.961709,43.853435],[25.961783,43.853484],[25.961795,43.853492],[25.961913,43.853569],[25.961993,43.853619],[25.962064,43.853672],[25.962099,43.853704],[25.962195,43.853711],[25.962245,43.853719],[25.962337,43.853733],[25.962645,43.853798],[25.963398,43.853959],[25.964188,43.854127],[25.964547,43.854203],[25.964655,43.854233],[25.964686,43.854246],[25.964759,43.854276],[25.965134,43.854459],[25.965695,43.854732],[25.965711,43.85474],[25.966648,43.855196],[25.967646,43.855677],[25.968596,43.856135],[25.96869,43.856181],[25.969,43.856329],[25.969567,43.856599],[25.970663,43.857122],[25.97123,43.857402],[25.971321,43.857451],[25.972627,43.858075],[25.972713,43.858116],[25.972854,43.858185],[25.973391,43.858446],[25.973692,43.858593],[25.973726,43.85861],[25.973814,43.858652],[25.973879,43.858582],[25.974935,43.857452],[25.974983,43.8574],[25.975066,43.857311],[25.975118,43.857262],[25.975277,43.857109],[25.975499,43.856895],[25.975721,43.856721],[25.97609,43.856391],[25.976182,43.856304],[25.976208,43.856278],[25.976591,43.855912],[25.977747,43.854652],[25.977955,43.854427],[25.977977,43.854402],[25.978014,43.854363],[25.978138,43.854219],[25.978352,43.853968],[25.978483,43.853707],[25.978549,43.853506],[25.978585,43.853371],[25.978614,43.853234],[25.978622,43.853188],[25.978642,43.853145],[25.978758,43.852636],[25.978806,43.852332],[25.978826,43.852204],[25.97899,43.851378],[25.979126,43.850749],[25.979143,43.85067],[25.979162,43.850579],[25.979189,43.850445],[25.97933,43.850464],[25.979522,43.850488],[25.982132,43.850824],[25.982349,43.850859],[25.98239,43.850864],[25.982731,43.850909],[25.983015,43.850946],[25.985104,43.851222],[25.985281,43.851245],[25.985406,43.851261],[25.988539,43.851665],[25.989828,43.851829],[25.99097,43.851975],[25.991016,43.851981],[25.991203,43.852004],[25.99133,43.852025],[25.991406,43.852034],[25.99284,43.852213],[25.996158,43.852637],[25.997624,43.852825],[25.997903,43.852861],[25.998109,43.852888],[26.000221,43.853169],[26.001477,43.853335],[26.00204,43.85341],[26.002448,43.853458],[26.003586,43.853591]]},"properties":{"line":"А18","dir":"0","headsign":"Мототехника","mode":"bus","color":"#0059a9","lbl":"18"}},{"type":"Feature","geometry":{"type":"LineString","coordinates":[[26.002658,43.853618],[26.002354,43.85358],[26.002007,43.853535],[26.001706,43.853496],[26.000906,43.853388],[26.000426,43.853328],[25.999796,43.853247],[25.998074,43.853016],[25.997865,43.85299],[25.99759,43.852953],[25.997232,43.852906],[25.996105,43.85276],[25.993383,43.852406],[25.992925,43.852348],[25.992309,43.852266],[25.992153,43.852245],[25.991404,43.852148],[25.99138,43.852145],[25.991309,43.852136],[25.991182,43.852117],[25.99099,43.852094],[25.99036,43.852014],[25.990044,43.851974],[25.989616,43.851919],[25.988582,43.851791],[25.988478,43.851778],[25.988117,43.85173],[25.987518,43.85165],[25.987478,43.851645],[25.987137,43.851605],[25.985383,43.85138],[25.985232,43.85136],[25.985053,43.851337],[25.984734,43.851297],[25.984405,43.851255],[25.983566,43.851152],[25.982355,43.850987],[25.981214,43.850835],[25.979511,43.850623],[25.979484,43.85062],[25.979299,43.850597],[25.97928,43.850687],[25.979129,43.851395],[25.978979,43.852122],[25.978957,43.852215],[25.978928,43.852331],[25.978919,43.852366],[25.978917,43.852545],[25.978916,43.852657],[25.978929,43.85277],[25.978981,43.8529],[25.979127,43.853062],[25.97917,43.853093],[25.979204,43.853129],[25.979236,43.85319],[25.979242,43.853255],[25.979223,43.853318],[25.979179,43.853375],[25.979115,43.85342],[25.979059,43.853444],[25.978999,43.853459],[25.978813,43.853618],[25.978481,43.854005],[25.976355,43.856306],[25.976302,43.856363],[25.976268,43.856402],[25.975592,43.856956],[25.975383,43.857163],[25.975286,43.857259],[25.975229,43.857315],[25.97518,43.857364],[25.975094,43.857453],[25.974017,43.858568],[25.973957,43.85863],[25.9739,43.85869],[25.973811,43.858781],[25.973175,43.859436],[25.973094,43.859395],[25.973041,43.859369],[25.972191,43.858941],[25.971815,43.858752],[25.971062,43.858394],[25.970361,43.858055],[25.969967,43.857862],[25.96907,43.857437],[25.968884,43.857348],[25.968042,43.856945],[25.967994,43.856922],[25.967875,43.856865],[25.967802,43.856831],[25.965961,43.855961],[25.964389,43.855196],[25.964123,43.85506],[25.964085,43.855046],[25.964031,43.855035],[25.96397,43.855028],[25.963898,43.855031],[25.963784,43.855046],[25.963623,43.855105],[25.963273,43.855233],[25.963185,43.855265],[25.963053,43.855316],[25.963016,43.855327],[25.962994,43.855333],[25.962969,43.855338],[25.962949,43.85534],[25.962925,43.855339],[25.962899,43.855332],[25.962875,43.855322],[25.962837,43.855304],[25.962791,43.855248],[25.962389,43.854725],[25.962142,43.854401],[25.961797,43.853946],[25.961699,43.853828],[25.96166,43.853777],[25.96163,43.853737],[25.961551,43.853612],[25.961538,43.853592],[25.961181,43.853051],[25.961044,43.852882],[25.95998,43.851374],[25.959745,43.851022],[25.959648,43.850897],[25.959579,43.850821],[25.959487,43.850738],[25.959398,43.850655],[25.959234,43.850511],[25.959142,43.850437],[25.959067,43.850388],[25.958958,43.850323],[25.958849,43.850277],[25.95883,43.850272],[25.958744,43.850251],[25.95865,43.850223],[25.958497,43.850182],[25.95826,43.850117],[25.958377,43.849977],[25.959031,43.849056],[25.959083,43.848982],[25.959263,43.848696],[25.959309,43.848622],[25.95944,43.848249],[25.959447,43.848229],[25.959473,43.848141],[25.959517,43.847958],[25.959559,43.847812],[25.95977,43.847045],[25.9599,43.846592],[25.959931,43.846502],[25.959939,43.846397],[25.959931,43.846307],[25.959899,43.846235],[25.959802,43.846162],[25.959738,43.846072],[25.959672,43.845997],[25.959578,43.845934],[25.959472,43.845897],[25.959281,43.84586],[25.959013,43.845806],[25.958206,43.845616],[25.958128,43.845597],[25.958015,43.845568],[25.957988,43.845561],[25.957904,43.845537],[25.957847,43.845516],[25.957219,43.845294],[25.957193,43.845285],[25.957117,43.845256],[25.956971,43.845204],[25.956858,43.845164],[25.95658,43.845062],[25.956411,43.845008],[25.956139,43.844949],[25.955802,43.844898],[25.95568,43.844886],[25.955394,43.844893],[25.954803,43.844909],[25.954534,43.844905],[25.954256,43.844894],[25.954207,43.844892],[25.954066,43.844884],[25.954078,43.844818],[25.954095,43.844724],[25.954105,43.844671],[25.954125,43.844563],[25.954269,43.843801],[25.954386,43.843169],[25.954404,43.843065],[25.954453,43.842783],[25.954569,43.842088],[25.954711,43.84126],[25.954774,43.840825],[25.95479,43.840727],[25.954809,43.840616],[25.954856,43.840284],[25.954863,43.840245],[25.954978,43.839576],[25.954994,43.839497],[25.955011,43.839415],[25.955025,43.839323],[25.955062,43.839119],[25.955078,43.839046],[25.955096,43.838928],[25.955231,43.838058],[25.955268,43.837812],[25.955331,43.837402],[25.955378,43.837085],[25.955548,43.836117],[25.955819,43.83474],[25.955803,43.834634],[25.95578,43.834552],[25.955753,43.834497],[25.955707,43.83442],[25.95552,43.834305],[25.955295,43.834177],[25.955176,43.83411],[25.954982,43.833997],[25.954881,43.833933],[25.954816,43.833867],[25.954748,43.833782],[25.954623,43.833629],[25.954541,43.833546],[25.954452,43.833471],[25.954373,43.833414],[25.954283,43.833357],[25.954152,43.833282],[25.953833,43.83311],[25.953523,43.832951],[25.953283,43.832832],[25.953023,43.832707],[25.952708,43.832568],[25.952484,43.832472],[25.952114,43.832322],[25.951648,43.832147],[25.951181,43.831972],[25.950961,43.8319],[25.950771,43.831843],[25.950566,43.831788],[25.950401,43.831751],[25.950417,43.831659],[25.950418,43.831544],[25.950411,43.831432],[25.950391,43.831338],[25.950358,43.831244],[25.950267,43.831094],[25.950148,43.830952],[25.949906,43.830636],[25.949633,43.830345],[25.949576,43.830269],[25.949456,43.830076],[25.949401,43.829945],[25.949352,43.829762],[25.949336,43.829586],[25.949344,43.828668],[25.949337,43.828613],[25.949316,43.828355],[25.949358,43.828303],[25.949408,43.828272],[25.949479,43.828255],[25.949571,43.828251],[25.949714,43.828256],[25.950006,43.828425],[25.950249,43.828566],[25.950369,43.828641],[25.950436,43.82873],[25.95046,43.828875],[25.950452,43.829032],[25.950451,43.829174],[25.950478,43.829311],[25.950536,43.829386],[25.950742,43.829494],[25.95096,43.829613],[25.951195,43.829769],[25.951469,43.829898],[25.951728,43.830024],[25.952203,43.830255],[25.952383,43.830345],[25.953139,43.830701],[25.95337,43.830794],[25.953972,43.831037],[25.954625,43.831301],[25.955579,43.83168],[25.956385,43.831977],[25.95696,43.832189],[25.957024,43.832147],[25.958954,43.830887],[25.958985,43.830864],[25.959827,43.83032],[25.959998,43.830214],[25.960623,43.829828],[25.960837,43.829689],[25.960865,43.829671],[25.961519,43.829248],[25.963215,43.827901],[25.96343,43.827728],[25.963524,43.827652],[25.96379,43.827443],[25.964087,43.827199],[25.964543,43.82684],[25.964759,43.826669],[25.964926,43.826534],[25.965438,43.82612],[25.967167,43.824706],[25.967591,43.824351],[25.968161,43.823847],[25.968473,43.823567],[25.968619,43.823426],[25.968696,43.823351],[25.969254,43.822809],[25.96941,43.822666],[25.969711,43.822367],[25.969952,43.822137],[25.970544,43.821612],[25.971537,43.82067],[25.971608,43.820607],[25.971702,43.820523],[25.971956,43.820569],[25.972044,43.820594],[25.972157,43.820641],[25.972316,43.820728],[25.972448,43.820801],[25.972699,43.820943],[25.97272,43.820955],[25.97296,43.821092],[25.973139,43.821188],[25.973474,43.821381],[25.973569,43.821442],[25.973782,43.821547],[25.974048,43.821687],[25.97425,43.821807],[25.974471,43.822009],[25.97418,43.822305],[25.973685,43.822815],[25.973369,43.823155],[25.974063,43.823517],[25.974274,43.823608]]},"properties":{"line":"А18","dir":"1","headsign":"Блок №48","mode":"bus","color":"#0059a9","lbl":"18"}},{"type":"Feature","geometry":{"type":"LineString","coordinates":[[25.965044,43.841474],[25.965255,43.841792],[25.965553,43.842179],[25.965705,43.84237],[25.966083,43.842829],[25.966231,43.843001],[25.966369,43.84312],[25.966564,43.843238],[25.966745,43.843322],[25.966854,43.843364],[25.967008,43.843405],[25.967197,43.843446],[25.967512,43.843513],[25.967708,43.843556],[25.967895,43.843595],[25.96822,43.843667],[25.96868,43.843763],[25.968786,43.843785],[25.96884,43.843796],[25.968947,43.843807],[25.969043,43.843803],[25.969134,43.843789],[25.9692,43.843772],[25.969245,43.843759],[25.969328,43.843735],[25.969397,43.843713],[25.969476,43.843679],[25.96952,43.843659],[25.969574,43.843646],[25.969631,43.843642],[25.969688,43.843649],[25.969741,43.843665],[25.969787,43.843689],[25.969823,43.843721],[25.969848,43.843759],[25.969937,43.843839],[25.969992,43.84389],[25.970062,43.843949],[25.970136,43.844],[25.970213,43.844053],[25.97031,43.844122],[25.970742,43.84423],[25.971461,43.844412],[25.973157,43.844819],[25.973948,43.845019],[25.975049,43.84534],[25.975313,43.84543],[25.975421,43.845467],[25.975467,43.845516],[25.975513,43.845566],[25.975829,43.845928],[25.975994,43.846116],[25.976382,43.84656],[25.976624,43.846848],[25.97692,43.84718],[25.977218,43.847508],[25.977282,43.847579],[25.977708,43.848053],[25.97796,43.848414],[25.978986,43.84953],[25.979039,43.849587],[25.979247,43.849787],[25.979271,43.849817],[25.979347,43.84987],[25.979376,43.849898],[25.979395,43.849919],[25.979434,43.849981],[25.979381,43.850203],[25.979363,43.850292],[25.979357,43.850323],[25.979346,43.850376],[25.97933,43.850464],[25.979299,43.850597],[25.97928,43.850687],[25.979129,43.851395],[25.978979,43.852122],[25.978957,43.852215],[25.978928,43.852331],[25.978919,43.852366],[25.978917,43.852545],[25.978916,43.852657],[25.978929,43.85277],[25.978981,43.8529],[25.979127,43.853062],[25.97917,43.853093],[25.979204,43.853129],[25.979236,43.85319],[25.979242,43.853255],[25.979223,43.853318],[25.979179,43.853375],[25.979115,43.85342],[25.979059,43.853444],[25.978999,43.853459],[25.978813,43.853618],[25.978481,43.854005],[25.976355,43.856306],[25.976302,43.856363],[25.976268,43.856402],[25.975592,43.856956],[25.975383,43.857163],[25.975286,43.857259],[25.975229,43.857315],[25.97518,43.857364],[25.975094,43.857453],[25.974017,43.858568],[25.973957,43.85863],[25.9739,43.85869],[25.973811,43.858781],[25.973175,43.859436],[25.973094,43.859395],[25.973041,43.859369],[25.972191,43.858941],[25.971815,43.858752],[25.971062,43.858394],[25.970361,43.858055],[25.969967,43.857862],[25.96907,43.857437],[25.968884,43.857348],[25.968042,43.856945],[25.967994,43.856922],[25.967875,43.856865],[25.967802,43.856831],[25.965961,43.855961],[25.964389,43.855196],[25.964123,43.85506],[25.964085,43.855046],[25.964031,43.855035],[25.96397,43.855028],[25.963898,43.855031],[25.963784,43.855046],[25.963623,43.855105],[25.963273,43.855233],[25.963185,43.855265],[25.963053,43.855316],[25.963016,43.855327],[25.962994,43.855333],[25.962969,43.855338],[25.962949,43.85534],[25.962925,43.855339],[25.962899,43.855332],[25.962875,43.855322],[25.962837,43.855304],[25.962791,43.855248],[25.962389,43.854725],[25.962142,43.854401],[25.961797,43.853946],[25.961699,43.853828],[25.96166,43.853777],[25.96163,43.853737],[25.961551,43.853612],[25.961538,43.853592],[25.961181,43.853051],[25.961044,43.852882],[25.95998,43.851374],[25.959745,43.851022],[25.959648,43.850897],[25.959579,43.850821],[25.959487,43.850738],[25.959398,43.850655],[25.959234,43.850511],[25.959142,43.850437],[25.959067,43.850388],[25.958958,43.850323],[25.958849,43.850277],[25.95883,43.850272],[25.958744,43.850251],[25.95865,43.850223],[25.958497,43.850182],[25.95826,43.850117],[25.958377,43.849977],[25.959031,43.849056],[25.959083,43.848982],[25.959263,43.848696],[25.959309,43.848622],[25.95944,43.848249],[25.959447,43.848229],[25.959473,43.848141],[25.959517,43.847958],[25.959559,43.847812],[25.95977,43.847045],[25.959558,43.84701],[25.959474,43.846997],[25.95934,43.846977],[25.95914,43.846948],[25.958515,43.846852],[25.958183,43.846812],[25.957853,43.846786],[25.957819,43.846785],[25.95717,43.846759],[25.95716,43.846759],[25.956565,43.846719],[25.955958,43.846663],[25.955321,43.846595],[25.953954,43.846463],[25.953835,43.846453],[25.953697,43.846447],[25.952197,43.846409],[25.950578,43.846367],[25.950297,43.846363],[25.950122,43.846361],[25.950009,43.84636],[25.949935,43.84636],[25.9499,43.846363],[25.949793,43.846184],[25.949387,43.845593],[25.949229,43.845373],[25.949195,43.845322],[25.949151,43.845266],[25.949115,43.845219],[25.949049,43.84517],[25.94894,43.845089],[25.948578,43.844879],[25.948463,43.844826],[25.948405,43.844799],[25.948293,43.844757],[25.947784,43.84458],[25.947777,43.844578],[25.947743,43.844566],[25.947708,43.844533],[25.947689,43.844507],[25.947675,43.84448],[25.94767,43.844446],[25.947975,43.843966],[25.948006,43.84392],[25.947973,43.843904],[25.947936,43.843873],[25.947918,43.843842],[25.947907,43.84381],[25.947897,43.843782],[25.947888,43.843745],[25.947857,43.84356],[25.947733,43.842826],[25.947715,43.842702],[25.947707,43.84257],[25.947711,43.842481],[25.947716,43.842249],[25.947727,43.842144],[25.947751,43.842092],[25.947785,43.842057],[25.947836,43.842003],[25.947834,43.842001],[25.947805,43.841939],[25.947801,43.841841],[25.947846,43.841548],[25.947956,43.840711],[25.947648,43.840968],[25.947956,43.840711],[25.948091,43.840575],[25.948344,43.840257],[25.948344,43.840211],[25.948343,43.840175],[25.948442,43.839873],[25.948732,43.838977],[25.948807,43.838727],[25.949097,43.837895],[25.949148,43.837695],[25.949158,43.837654],[25.949222,43.837402],[25.949267,43.837245],[25.949282,43.837185],[25.949246,43.837047],[25.949222,43.837003],[25.949182,43.836959],[25.949111,43.836915],[25.949,43.83688],[25.948517,43.836831],[25.948049,43.836786],[25.947581,43.836671],[25.947337,43.8366],[25.947018,43.836485],[25.943692,43.835205],[25.943519,43.835131],[25.943321,43.835043],[25.943216,43.834996],[25.943109,43.83493],[25.942312,43.834314],[25.942107,43.834156],[25.941994,43.834069],[25.941612,43.833745],[25.940996,43.833202],[25.940294,43.832621],[25.939808,43.832186],[25.939614,43.832002],[25.93941,43.83177],[25.939186,43.831495],[25.939011,43.831264],[25.938821,43.830995],[25.938008,43.829849],[25.937296,43.828844],[25.936636,43.828243],[25.936502,43.82811],[25.936402,43.827985],[25.9363,43.827839],[25.936216,43.827719],[25.936129,43.827585],[25.936019,43.827417],[25.935963,43.827322],[25.935713,43.826827],[25.935441,43.826289],[25.93536,43.826175],[25.935235,43.826],[25.935018,43.825696],[25.934704,43.825256],[25.934462,43.824917],[25.933032,43.822915],[25.932899,43.822729],[25.932782,43.822565],[25.932715,43.822471],[25.932441,43.822087],[25.932378,43.821999],[25.932305,43.821897],[25.932157,43.821771],[25.932007,43.821593],[25.93173,43.821299],[25.931656,43.821202],[25.931583,43.821104],[25.931449,43.820912],[25.931257,43.820575],[25.931195,43.820454],[25.931098,43.820138],[25.931048,43.819931],[25.931,43.819793],[25.930905,43.819557],[25.930717,43.819162],[25.930459,43.818636],[25.930349,43.818396],[25.930204,43.818094],[25.93017,43.818021],[25.930051,43.817769],[25.92993,43.817484],[25.929893,43.817397],[25.929692,43.816947],[25.929464,43.816513],[25.929432,43.81645],[25.929269,43.816144],[25.929027,43.815632],[25.928835,43.815203],[25.928754,43.815005],[25.928447,43.814289],[25.928458,43.814367],[25.928466,43.814427],[25.928466,43.814483],[25.928452,43.814542],[25.92842,43.814599],[25.928374,43.814641],[25.928314,43.814679],[25.928237,43.814702],[25.928172,43.814708],[25.928093,43.814701],[25.928029,43.814678],[25.927973,43.814638],[25.927946,43.814602]]},"properties":{"line":"А19","dir":"0","headsign":"Метро","mode":"bus","color":"#0059a9","lbl":"19"}},{"type":"Feature","geometry":{"type":"LineString","coordinates":[[25.927946,43.814602],[25.927973,43.814638],[25.928029,43.814678],[25.928093,43.814701],[25.928172,43.814708],[25.928237,43.814702],[25.928314,43.814679],[25.928374,43.814641],[25.92842,43.814599],[25.928452,43.814542],[25.928466,43.814483],[25.928466,43.814427],[25.928458,43.814367],[25.928447,43.814289],[25.927961,43.813209],[25.927992,43.81309],[25.92802,43.813034],[25.928069,43.813],[25.928134,43.812989],[25.928187,43.813003],[25.928246,43.813034],[25.928298,43.813068],[25.928404,43.813161],[25.928597,43.813607],[25.929012,43.814563],[25.929018,43.814574],[25.929104,43.814764],[25.929258,43.815097],[25.929481,43.815584],[25.929618,43.815887],[25.929706,43.816068],[25.929797,43.816283],[25.929945,43.816519],[25.93019,43.816869],[25.930266,43.816966],[25.930486,43.817248],[25.930532,43.817307],[25.930928,43.817693],[25.931041,43.817801],[25.931176,43.817918],[25.931674,43.818279],[25.931906,43.818413],[25.932029,43.818439],[25.932113,43.818442],[25.93222,43.818434],[25.932319,43.818404],[25.932401,43.81835],[25.932452,43.81829],[25.932477,43.818224],[25.932484,43.818168],[25.932467,43.818099],[25.932423,43.818031],[25.93235,43.81797],[25.932264,43.817936],[25.932109,43.817922],[25.932007,43.817935],[25.931912,43.817962],[25.931785,43.818015],[25.931642,43.818088],[25.931535,43.818154],[25.931385,43.818295],[25.93128,43.818411],[25.931175,43.818548],[25.931086,43.818707],[25.931023,43.818874],[25.931001,43.819021],[25.93099,43.819162],[25.930998,43.819353],[25.931012,43.81948],[25.931041,43.819611],[25.931103,43.819731],[25.931151,43.819815],[25.931223,43.819915],[25.931562,43.820283],[25.931613,43.820343],[25.931668,43.820417],[25.931905,43.820778],[25.931951,43.820857],[25.932,43.820941],[25.932067,43.821161],[25.932135,43.821438],[25.932183,43.8216],[25.932229,43.821724],[25.932305,43.821897],[25.932378,43.821999],[25.932441,43.822087],[25.932441,43.822088],[25.932715,43.822471],[25.932782,43.822565],[25.933032,43.822915],[25.934462,43.824917],[25.934704,43.825256],[25.935235,43.826],[25.93536,43.826175],[25.935441,43.826289],[25.935501,43.826345],[25.935959,43.826776],[25.936323,43.82712],[25.93643,43.827236],[25.936468,43.827295],[25.936507,43.827356],[25.936547,43.827414],[25.936666,43.827581],[25.936816,43.8278],[25.9369,43.827921],[25.936952,43.828013],[25.937102,43.828398],[25.937147,43.828512],[25.937296,43.828844],[25.938008,43.829849],[25.938821,43.830995],[25.939011,43.831264],[25.939035,43.831296],[25.939186,43.831495],[25.93941,43.83177],[25.939614,43.832002],[25.939808,43.832186],[25.940294,43.832621],[25.940996,43.833202],[25.941612,43.833745],[25.941994,43.834069],[25.942131,43.834175],[25.942312,43.834314],[25.943109,43.83493],[25.943216,43.834996],[25.943321,43.835043],[25.943519,43.835131],[25.943692,43.835205],[25.947018,43.836485],[25.947337,43.8366],[25.947581,43.836671],[25.948049,43.836786],[25.948517,43.836831],[25.949,43.83688],[25.949214,43.836902],[25.949286,43.836909],[25.949366,43.836917],[25.949444,43.83693],[25.950402,43.837085],[25.950668,43.837132],[25.951241,43.837217],[25.951359,43.837241],[25.951375,43.837252],[25.951402,43.837269],[25.951424,43.837283],[25.951452,43.837352],[25.950941,43.837863],[25.950815,43.83799],[25.950334,43.838424],[25.949427,43.839232],[25.948743,43.839938],[25.948438,43.840213],[25.948344,43.840257],[25.948091,43.840575],[25.948075,43.840591],[25.947956,43.840711],[25.947846,43.841548],[25.947801,43.841841],[25.94786,43.841891],[25.948529,43.842457],[25.94885,43.842702],[25.949113,43.842872],[25.949262,43.842955],[25.949313,43.842983],[25.949425,43.843042],[25.949504,43.843082],[25.950582,43.843592],[25.950616,43.84361],[25.950783,43.843624],[25.951028,43.84371],[25.951206,43.843785],[25.951298,43.843818],[25.95133,43.843833],[25.951347,43.843841],[25.951394,43.843866],[25.951435,43.843889],[25.951614,43.843984],[25.951729,43.84406],[25.951764,43.844092],[25.951826,43.844206],[25.952077,43.844329],[25.952179,43.84438],[25.952907,43.84467],[25.953017,43.844701],[25.953356,43.84477],[25.953803,43.844801],[25.953905,43.844809],[25.954078,43.844818],[25.95422,43.844826],[25.954511,43.844842],[25.954804,43.844846],[25.955059,43.844836],[25.955384,43.844827],[25.955691,43.844822],[25.955907,43.844842],[25.956091,43.844871],[25.956291,43.844909],[25.956458,43.84495],[25.956621,43.845001],[25.956781,43.845051],[25.957091,43.845165],[25.957675,43.845386],[25.957737,43.84541],[25.957807,43.845435],[25.957862,43.845453],[25.957937,43.845476],[25.958029,43.845503],[25.95813,43.845528],[25.958187,43.845543],[25.958255,43.845559],[25.958404,43.845594],[25.958899,43.845666],[25.959312,43.845757],[25.959541,43.845798],[25.959627,43.845805],[25.959679,43.845798],[25.959786,43.845778],[25.959811,43.845754],[25.959894,43.845693],[25.959994,43.845649],[25.960085,43.845627],[25.96018,43.845619],[25.960275,43.845624],[25.960367,43.845643],[25.960452,43.845675],[25.960526,43.845718],[25.960565,43.845749],[25.960598,43.845784],[25.960625,43.845821],[25.960646,43.84586],[25.960667,43.845948],[25.960656,43.846038],[25.960613,43.846122],[25.960568,43.846173],[25.960511,43.846217],[25.960444,43.846254],[25.96042,43.846294],[25.960396,43.846357],[25.960268,43.846811],[25.960216,43.846979],[25.959926,43.847927],[25.959905,43.847996],[25.959808,43.848282],[25.95965,43.848702],[25.959352,43.849176],[25.959034,43.849657],[25.958831,43.849965],[25.958799,43.850007],[25.958747,43.850076],[25.95865,43.850223],[25.958744,43.850251],[25.95883,43.850272],[25.958849,43.850277],[25.958958,43.850323],[25.959067,43.850388],[25.959142,43.850437],[25.959234,43.850511],[25.959398,43.850655],[25.959487,43.850738],[25.959579,43.850821],[25.959648,43.850897],[25.959745,43.851022],[25.95998,43.851374],[25.961044,43.852882],[25.961181,43.853051],[25.961425,43.853231],[25.961544,43.853319],[25.961709,43.853435],[25.961783,43.853484],[25.961795,43.853492],[25.961913,43.853569],[25.961993,43.853619],[25.962064,43.853672],[25.962099,43.853704],[25.962195,43.853711],[25.962245,43.853719],[25.962337,43.853733],[25.962645,43.853798],[25.963398,43.853959],[25.964188,43.854127],[25.964547,43.854203],[25.964655,43.854233],[25.964686,43.854246],[25.964759,43.854276],[25.965134,43.854459],[25.965695,43.854732],[25.965711,43.85474],[25.966648,43.855196],[25.967646,43.855677],[25.968596,43.856135],[25.96869,43.856181],[25.969,43.856329],[25.969567,43.856599],[25.970663,43.857122],[25.97123,43.857402],[25.971321,43.857451],[25.972627,43.858075],[25.972713,43.858116],[25.972854,43.858185],[25.973391,43.858446],[25.973692,43.858593],[25.973726,43.85861],[25.973814,43.858652],[25.973879,43.858582],[25.974935,43.857452],[25.974983,43.8574],[25.975066,43.857311],[25.975118,43.857262],[25.975277,43.857109],[25.975499,43.856895],[25.975721,43.856721],[25.97609,43.856391],[25.976182,43.856304],[25.976208,43.856278],[25.976591,43.855912],[25.977747,43.854652],[25.977955,43.854427],[25.977977,43.854402],[25.978014,43.854363],[25.978138,43.854219],[25.978352,43.853968],[25.978483,43.853707],[25.978549,43.853506],[25.978585,43.853371],[25.978614,43.853234],[25.978622,43.853188],[25.978642,43.853145],[25.978758,43.852636],[25.978806,43.852332],[25.978826,43.852204],[25.97899,43.851378],[25.979126,43.850749],[25.979143,43.85067],[25.979162,43.850579],[25.979189,43.850445],[25.979207,43.850359],[25.97922,43.850284],[25.979229,43.850231],[25.979296,43.849955],[25.9793,43.849902],[25.979298,43.849866],[25.979271,43.849817],[25.979247,43.849787],[25.979039,43.849587],[25.97892,43.849458],[25.97796,43.848414],[25.977708,43.848053],[25.977282,43.847579],[25.977218,43.847508],[25.97692,43.84718],[25.976624,43.846848],[25.976382,43.84656],[25.975994,43.846116],[25.975513,43.845566],[25.975467,43.845516],[25.975421,43.845467],[25.975313,43.84543],[25.975049,43.84534],[25.974962,43.845315],[25.973948,43.845019],[25.973157,43.844819],[25.971461,43.844412],[25.97031,43.844122],[25.97024,43.844108],[25.970085,43.844077],[25.970035,43.844067],[25.969852,43.844028],[25.969671,43.843982],[25.969597,43.843985],[25.969549,43.843977],[25.969476,43.843949],[25.969421,43.843904],[25.969395,43.843863],[25.96933,43.843836],[25.969263,43.843813],[25.969212,43.843802],[25.969134,43.843789],[25.969043,43.843803],[25.968947,43.843807],[25.96884,43.843796],[25.968786,43.843785],[25.96868,43.843763],[25.96822,43.843667],[25.967895,43.843595],[25.967708,43.843556],[25.967512,43.843513],[25.967197,43.843446],[25.967008,43.843405],[25.966854,43.843364],[25.966745,43.843322],[25.966564,43.843238],[25.966369,43.84312],[25.966231,43.843001],[25.966083,43.842829],[25.965705,43.84237],[25.965553,43.842179],[25.965307,43.84186]]},"properties":{"line":"А19","dir":"1","headsign":"Кооперативен пазар (ЖП прелез)","mode":"bus","color":"#0059a9","lbl":"19"}},{"type":"Feature","geometry":{"type":"LineString","coordinates":[[25.995832,43.850732],[25.995827,43.85073],[25.99377,43.84997],[25.993253,43.849779],[25.992397,43.849463],[25.992122,43.849362],[25.990388,43.848725],[25.989932,43.848568],[25.988748,43.848127],[25.988614,43.848064],[25.987726,43.847586],[25.987628,43.847534],[25.987198,43.847303],[25.986337,43.846947],[25.986092,43.847921],[25.986042,43.848121],[25.985863,43.848836],[25.985855,43.84887],[25.985847,43.848905],[25.985812,43.849052],[25.985702,43.849524],[25.985485,43.850448],[25.985365,43.850941],[25.98532,43.851123],[25.985313,43.851148],[25.985281,43.851245],[25.985232,43.85136],[25.985053,43.851337],[25.984734,43.851297],[25.984405,43.851255],[25.983566,43.851152],[25.982355,43.850987],[25.981214,43.850835],[25.979511,43.850623],[25.979484,43.85062],[25.979299,43.850597],[25.97928,43.850687],[25.979129,43.851395],[25.978979,43.852122],[25.978957,43.852215],[25.978928,43.852331],[25.978919,43.852366],[25.978917,43.852545],[25.978916,43.852657],[25.978929,43.85277],[25.978981,43.8529],[25.979127,43.853062],[25.97917,43.853093],[25.979204,43.853129],[25.979236,43.85319],[25.979242,43.853255],[25.979223,43.853318],[25.979179,43.853375],[25.979115,43.85342],[25.979059,43.853444],[25.978999,43.853459],[25.978813,43.853618],[25.978481,43.854005],[25.976355,43.856306],[25.976302,43.856363],[25.976268,43.856402],[25.975592,43.856956],[25.975383,43.857163],[25.975286,43.857259],[25.975229,43.857315],[25.97518,43.857364],[25.975094,43.857453],[25.974017,43.858568],[25.973957,43.85863],[25.9739,43.85869],[25.973811,43.858781],[25.973175,43.859436],[25.973094,43.859395],[25.973041,43.859369],[25.972191,43.858941],[25.971815,43.858752],[25.971062,43.858394],[25.970361,43.858055],[25.969967,43.857862],[25.96907,43.857437],[25.968884,43.857348],[25.968042,43.856945],[25.967994,43.856922],[25.967875,43.856865],[25.967802,43.856831],[25.965961,43.855961],[25.964389,43.855196],[25.964123,43.85506],[25.964085,43.855046],[25.964031,43.855035],[25.96397,43.855028],[25.963898,43.855031],[25.963784,43.855046],[25.963623,43.855105],[25.963273,43.855233],[25.963185,43.855265],[25.963053,43.855316],[25.963016,43.855327],[25.962994,43.855333],[25.962969,43.855338],[25.962949,43.85534],[25.962925,43.855339],[25.962899,43.855332],[25.962875,43.855322],[25.962837,43.855304],[25.962791,43.855248],[25.962389,43.854725],[25.962142,43.854401],[25.961797,43.853946],[25.961699,43.853828],[25.96166,43.853777],[25.96163,43.853737],[25.961551,43.853612],[25.961538,43.853592],[25.961181,43.853051],[25.961044,43.852882],[25.95998,43.851374],[25.959745,43.851022],[25.959648,43.850897],[25.959579,43.850821],[25.959487,43.850738],[25.959398,43.850655],[25.959234,43.850511],[25.959142,43.850437],[25.959067,43.850388],[25.958958,43.850323],[25.958849,43.850277],[25.95883,43.850272],[25.958744,43.850251],[25.95865,43.850223],[25.958497,43.850182],[25.95826,43.850117],[25.958377,43.849977],[25.959031,43.849056],[25.959083,43.848982],[25.959263,43.848696],[25.959309,43.848622],[25.95944,43.848249],[25.959447,43.848229],[25.959473,43.848141],[25.959517,43.847958],[25.959559,43.847812],[25.95977,43.847045],[25.9599,43.846592],[25.959931,43.846502],[25.959939,43.846397],[25.959931,43.846307],[25.959899,43.846235],[25.959802,43.846162],[25.959738,43.846072],[25.959672,43.845997],[25.959578,43.845934],[25.959472,43.845897],[25.959281,43.84586],[25.959013,43.845806],[25.958206,43.845616],[25.958128,43.845597],[25.958015,43.845568],[25.957988,43.845561],[25.957904,43.845537],[25.957847,43.845516],[25.957219,43.845294],[25.957193,43.845285],[25.957117,43.845256],[25.956971,43.845204],[25.956858,43.845164],[25.95658,43.845062],[25.956411,43.845008],[25.956139,43.844949],[25.955802,43.844898],[25.95568,43.844886],[25.955394,43.844893],[25.954803,43.844909],[25.954534,43.844905],[25.954256,43.844894],[25.954207,43.844892],[25.954066,43.844884],[25.953897,43.844876],[25.953705,43.844868],[25.953346,43.84484],[25.952984,43.844767],[25.95287,43.844734],[25.952394,43.844536],[25.952134,43.844428],[25.951926,43.844324],[25.951897,43.844309],[25.951686,43.844196],[25.951515,43.844114],[25.95054,43.84364],[25.950485,43.843615],[25.950213,43.84349],[25.949556,43.843206],[25.949449,43.84316],[25.949375,43.843128],[25.949258,43.843068],[25.949079,43.842972],[25.948846,43.842824],[25.948491,43.842568],[25.948278,43.84239],[25.947895,43.842068],[25.947851,43.84202],[25.947836,43.842003],[25.947834,43.842001],[25.947805,43.841939],[25.947801,43.841841],[25.947846,43.841548],[25.947956,43.840711],[25.948091,43.840575],[25.948344,43.840257],[25.948344,43.840211],[25.948343,43.840175],[25.948442,43.839873],[25.948732,43.838977],[25.948807,43.838727],[25.949097,43.837895],[25.949148,43.837695]]},"properties":{"line":"А20","dir":"0","headsign":"Сент Уан","mode":"bus","color":"#0059a9","lbl":"20"}},{"type":"Feature","geometry":{"type":"LineString","coordinates":[[25.950941,43.837863],[25.950815,43.83799],[25.950334,43.838424],[25.949427,43.839232],[25.948743,43.839938],[25.948438,43.840213],[25.948344,43.840257],[25.948091,43.840575],[25.948075,43.840591],[25.947956,43.840711],[25.947846,43.841548],[25.947801,43.841841],[25.94786,43.841891],[25.948529,43.842457],[25.94885,43.842702],[25.949113,43.842872],[25.949262,43.842955],[25.949313,43.842983],[25.949425,43.843042],[25.949504,43.843082],[25.950582,43.843592],[25.950616,43.84361],[25.950783,43.843624],[25.951028,43.84371],[25.951206,43.843785],[25.951298,43.843818],[25.95133,43.843833],[25.951347,43.843841],[25.951394,43.843866],[25.951435,43.843889],[25.951614,43.843984],[25.951729,43.84406],[25.951764,43.844092],[25.951826,43.844206],[25.952077,43.844329],[25.952179,43.84438],[25.952907,43.84467],[25.953017,43.844701],[25.953356,43.84477],[25.953803,43.844801],[25.953905,43.844809],[25.954078,43.844818],[25.95422,43.844826],[25.954511,43.844842],[25.954804,43.844846],[25.955059,43.844836],[25.955384,43.844827],[25.955691,43.844822],[25.955907,43.844842],[25.956091,43.844871],[25.956291,43.844909],[25.956458,43.84495],[25.956621,43.845001],[25.956781,43.845051],[25.957091,43.845165],[25.957675,43.845386],[25.957737,43.84541],[25.957807,43.845435],[25.957862,43.845453],[25.957937,43.845476],[25.958029,43.845503],[25.95813,43.845528],[25.958187,43.845543],[25.958255,43.845559],[25.958404,43.845594],[25.958899,43.845666],[25.959312,43.845757],[25.959541,43.845798],[25.959627,43.845805],[25.959679,43.845798],[25.959786,43.845778],[25.959811,43.845754],[25.959894,43.845693],[25.959994,43.845649],[25.960085,43.845627],[25.96018,43.845619],[25.960275,43.845624],[25.960367,43.845643],[25.960452,43.845675],[25.960526,43.845718],[25.960565,43.845749],[25.960598,43.845784],[25.960625,43.845821],[25.960646,43.84586],[25.960667,43.845948],[25.960656,43.846038],[25.960613,43.846122],[25.960568,43.846173],[25.960511,43.846217],[25.960444,43.846254],[25.96042,43.846294],[25.960396,43.846357],[25.960268,43.846811],[25.960216,43.846979],[25.959926,43.847927],[25.959905,43.847996],[25.959808,43.848282],[25.95965,43.848702],[25.959352,43.849176],[25.959034,43.849657],[25.958831,43.849965],[25.958799,43.850007],[25.958747,43.850076],[25.95865,43.850223],[25.958744,43.850251],[25.95883,43.850272],[25.958849,43.850277],[25.958958,43.850323],[25.959067,43.850388],[25.959142,43.850437],[25.959234,43.850511],[25.959398,43.850655],[25.959487,43.850738],[25.959579,43.850821],[25.959648,43.850897],[25.959745,43.851022],[25.95998,43.851374],[25.961044,43.852882],[25.961181,43.853051],[25.961425,43.853231],[25.961544,43.853319],[25.961709,43.853435],[25.961783,43.853484],[25.961795,43.853492],[25.961913,43.853569],[25.961993,43.853619],[25.962064,43.853672],[25.962099,43.853704],[25.962195,43.853711],[25.962245,43.853719],[25.962337,43.853733],[25.962645,43.853798],[25.963398,43.853959],[25.964188,43.854127],[25.964547,43.854203],[25.964655,43.854233],[25.964686,43.854246],[25.964759,43.854276],[25.965134,43.854459],[25.965695,43.854732],[25.965711,43.85474],[25.966648,43.855196],[25.967646,43.855677],[25.968596,43.856135],[25.96869,43.856181],[25.969,43.856329],[25.969567,43.856599],[25.970663,43.857122],[25.97123,43.857402],[25.971321,43.857451],[25.972627,43.858075],[25.972713,43.858116],[25.972854,43.858185],[25.973391,43.858446],[25.973692,43.858593],[25.973726,43.85861],[25.973814,43.858652],[25.973879,43.858582],[25.974935,43.857452],[25.974983,43.8574],[25.975066,43.857311],[25.975118,43.857262],[25.975277,43.857109],[25.975499,43.856895],[25.975721,43.856721],[25.97609,43.856391],[25.976182,43.856304],[25.976208,43.856278],[25.976591,43.855912],[25.977747,43.854652],[25.977955,43.854427],[25.977977,43.854402],[25.978014,43.854363],[25.978138,43.854219],[25.978352,43.853968],[25.978483,43.853707],[25.978549,43.853506],[25.978585,43.853371],[25.978614,43.853234],[25.978622,43.853188],[25.978642,43.853145],[25.978758,43.852636],[25.978806,43.852332],[25.978826,43.852204],[25.97899,43.851378],[25.979126,43.850749],[25.979143,43.85067],[25.979162,43.850579],[25.979189,43.850445],[25.97933,43.850464],[25.979522,43.850488],[25.982132,43.850824],[25.982271,43.850728],[25.982332,43.85048],[25.982338,43.850453],[25.982361,43.850354],[25.982494,43.849762],[25.982539,43.849533],[25.982562,43.849454],[25.982568,43.849425],[25.982606,43.849226],[25.982743,43.8485],[25.982875,43.8478],[25.982947,43.847559],[25.983018,43.847386],[25.983091,43.847244],[25.98332,43.846996],[25.983561,43.846693],[25.983779,43.84639],[25.983988,43.8461],[25.984205,43.845816],[25.985335,43.846425],[25.985739,43.846645],[25.98595,43.84676],[25.986152,43.846862],[25.986337,43.846947],[25.987198,43.847303],[25.987726,43.847586],[25.987985,43.847726],[25.988614,43.848064],[25.988748,43.848127],[25.989932,43.848568],[25.990388,43.848725],[25.992162,43.849376],[25.992397,43.849463],[25.993253,43.849779],[25.99377,43.84997],[25.995827,43.85073],[25.995944,43.850773],[25.996093,43.850825],[25.996253,43.850899]]},"properties":{"line":"А20","dir":"1","headsign":"Ж.К. Изток, пл. Прага - юг","mode":"bus","color":"#0059a9","lbl":"20"}},{"type":"Feature","geometry":{"type":"LineString","coordinates":[[25.974274,43.823608],[25.974063,43.823517],[25.973369,43.823155],[25.973685,43.822815],[25.97418,43.822305],[25.974471,43.822009],[25.97425,43.821807],[25.974048,43.821687],[25.973782,43.821547],[25.973569,43.821442],[25.973474,43.821381],[25.973139,43.821188],[25.97296,43.821092],[25.97272,43.820955],[25.972699,43.820943],[25.972448,43.820801],[25.972316,43.820728],[25.972157,43.820641],[25.972044,43.820594],[25.971956,43.820569],[25.971702,43.820523],[25.971609,43.820606],[25.971537,43.82067],[25.970544,43.821612],[25.969952,43.822137],[25.969711,43.822367],[25.96941,43.822666],[25.969254,43.822809],[25.968696,43.823351],[25.968473,43.823567],[25.968463,43.823576],[25.968161,43.823847],[25.967591,43.824351],[25.967167,43.824706],[25.967607,43.824902],[25.967866,43.825008],[25.968102,43.825112],[25.968379,43.825228],[25.968609,43.825301],[25.968792,43.825349],[25.968815,43.825355],[25.969083,43.825421],[25.969321,43.825473],[25.970219,43.825665],[25.970441,43.825716],[25.970855,43.825812],[25.971218,43.825876],[25.971407,43.825934],[25.971564,43.826023],[25.971661,43.826086],[25.971722,43.826138],[25.971772,43.826199],[25.971791,43.826234],[25.971837,43.826317],[25.971927,43.826697],[25.972019,43.827098],[25.97203,43.827208],[25.97204,43.827312],[25.972047,43.827458],[25.972006,43.827601],[25.971858,43.827894],[25.971278,43.828434],[25.971258,43.828451],[25.970908,43.82875],[25.969959,43.829606],[25.969876,43.829682],[25.969992,43.829739],[25.970343,43.829952],[25.970598,43.830108],[25.970845,43.830283],[25.970995,43.83039],[25.971143,43.830514],[25.971223,43.830579],[25.97139,43.830721],[25.971691,43.830996],[25.971901,43.831196],[25.971988,43.83127],[25.972117,43.831383],[25.971916,43.831509],[25.97171,43.831639],[25.971398,43.831835],[25.970897,43.83215],[25.970837,43.832187],[25.970458,43.832427],[25.970154,43.832638],[25.96962,43.833007],[25.96961,43.833015],[25.969499,43.833091],[25.968733,43.833622],[25.967809,43.834252],[25.967482,43.834451],[25.96718,43.834662],[25.966869,43.834862],[25.965831,43.83557],[25.96551,43.835772],[25.964566,43.836408],[25.963814,43.836916],[25.962687,43.837676],[25.962533,43.837779],[25.960754,43.839125],[25.960535,43.839331],[25.960303,43.839483],[25.960178,43.839555],[25.960087,43.839603],[25.960021,43.839632],[25.959947,43.839649],[25.959754,43.83968],[25.959579,43.839693],[25.95953,43.839562],[25.959495,43.839433],[25.959172,43.838551],[25.959117,43.838402],[25.959077,43.838292],[25.958996,43.838057],[25.958882,43.837746],[25.958753,43.837393],[25.958418,43.836419],[25.958396,43.836362],[25.958141,43.835741],[25.958086,43.835636],[25.958019,43.835531],[25.957941,43.835434],[25.957863,43.835348],[25.957786,43.835275],[25.957689,43.835199],[25.957443,43.835049],[25.956785,43.834683],[25.9567,43.834643],[25.956601,43.834613],[25.956507,43.834594],[25.956207,43.834553],[25.956072,43.834572],[25.955995,43.834593],[25.955927,43.834628],[25.955869,43.834675],[25.955819,43.83474],[25.955808,43.834798],[25.955548,43.836117],[25.955378,43.837085],[25.955331,43.837402],[25.955231,43.838058],[25.955207,43.838214],[25.955096,43.838928],[25.955078,43.839046],[25.955062,43.839119],[25.955025,43.839323],[25.955011,43.839415],[25.954994,43.839497],[25.954978,43.839576],[25.954863,43.840245],[25.954856,43.840284],[25.954809,43.840616],[25.954774,43.840825],[25.954762,43.840903],[25.954711,43.84126],[25.954569,43.842088],[25.954453,43.842783],[25.954404,43.843065],[25.954386,43.843169],[25.954269,43.843801],[25.954229,43.844013],[25.954105,43.844671],[25.954095,43.844724],[25.954078,43.844818],[25.954066,43.844884],[25.954053,43.844975],[25.954048,43.845006],[25.954011,43.845271],[25.953931,43.845835],[25.953907,43.846009],[25.953845,43.846372],[25.953835,43.846453],[25.953697,43.846447],[25.952197,43.846409],[25.950578,43.846367],[25.950297,43.846363],[25.950122,43.846361],[25.950009,43.84636],[25.949935,43.84636],[25.9499,43.846363],[25.949869,43.846368],[25.949734,43.8464],[25.949513,43.846458],[25.949469,43.84647],[25.949409,43.846486],[25.948614,43.84671],[25.948533,43.846739],[25.948495,43.846757],[25.948472,43.846773],[25.948457,43.846787],[25.948432,43.846805],[25.948406,43.846821],[25.948376,43.846834],[25.948338,43.846845],[25.947337,43.847137],[25.946503,43.847363],[25.946383,43.847396],[25.946238,43.847435],[25.94615,43.847459],[25.945751,43.847568],[25.945767,43.847682],[25.945813,43.847834],[25.945859,43.847968],[25.9459,43.848072],[25.945939,43.848143],[25.945959,43.84817],[25.946073,43.848293],[25.946164,43.848384],[25.946283,43.848481],[25.946435,43.848601],[25.946664,43.848766],[25.94681,43.848876],[25.946925,43.848952],[25.947248,43.849181],[25.947567,43.849394],[25.947698,43.849476],[25.947827,43.849565],[25.947866,43.849599],[25.948006,43.849719],[25.94819,43.849919],[25.948308,43.850056],[25.948499,43.850242],[25.949005,43.850738],[25.949088,43.850818],[25.949176,43.850903],[25.949841,43.851628],[25.95003,43.851827],[25.95006,43.85186],[25.950068,43.851869],[25.950096,43.851902],[25.950106,43.851912],[25.950164,43.851956],[25.950307,43.852064],[25.950461,43.852165],[25.950699,43.852303],[25.950916,43.852401],[25.951203,43.852492],[25.951467,43.852512],[25.9518,43.852516],[25.952404,43.852516],[25.952539,43.852521],[25.952615,43.852539],[25.952679,43.852578],[25.952706,43.852555],[25.95274,43.852537],[25.952779,43.852527],[25.952822,43.852524],[25.952875,43.852532],[25.952921,43.852553],[25.953036,43.852545],[25.953365,43.852537],[25.953594,43.852531],[25.955342,43.852523],[25.955847,43.852528],[25.955922,43.852523],[25.955994,43.85251],[25.956045,43.852491],[25.956075,43.852471],[25.956123,43.8525],[25.956168,43.85253],[25.95619,43.852545],[25.956255,43.852588],[25.956318,43.85263],[25.956379,43.852669],[25.956442,43.85272],[25.95673,43.852936],[25.95717,43.853233],[25.957911,43.853745],[25.957976,43.85379],[25.958015,43.853817],[25.958341,43.854044],[25.958502,43.854157],[25.958647,43.854258],[25.959571,43.854862],[25.959856,43.855054],[25.959647,43.855245],[25.959832,43.855362],[25.959903,43.855407],[25.960086,43.855532],[25.960139,43.855545],[25.960192,43.855547],[25.960244,43.855545],[25.960291,43.855541],[25.960336,43.855531],[25.960372,43.855505],[25.960784,43.8558],[25.960934,43.855688],[25.961055,43.855599],[25.96108,43.855614],[25.961273,43.855735],[25.961316,43.855758],[25.961372,43.855782],[25.961433,43.855792],[25.9615,43.855787],[25.961549,43.85578],[25.961744,43.855665],[25.961789,43.855631],[25.961823,43.855613],[25.961858,43.855607],[25.961902,43.855604],[25.961955,43.855616],[25.962011,43.855644],[25.962063,43.855671],[25.962144,43.855727],[25.962278,43.855827],[25.962266,43.855894],[25.962271,43.855964],[25.962318,43.856074],[25.962223,43.856134],[25.962164,43.856172],[25.961727,43.856483],[25.961656,43.856531],[25.961578,43.856588],[25.961514,43.856628],[25.961453,43.856668],[25.961098,43.856918],[25.96108,43.856932],[25.96087,43.857086],[25.960712,43.857196],[25.960675,43.857223],[25.960553,43.857299],[25.960416,43.857391],[25.959945,43.857695],[25.960416,43.857391],[25.960553,43.857299],[25.960675,43.857223],[25.960712,43.857196],[25.96087,43.857086],[25.96108,43.856932],[25.961098,43.856918],[25.961453,43.856668],[25.961514,43.856628],[25.961578,43.856588],[25.961656,43.856531],[25.961727,43.856483],[25.962164,43.856172],[25.962223,43.856134],[25.962318,43.856074],[25.962271,43.855964],[25.962266,43.855894]]},"properties":{"line":"А23","dir":"0","headsign":"Дом на културата","mode":"bus","color":"#0059a9","lbl":"23"}},{"type":"Feature","geometry":{"type":"LineString","coordinates":[[25.962278,43.855827],[25.962299,43.855742],[25.962325,43.855698],[25.962341,43.855672],[25.962368,43.855634],[25.962395,43.855612],[25.962438,43.855577],[25.962511,43.85553],[25.962662,43.855444],[25.962729,43.855415],[25.962782,43.85539],[25.962818,43.855352],[25.962837,43.855304],[25.962791,43.855248],[25.962389,43.854725],[25.962142,43.854401],[25.961797,43.853946],[25.961699,43.853828],[25.96166,43.853777],[25.96163,43.853737],[25.961551,43.853612],[25.961538,43.853592],[25.961181,43.853051],[25.961044,43.852882],[25.95998,43.851374],[25.959745,43.851022],[25.959648,43.850897],[25.959579,43.850821],[25.959487,43.850738],[25.959398,43.850655],[25.959234,43.850511],[25.959142,43.850437],[25.959067,43.850388],[25.958958,43.850323],[25.958849,43.850277],[25.95883,43.850272],[25.958744,43.850251],[25.95865,43.850223],[25.958497,43.850182],[25.95826,43.850117],[25.958377,43.849977],[25.959031,43.849056],[25.959083,43.848982],[25.959263,43.848696],[25.959309,43.848622],[25.95944,43.848249],[25.959447,43.848229],[25.959473,43.848141],[25.959517,43.847958],[25.959559,43.847812],[25.95977,43.847045],[25.9599,43.846592],[25.959931,43.846502],[25.959939,43.846397],[25.959931,43.846307],[25.959899,43.846235],[25.959802,43.846162],[25.959738,43.846072],[25.959672,43.845997],[25.959578,43.845934],[25.959472,43.845897],[25.959281,43.84586],[25.959013,43.845806],[25.958206,43.845616],[25.958128,43.845597],[25.958015,43.845568],[25.957988,43.845561],[25.957904,43.845537],[25.957847,43.845516],[25.957219,43.845294],[25.957193,43.845285],[25.957117,43.845256],[25.956971,43.845204],[25.956858,43.845164],[25.95658,43.845062],[25.956411,43.845008],[25.956139,43.844949],[25.955802,43.844898],[25.95568,43.844886],[25.955394,43.844893],[25.954803,43.844909],[25.954534,43.844905],[25.954256,43.844894],[25.954207,43.844892],[25.954066,43.844884],[25.954078,43.844818],[25.954095,43.844724],[25.954105,43.844671],[25.954125,43.844563],[25.954269,43.843801],[25.954386,43.843169],[25.954404,43.843065],[25.954453,43.842783],[25.954569,43.842088],[25.954711,43.84126],[25.954774,43.840825],[25.95479,43.840727],[25.954809,43.840616],[25.954856,43.840284],[25.954863,43.840245],[25.954978,43.839576],[25.954994,43.839497],[25.955011,43.839415],[25.955025,43.839323],[25.955062,43.839119],[25.955078,43.839046],[25.955096,43.838928],[25.955231,43.838058],[25.955268,43.837812],[25.955331,43.837402],[25.955378,43.837085],[25.955548,43.836117],[25.955819,43.83474],[25.955803,43.834634],[25.95578,43.834552],[25.955753,43.834497],[25.955707,43.83442],[25.95552,43.834305],[25.955295,43.834177],[25.955176,43.83411],[25.954982,43.833997],[25.954881,43.833933],[25.954816,43.833867],[25.954748,43.833782],[25.954623,43.833629],[25.954541,43.833546],[25.954452,43.833471],[25.954373,43.833414],[25.954283,43.833357],[25.954152,43.833282],[25.953833,43.83311],[25.953523,43.832951],[25.953283,43.832832],[25.953023,43.832707],[25.952708,43.832568],[25.952484,43.832472],[25.952114,43.832322],[25.951648,43.832147],[25.951181,43.831972],[25.950961,43.8319],[25.950771,43.831843],[25.950566,43.831788],[25.950401,43.831751],[25.950417,43.831659],[25.950418,43.831544],[25.950411,43.831432],[25.950391,43.831338],[25.950358,43.831244],[25.950267,43.831094],[25.950148,43.830952],[25.949906,43.830636],[25.949633,43.830345],[25.949576,43.830269],[25.949456,43.830076],[25.949401,43.829945],[25.949352,43.829762],[25.949336,43.829586],[25.949344,43.828668],[25.949337,43.828613],[25.949316,43.828355],[25.949358,43.828303],[25.949408,43.828272],[25.949479,43.828255],[25.949571,43.828251],[25.949714,43.828256],[25.950006,43.828425],[25.950249,43.828566],[25.950369,43.828641],[25.950436,43.82873],[25.95046,43.828875],[25.950452,43.829032],[25.950451,43.829174],[25.950478,43.829311],[25.950536,43.829386],[25.950742,43.829494],[25.95096,43.829613],[25.951195,43.829769],[25.951469,43.829898],[25.951728,43.830024],[25.952203,43.830255],[25.952383,43.830345],[25.953139,43.830701],[25.95337,43.830794],[25.953972,43.831037],[25.954625,43.831301],[25.955579,43.83168],[25.956385,43.831977],[25.95696,43.832189],[25.957024,43.832147],[25.958954,43.830887],[25.958985,43.830864],[25.959827,43.83032],[25.959998,43.830214],[25.960623,43.829828],[25.960837,43.829689],[25.960865,43.829671],[25.961519,43.829248],[25.963215,43.827901],[25.963454,43.827709],[25.963524,43.827652],[25.96379,43.827443],[25.964057,43.827526],[25.964426,43.827651],[25.965652,43.828068],[25.965817,43.828125],[25.965928,43.828163],[25.966317,43.828291],[25.966762,43.828455],[25.967122,43.828591],[25.967255,43.828642],[25.967729,43.828826],[25.968106,43.828952],[25.968493,43.829092],[25.968941,43.829283],[25.969413,43.829469],[25.969876,43.829682],[25.969959,43.829606],[25.970331,43.829271],[25.970908,43.82875],[25.971258,43.828451],[25.971278,43.828434],[25.971858,43.827894],[25.972006,43.827601],[25.972047,43.827458],[25.97204,43.827312],[25.972019,43.827098],[25.971927,43.826697],[25.971837,43.826317],[25.971791,43.826234],[25.971772,43.826199],[25.971722,43.826138],[25.971661,43.826086],[25.971564,43.826023],[25.971407,43.825934],[25.971218,43.825876],[25.970891,43.825818],[25.970855,43.825812],[25.970441,43.825716],[25.970219,43.825665],[25.969321,43.825473],[25.969083,43.825421],[25.968792,43.825349],[25.968609,43.825301],[25.968379,43.825228],[25.968136,43.825126],[25.968102,43.825112],[25.967866,43.825008],[25.967607,43.824902],[25.967167,43.824706],[25.967591,43.824351],[25.968161,43.823847],[25.968473,43.823567],[25.968619,43.823426],[25.968696,43.823351],[25.969254,43.822809],[25.96941,43.822666],[25.969711,43.822367],[25.969952,43.822137],[25.970544,43.821612],[25.971537,43.82067],[25.971608,43.820607],[25.971702,43.820523],[25.971956,43.820569],[25.972044,43.820594],[25.972157,43.820641],[25.972316,43.820728],[25.972448,43.820801],[25.972699,43.820943],[25.97272,43.820955],[25.97296,43.821092],[25.973139,43.821188],[25.973474,43.821381],[25.973569,43.821442],[25.973782,43.821547],[25.974048,43.821687],[25.97425,43.821807],[25.974471,43.822009],[25.97418,43.822305],[25.973685,43.822815],[25.973369,43.823155],[25.974063,43.823517],[25.974274,43.823608]]},"properties":{"line":"А23","dir":"1","headsign":"Блок №48","mode":"bus","color":"#0059a9","lbl":"23"}},{"type":"Feature","geometry":{"type":"LineString","coordinates":[[26.038483,43.870291],[26.038063,43.870746],[26.037488,43.871427],[26.036591,43.872387],[26.036333,43.872577],[26.036203,43.872673],[26.035712,43.873023],[26.035663,43.873051],[26.035584,43.873097],[26.034745,43.873668],[26.0347,43.873698],[26.034458,43.873878],[26.034144,43.874096],[26.033828,43.874313],[26.033729,43.874376],[26.031152,43.876098],[26.030099,43.876805],[26.028714,43.877711],[26.028426,43.877885],[26.027085,43.878705],[26.026442,43.879104],[26.026322,43.879177],[26.026252,43.879219],[26.025891,43.879451],[26.025305,43.8797],[26.024529,43.879868],[26.023981,43.879973],[26.023394,43.880045],[26.023267,43.880098],[26.023204,43.88013],[26.023159,43.88016],[26.023114,43.880201],[26.02307,43.880268],[26.023041,43.880329],[26.022981,43.880408],[26.02298,43.880448],[26.022967,43.880487],[26.022942,43.880523],[26.022906,43.880553],[26.022861,43.880577],[26.022809,43.880593],[26.022754,43.880599],[26.022696,43.880596],[26.022646,43.880584],[26.0226,43.880565],[26.022562,43.880539],[26.022532,43.880508],[26.022512,43.880473],[26.022504,43.880432],[26.022509,43.88039],[26.0224,43.880304],[26.019967,43.87858],[26.019694,43.878386],[26.019237,43.878089],[26.018908,43.877865],[26.018495,43.877605],[26.01815,43.877391],[26.018012,43.877306],[26.017901,43.877226],[26.017776,43.877128],[26.017595,43.876963],[26.017477,43.876832],[26.017388,43.876705],[26.017216,43.87641],[26.0171,43.876227],[26.016984,43.876072],[26.016908,43.876015],[26.016843,43.875986],[26.016775,43.875974],[26.016662,43.875977],[26.016558,43.876017],[26.016463,43.876031],[26.016367,43.876027],[26.016275,43.876005],[26.016195,43.875967],[26.016133,43.875918],[26.01609,43.87586],[26.015993,43.875801],[26.015851,43.875705],[26.015788,43.875656],[26.015645,43.875683],[26.015589,43.875648],[26.015556,43.875608],[26.015527,43.875573],[26.015468,43.875482],[26.015466,43.875394],[26.015123,43.875213],[26.014139,43.874677],[26.013972,43.874587],[26.013826,43.874521],[26.01369,43.874464],[26.013564,43.874414],[26.013383,43.874351],[26.013169,43.874289],[26.01298,43.874238],[26.012781,43.874195],[26.012555,43.874153],[26.01081,43.873839],[26.009941,43.873679],[26.009257,43.873553],[26.008755,43.873443],[26.008741,43.873451],[26.008657,43.873479],[26.008564,43.873483],[26.008475,43.873461],[26.008404,43.873418],[26.008362,43.87336],[26.008356,43.873346],[26.008241,43.873304],[26.008086,43.873246],[26.007928,43.87321],[26.007736,43.873173],[26.003423,43.872412],[25.999947,43.871799],[25.999682,43.871746],[25.999485,43.871689],[25.999329,43.871639],[25.999179,43.871579],[25.998308,43.871189],[25.997867,43.870981],[25.997389,43.870759],[25.997064,43.87061],[25.99657,43.870392],[25.996426,43.870328],[25.994823,43.869587],[25.994368,43.869384],[25.994144,43.869294],[25.993167,43.868902],[25.992515,43.86864],[25.992137,43.868487],[25.991879,43.868383],[25.991275,43.868139],[25.990091,43.867655],[25.98996,43.867601],[25.988026,43.866832],[25.987931,43.866793],[25.987438,43.866588],[25.987226,43.866497],[25.98702,43.866401],[25.985778,43.865752],[25.984921,43.865282],[25.984481,43.865041],[25.983861,43.864702],[25.982299,43.863839],[25.982161,43.86375],[25.982066,43.86368],[25.981739,43.863409],[25.981544,43.863235],[25.981101,43.862818],[25.980993,43.862745],[25.980877,43.862691],[25.980772,43.862668],[25.980644,43.862662],[25.980327,43.862678],[25.980087,43.862691],[25.979942,43.862682],[25.97984,43.862661],[25.97803,43.861782],[25.977667,43.861607],[25.976136,43.860867],[25.975013,43.860325],[25.973655,43.859654],[25.973175,43.859436],[25.973094,43.859395],[25.973041,43.859369],[25.972191,43.858941],[25.971815,43.858752],[25.971062,43.858394],[25.970361,43.858055],[25.969967,43.857862],[25.96907,43.857437],[25.968884,43.857348],[25.968042,43.856945],[25.967994,43.856922],[25.967875,43.856865],[25.967802,43.856831],[25.965961,43.855961],[25.964389,43.855196],[25.964123,43.85506],[25.964085,43.855046],[25.964031,43.855035],[25.96397,43.855028],[25.963898,43.855031],[25.963784,43.855046],[25.963623,43.855105],[25.963273,43.855233],[25.963185,43.855265],[25.963053,43.855316],[25.963016,43.855327],[25.962994,43.855333],[25.962969,43.855338],[25.962949,43.85534],[25.962925,43.855339],[25.962899,43.855332],[25.962875,43.855322],[25.962837,43.855304],[25.962791,43.855248],[25.962389,43.854725],[25.962142,43.854401],[25.961797,43.853946],[25.961699,43.853828],[25.96166,43.853777],[25.96163,43.853737],[25.961551,43.853612],[25.961538,43.853592],[25.961181,43.853051],[25.961044,43.852882],[25.95998,43.851374],[25.959745,43.851022],[25.959648,43.850897],[25.959579,43.850821],[25.959487,43.850738],[25.959398,43.850655],[25.959234,43.850511],[25.959142,43.850437],[25.959067,43.850388],[25.958958,43.850323],[25.958849,43.850277],[25.95883,43.850272],[25.958744,43.850251],[25.95865,43.850223],[25.958497,43.850182],[25.95826,43.850117],[25.958377,43.849977],[25.959031,43.849056],[25.959083,43.848982],[25.959263,43.848696],[25.959309,43.848622],[25.95944,43.848249],[25.959447,43.848229],[25.959473,43.848141],[25.959517,43.847958],[25.959559,43.847812],[25.95977,43.847045],[25.9599,43.846592],[25.959931,43.846502],[25.959939,43.846397],[25.959931,43.846307],[25.959899,43.846235],[25.959802,43.846162],[25.959738,43.846072],[25.959715,43.84599],[25.95972,43.845907],[25.959742,43.845836],[25.959786,43.845778],[25.959811,43.845754],[25.959894,43.845693],[25.959994,43.845649],[25.960074,43.845559],[25.960094,43.8455],[25.960107,43.845418],[25.960191,43.845015],[25.960192,43.844952],[25.960199,43.844641],[25.960208,43.844108],[25.960208,43.844075],[25.960241,43.842984],[25.960241,43.842948],[25.96024,43.842194],[25.960237,43.841843],[25.960232,43.841721],[25.960209,43.841631],[25.960206,43.841623],[25.960052,43.841152],[25.959757,43.840245],[25.959741,43.840201],[25.959651,43.839907],[25.959629,43.839837],[25.959579,43.839693],[25.95953,43.839562],[25.959709,43.839529],[25.959894,43.839478],[25.959977,43.839439],[25.960225,43.839321],[25.960344,43.83924],[25.960691,43.838968],[25.961103,43.838645],[25.962453,43.83766],[25.962602,43.837561],[25.964415,43.836344],[25.964453,43.836321],[25.965379,43.835672],[25.965699,43.835458],[25.96675,43.834768],[25.9668,43.834735],[25.967978,43.833933],[25.968142,43.833826],[25.968529,43.833567],[25.969018,43.833235],[25.969484,43.832922],[25.97034,43.832347],[25.97028,43.832303],[25.9702,43.832226],[25.970036,43.832102],[25.969911,43.832017],[25.969468,43.831758],[25.969233,43.831614],[25.968856,43.831382],[25.968413,43.831098],[25.96835,43.831053],[25.969104,43.830398],[25.969199,43.830309],[25.969295,43.830215],[25.969504,43.830006],[25.969571,43.829938],[25.969783,43.829743],[25.969876,43.829682],[25.969959,43.829606],[25.970331,43.829271],[25.970908,43.82875],[25.971258,43.828451],[25.971278,43.828434],[25.971858,43.827894],[25.972006,43.827601],[25.972047,43.827458],[25.97204,43.827312],[25.972019,43.827098],[25.971927,43.826697],[25.971837,43.826317],[25.971791,43.826234],[25.971772,43.826199],[25.971722,43.826138],[25.971661,43.826086],[25.971564,43.826023],[25.971407,43.825934],[25.971218,43.825876],[25.970891,43.825818],[25.970855,43.825812],[25.970441,43.825716],[25.970219,43.825665],[25.969321,43.825473],[25.969083,43.825421],[25.968792,43.825349],[25.968609,43.825301],[25.968379,43.825228],[25.968136,43.825126],[25.968102,43.825112],[25.967866,43.825008],[25.967607,43.824902],[25.967167,43.824706],[25.967591,43.824351],[25.968161,43.823847],[25.968473,43.823567],[25.968619,43.823426],[25.968696,43.823351],[25.969254,43.822809],[25.96941,43.822666],[25.969711,43.822367],[25.969952,43.822137],[25.970544,43.821612],[25.971537,43.82067],[25.971608,43.820607],[25.971702,43.820523],[25.971956,43.820569],[25.972044,43.820594],[25.972157,43.820641],[25.972316,43.820728],[25.972448,43.820801],[25.972699,43.820943],[25.97272,43.820955],[25.97296,43.821092],[25.973139,43.821188],[25.973474,43.821381],[25.973569,43.821442],[25.973782,43.821547],[25.974048,43.821687],[25.97425,43.821807],[25.974471,43.822009],[25.97418,43.822305],[25.973685,43.822815],[25.973369,43.823155],[25.974063,43.823517],[25.974274,43.823608]]},"properties":{"line":"А28","dir":"0","headsign":"Блок №48","mode":"bus","color":"#0059a9","lbl":"28"}},{"type":"Feature","geometry":{"type":"LineString","coordinates":[[25.974274,43.823608],[25.974063,43.823517],[25.973369,43.823155],[25.973685,43.822815],[25.97418,43.822305],[25.974471,43.822009],[25.97425,43.821807],[25.974048,43.821687],[25.973782,43.821547],[25.973569,43.821442],[25.973474,43.821381],[25.973139,43.821188],[25.97296,43.821092],[25.97272,43.820955],[25.972699,43.820943],[25.972448,43.820801],[25.972316,43.820728],[25.972157,43.820641],[25.972044,43.820594],[25.971956,43.820569],[25.971702,43.820523],[25.971609,43.820606],[25.971537,43.82067],[25.970544,43.821612],[25.969952,43.822137],[25.969711,43.822367],[25.96941,43.822666],[25.969254,43.822809],[25.968696,43.823351],[25.968473,43.823567],[25.968463,43.823576],[25.968161,43.823847],[25.967591,43.824351],[25.967167,43.824706],[25.967607,43.824902],[25.967866,43.825008],[25.968102,43.825112],[25.968379,43.825228],[25.968609,43.825301],[25.968792,43.825349],[25.968815,43.825355],[25.969083,43.825421],[25.969321,43.825473],[25.970219,43.825665],[25.970441,43.825716],[25.970855,43.825812],[25.971218,43.825876],[25.971407,43.825934],[25.971564,43.826023],[25.971661,43.826086],[25.971722,43.826138],[25.971772,43.826199],[25.971791,43.826234],[25.971837,43.826317],[25.971927,43.826697],[25.972019,43.827098],[25.97203,43.827208],[25.97204,43.827312],[25.972047,43.827458],[25.972006,43.827601],[25.971858,43.827894],[25.971278,43.828434],[25.971258,43.828451],[25.970908,43.82875],[25.969959,43.829606],[25.969876,43.829682],[25.969992,43.829739],[25.970343,43.829952],[25.970598,43.830108],[25.970845,43.830283],[25.970995,43.83039],[25.971143,43.830514],[25.971223,43.830579],[25.97139,43.830721],[25.971691,43.830996],[25.971901,43.831196],[25.971988,43.83127],[25.972117,43.831383],[25.971916,43.831509],[25.97171,43.831639],[25.971398,43.831835],[25.970897,43.83215],[25.970837,43.832187],[25.970458,43.832427],[25.970154,43.832638],[25.96962,43.833007],[25.96961,43.833015],[25.969499,43.833091],[25.968733,43.833622],[25.967809,43.834252],[25.967482,43.834451],[25.96718,43.834662],[25.966869,43.834862],[25.965831,43.83557],[25.96551,43.835772],[25.964566,43.836408],[25.963814,43.836916],[25.962687,43.837676],[25.962533,43.837779],[25.960754,43.839125],[25.960535,43.839331],[25.960372,43.839504],[25.9603,43.839567],[25.960174,43.839672],[25.960149,43.83969],[25.960099,43.839723],[25.960064,43.839764],[25.960036,43.839817],[25.960014,43.839866],[25.960125,43.840181],[25.9602,43.840406],[25.960309,43.840736],[25.96059,43.841593],[25.960625,43.841742],[25.960633,43.841832],[25.960621,43.842581],[25.96062,43.842657],[25.960594,43.843475],[25.960592,43.843513],[25.960571,43.844139],[25.960543,43.844953],[25.960494,43.84552],[25.960494,43.845587],[25.960526,43.845718],[25.960565,43.845749],[25.960598,43.845784],[25.960625,43.845821],[25.960646,43.84586],[25.960667,43.845948],[25.960656,43.846038],[25.960613,43.846122],[25.960568,43.846173],[25.960511,43.846217],[25.960444,43.846254],[25.96042,43.846294],[25.960396,43.846357],[25.960268,43.846811],[25.960216,43.846979],[25.959926,43.847927],[25.959905,43.847996],[25.959808,43.848282],[25.95965,43.848702],[25.959352,43.849176],[25.959034,43.849657],[25.958831,43.849965],[25.958799,43.850007],[25.958747,43.850076],[25.95865,43.850223],[25.958744,43.850251],[25.95883,43.850272],[25.958849,43.850277],[25.958958,43.850323],[25.959067,43.850388],[25.959142,43.850437],[25.959234,43.850511],[25.959398,43.850655],[25.959487,43.850738],[25.959579,43.850821],[25.959648,43.850897],[25.959745,43.851022],[25.95998,43.851374],[25.961044,43.852882],[25.961181,43.853051],[25.961425,43.853231],[25.961544,43.853319],[25.961709,43.853435],[25.961783,43.853484],[25.961795,43.853492],[25.961913,43.853569],[25.961993,43.853619],[25.962064,43.853672],[25.962099,43.853704],[25.962195,43.853711],[25.962245,43.853719],[25.962337,43.853733],[25.962645,43.853798],[25.963398,43.853959],[25.964188,43.854127],[25.964547,43.854203],[25.964655,43.854233],[25.964686,43.854246],[25.964759,43.854276],[25.965134,43.854459],[25.965695,43.854732],[25.965711,43.85474],[25.966648,43.855196],[25.967646,43.855677],[25.968596,43.856135],[25.96869,43.856181],[25.969,43.856329],[25.969567,43.856599],[25.970663,43.857122],[25.97123,43.857402],[25.971321,43.857451],[25.972627,43.858075],[25.972713,43.858116],[25.972854,43.858185],[25.973391,43.858446],[25.973692,43.858593],[25.973726,43.85861],[25.973814,43.858652],[25.9739,43.85869],[25.973965,43.858723],[25.974819,43.859156],[25.976771,43.860124],[25.978105,43.860766],[25.978716,43.861061],[25.979139,43.861277],[25.979697,43.861537],[25.979946,43.861691],[25.980475,43.862093],[25.980878,43.862445],[25.981211,43.862756],[25.981594,43.863126],[25.981816,43.863339],[25.98202,43.863515],[25.982172,43.863629],[25.982329,43.863732],[25.982513,43.863839],[25.983961,43.864622],[25.984174,43.864739],[25.984197,43.864751],[25.984928,43.865127],[25.985882,43.865653],[25.987126,43.866286],[25.987354,43.866394],[25.987595,43.866507],[25.988119,43.866723],[25.988236,43.866768],[25.990054,43.867474],[25.990187,43.867529],[25.991322,43.868005],[25.99201,43.868293],[25.99222,43.868379],[25.992286,43.868406],[25.992599,43.868533],[25.993244,43.8688],[25.994054,43.869131],[25.99468,43.869387],[25.995395,43.869687],[25.996317,43.8701],[25.99653,43.870203],[25.996596,43.870234],[25.996658,43.870262],[25.996727,43.870292],[25.99679,43.870313],[25.996861,43.870328],[25.996931,43.870329],[25.997006,43.870331],[25.9971,43.870325],[25.997174,43.870314],[25.99725,43.870307],[25.99733,43.870312],[25.997411,43.870334],[25.997482,43.87037],[25.998,43.870606],[25.998048,43.870639],[25.998088,43.870681],[25.998111,43.870736],[25.998131,43.870808],[25.998161,43.870868],[25.998199,43.870918],[25.998242,43.870965],[25.998278,43.870999],[25.998331,43.871036],[25.998407,43.871078],[25.999256,43.871462],[25.999402,43.871517],[25.999505,43.871553],[25.999831,43.871638],[26.000119,43.871693],[26.000332,43.871731],[26.001161,43.871879],[26.00356,43.872307],[26.007786,43.873062],[26.008422,43.873181],[26.008478,43.873151],[26.008543,43.873133],[26.008627,43.87313],[26.008707,43.873147],[26.008775,43.873183],[26.008822,43.873233],[26.008994,43.873301],[26.009064,43.873343],[26.009143,43.873385],[26.009217,43.873412],[26.009293,43.873433],[26.009577,43.873484],[26.010483,43.873645],[26.010991,43.873735],[26.011365,43.873805],[26.012583,43.874034],[26.013065,43.874127],[26.01318,43.874156],[26.013298,43.874191],[26.013429,43.874232],[26.013551,43.874273],[26.013675,43.874318],[26.013778,43.874355],[26.013896,43.874407],[26.014025,43.874469],[26.014148,43.874529],[26.015248,43.875135],[26.015565,43.875308],[26.015619,43.875339],[26.015717,43.875394],[26.015842,43.875462],[26.016004,43.87554],[26.01608,43.87557],[26.016153,43.87559],[26.016214,43.875549],[26.016286,43.875518],[26.016385,43.875497],[26.016488,43.875497],[26.016588,43.875518],[26.016676,43.875557],[26.016719,43.875587],[26.016751,43.875619],[26.016797,43.875694],[26.016927,43.875831],[26.017018,43.875932],[26.017213,43.876211],[26.017374,43.876474],[26.0175,43.876658],[26.017579,43.876749],[26.017664,43.87683],[26.017746,43.876897],[26.017871,43.876985],[26.018046,43.877106],[26.018193,43.87721],[26.018446,43.877368],[26.018824,43.877628],[26.019266,43.877923],[26.019789,43.878281],[26.02009,43.878488],[26.022508,43.880145],[26.022631,43.880214],[26.022727,43.880255],[26.022787,43.880258],[26.022873,43.880217],[26.022944,43.880182],[26.023004,43.880155],[26.023113,43.8801],[26.023216,43.880072],[26.023394,43.880045],[26.023981,43.879973],[26.024529,43.879868],[26.025305,43.8797],[26.025891,43.879451],[26.026252,43.879219],[26.026442,43.879104],[26.026484,43.879077],[26.027085,43.878705],[26.028426,43.877885],[26.028714,43.877711],[26.030099,43.876805],[26.031152,43.876098],[26.033729,43.874376],[26.033828,43.874313],[26.034144,43.874096],[26.034458,43.873878],[26.0347,43.873698],[26.034745,43.873668],[26.035584,43.873097],[26.035663,43.873051],[26.035712,43.873023],[26.036203,43.872673],[26.036333,43.872577],[26.036591,43.872387],[26.037488,43.871427],[26.038063,43.870746],[26.038483,43.870291]]},"properties":{"line":"А28","dir":"1","headsign":"Керос (Монтюпе)","mode":"bus","color":"#0059a9","lbl":"28"}},{"type":"Feature","geometry":{"type":"LineString","coordinates":[[25.977308,43.832163],[25.977112,43.832194],[25.976664,43.8323],[25.976507,43.832339],[25.976293,43.832425],[25.975959,43.83261],[25.97572,43.832759],[25.975301,43.833096],[25.975285,43.833107],[25.975174,43.833183],[25.975194,43.833216],[25.975197,43.833234],[25.97519,43.833272],[25.975175,43.833292],[25.975166,43.833303],[25.975129,43.833327],[25.975083,43.83334],[25.975017,43.833338],[25.974796,43.833476],[25.974581,43.833646],[25.974149,43.834054],[25.974057,43.834177],[25.973999,43.834255],[25.97385,43.834579],[25.973734,43.834836],[25.973702,43.834935],[25.973657,43.835218],[25.973651,43.835629],[25.973615,43.836442],[25.973618,43.836753],[25.973669,43.837022],[25.973756,43.837195],[25.973839,43.83733],[25.973991,43.837502],[25.974156,43.837661],[25.974305,43.837782],[25.974528,43.837921],[25.974943,43.838114],[25.975458,43.838351],[25.976313,43.838683],[25.976544,43.83875],[25.97664,43.83879],[25.976686,43.838813],[25.976718,43.838836],[25.976749,43.83887],[25.976774,43.838902],[25.976753,43.838909],[25.976522,43.838989],[25.975871,43.83925],[25.975734,43.83931],[25.975871,43.83925],[25.976522,43.838989],[25.976552,43.838951],[25.976566,43.838918],[25.976565,43.838883],[25.976555,43.838848],[25.976542,43.838829],[25.976515,43.838801],[25.976313,43.838683],[25.975458,43.838351],[25.974943,43.838114],[25.975458,43.838351],[25.976313,43.838683],[25.976544,43.83875],[25.97664,43.83879],[25.976686,43.838813],[25.976718,43.838836],[25.976749,43.83887],[25.976774,43.838902],[25.976753,43.838909],[25.976522,43.838989],[25.975871,43.83925],[25.975734,43.83931],[25.97568,43.839336],[25.975609,43.83937],[25.975355,43.839492],[25.975091,43.839595],[25.974983,43.839629],[25.974764,43.839685],[25.974465,43.83974],[25.974296,43.839772],[25.973905,43.839848],[25.973708,43.839887],[25.973622,43.839905],[25.973414,43.839947],[25.973277,43.839949],[25.973144,43.83994],[25.973043,43.839924],[25.972532,43.839782],[25.972023,43.839627],[25.971908,43.839601],[25.971832,43.839594],[25.97176,43.839594],[25.971683,43.839606],[25.971597,43.839638],[25.971537,43.839674],[25.970887,43.840145],[25.970775,43.840213],[25.970685,43.840269],[25.970573,43.84031],[25.970504,43.840325],[25.970411,43.840327],[25.970285,43.840327],[25.969983,43.84034],[25.969609,43.840358],[25.969407,43.840366],[25.969205,43.840379],[25.969071,43.840396],[25.968963,43.840417],[25.96884,43.840444],[25.968727,43.840481],[25.968601,43.840524],[25.968467,43.840579],[25.968418,43.840613],[25.968384,43.840642],[25.968356,43.840669],[25.968337,43.840701],[25.968319,43.840737],[25.968313,43.84076],[25.968302,43.840782],[25.968288,43.840802],[25.968269,43.840821],[25.968247,43.840838],[25.968216,43.840854],[25.968181,43.840866],[25.968144,43.840874],[25.968105,43.840877],[25.968067,43.840875],[25.968045,43.840871],[25.968025,43.840866],[25.968004,43.84086],[25.967985,43.840852],[25.967932,43.840849],[25.967895,43.840849],[25.967841,43.840854],[25.96776,43.840866],[25.967674,43.840879],[25.967574,43.840901],[25.967502,43.840913],[25.967398,43.840931],[25.9673,43.840943],[25.967003,43.840967],[25.966855,43.840969],[25.966716,43.840964],[25.965911,43.841036],[25.965571,43.841075],[25.965533,43.841307],[25.965383,43.841748],[25.965255,43.841792],[25.965307,43.84186],[25.965553,43.842179],[25.965705,43.84237],[25.966083,43.842829],[25.966231,43.843001],[25.966369,43.84312],[25.966564,43.843238],[25.966745,43.843322],[25.966854,43.843364],[25.967008,43.843405],[25.967197,43.843446],[25.967512,43.843513],[25.967708,43.843556],[25.967895,43.843595],[25.96822,43.843667],[25.96868,43.843763],[25.968786,43.843785],[25.96884,43.843796],[25.968947,43.843807],[25.969043,43.843803],[25.969134,43.843789],[25.9692,43.843772],[25.969245,43.843759],[25.969328,43.843735],[25.969397,43.843713],[25.969476,43.843679],[25.96952,43.843659],[25.969574,43.843646],[25.969631,43.843642],[25.969688,43.843649],[25.969741,43.843665],[25.969787,43.843689],[25.969823,43.843721],[25.969848,43.843759],[25.969937,43.843839],[25.969992,43.84389],[25.970062,43.843949],[25.970136,43.844],[25.970213,43.844053],[25.97031,43.844122],[25.970742,43.84423],[25.971461,43.844412],[25.97178,43.8439],[25.972084,43.843403],[25.972136,43.843316],[25.97293,43.842043],[25.973306,43.841546],[25.974072,43.841854],[25.974166,43.841891],[25.974349,43.841961],[25.975263,43.842316],[25.975706,43.842492],[25.976824,43.842903],[25.976826,43.842945],[25.976559,43.843351],[25.9765,43.843444],[25.976476,43.843482],[25.976547,43.843502],[25.977502,43.843798],[25.977642,43.843837],[25.978075,43.843959],[25.978289,43.844015],[25.978429,43.844047],[25.978757,43.844119],[25.979818,43.844351],[25.980614,43.844533],[25.981048,43.84464],[25.981535,43.84478],[25.981731,43.844836],[25.982096,43.844958],[25.981294,43.846207],[25.981125,43.84647],[25.98067,43.8472],[25.980368,43.847876],[25.980119,43.848418],[25.979894,43.848929],[25.979848,43.849033],[25.979557,43.849731],[25.979512,43.849823],[25.979434,43.849981],[25.979381,43.850203],[25.979363,43.850292],[25.979357,43.850323],[25.979346,43.850376],[25.97933,43.850464],[25.979299,43.850597],[25.97928,43.850687],[25.979129,43.851395],[25.978979,43.852122],[25.978957,43.852215],[25.978928,43.852331],[25.978919,43.852366],[25.978917,43.852545],[25.978916,43.852657],[25.978929,43.85277],[25.978981,43.8529],[25.979127,43.853062],[25.97917,43.853093],[25.979204,43.853129],[25.979236,43.85319],[25.979242,43.853255],[25.979223,43.853318],[25.979179,43.853375],[25.979115,43.85342],[25.979059,43.853444],[25.978999,43.853459],[25.978813,43.853618],[25.978481,43.854005],[25.976355,43.856306],[25.976302,43.856363],[25.976268,43.856402],[25.975592,43.856956],[25.975383,43.857163],[25.975286,43.857259],[25.975229,43.857315],[25.97518,43.857364],[25.975094,43.857453],[25.974017,43.858568],[25.973957,43.85863],[25.9739,43.85869],[25.973811,43.858781],[25.973175,43.859436],[25.973094,43.859395],[25.973041,43.859369],[25.972191,43.858941],[25.971815,43.858752],[25.971062,43.858394],[25.970361,43.858055],[25.969967,43.857862],[25.96907,43.857437],[25.968884,43.857348],[25.968042,43.856945],[25.967994,43.856922],[25.967875,43.856865],[25.967802,43.856831],[25.965961,43.855961],[25.964389,43.855196],[25.964123,43.85506],[25.964085,43.855046],[25.964031,43.855035],[25.96397,43.855028],[25.963898,43.855031],[25.963784,43.855046],[25.963623,43.855105],[25.963273,43.855233],[25.963185,43.855265],[25.963053,43.855316],[25.963016,43.855327],[25.962994,43.855333],[25.962969,43.855338],[25.962949,43.85534],[25.962925,43.855339],[25.962899,43.855332],[25.962875,43.855322],[25.962837,43.855304],[25.962791,43.855248],[25.962389,43.854725],[25.962142,43.854401],[25.961797,43.853946],[25.961699,43.853828],[25.96166,43.853777],[25.96163,43.853737],[25.961551,43.853612],[25.961538,43.853592],[25.961181,43.853051],[25.961044,43.852882],[25.95998,43.851374],[25.959745,43.851022],[25.959648,43.850897],[25.959579,43.850821],[25.959487,43.850738],[25.959398,43.850655],[25.959234,43.850511],[25.959142,43.850437],[25.959067,43.850388],[25.958958,43.850323],[25.958849,43.850277],[25.95883,43.850272],[25.958744,43.850251],[25.95865,43.850223],[25.95858,43.85031],[25.958173,43.850812],[25.95798,43.851037],[25.95766,43.851413],[25.95733,43.851791],[25.957328,43.851793],[25.957117,43.852006],[25.957054,43.852057],[25.956982,43.852112],[25.956333,43.852618],[25.956318,43.85263],[25.956185,43.852695],[25.956037,43.852735],[25.95585,43.852745],[25.954916,43.852757],[25.954596,43.85276],[25.95324,43.852769],[25.953025,43.852775],[25.952984,43.852759],[25.952919,43.852727],[25.952873,43.852747],[25.952821,43.852755],[25.952769,43.85275],[25.952721,43.852733],[25.952685,43.852707],[25.952663,43.852675],[25.952655,43.852639],[25.952658,43.852618],[25.952666,43.852597],[25.952679,43.852578],[25.952706,43.852555],[25.95274,43.852537],[25.952779,43.852527],[25.952822,43.852524],[25.952875,43.852532],[25.952921,43.852553],[25.953036,43.852545],[25.953365,43.852537]]},"properties":{"line":"А30","dir":"0","headsign":"Хотел Рига","mode":"bus","color":"#0059a9","lbl":"30"}},{"type":"Feature","geometry":{"type":"LineString","coordinates":[[25.953365,43.852537],[25.953594,43.852531],[25.955342,43.852523],[25.955847,43.852528],[25.955922,43.852523],[25.955994,43.85251],[25.956045,43.852491],[25.956075,43.852471],[25.956123,43.8525],[25.956168,43.85253],[25.95619,43.852545],[25.956255,43.852588],[25.956318,43.85263],[25.956333,43.852618],[25.956982,43.852112],[25.957054,43.852057],[25.957117,43.852006],[25.957288,43.851833],[25.95733,43.851791],[25.95766,43.851413],[25.95828,43.851721],[25.958697,43.851928],[25.959472,43.852259],[25.959982,43.8525],[25.960723,43.852811],[25.961044,43.852882],[25.961181,43.853051],[25.961425,43.853231],[25.961544,43.853319],[25.961709,43.853435],[25.961783,43.853484],[25.961795,43.853492],[25.961913,43.853569],[25.961993,43.853619],[25.962064,43.853672],[25.962099,43.853704],[25.962195,43.853711],[25.962245,43.853719],[25.962337,43.853733],[25.962645,43.853798],[25.963398,43.853959],[25.964188,43.854127],[25.964547,43.854203],[25.964655,43.854233],[25.964686,43.854246],[25.964759,43.854276],[25.965134,43.854459],[25.965695,43.854732],[25.965711,43.85474],[25.966648,43.855196],[25.967646,43.855677],[25.968596,43.856135],[25.96869,43.856181],[25.969,43.856329],[25.969567,43.856599],[25.970663,43.857122],[25.97123,43.857402],[25.971321,43.857451],[25.972627,43.858075],[25.972713,43.858116],[25.972854,43.858185],[25.973391,43.858446],[25.973692,43.858593],[25.973726,43.85861],[25.973814,43.858652],[25.973879,43.858582],[25.974935,43.857452],[25.974983,43.8574],[25.975066,43.857311],[25.975118,43.857262],[25.975277,43.857109],[25.975499,43.856895],[25.975721,43.856721],[25.97609,43.856391],[25.976182,43.856304],[25.976208,43.856278],[25.976591,43.855912],[25.977747,43.854652],[25.977955,43.854427],[25.977977,43.854402],[25.978014,43.854363],[25.978138,43.854219],[25.978352,43.853968],[25.978483,43.853707],[25.978549,43.853506],[25.978585,43.853371],[25.978614,43.853234],[25.978622,43.853188],[25.978642,43.853145],[25.978758,43.852636],[25.978806,43.852332],[25.978826,43.852204],[25.97899,43.851378],[25.979126,43.850749],[25.979143,43.85067],[25.979162,43.850579],[25.979189,43.850445],[25.97933,43.850464],[25.979522,43.850488],[25.982132,43.850824],[25.982271,43.850728],[25.982332,43.85048],[25.982338,43.850453],[25.982361,43.850354],[25.982494,43.849762],[25.982539,43.849533],[25.982562,43.849454],[25.982568,43.849425],[25.982606,43.849226],[25.982743,43.8485],[25.982875,43.8478],[25.982947,43.847559],[25.983018,43.847386],[25.983091,43.847244],[25.98332,43.846996],[25.983561,43.846693],[25.983779,43.84639],[25.983988,43.8461],[25.984205,43.845816],[25.983193,43.845389],[25.982096,43.844958],[25.981731,43.844836],[25.981535,43.84478],[25.981048,43.84464],[25.980614,43.844533],[25.979818,43.844351],[25.978757,43.844119],[25.978429,43.844047],[25.978289,43.844015],[25.978075,43.843959],[25.977502,43.843798],[25.977486,43.843793],[25.976547,43.843502],[25.976476,43.843482],[25.976416,43.843462],[25.975807,43.843267],[25.975101,43.842964],[25.974873,43.842851],[25.974389,43.842633],[25.973665,43.842316],[25.97332,43.842188],[25.97293,43.842043],[25.972087,43.841785],[25.971391,43.84157],[25.970972,43.841469],[25.970701,43.841422],[25.970493,43.841382],[25.970402,43.841365],[25.97006,43.841293],[25.969659,43.841243],[25.969436,43.841227],[25.969366,43.841226],[25.969302,43.841232],[25.969207,43.841258],[25.96906,43.841305],[25.968905,43.841354],[25.96857,43.841472],[25.968484,43.841498],[25.968397,43.841343],[25.968266,43.841097],[25.968246,43.841053],[25.968184,43.84098],[25.968144,43.840937],[25.968106,43.840902],[25.968067,43.840875],[25.968045,43.840871],[25.968025,43.840866],[25.968004,43.84086],[25.967985,43.840852],[25.967932,43.840849],[25.967895,43.840849],[25.967841,43.840854],[25.96776,43.840866],[25.967674,43.840879],[25.967574,43.840901],[25.967502,43.840913],[25.967398,43.840931],[25.9673,43.840943],[25.967003,43.840967],[25.966855,43.840969],[25.966716,43.840964],[25.965911,43.841036],[25.965571,43.841075],[25.965533,43.841307],[25.965383,43.841748],[25.965533,43.841307],[25.965571,43.841075],[25.965911,43.841036],[25.966716,43.840964],[25.966855,43.840969],[25.967003,43.840967],[25.9673,43.840943],[25.967398,43.840931],[25.967502,43.840913],[25.967574,43.840901],[25.967674,43.840879],[25.967755,43.840836],[25.967789,43.840817],[25.967818,43.840796],[25.967854,43.840759],[25.967886,43.840712],[25.967891,43.840688],[25.9679,43.840664],[25.967915,43.840642],[25.967934,43.840622],[25.967957,43.840604],[25.967984,43.840589],[25.968013,43.840578],[25.968043,43.84057],[25.968074,43.840565],[25.968107,43.840564],[25.968139,43.840566],[25.968168,43.840571],[25.968196,43.840579],[25.968222,43.840589],[25.968289,43.8406],[25.968334,43.840601],[25.968376,43.840599],[25.968413,43.840594],[25.968467,43.840579],[25.968601,43.840524],[25.968727,43.840481],[25.96884,43.840444],[25.968963,43.840417],[25.969071,43.840396],[25.969205,43.840379],[25.969407,43.840366],[25.969609,43.840358],[25.969983,43.84034],[25.970285,43.840327],[25.970392,43.840299],[25.970454,43.840275],[25.970534,43.840234],[25.970655,43.840166],[25.970761,43.840089],[25.971514,43.839568],[25.971604,43.839537],[25.971677,43.839523],[25.971763,43.839517],[25.971852,43.839516],[25.971952,43.83953],[25.973106,43.839864],[25.97325,43.839885],[25.973409,43.839891],[25.973622,43.839905],[25.973708,43.839887],[25.973905,43.839848],[25.974296,43.839772],[25.974465,43.83974],[25.974764,43.839685],[25.974983,43.839629],[25.975091,43.839595],[25.975355,43.839492],[25.975609,43.83937],[25.97568,43.839336],[25.975734,43.83931],[25.975871,43.83925],[25.976522,43.838989],[25.976552,43.838951],[25.976566,43.838918],[25.976565,43.838883],[25.976555,43.838848],[25.976542,43.838829],[25.976515,43.838801],[25.976313,43.838683],[25.975458,43.838351],[25.974943,43.838114],[25.974838,43.838065],[25.974528,43.837921],[25.974305,43.837782],[25.974156,43.837661],[25.973991,43.837502],[25.973839,43.83733],[25.973756,43.837195],[25.973669,43.837022],[25.973618,43.836753],[25.973615,43.836442],[25.973639,43.8359],[25.973651,43.835629],[25.973657,43.835218],[25.973702,43.834935],[25.973734,43.834836],[25.97385,43.834579],[25.973999,43.834255],[25.974057,43.834177],[25.974149,43.834054],[25.974581,43.833646],[25.974796,43.833476],[25.974938,43.833297],[25.974916,43.83326],[25.974913,43.833238],[25.974922,43.833203],[25.974951,43.83317],[25.974973,43.833155],[25.975018,43.83314],[25.975067,43.833137],[25.975094,43.83314],[25.975139,43.833156],[25.975174,43.833183],[25.975285,43.833107],[25.975301,43.833096],[25.97572,43.832759],[25.975959,43.83261],[25.976293,43.832425],[25.976507,43.832339],[25.976664,43.8323],[25.977112,43.832194],[25.977312,43.832162]]},"properties":{"line":"А30","dir":"1","headsign":"Търговски комплекс","mode":"bus","color":"#0059a9","lbl":"30"}},{"type":"Feature","geometry":{"type":"LineString","coordinates":[[25.997428,43.857626],[25.997386,43.857625],[25.997346,43.857614],[25.997314,43.857595],[25.997292,43.857569],[25.997282,43.85754],[25.997286,43.85751],[25.997303,43.857482],[25.997332,43.85746],[25.997369,43.857445],[25.996986,43.85672],[25.996982,43.856655],[25.996984,43.856594],[25.996992,43.856526],[25.997004,43.856459],[25.99707,43.856152],[25.997081,43.856107],[25.997228,43.855522],[25.997247,43.855448],[25.997273,43.855345],[25.99728,43.855318],[25.997357,43.85501],[25.99736,43.854997],[25.997401,43.854835],[25.99741,43.854797],[25.997415,43.854778],[25.997571,43.85416],[25.997621,43.853962],[25.997664,43.853788],[25.997711,43.853602],[25.997842,43.853081],[25.997865,43.85299],[25.99759,43.852953],[25.997232,43.852906],[25.996105,43.85276],[25.993383,43.852406],[25.992925,43.852348],[25.992309,43.852266],[25.992153,43.852245],[25.991404,43.852148],[25.99138,43.852145],[25.991309,43.852136],[25.991182,43.852117],[25.99099,43.852094],[25.99036,43.852014],[25.990044,43.851974],[25.989616,43.851919],[25.988582,43.851791],[25.988478,43.851778],[25.988117,43.85173],[25.987518,43.85165],[25.987478,43.851645],[25.987137,43.851605],[25.985383,43.85138],[25.985232,43.85136],[25.985053,43.851337],[25.984734,43.851297],[25.984405,43.851255],[25.983566,43.851152],[25.982355,43.850987],[25.981214,43.850835],[25.979511,43.850623],[25.979484,43.85062],[25.979299,43.850597],[25.979162,43.850579],[25.978979,43.850556],[25.978658,43.850516],[25.977188,43.85033],[25.976673,43.850251],[25.976385,43.850164],[25.976297,43.850139],[25.975412,43.849845],[25.974952,43.849664],[25.974795,43.849603],[25.973436,43.849119],[25.973137,43.849012],[25.97143,43.848478],[25.969481,43.847969],[25.96746,43.847443],[25.967024,43.847319],[25.966719,43.847233],[25.966475,43.847164],[25.966422,43.847148],[25.96627,43.847108],[25.966101,43.847054],[25.96513,43.846743],[25.964743,43.846662],[25.964245,43.846584],[25.963352,43.846496],[25.962525,43.846406],[25.96205,43.846325],[25.961041,43.846152],[25.960867,43.846109],[25.960793,43.8461],[25.960716,43.846102],[25.960613,43.846122],[25.960568,43.846173],[25.960511,43.846217],[25.960444,43.846254],[25.960339,43.846289],[25.960226,43.846305],[25.96011,43.846301],[25.959999,43.846277],[25.959899,43.846235],[25.959802,43.846162],[25.959738,43.846072],[25.959715,43.84599],[25.95972,43.845907],[25.959742,43.845836],[25.959786,43.845778],[25.959811,43.845754],[25.959894,43.845693],[25.959994,43.845649],[25.960074,43.845559],[25.960094,43.8455],[25.960107,43.845418],[25.960191,43.845015],[25.960192,43.844952],[25.960199,43.844641],[25.960208,43.844108],[25.960208,43.844075],[25.960241,43.842984],[25.960241,43.842948],[25.96024,43.842194],[25.960237,43.841843],[25.960232,43.841721],[25.960209,43.841631],[25.960206,43.841623],[25.960052,43.841152],[25.959757,43.840245],[25.959741,43.840201],[25.959651,43.839907],[25.959629,43.839837],[25.959579,43.839693],[25.95953,43.839562],[25.959709,43.839529],[25.959894,43.839478],[25.959977,43.839439],[25.960225,43.839321],[25.960344,43.83924],[25.960691,43.838968],[25.961103,43.838645],[25.962453,43.83766],[25.962602,43.837561],[25.964415,43.836344],[25.964453,43.836321],[25.965379,43.835672],[25.965699,43.835458],[25.96675,43.834768],[25.9668,43.834735],[25.967978,43.833933],[25.968142,43.833826],[25.968529,43.833567],[25.969018,43.833235],[25.969484,43.832922],[25.97034,43.832347],[25.970717,43.832105],[25.971518,43.831586],[25.971785,43.831406],[25.971988,43.83127],[25.97215,43.83117],[25.972336,43.831056],[25.972961,43.830666],[25.974515,43.829755],[25.974832,43.829565],[25.975156,43.829375],[25.975294,43.829293],[25.975425,43.829214],[25.975753,43.829009],[25.97576,43.829004],[25.975786,43.828987],[25.97587,43.828933],[25.97596,43.82881],[25.976026,43.828767],[25.976047,43.828753],[25.976213,43.828686],[25.976336,43.828651],[25.976537,43.828527],[25.976808,43.828363],[25.977028,43.828236],[25.977912,43.827704],[25.97805,43.827617],[25.978146,43.827543],[25.97831,43.827428],[25.978443,43.827322],[25.978564,43.827222],[25.978705,43.827081],[25.978819,43.826963],[25.978954,43.826812],[25.979085,43.826649],[25.979203,43.826494],[25.979293,43.826353],[25.979403,43.826113],[25.979501,43.825881],[25.979732,43.825288],[25.979866,43.824924],[25.979947,43.824705],[25.980388,43.823467],[25.980732,43.822501],[25.98077,43.822397],[25.981085,43.821522],[25.98148,43.820459],[25.981774,43.81969],[25.981877,43.819384],[25.981999,43.818957],[25.982054,43.818735],[25.982095,43.818491],[25.982131,43.818206],[25.982142,43.817923],[25.982134,43.817598],[25.981871,43.815441],[25.981785,43.814562],[25.981755,43.814201],[25.981749,43.814131],[25.981735,43.813819],[25.981739,43.813734],[25.981742,43.813555],[25.981765,43.813109],[25.981836,43.812568],[25.981884,43.81231],[25.981929,43.812136],[25.982088,43.811608],[25.982258,43.811116],[25.982464,43.810537],[25.982542,43.810389],[25.982569,43.810341],[25.98261,43.81027],[25.983026,43.809526],[25.983136,43.809334],[25.983644,43.80845],[25.984171,43.807541],[25.984334,43.80726],[25.984516,43.806921],[25.984804,43.806411],[25.985109,43.80587],[25.985157,43.805745],[25.985197,43.805658],[25.985226,43.805501],[25.985191,43.80542],[25.985136,43.805337],[25.985038,43.805281],[25.984918,43.805237],[25.984167,43.805069],[25.984333,43.804744],[25.984483,43.804827],[25.984333,43.804744],[25.984167,43.805069],[25.984918,43.805237],[25.985125,43.805246],[25.985294,43.805252],[25.985392,43.805234],[25.985462,43.805181],[25.985508,43.805139],[25.985563,43.805086],[25.98569,43.804983],[25.98587,43.804793],[25.986351,43.804371],[25.986806,43.804014],[25.987002,43.803854],[25.987363,43.803571],[25.988411,43.802728],[25.988802,43.802412],[25.989881,43.80155],[25.992595,43.799331],[25.993402,43.798659],[25.999705,43.793412],[26.003523,43.790078],[26.007033,43.787108],[26.012176,43.782929],[26.013409,43.781898],[26.014836,43.783615],[26.014892,43.783682],[26.015851,43.784893],[26.017188,43.786543],[26.017643,43.787044],[26.017951,43.787319],[26.018242,43.787515],[26.018734,43.78784],[26.018949,43.787982],[26.023976,43.791131],[26.025755,43.792247],[26.027206,43.793152],[26.028904,43.794234],[26.029028,43.794334],[26.029164,43.794386],[26.029279,43.79442],[26.02936,43.794443],[26.029547,43.794472],[26.029697,43.794478],[26.029892,43.794457],[26.030095,43.794422],[26.030201,43.794391],[26.030426,43.794311],[26.030645,43.794202],[26.031012,43.793951],[26.031102,43.793876],[26.03129,43.793719],[26.031527,43.793528]]},"properties":{"line":"А33","dir":"0","headsign":"Образцов чифлик","mode":"bus","color":"#0059a9","lbl":"33"}},{"type":"Feature","geometry":{"type":"LineString","coordinates":[[26.031527,43.793528],[26.03129,43.793719],[26.031102,43.793876],[26.031012,43.793951],[26.030645,43.794202],[26.030426,43.794311],[26.030201,43.794391],[26.030095,43.794422],[26.029892,43.794457],[26.029697,43.794478],[26.029547,43.794472],[26.02936,43.794443],[26.029279,43.79442],[26.029164,43.794386],[26.029028,43.794334],[26.028904,43.794234],[26.027206,43.793152],[26.025755,43.792247],[26.023976,43.791131],[26.018949,43.787982],[26.018727,43.787835],[26.018242,43.787515],[26.017951,43.787319],[26.017643,43.787044],[26.017188,43.786543],[26.015851,43.784893],[26.014892,43.783682],[26.014836,43.783615],[26.013409,43.781898],[26.012176,43.782929],[26.007033,43.787108],[26.003523,43.790078],[25.999705,43.793412],[25.993402,43.798659],[25.992595,43.799331],[25.989881,43.80155],[25.988802,43.802412],[25.988411,43.802728],[25.987363,43.803571],[25.987002,43.803854],[25.986806,43.804014],[25.986419,43.804402],[25.986032,43.80479],[25.985767,43.805056],[25.985656,43.805203],[25.985549,43.805351],[25.985422,43.805322],[25.985187,43.805284],[25.984918,43.805237],[25.984167,43.805069],[25.984333,43.804744],[25.984483,43.804827],[25.984333,43.804744],[25.984167,43.805069],[25.984918,43.805237],[25.985187,43.805284],[25.985422,43.805322],[25.985549,43.805351],[25.985418,43.805566],[25.985391,43.805615],[25.985181,43.806001],[25.984659,43.806963],[25.984306,43.807586],[25.983788,43.808501],[25.983244,43.809454],[25.982712,43.810386],[25.982673,43.810472],[25.982619,43.810579],[25.98245,43.810993],[25.982417,43.811067],[25.982389,43.81114],[25.982335,43.811315],[25.982221,43.811646],[25.982115,43.812049],[25.982098,43.812112],[25.982082,43.812172],[25.982015,43.812427],[25.981962,43.812722],[25.981918,43.812999],[25.981904,43.813171],[25.9819,43.813222],[25.981893,43.813314],[25.981891,43.813685],[25.981893,43.813775],[25.981904,43.814165],[25.981924,43.814374],[25.981932,43.814516],[25.98197,43.814984],[25.982011,43.815435],[25.982152,43.81647],[25.982217,43.816944],[25.982261,43.817417],[25.982288,43.817661],[25.982298,43.81785],[25.982275,43.818229],[25.982231,43.81855],[25.982177,43.818872],[25.98206,43.819288],[25.981664,43.820365],[25.981126,43.821843],[25.980681,43.823097],[25.980571,43.823384],[25.980524,43.823517],[25.980496,43.823588],[25.980377,43.823888],[25.980225,43.824293],[25.979931,43.825103],[25.979455,43.826324],[25.979402,43.826417],[25.979338,43.826528],[25.979247,43.826654],[25.979136,43.826798],[25.97899,43.826972],[25.97887,43.827089],[25.978779,43.827178],[25.978652,43.827294],[25.978507,43.827418],[25.978366,43.827524],[25.977775,43.827931],[25.976933,43.828443],[25.976354,43.828799],[25.975905,43.829064],[25.975883,43.829077],[25.975679,43.829209],[25.975455,43.829349],[25.975338,43.829467],[25.975118,43.829598],[25.975065,43.829624],[25.975001,43.829657],[25.97473,43.829784],[25.973109,43.83076],[25.972807,43.830949],[25.972275,43.831284],[25.972117,43.831383],[25.971916,43.831509],[25.97171,43.831639],[25.971398,43.831835],[25.970897,43.83215],[25.970837,43.832187],[25.970458,43.832427],[25.970154,43.832638],[25.96962,43.833007],[25.969499,43.833091],[25.96945,43.833187],[25.969431,43.833233],[25.969402,43.833255],[25.969337,43.833298],[25.969307,43.833318],[25.9692,43.833376],[25.969131,43.833418],[25.969105,43.833452],[25.968784,43.833637],[25.968732,43.833679],[25.968679,43.83376],[25.968654,43.8338],[25.968578,43.833895],[25.968531,43.833928],[25.968064,43.834238],[25.967809,43.834252],[25.967482,43.834451],[25.96718,43.834662],[25.966869,43.834862],[25.965831,43.83557],[25.96551,43.835772],[25.964566,43.836408],[25.963814,43.836916],[25.962687,43.837676],[25.962533,43.837779],[25.960754,43.839125],[25.960535,43.839331],[25.960372,43.839504],[25.9603,43.839567],[25.960174,43.839672],[25.960149,43.83969],[25.960099,43.839723],[25.960064,43.839764],[25.960036,43.839817],[25.960014,43.839866],[25.960125,43.840181],[25.9602,43.840406],[25.960309,43.840736],[25.96059,43.841593],[25.960625,43.841742],[25.960633,43.841832],[25.960621,43.842581],[25.96062,43.842657],[25.960594,43.843475],[25.960592,43.843513],[25.960571,43.844139],[25.960543,43.844953],[25.960494,43.84552],[25.960494,43.845587],[25.960526,43.845718],[25.960565,43.845749],[25.960598,43.845784],[25.960625,43.845821],[25.960646,43.84586],[25.960752,43.845952],[25.960833,43.845989],[25.960932,43.84602],[25.961585,43.846139],[25.961686,43.846157],[25.962585,43.846311],[25.962799,43.846348],[25.96291,43.846368],[25.963405,43.846428],[25.963937,43.846474],[25.964259,43.8465],[25.964473,43.846524],[25.964705,43.846553],[25.964806,43.846571],[25.965078,43.846631],[25.965209,43.846666],[25.965401,43.846726],[25.965507,43.846759],[25.966117,43.846948],[25.966159,43.846961],[25.966321,43.847012],[25.966479,43.847056],[25.966694,43.847128],[25.967295,43.84733],[25.968551,43.84765],[25.969234,43.84783],[25.970946,43.848266],[25.971538,43.848423],[25.973184,43.848956],[25.973538,43.849076],[25.976427,43.850054],[25.976518,43.850082],[25.976826,43.850158],[25.977245,43.850216],[25.977902,43.850305],[25.97897,43.850449],[25.979004,43.850451],[25.979189,43.850445],[25.97933,43.850464],[25.979522,43.850488],[25.982132,43.850824],[25.982349,43.850859],[25.98239,43.850864],[25.982731,43.850909],[25.983015,43.850946],[25.985104,43.851222],[25.985281,43.851245],[25.985406,43.851261],[25.988539,43.851665],[25.989828,43.851829],[25.99097,43.851975],[25.991016,43.851981],[25.991203,43.852004],[25.99133,43.852025],[25.991406,43.852034],[25.99284,43.852213],[25.996158,43.852637],[25.997076,43.852755],[25.997624,43.852825],[25.997903,43.852861],[25.997865,43.85299],[25.997842,43.853081],[25.997711,43.853602],[25.997664,43.853788],[25.997621,43.853962],[25.997571,43.85416],[25.997415,43.854778],[25.99741,43.854797],[25.997401,43.854835],[25.997357,43.85501],[25.99728,43.855318],[25.997273,43.855345],[25.997247,43.855448],[25.997228,43.855522],[25.997216,43.855573],[25.997081,43.856107],[25.99707,43.856152],[25.997004,43.856459],[25.996992,43.856526],[25.996984,43.856594],[25.996982,43.856655],[25.996986,43.85672],[25.997369,43.857445],[25.997412,43.85744],[25.997456,43.857446],[25.997494,43.857462],[25.997523,43.857487],[25.997537,43.857515],[25.997539,43.857545],[25.997527,43.857575],[25.997502,43.857599],[25.997468,43.857617]]},"properties":{"line":"А33","dir":"1","headsign":"Гара Разпределителна","mode":"bus","color":"#0059a9","lbl":"33"}},{"type":"Feature","geometry":{"type":"LineString","coordinates":[[25.997622,43.853955],[25.997664,43.853788],[25.997711,43.853602],[25.997842,43.853081],[25.997865,43.85299],[25.99759,43.852953],[25.997232,43.852906],[25.996105,43.85276],[25.993383,43.852406],[25.992925,43.852348],[25.992309,43.852266],[25.992153,43.852245],[25.991404,43.852148],[25.99138,43.852145],[25.991309,43.852136],[25.991182,43.852117],[25.99099,43.852094],[25.99036,43.852014],[25.990044,43.851974],[25.989616,43.851919],[25.988582,43.851791],[25.988478,43.851778],[25.988117,43.85173],[25.987518,43.85165],[25.987478,43.851645],[25.987137,43.851605],[25.985383,43.85138],[25.985232,43.85136],[25.985053,43.851337],[25.984734,43.851297],[25.984405,43.851255],[25.983566,43.851152],[25.982355,43.850987],[25.981214,43.850835],[25.979511,43.850623],[25.979484,43.85062],[25.979299,43.850597],[25.979162,43.850579],[25.978979,43.850556],[25.978658,43.850516],[25.977188,43.85033],[25.976673,43.850251],[25.976385,43.850164],[25.976297,43.850139],[25.975412,43.849845],[25.974952,43.849664],[25.974795,43.849603],[25.973436,43.849119],[25.973137,43.849012],[25.97143,43.848478],[25.969481,43.847969],[25.96746,43.847443],[25.967024,43.847319],[25.966719,43.847233],[25.966475,43.847164],[25.966422,43.847148],[25.96627,43.847108],[25.966101,43.847054],[25.96513,43.846743],[25.964743,43.846662],[25.964245,43.846584],[25.963352,43.846496],[25.962525,43.846406],[25.96205,43.846325],[25.961041,43.846152],[25.960867,43.846109],[25.960793,43.8461],[25.960716,43.846102],[25.960613,43.846122],[25.960568,43.846173],[25.960511,43.846217],[25.960444,43.846254],[25.960339,43.846289],[25.960226,43.846305],[25.96011,43.846301],[25.959999,43.846277],[25.959899,43.846235],[25.959802,43.846162],[25.959738,43.846072],[25.959672,43.845997],[25.959578,43.845934],[25.959472,43.845897],[25.959281,43.84586],[25.959013,43.845806],[25.958206,43.845616],[25.958128,43.845597],[25.958015,43.845568],[25.957988,43.845561],[25.957904,43.845537],[25.957847,43.845516],[25.957219,43.845294],[25.957193,43.845285],[25.957117,43.845256],[25.956971,43.845204],[25.956858,43.845164],[25.95658,43.845062],[25.956411,43.845008],[25.956139,43.844949],[25.955802,43.844898],[25.95568,43.844886],[25.955394,43.844893],[25.954803,43.844909],[25.954534,43.844905],[25.954256,43.844894],[25.954207,43.844892],[25.954066,43.844884],[25.953897,43.844876],[25.953705,43.844868],[25.953346,43.84484],[25.952984,43.844767],[25.95287,43.844734],[25.952394,43.844536],[25.952134,43.844428],[25.951926,43.844324],[25.951897,43.844309],[25.951686,43.844196],[25.951515,43.844114],[25.95054,43.84364],[25.950485,43.843615],[25.950213,43.84349],[25.949556,43.843206],[25.949449,43.84316],[25.949375,43.843128],[25.949258,43.843068],[25.949079,43.842972],[25.948846,43.842824],[25.948491,43.842568],[25.948278,43.84239],[25.947895,43.842068],[25.947851,43.84202],[25.947836,43.842003],[25.947834,43.842001],[25.947805,43.841939],[25.947801,43.841841],[25.947846,43.841548],[25.947956,43.840711],[25.948091,43.840575],[25.948344,43.840257],[25.948344,43.840211],[25.948343,43.840175],[25.948442,43.839873],[25.948732,43.838977],[25.948807,43.838727],[25.949097,43.837895],[25.949148,43.837695],[25.949158,43.837654],[25.949222,43.837402],[25.949267,43.837245],[25.949282,43.837185],[25.949246,43.837047],[25.949222,43.837003],[25.949182,43.836959],[25.949111,43.836915],[25.949,43.83688],[25.948517,43.836831],[25.948049,43.836786],[25.947581,43.836671],[25.947337,43.8366],[25.947018,43.836485],[25.94715,43.836479],[25.947248,43.836459],[25.947272,43.836453],[25.94737,43.836402],[25.947427,43.836354],[25.947454,43.836309],[25.94747,43.836267],[25.947479,43.836204],[25.947468,43.836142],[25.947449,43.836098],[25.947414,43.836048],[25.947345,43.835994],[25.947277,43.835957],[25.94718,43.835925],[25.947064,43.835902],[25.946951,43.835893],[25.946822,43.835895],[25.946582,43.835905],[25.946288,43.835919],[25.946099,43.835931],[25.945962,43.835922],[25.945851,43.8359],[25.945739,43.83586],[25.945642,43.835814],[25.945562,43.835759],[25.9455,43.835703],[25.945452,43.835651],[25.945419,43.835613],[25.945388,43.835553],[25.945366,43.835503],[25.945348,43.835415],[25.945392,43.835235],[25.945417,43.835161],[25.945445,43.835076],[25.945471,43.835],[25.945529,43.834863],[25.945595,43.834616],[25.945792,43.833948],[25.946046,43.833211],[25.946236,43.83266],[25.946438,43.832114],[25.946545,43.831719],[25.946597,43.831515],[25.946604,43.831414],[25.946562,43.831224],[25.946459,43.831004],[25.946297,43.830741],[25.945984,43.830285],[25.945899,43.830178],[25.945672,43.829917],[25.945518,43.82976],[25.945014,43.829266],[25.944721,43.828978],[25.943813,43.828091],[25.943064,43.827371],[25.943058,43.827365],[25.942999,43.827312],[25.942792,43.827064],[25.942564,43.826784],[25.94233,43.826653],[25.942201,43.826605],[25.942099,43.826561],[25.941928,43.826444],[25.94179,43.826184],[25.941696,43.825961],[25.941593,43.825763],[25.941481,43.825595],[25.941361,43.825453],[25.941162,43.825229],[25.940696,43.824817],[25.939578,43.824014],[25.939012,43.823575],[25.938466,43.823129],[25.938338,43.823023],[25.93774,43.822462],[25.937491,43.822187],[25.937259,43.821936],[25.937143,43.821692],[25.937125,43.821655],[25.937078,43.82156],[25.936796,43.820982],[25.936641,43.820693],[25.936533,43.820504],[25.936448,43.820308],[25.936404,43.820096],[25.936393,43.820017],[25.93639,43.819934],[25.936406,43.81985],[25.93643,43.819783],[25.936477,43.819719],[25.936613,43.819574],[25.93673,43.819473],[25.936884,43.819344],[25.937012,43.819234],[25.937074,43.819193],[25.937118,43.819133],[25.937153,43.819084],[25.937399,43.818896],[25.937771,43.818715],[25.938307,43.818487],[25.938619,43.818359],[25.938995,43.818179],[25.939065,43.81814],[25.939111,43.818101],[25.93915,43.818065],[25.939211,43.817996],[25.939317,43.817786],[25.939506,43.817439],[25.939708,43.817046],[25.939839,43.816689],[25.939906,43.816485],[25.939973,43.816161],[25.940171,43.815673],[25.940652,43.81461],[25.940862,43.814209],[25.941168,43.813815],[25.941451,43.81347],[25.941525,43.813384],[25.941901,43.812958],[25.942282,43.812533],[25.942368,43.812436],[25.94284,43.811983],[25.943106,43.811685],[25.943304,43.811418],[25.943438,43.811164],[25.943493,43.811034],[25.943572,43.810783],[25.943643,43.810499],[25.943647,43.810152],[25.943621,43.809833],[25.943557,43.809595],[25.943453,43.809339],[25.943309,43.809074],[25.942965,43.808542],[25.942639,43.808071],[25.94251,43.807842],[25.942434,43.80765],[25.942418,43.807578],[25.942407,43.80753],[25.942402,43.807471],[25.942402,43.80743],[25.942407,43.807391],[25.942422,43.807339],[25.94244,43.807283],[25.942462,43.807229],[25.94249,43.80718],[25.942526,43.80714],[25.942568,43.807105],[25.942612,43.807072],[25.942749,43.807],[25.943085,43.806826],[25.943283,43.806723],[25.943712,43.806498],[25.943803,43.806452],[25.944235,43.806231],[25.944434,43.8061],[25.944571,43.806001],[25.944724,43.805837],[25.944858,43.805665],[25.945351,43.804999],[25.945637,43.804628],[25.945913,43.80427],[25.946038,43.804108],[25.946188,43.803883],[25.946295,43.803685],[25.946309,43.803623],[25.946235,43.803539],[25.945928,43.80329],[25.94578,43.803188],[25.945609,43.80307],[25.945483,43.802982],[25.945385,43.802877],[25.945366,43.802773],[25.945387,43.802599],[25.94559,43.80184],[25.945642,43.801694],[25.945679,43.801583],[25.945739,43.80128],[25.945787,43.800896],[25.945819,43.800427],[25.945865,43.79999],[25.945979,43.798286],[25.945981,43.798144]]},"properties":{"line":"А50","dir":"0","headsign":"Гробищен парк Басарбово - вход","mode":"bus","color":"#0059a9","lbl":"50"}},{"type":"Feature","geometry":{"type":"LineString","coordinates":[[25.945979,43.798286],[25.945865,43.79999],[25.945819,43.800427],[25.945787,43.800896],[25.945739,43.80128],[25.945679,43.801583],[25.945642,43.801694],[25.94559,43.80184],[25.945387,43.802599],[25.945366,43.802773],[25.945385,43.802877],[25.945483,43.802982],[25.945609,43.80307],[25.94578,43.803188],[25.945928,43.80329],[25.946235,43.803539],[25.946309,43.803623],[25.946295,43.803685],[25.946188,43.803883],[25.946038,43.804108],[25.945913,43.80427],[25.945637,43.804628],[25.945351,43.804999],[25.944858,43.805665],[25.944724,43.805837],[25.944571,43.806001],[25.944434,43.8061],[25.944235,43.806231],[25.943803,43.806452],[25.943712,43.806498],[25.943283,43.806723],[25.943068,43.806835],[25.942749,43.807],[25.942612,43.807072],[25.942568,43.807105],[25.942526,43.80714],[25.94249,43.80718],[25.942462,43.807229],[25.94244,43.807283],[25.942422,43.807339],[25.942407,43.807391],[25.942402,43.80743],[25.942402,43.807471],[25.942407,43.80753],[25.942418,43.807578],[25.942434,43.80765],[25.94251,43.807842],[25.942639,43.808071],[25.942965,43.808542],[25.943309,43.809074],[25.943453,43.809339],[25.943557,43.809595],[25.943621,43.809833],[25.943647,43.810152],[25.943643,43.810499],[25.943572,43.810783],[25.943493,43.811034],[25.943438,43.811164],[25.943304,43.811418],[25.943106,43.811685],[25.94284,43.811983],[25.942368,43.812436],[25.941901,43.812958],[25.941551,43.813354],[25.941525,43.813384],[25.941451,43.81347],[25.941168,43.813815],[25.940862,43.814209],[25.940652,43.81461],[25.940171,43.815673],[25.939973,43.816161],[25.939906,43.816485],[25.939839,43.816689],[25.939708,43.817046],[25.939506,43.817439],[25.939317,43.817786],[25.939211,43.817996],[25.93915,43.818065],[25.939111,43.818101],[25.939065,43.81814],[25.938995,43.818179],[25.938619,43.818359],[25.938307,43.818487],[25.937771,43.818715],[25.937399,43.818896],[25.937153,43.819084],[25.937118,43.819133],[25.937074,43.819193],[25.937026,43.819297],[25.936967,43.819404],[25.936895,43.819511],[25.936845,43.819582],[25.936786,43.819649],[25.936492,43.819874],[25.936462,43.819904],[25.936437,43.819937],[25.936393,43.820017],[25.936404,43.820096],[25.936448,43.820308],[25.936533,43.820504],[25.936641,43.820693],[25.936796,43.820982],[25.937046,43.821494],[25.937125,43.821655],[25.937143,43.821692],[25.937259,43.821936],[25.937491,43.822187],[25.93774,43.822462],[25.938338,43.823023],[25.938466,43.823129],[25.939012,43.823575],[25.939578,43.824014],[25.940696,43.824817],[25.941162,43.825229],[25.941361,43.825453],[25.941481,43.825595],[25.941593,43.825763],[25.941696,43.825961],[25.94179,43.826184],[25.941928,43.826444],[25.942099,43.826561],[25.942201,43.826605],[25.94233,43.826653],[25.942564,43.826784],[25.942792,43.827064],[25.942819,43.827097],[25.942999,43.827312],[25.943058,43.827365],[25.943813,43.828091],[25.944721,43.828978],[25.945014,43.829266],[25.945518,43.82976],[25.945672,43.829917],[25.945899,43.830178],[25.945984,43.830285],[25.946297,43.830741],[25.946459,43.831004],[25.946562,43.831224],[25.946604,43.831414],[25.946597,43.831515],[25.946545,43.831719],[25.946438,43.832114],[25.946236,43.83266],[25.946046,43.833211],[25.945792,43.833948],[25.945595,43.834616],[25.945529,43.834863],[25.945471,43.835],[25.945445,43.835076],[25.945418,43.835158],[25.945392,43.835235],[25.945348,43.835415],[25.945366,43.835503],[25.945388,43.835553],[25.945419,43.835613],[25.945452,43.835651],[25.9455,43.835703],[25.945562,43.835759],[25.945642,43.835814],[25.945739,43.83586],[25.945851,43.8359],[25.945962,43.835922],[25.946099,43.835931],[25.946288,43.835919],[25.946582,43.835905],[25.946822,43.835895],[25.946951,43.835893],[25.947064,43.835902],[25.94718,43.835925],[25.947277,43.835957],[25.947345,43.835994],[25.947414,43.836048],[25.947449,43.836098],[25.947468,43.836142],[25.947479,43.836204],[25.94747,43.836267],[25.947454,43.836309],[25.947427,43.836354],[25.947429,43.836456],[25.947438,43.836504],[25.947447,43.836548],[25.947524,43.836617],[25.947581,43.836671],[25.948049,43.836786],[25.948517,43.836831],[25.949,43.83688],[25.949214,43.836902],[25.949286,43.836909],[25.949366,43.836917],[25.949444,43.83693],[25.950402,43.837085],[25.950668,43.837132],[25.951241,43.837217],[25.951359,43.837241],[25.951375,43.837252],[25.951402,43.837269],[25.951424,43.837283],[25.951452,43.837352],[25.950941,43.837863],[25.950815,43.83799],[25.950334,43.838424],[25.949427,43.839232],[25.948743,43.839938],[25.948438,43.840213],[25.948344,43.840257],[25.948091,43.840575],[25.948075,43.840591],[25.947956,43.840711],[25.947846,43.841548],[25.947801,43.841841],[25.94786,43.841891],[25.948529,43.842457],[25.94885,43.842702],[25.949113,43.842872],[25.949262,43.842955],[25.949313,43.842983],[25.949425,43.843042],[25.949504,43.843082],[25.950582,43.843592],[25.950616,43.84361],[25.950783,43.843624],[25.951028,43.84371],[25.951206,43.843785],[25.951298,43.843818],[25.95133,43.843833],[25.951347,43.843841],[25.951394,43.843866],[25.951435,43.843889],[25.951614,43.843984],[25.951729,43.84406],[25.951764,43.844092],[25.951826,43.844206],[25.952077,43.844329],[25.952179,43.84438],[25.952907,43.84467],[25.953017,43.844701],[25.953356,43.84477],[25.953803,43.844801],[25.953905,43.844809],[25.954078,43.844818],[25.95422,43.844826],[25.954511,43.844842],[25.954804,43.844846],[25.955059,43.844836],[25.955384,43.844827],[25.955691,43.844822],[25.955907,43.844842],[25.956091,43.844871],[25.956291,43.844909],[25.956458,43.84495],[25.956621,43.845001],[25.956781,43.845051],[25.957091,43.845165],[25.957675,43.845386],[25.957737,43.84541],[25.957807,43.845435],[25.957862,43.845453],[25.957937,43.845476],[25.958029,43.845503],[25.95813,43.845528],[25.958187,43.845543],[25.958255,43.845559],[25.958404,43.845594],[25.958899,43.845666],[25.959312,43.845757],[25.959541,43.845798],[25.959627,43.845805],[25.959679,43.845798],[25.959786,43.845778],[25.959811,43.845754],[25.959894,43.845693],[25.959994,43.845649],[25.960085,43.845627],[25.96018,43.845619],[25.960275,43.845624],[25.960367,43.845643],[25.960452,43.845675],[25.960526,43.845718],[25.960565,43.845749],[25.960598,43.845784],[25.960625,43.845821],[25.960646,43.84586],[25.960752,43.845952],[25.960833,43.845989],[25.960932,43.84602],[25.961585,43.846139],[25.961686,43.846157],[25.962585,43.846311],[25.962799,43.846348],[25.96291,43.846368],[25.963405,43.846428],[25.963937,43.846474],[25.964259,43.8465],[25.964473,43.846524],[25.964705,43.846553],[25.964806,43.846571],[25.965078,43.846631],[25.965209,43.846666],[25.965401,43.846726],[25.965507,43.846759],[25.966117,43.846948],[25.966159,43.846961],[25.966321,43.847012],[25.966479,43.847056],[25.966694,43.847128],[25.967295,43.84733],[25.968551,43.84765],[25.969234,43.84783],[25.970946,43.848266],[25.971538,43.848423],[25.973184,43.848956],[25.973538,43.849076],[25.976427,43.850054],[25.976518,43.850082],[25.976826,43.850158],[25.977245,43.850216],[25.977902,43.850305],[25.97897,43.850449],[25.979004,43.850451],[25.979189,43.850445],[25.97933,43.850464],[25.979522,43.850488],[25.982132,43.850824],[25.982349,43.850859],[25.98239,43.850864],[25.982731,43.850909],[25.983015,43.850946],[25.985104,43.851222],[25.985281,43.851245],[25.985406,43.851261],[25.988539,43.851665],[25.989828,43.851829],[25.99097,43.851975],[25.991016,43.851981],[25.991203,43.852004],[25.99133,43.852025],[25.991406,43.852034],[25.99284,43.852213],[25.996158,43.852637],[25.997076,43.852755],[25.997624,43.852825],[25.997903,43.852861],[25.997865,43.85299],[25.997842,43.853081],[25.997711,43.853602],[25.997664,43.853788],[25.997621,43.853962],[25.997571,43.85416],[25.997415,43.854778],[25.99741,43.854797],[25.997401,43.854835],[25.997357,43.85501],[25.99728,43.855318],[25.997273,43.855345],[25.997247,43.855448],[25.997228,43.855522]]},"properties":{"line":"А50","dir":"1","headsign":"Автогара Изток - изток","mode":"bus","color":"#0059a9","lbl":"50"}},{"type":"Feature","geometry":{"type":"LineString","coordinates":[[25.932441,43.822088],[25.932715,43.822471],[25.932782,43.822565],[25.933032,43.822915],[25.934462,43.824917],[25.934704,43.825256],[25.935235,43.826],[25.93536,43.826175],[25.935441,43.826289],[25.935501,43.826345],[25.935959,43.826776],[25.936323,43.82712],[25.93643,43.827236],[25.936468,43.827295],[25.936507,43.827356],[25.936547,43.827414],[25.936666,43.827581],[25.936816,43.8278],[25.9369,43.827921],[25.936952,43.828013],[25.937102,43.828398],[25.937147,43.828512],[25.937296,43.828844],[25.938008,43.829849],[25.938821,43.830995],[25.939011,43.831264],[25.939035,43.831296],[25.939186,43.831495],[25.93941,43.83177],[25.939614,43.832002],[25.939808,43.832186],[25.940294,43.832621],[25.940996,43.833202],[25.941612,43.833745],[25.941994,43.834069],[25.942131,43.834175],[25.942312,43.834314],[25.943109,43.83493],[25.943216,43.834996],[25.943321,43.835043],[25.943519,43.835131],[25.943692,43.835205],[25.947018,43.836485],[25.947337,43.8366],[25.947581,43.836671],[25.948049,43.836786],[25.948517,43.836831],[25.949,43.83688],[25.949214,43.836902],[25.949286,43.836909],[25.949366,43.836917],[25.949444,43.83693],[25.950402,43.837085],[25.950668,43.837132],[25.951241,43.837217],[25.951359,43.837241],[25.951375,43.837252],[25.951402,43.837269],[25.951424,43.837283],[25.951452,43.837352],[25.950941,43.837863],[25.950815,43.83799],[25.950334,43.838424],[25.949427,43.839232],[25.948743,43.839938],[25.948438,43.840213],[25.948344,43.840257],[25.948091,43.840575],[25.948075,43.840591],[25.947956,43.840711],[25.947846,43.841548],[25.947801,43.841841],[25.94786,43.841891],[25.948529,43.842457],[25.94885,43.842702],[25.949113,43.842872],[25.949262,43.842955],[25.949313,43.842983],[25.949425,43.843042],[25.949504,43.843082],[25.950582,43.843592],[25.950616,43.84361],[25.950783,43.843624],[25.951028,43.84371],[25.951206,43.843785],[25.951298,43.843818],[25.95133,43.843833],[25.951347,43.843841],[25.951394,43.843866],[25.951435,43.843889],[25.951614,43.843984],[25.951729,43.84406],[25.951764,43.844092],[25.951826,43.844206],[25.952077,43.844329],[25.952179,43.84438],[25.952907,43.84467],[25.953017,43.844701],[25.953356,43.84477],[25.953803,43.844801],[25.953905,43.844809],[25.954078,43.844818],[25.95422,43.844826],[25.954511,43.844842],[25.954804,43.844846],[25.955059,43.844836],[25.955384,43.844827],[25.955691,43.844822],[25.955907,43.844842],[25.956091,43.844871],[25.956291,43.844909],[25.956458,43.84495],[25.956621,43.845001],[25.956781,43.845051],[25.957091,43.845165],[25.957675,43.845386],[25.957737,43.84541],[25.957807,43.845435],[25.957862,43.845453],[25.957937,43.845476],[25.958029,43.845503],[25.95813,43.845528],[25.958187,43.845543],[25.958255,43.845559],[25.958404,43.845594],[25.958899,43.845666],[25.959312,43.845757],[25.959541,43.845798],[25.959627,43.845805],[25.959679,43.845798],[25.959786,43.845778],[25.959811,43.845754],[25.959894,43.845693],[25.959994,43.845649],[25.960085,43.845627],[25.96018,43.845619],[25.960275,43.845624],[25.960367,43.845643],[25.960452,43.845675],[25.960526,43.845718],[25.960565,43.845749],[25.960598,43.845784],[25.960625,43.845821],[25.960646,43.84586],[25.960752,43.845952],[25.960833,43.845989],[25.960932,43.84602],[25.961585,43.846139],[25.961686,43.846157],[25.962585,43.846311],[25.962799,43.846348],[25.96291,43.846368],[25.963405,43.846428],[25.963937,43.846474],[25.964259,43.8465],[25.964473,43.846524],[25.964705,43.846553],[25.964806,43.846571],[25.965078,43.846631],[25.965209,43.846666],[25.965401,43.846726],[25.965507,43.846759],[25.966117,43.846948],[25.966159,43.846961],[25.966321,43.847012],[25.966479,43.847056],[25.966694,43.847128],[25.967295,43.84733],[25.968551,43.84765],[25.969234,43.84783],[25.970946,43.848266],[25.971538,43.848423],[25.973184,43.848956],[25.973538,43.849076],[25.976427,43.850054],[25.976518,43.850082],[25.976826,43.850158],[25.977245,43.850216],[25.977902,43.850305],[25.97897,43.850449],[25.979004,43.850451],[25.979189,43.850445],[25.97933,43.850464],[25.979522,43.850488],[25.982132,43.850824],[25.982349,43.850859],[25.98239,43.850864],[25.982731,43.850909],[25.983015,43.850946],[25.985104,43.851222],[25.985281,43.851245],[25.985406,43.851261],[25.988539,43.851665],[25.989828,43.851829],[25.99097,43.851975],[25.991016,43.851981],[25.991203,43.852004],[25.99133,43.852025],[25.991406,43.852034],[25.99284,43.852213],[25.996158,43.852637],[25.997624,43.852825],[25.997903,43.852861],[25.998109,43.852888],[26.000221,43.853169],[26.001477,43.853335],[26.00204,43.85341],[26.002448,43.853458],[26.003586,43.853591]]},"properties":{"line":"Т2","dir":"0","headsign":"Мототехника","mode":"bus","color":"#149a3f","lbl":"2"}},{"type":"Feature","geometry":{"type":"LineString","coordinates":[[26.002658,43.853618],[26.002354,43.85358],[26.002007,43.853535],[26.001706,43.853496],[26.000906,43.853388],[26.000426,43.853328],[25.999796,43.853247],[25.998074,43.853016],[25.997865,43.85299],[25.99759,43.852953],[25.997232,43.852906],[25.996105,43.85276],[25.993383,43.852406],[25.992925,43.852348],[25.992309,43.852266],[25.992153,43.852245],[25.991404,43.852148],[25.99138,43.852145],[25.991309,43.852136],[25.991182,43.852117],[25.99099,43.852094],[25.99036,43.852014],[25.990044,43.851974],[25.989616,43.851919],[25.988582,43.851791],[25.988478,43.851778],[25.988117,43.85173],[25.987518,43.85165],[25.987478,43.851645],[25.987137,43.851605],[25.985383,43.85138],[25.985232,43.85136],[25.985053,43.851337],[25.984734,43.851297],[25.984405,43.851255],[25.983566,43.851152],[25.982355,43.850987],[25.981214,43.850835],[25.979511,43.850623],[25.979484,43.85062],[25.979299,43.850597],[25.979162,43.850579],[25.978979,43.850556],[25.978658,43.850516],[25.977188,43.85033],[25.976673,43.850251],[25.976385,43.850164],[25.976297,43.850139],[25.975412,43.849845],[25.974952,43.849664],[25.974795,43.849603],[25.973436,43.849119],[25.973137,43.849012],[25.97143,43.848478],[25.969481,43.847969],[25.96746,43.847443],[25.967024,43.847319],[25.966719,43.847233],[25.966475,43.847164],[25.966422,43.847148],[25.96627,43.847108],[25.966101,43.847054],[25.96513,43.846743],[25.964743,43.846662],[25.964245,43.846584],[25.963352,43.846496],[25.962525,43.846406],[25.96205,43.846325],[25.961041,43.846152],[25.960867,43.846109],[25.960793,43.8461],[25.960716,43.846102],[25.960613,43.846122],[25.960568,43.846173],[25.960511,43.846217],[25.960444,43.846254],[25.960339,43.846289],[25.960226,43.846305],[25.96011,43.846301],[25.959999,43.846277],[25.959899,43.846235],[25.959802,43.846162],[25.959738,43.846072],[25.959672,43.845997],[25.959578,43.845934],[25.959472,43.845897],[25.959281,43.84586],[25.959013,43.845806],[25.958206,43.845616],[25.958128,43.845597],[25.958015,43.845568],[25.957988,43.845561],[25.957904,43.845537],[25.957847,43.845516],[25.957219,43.845294],[25.957193,43.845285],[25.957117,43.845256],[25.956971,43.845204],[25.956858,43.845164],[25.95658,43.845062],[25.956411,43.845008],[25.956139,43.844949],[25.955802,43.844898],[25.95568,43.844886],[25.955394,43.844893],[25.954803,43.844909],[25.954534,43.844905],[25.954256,43.844894],[25.954207,43.844892],[25.954066,43.844884],[25.953897,43.844876],[25.953705,43.844868],[25.953346,43.84484],[25.952984,43.844767],[25.95287,43.844734],[25.952394,43.844536],[25.952134,43.844428],[25.951926,43.844324],[25.951897,43.844309],[25.951686,43.844196],[25.951515,43.844114],[25.95054,43.84364],[25.950485,43.843615],[25.950213,43.84349],[25.949556,43.843206],[25.949449,43.84316],[25.949375,43.843128],[25.949258,43.843068],[25.949079,43.842972],[25.948846,43.842824],[25.948491,43.842568],[25.948278,43.84239],[25.947895,43.842068],[25.947851,43.84202],[25.947836,43.842003],[25.947834,43.842001],[25.947805,43.841939],[25.947801,43.841841],[25.947846,43.841548],[25.947956,43.840711],[25.948091,43.840575],[25.948344,43.840257],[25.948344,43.840211],[25.948343,43.840175],[25.948442,43.839873],[25.948732,43.838977],[25.948807,43.838727],[25.949097,43.837895],[25.949148,43.837695],[25.949158,43.837654],[25.949222,43.837402],[25.949267,43.837245],[25.949282,43.837185],[25.949246,43.837047],[25.949222,43.837003],[25.949182,43.836959],[25.949111,43.836915],[25.949,43.83688],[25.948517,43.836831],[25.948049,43.836786],[25.947581,43.836671],[25.947337,43.8366],[25.947018,43.836485],[25.943692,43.835205],[25.943519,43.835131],[25.943321,43.835043],[25.943216,43.834996],[25.943109,43.83493],[25.942312,43.834314],[25.942107,43.834156],[25.941994,43.834069],[25.941612,43.833745],[25.940996,43.833202],[25.940294,43.832621],[25.939808,43.832186],[25.939614,43.832002],[25.93941,43.83177],[25.939186,43.831495],[25.939011,43.831264],[25.938821,43.830995],[25.938008,43.829849],[25.937296,43.828844],[25.936636,43.828243],[25.936502,43.82811],[25.936402,43.827985],[25.9363,43.827839],[25.936216,43.827719],[25.936129,43.827585],[25.936019,43.827417],[25.935963,43.827322],[25.935713,43.826827],[25.935441,43.826289],[25.93536,43.826175],[25.935235,43.826],[25.935018,43.825696],[25.934704,43.825256],[25.934462,43.824917],[25.933032,43.822915],[25.932899,43.822729]]},"properties":{"line":"Т2","dir":"1","headsign":"БОР","mode":"bus","color":"#149a3f","lbl":"2"}},{"type":"Feature","geometry":{"type":"LineString","coordinates":[[25.932441,43.822088],[25.932715,43.822471],[25.932782,43.822565],[25.933032,43.822915],[25.934462,43.824917],[25.934704,43.825256],[25.935235,43.826],[25.93536,43.826175],[25.935441,43.826289],[25.935501,43.826345],[25.935959,43.826776],[25.936323,43.82712],[25.93643,43.827236],[25.936468,43.827295],[25.936507,43.827356],[25.936547,43.827414],[25.936666,43.827581],[25.936816,43.8278],[25.9369,43.827921],[25.936952,43.828013],[25.937102,43.828398],[25.937147,43.828512],[25.937296,43.828844],[25.938008,43.829849],[25.938821,43.830995],[25.939011,43.831264],[25.939035,43.831296],[25.939186,43.831495],[25.93941,43.83177],[25.939614,43.832002],[25.939808,43.832186],[25.940294,43.832621],[25.940996,43.833202],[25.941612,43.833745],[25.941994,43.834069],[25.942131,43.834175],[25.942312,43.834314],[25.943109,43.83493],[25.943216,43.834996],[25.943321,43.835043],[25.943519,43.835131],[25.943692,43.835205],[25.947018,43.836485],[25.947337,43.8366],[25.947581,43.836671],[25.948049,43.836786],[25.948517,43.836831],[25.949,43.83688],[25.949214,43.836902],[25.949286,43.836909],[25.949366,43.836917],[25.949444,43.83693],[25.950402,43.837085],[25.950668,43.837132],[25.951241,43.837217],[25.951359,43.837241],[25.951375,43.837252],[25.951402,43.837269],[25.951424,43.837283],[25.951452,43.837352],[25.950941,43.837863],[25.950815,43.83799],[25.950334,43.838424],[25.949427,43.839232],[25.948743,43.839938],[25.948438,43.840213],[25.948344,43.840257],[25.948091,43.840575],[25.948075,43.840591],[25.947956,43.840711],[25.947846,43.841548],[25.947801,43.841841],[25.94786,43.841891],[25.948529,43.842457],[25.94885,43.842702],[25.949113,43.842872],[25.949262,43.842955],[25.949313,43.842983],[25.949425,43.843042],[25.949504,43.843082],[25.950582,43.843592],[25.950616,43.84361],[25.950783,43.843624],[25.951028,43.84371],[25.951206,43.843785],[25.951298,43.843818],[25.95133,43.843833],[25.951347,43.843841],[25.951394,43.843866],[25.951435,43.843889],[25.951614,43.843984],[25.951729,43.84406],[25.951764,43.844092],[25.951826,43.844206],[25.952077,43.844329],[25.952179,43.84438],[25.952907,43.84467],[25.953017,43.844701],[25.953356,43.84477],[25.953803,43.844801],[25.953905,43.844809],[25.954078,43.844818],[25.95422,43.844826],[25.954511,43.844842],[25.954804,43.844846],[25.955059,43.844836],[25.955384,43.844827],[25.955691,43.844822],[25.955907,43.844842],[25.956091,43.844871],[25.956291,43.844909],[25.956458,43.84495],[25.956621,43.845001],[25.956781,43.845051],[25.957091,43.845165],[25.957675,43.845386],[25.957737,43.84541],[25.957807,43.845435],[25.957862,43.845453],[25.957937,43.845476],[25.958029,43.845503],[25.95813,43.845528],[25.958187,43.845543],[25.958255,43.845559],[25.958404,43.845594],[25.958899,43.845666],[25.959312,43.845757],[25.959522,43.845736],[25.959723,43.845703],[25.959812,43.845682],[25.959912,43.845633],[25.960015,43.845567],[25.960107,43.845418],[25.960191,43.845015],[25.960192,43.844952],[25.960199,43.844641],[25.960208,43.844108],[25.960208,43.844075],[25.960241,43.842984],[25.960241,43.842948],[25.96024,43.842194],[25.960237,43.841843],[25.960232,43.841721],[25.960209,43.841631],[25.960206,43.841623],[25.960052,43.841152],[25.959757,43.840245],[25.959741,43.840201],[25.959651,43.839907],[25.959629,43.839837],[25.959579,43.839693],[25.95953,43.839562],[25.959709,43.839529],[25.959894,43.839478],[25.959977,43.839439],[25.960225,43.839321],[25.960344,43.83924],[25.960691,43.838968],[25.961103,43.838645],[25.962453,43.83766],[25.962602,43.837561],[25.964415,43.836344],[25.964453,43.836321],[25.965379,43.835672],[25.965699,43.835458],[25.96675,43.834768],[25.9668,43.834735],[25.967978,43.833933],[25.968142,43.833826],[25.968529,43.833567],[25.969018,43.833235],[25.969484,43.832922],[25.97034,43.832347],[25.970717,43.832105],[25.971518,43.831586],[25.971785,43.831406],[25.971988,43.83127],[25.972117,43.831383],[25.972203,43.831449],[25.972323,43.83155],[25.972434,43.831649],[25.972762,43.831937],[25.972905,43.832056],[25.973123,43.832223],[25.973398,43.832392],[25.973916,43.832695],[25.974129,43.832806],[25.974402,43.832948],[25.97458,43.833027],[25.974754,43.833101],[25.974973,43.833155],[25.975018,43.83314],[25.975067,43.833137],[25.975094,43.83314],[25.975139,43.833156],[25.975174,43.833183],[25.975285,43.833107],[25.975301,43.833096],[25.97572,43.832759],[25.975959,43.83261],[25.976293,43.832425],[25.976507,43.832339],[25.976664,43.8323],[25.977112,43.832194],[25.977312,43.832162]]},"properties":{"line":"Т9","dir":"0","headsign":"Търговски комплекс","mode":"bus","color":"#149a3f","lbl":"9"}},{"type":"Feature","geometry":{"type":"LineString","coordinates":[[25.977308,43.832163],[25.977112,43.832194],[25.976664,43.8323],[25.976507,43.832339],[25.976293,43.832425],[25.975959,43.83261],[25.97572,43.832759],[25.975301,43.833096],[25.975285,43.833107],[25.975174,43.833183],[25.975194,43.833216],[25.975197,43.833234],[25.97519,43.833272],[25.975175,43.833292],[25.975166,43.833303],[25.975129,43.833327],[25.975083,43.83334],[25.975017,43.833338],[25.974972,43.833322],[25.974938,43.833297],[25.974916,43.83326],[25.974913,43.833238],[25.974922,43.833203],[25.974754,43.833101],[25.97458,43.833027],[25.974402,43.832948],[25.973916,43.832695],[25.973787,43.83262],[25.973398,43.832392],[25.973123,43.832223],[25.972905,43.832056],[25.972762,43.831937],[25.972434,43.831649],[25.972323,43.83155],[25.972203,43.831449],[25.972117,43.831383],[25.971916,43.831509],[25.97171,43.831639],[25.971398,43.831835],[25.970897,43.83215],[25.970837,43.832187],[25.970458,43.832427],[25.970154,43.832638],[25.96962,43.833007],[25.969499,43.833091],[25.96945,43.833187],[25.969431,43.833233],[25.969402,43.833255],[25.969337,43.833298],[25.969307,43.833318],[25.9692,43.833376],[25.969131,43.833418],[25.969105,43.833452],[25.968784,43.833637],[25.968732,43.833679],[25.968679,43.83376],[25.968654,43.8338],[25.968578,43.833895],[25.968531,43.833928],[25.968064,43.834238],[25.967809,43.834252],[25.967482,43.834451],[25.96718,43.834662],[25.966869,43.834862],[25.965831,43.83557],[25.96551,43.835772],[25.964566,43.836408],[25.963814,43.836916],[25.962687,43.837676],[25.962533,43.837779],[25.960754,43.839125],[25.960535,43.839331],[25.960372,43.839504],[25.9603,43.839567],[25.960174,43.839672],[25.960149,43.83969],[25.960099,43.839723],[25.960064,43.839764],[25.960036,43.839817],[25.960014,43.839866],[25.960125,43.840181],[25.9602,43.840406],[25.960309,43.840736],[25.96059,43.841593],[25.960625,43.841742],[25.960377,43.841729],[25.960232,43.841721],[25.960183,43.841725],[25.959159,43.841859],[25.958181,43.842011],[25.958245,43.842877],[25.958247,43.842977],[25.958264,43.843448],[25.958265,43.844117],[25.958262,43.84418],[25.958251,43.84431],[25.958221,43.844456],[25.958204,43.844562],[25.95816,43.844803],[25.958058,43.845346],[25.958047,43.845424],[25.958029,43.845503],[25.957937,43.845476],[25.957862,43.845453],[25.957807,43.845435],[25.957737,43.84541],[25.957675,43.845386],[25.957091,43.845165],[25.956781,43.845051],[25.956621,43.845001],[25.956458,43.84495],[25.956291,43.844909],[25.956091,43.844871],[25.955907,43.844842],[25.955691,43.844822],[25.955384,43.844827],[25.955059,43.844836],[25.954804,43.844846],[25.954511,43.844842],[25.95422,43.844826],[25.954078,43.844818],[25.954066,43.844884],[25.953897,43.844876],[25.953705,43.844868],[25.953346,43.84484],[25.952984,43.844767],[25.95287,43.844734],[25.952394,43.844536],[25.952134,43.844428],[25.951926,43.844324],[25.951897,43.844309],[25.951686,43.844196],[25.951515,43.844114],[25.95054,43.84364],[25.950485,43.843615],[25.950213,43.84349],[25.949556,43.843206],[25.949449,43.84316],[25.949375,43.843128],[25.949258,43.843068],[25.949079,43.842972],[25.948846,43.842824],[25.948491,43.842568],[25.948278,43.84239],[25.947895,43.842068],[25.947851,43.84202],[25.947836,43.842003],[25.947834,43.842001],[25.947805,43.841939],[25.947801,43.841841],[25.947846,43.841548],[25.947956,43.840711],[25.948091,43.840575],[25.948344,43.840257],[25.948344,43.840211],[25.948343,43.840175],[25.948442,43.839873],[25.948732,43.838977],[25.948807,43.838727],[25.949097,43.837895],[25.949148,43.837695],[25.949158,43.837654],[25.949222,43.837402],[25.949267,43.837245],[25.949282,43.837185],[25.949246,43.837047],[25.949222,43.837003],[25.949182,43.836959],[25.949111,43.836915],[25.949,43.83688],[25.948517,43.836831],[25.948049,43.836786],[25.947581,43.836671],[25.947337,43.8366],[25.947018,43.836485],[25.943692,43.835205],[25.943519,43.835131],[25.943321,43.835043],[25.943216,43.834996],[25.943109,43.83493],[25.942312,43.834314],[25.942107,43.834156],[25.941994,43.834069],[25.941612,43.833745],[25.940996,43.833202],[25.940294,43.832621],[25.939808,43.832186],[25.939614,43.832002],[25.93941,43.83177],[25.939186,43.831495],[25.939011,43.831264],[25.938821,43.830995],[25.938008,43.829849],[25.937296,43.828844],[25.936636,43.828243],[25.936502,43.82811],[25.936402,43.827985],[25.9363,43.827839],[25.936216,43.827719],[25.936129,43.827585],[25.936019,43.827417],[25.935963,43.827322],[25.935713,43.826827],[25.935441,43.826289],[25.93536,43.826175],[25.935235,43.826],[25.935018,43.825696],[25.934704,43.825256],[25.934462,43.824917],[25.933032,43.822915],[25.932899,43.822729]]},"properties":{"line":"Т9","dir":"1","headsign":"БОР","mode":"bus","color":"#149a3f","lbl":"9"}},{"type":"Feature","geometry":{"type":"LineString","coordinates":[[25.968815,43.825355],[25.969083,43.825421],[25.969321,43.825473],[25.970219,43.825665],[25.970441,43.825716],[25.970855,43.825812],[25.971218,43.825876],[25.971407,43.825934],[25.971564,43.826023],[25.971661,43.826086],[25.971722,43.826138],[25.971772,43.826199],[25.971791,43.826234],[25.971837,43.826317],[25.971927,43.826697],[25.972019,43.827098],[25.97203,43.827208],[25.97204,43.827312],[25.972047,43.827458],[25.972006,43.827601],[25.971858,43.827894],[25.971278,43.828434],[25.971258,43.828451],[25.970908,43.82875],[25.969959,43.829606],[25.969876,43.829682],[25.969992,43.829739],[25.970343,43.829952],[25.970598,43.830108],[25.970845,43.830283],[25.970995,43.83039],[25.971143,43.830514],[25.971223,43.830579],[25.97139,43.830721],[25.971691,43.830996],[25.971901,43.831196],[25.971988,43.83127],[25.972117,43.831383],[25.971916,43.831509],[25.97171,43.831639],[25.971398,43.831835],[25.970897,43.83215],[25.970837,43.832187],[25.970458,43.832427],[25.970154,43.832638],[25.96962,43.833007],[25.96961,43.833015],[25.969499,43.833091],[25.968733,43.833622],[25.967809,43.834252],[25.967482,43.834451],[25.96718,43.834662],[25.966869,43.834862],[25.965831,43.83557],[25.96551,43.835772],[25.964566,43.836408],[25.963814,43.836916],[25.962687,43.837676],[25.962533,43.837779],[25.960754,43.839125],[25.960535,43.839331],[25.960372,43.839504],[25.9603,43.839567],[25.960174,43.839672],[25.960149,43.83969],[25.960099,43.839723],[25.960064,43.839764],[25.960036,43.839817],[25.960014,43.839866],[25.960125,43.840181],[25.9602,43.840406],[25.960309,43.840736],[25.96059,43.841593],[25.960625,43.841742],[25.960633,43.841832],[25.960621,43.842581],[25.96062,43.842657],[25.960594,43.843475],[25.960592,43.843513],[25.960571,43.844139],[25.960543,43.844953],[25.960494,43.84552],[25.960494,43.845587],[25.960526,43.845718],[25.960565,43.845749],[25.960598,43.845784],[25.960625,43.845821],[25.960646,43.84586],[25.960752,43.845952],[25.960833,43.845989],[25.960932,43.84602],[25.961585,43.846139],[25.961686,43.846157],[25.962585,43.846311],[25.962799,43.846348],[25.96291,43.846368],[25.963405,43.846428],[25.963937,43.846474],[25.964259,43.8465],[25.964473,43.846524],[25.964705,43.846553],[25.964806,43.846571],[25.965078,43.846631],[25.965209,43.846666],[25.965401,43.846726],[25.965507,43.846759],[25.966117,43.846948],[25.966159,43.846961],[25.966321,43.847012],[25.966479,43.847056],[25.966694,43.847128],[25.967295,43.84733],[25.968551,43.84765],[25.969234,43.84783],[25.970946,43.848266],[25.971538,43.848423],[25.973184,43.848956],[25.973538,43.849076],[25.976427,43.850054],[25.976518,43.850082],[25.976826,43.850158],[25.977245,43.850216],[25.977902,43.850305],[25.97897,43.850449],[25.979004,43.850451],[25.979189,43.850445],[25.97933,43.850464],[25.979522,43.850488],[25.982132,43.850824],[25.982349,43.850859],[25.98239,43.850864],[25.982731,43.850909],[25.983015,43.850946],[25.985104,43.851222],[25.985281,43.851245],[25.985406,43.851261],[25.988539,43.851665],[25.989828,43.851829],[25.99097,43.851975],[25.991016,43.851981],[25.991203,43.852004],[25.99133,43.852025],[25.991406,43.852034],[25.99284,43.852213],[25.996158,43.852637],[25.997076,43.852755],[25.997624,43.852825],[25.997903,43.852861],[25.997865,43.85299],[25.997842,43.853081],[25.997711,43.853602],[25.997664,43.853788],[25.997621,43.853962],[25.997571,43.85416],[25.997415,43.854778],[25.99741,43.854797],[25.997401,43.854835],[25.997357,43.85501],[25.99728,43.855318],[25.997273,43.855345],[25.997247,43.855448],[25.997228,43.855522],[25.997216,43.855573],[25.997081,43.856107],[25.99707,43.856152],[25.997004,43.856459],[25.996992,43.856526],[25.996984,43.856594],[25.996982,43.856655],[25.996986,43.85672],[25.997369,43.857445],[25.997412,43.85744],[25.997456,43.857446],[25.997494,43.857462],[25.997523,43.857487],[25.997537,43.857515],[25.997539,43.857545],[25.997527,43.857575],[25.997502,43.857599],[25.997468,43.857617]]},"properties":{"line":"Т13","dir":"0","headsign":"Гара Разпределителна","mode":"bus","color":"#149a3f","lbl":"13"}},{"type":"Feature","geometry":{"type":"LineString","coordinates":[[25.997428,43.857626],[25.997386,43.857625],[25.997346,43.857614],[25.997314,43.857595],[25.997292,43.857569],[25.997282,43.85754],[25.997286,43.85751],[25.997303,43.857482],[25.997332,43.85746],[25.997369,43.857445],[25.996986,43.85672],[25.996982,43.856655],[25.996984,43.856594],[25.996992,43.856526],[25.997004,43.856459],[25.99707,43.856152],[25.997081,43.856107],[25.997228,43.855522],[25.997247,43.855448],[25.997273,43.855345],[25.99728,43.855318],[25.997357,43.85501],[25.99736,43.854997],[25.997401,43.854835],[25.99741,43.854797],[25.997415,43.854778],[25.997571,43.85416],[25.997621,43.853962],[25.997664,43.853788],[25.997711,43.853602],[25.997842,43.853081],[25.997865,43.85299],[25.99759,43.852953],[25.997232,43.852906],[25.996105,43.85276],[25.993383,43.852406],[25.992925,43.852348],[25.992309,43.852266],[25.992153,43.852245],[25.991404,43.852148],[25.99138,43.852145],[25.991309,43.852136],[25.991182,43.852117],[25.99099,43.852094],[25.99036,43.852014],[25.990044,43.851974],[25.989616,43.851919],[25.988582,43.851791],[25.988478,43.851778],[25.988117,43.85173],[25.987518,43.85165],[25.987478,43.851645],[25.987137,43.851605],[25.985383,43.85138],[25.985232,43.85136],[25.985053,43.851337],[25.984734,43.851297],[25.984405,43.851255],[25.983566,43.851152],[25.982355,43.850987],[25.981214,43.850835],[25.979511,43.850623],[25.979484,43.85062],[25.979299,43.850597],[25.979162,43.850579],[25.978979,43.850556],[25.978658,43.850516],[25.977188,43.85033],[25.976673,43.850251],[25.976385,43.850164],[25.976297,43.850139],[25.975412,43.849845],[25.974952,43.849664],[25.974795,43.849603],[25.973436,43.849119],[25.973137,43.849012],[25.97143,43.848478],[25.969481,43.847969],[25.96746,43.847443],[25.967024,43.847319],[25.966719,43.847233],[25.966475,43.847164],[25.966422,43.847148],[25.96627,43.847108],[25.966101,43.847054],[25.96513,43.846743],[25.964743,43.846662],[25.964245,43.846584],[25.963352,43.846496],[25.962525,43.846406],[25.96205,43.846325],[25.961041,43.846152],[25.960867,43.846109],[25.960793,43.8461],[25.960716,43.846102],[25.960613,43.846122],[25.960568,43.846173],[25.960511,43.846217],[25.960444,43.846254],[25.960339,43.846289],[25.960226,43.846305],[25.96011,43.846301],[25.959999,43.846277],[25.959899,43.846235],[25.959802,43.846162],[25.959738,43.846072],[25.959715,43.84599],[25.95972,43.845907],[25.959742,43.845836],[25.959786,43.845778],[25.959811,43.845754],[25.959894,43.845693],[25.959994,43.845649],[25.960074,43.845559],[25.960094,43.8455],[25.960107,43.845418],[25.960191,43.845015],[25.960192,43.844952],[25.960199,43.844641],[25.960208,43.844108],[25.960208,43.844075],[25.960241,43.842984],[25.960241,43.842948],[25.96024,43.842194],[25.960237,43.841843],[25.960232,43.841721],[25.960209,43.841631],[25.960206,43.841623],[25.960052,43.841152],[25.959757,43.840245],[25.959741,43.840201],[25.959651,43.839907],[25.959629,43.839837],[25.959579,43.839693],[25.95953,43.839562],[25.959709,43.839529],[25.959894,43.839478],[25.959977,43.839439],[25.960225,43.839321],[25.960344,43.83924],[25.960691,43.838968],[25.961103,43.838645],[25.962453,43.83766],[25.962602,43.837561],[25.964415,43.836344],[25.964453,43.836321],[25.965379,43.835672],[25.965699,43.835458],[25.96675,43.834768],[25.9668,43.834735],[25.967978,43.833933],[25.968142,43.833826],[25.968529,43.833567],[25.969018,43.833235],[25.969484,43.832922],[25.97034,43.832347],[25.97028,43.832303],[25.9702,43.832226],[25.970036,43.832102],[25.969911,43.832017],[25.969468,43.831758],[25.969233,43.831614],[25.968856,43.831382],[25.968413,43.831098],[25.96835,43.831053],[25.969104,43.830398],[25.969199,43.830309],[25.969295,43.830215],[25.969504,43.830006],[25.969571,43.829938],[25.969783,43.829743],[25.969876,43.829682],[25.969959,43.829606],[25.970331,43.829271],[25.970908,43.82875],[25.971258,43.828451],[25.971278,43.828434],[25.971858,43.827894],[25.972006,43.827601],[25.972047,43.827458],[25.97204,43.827312],[25.972019,43.827098],[25.971927,43.826697],[25.971837,43.826317],[25.971791,43.826234],[25.971772,43.826199],[25.971722,43.826138],[25.971661,43.826086],[25.971564,43.826023],[25.971407,43.825934],[25.971218,43.825876],[25.970891,43.825818],[25.970855,43.825812],[25.970441,43.825716],[25.970219,43.825665],[25.969321,43.825473],[25.969083,43.825421],[25.968792,43.825349],[25.968609,43.825301],[25.968379,43.825228],[25.968136,43.825126]]},"properties":{"line":"Т13","dir":"1","headsign":"Блок №28","mode":"bus","color":"#149a3f","lbl":"13"}},{"type":"Feature","geometry":{"type":"LineString","coordinates":[[25.977308,43.832163],[25.977112,43.832194],[25.976664,43.8323],[25.976507,43.832339],[25.976293,43.832425],[25.975959,43.83261],[25.97572,43.832759],[25.975301,43.833096],[25.975285,43.833107],[25.975174,43.833183],[25.975194,43.833216],[25.975197,43.833234],[25.97519,43.833272],[25.975175,43.833292],[25.975166,43.833303],[25.975129,43.833327],[25.975083,43.83334],[25.975017,43.833338],[25.974972,43.833322],[25.974938,43.833297],[25.974916,43.83326],[25.974913,43.833238],[25.974922,43.833203],[25.974754,43.833101],[25.97458,43.833027],[25.974402,43.832948],[25.973916,43.832695],[25.973787,43.83262],[25.973398,43.832392],[25.973123,43.832223],[25.972905,43.832056],[25.972762,43.831937],[25.972434,43.831649],[25.972323,43.83155],[25.972203,43.831449],[25.972117,43.831383],[25.971916,43.831509],[25.97171,43.831639],[25.971398,43.831835],[25.970897,43.83215],[25.970837,43.832187],[25.970458,43.832427],[25.970154,43.832638],[25.96962,43.833007],[25.969499,43.833091],[25.96945,43.833187],[25.969431,43.833233],[25.969402,43.833255],[25.969337,43.833298],[25.969307,43.833318],[25.9692,43.833376],[25.969131,43.833418],[25.969105,43.833452],[25.968784,43.833637],[25.968732,43.833679],[25.968679,43.83376],[25.968654,43.8338],[25.968578,43.833895],[25.968531,43.833928],[25.968064,43.834238],[25.967809,43.834252],[25.967482,43.834451],[25.96718,43.834662],[25.966869,43.834862],[25.965831,43.83557],[25.96551,43.835772],[25.964566,43.836408],[25.963814,43.836916],[25.962687,43.837676],[25.962533,43.837779],[25.960754,43.839125],[25.960535,43.839331],[25.960372,43.839504],[25.9603,43.839567],[25.960174,43.839672],[25.960149,43.83969],[25.960099,43.839723],[25.960064,43.839764],[25.960036,43.839817],[25.960014,43.839866],[25.960125,43.840181],[25.9602,43.840406],[25.960309,43.840736],[25.96059,43.841593],[25.960625,43.841742],[25.960633,43.841832],[25.960621,43.842581],[25.96062,43.842657],[25.960594,43.843475],[25.960592,43.843513],[25.960571,43.844139],[25.960543,43.844953],[25.960494,43.84552],[25.960494,43.845587],[25.960526,43.845718],[25.960565,43.845749],[25.960598,43.845784],[25.960625,43.845821],[25.960646,43.84586],[25.960752,43.845952],[25.960833,43.845989],[25.960932,43.84602],[25.961585,43.846139],[25.961686,43.846157],[25.962585,43.846311],[25.962799,43.846348],[25.96291,43.846368],[25.963405,43.846428],[25.963937,43.846474],[25.964259,43.8465],[25.964473,43.846524],[25.964705,43.846553],[25.964806,43.846571],[25.965078,43.846631],[25.965209,43.846666],[25.965401,43.846726],[25.965507,43.846759],[25.966117,43.846948],[25.966159,43.846961],[25.966321,43.847012],[25.966479,43.847056],[25.966694,43.847128],[25.967295,43.84733],[25.968551,43.84765],[25.969234,43.84783],[25.970946,43.848266],[25.971538,43.848423],[25.973184,43.848956],[25.973538,43.849076],[25.976427,43.850054],[25.976518,43.850082],[25.976826,43.850158],[25.977245,43.850216],[25.977902,43.850305],[25.97897,43.850449],[25.979004,43.850451],[25.979189,43.850445],[25.97933,43.850464],[25.979522,43.850488],[25.982132,43.850824],[25.982349,43.850859],[25.98239,43.850864],[25.982731,43.850909],[25.983015,43.850946],[25.985104,43.851222],[25.985281,43.851245],[25.985406,43.851261],[25.988539,43.851665],[25.989828,43.851829],[25.99097,43.851975],[25.991016,43.851981],[25.991203,43.852004],[25.99133,43.852025],[25.991406,43.852034],[25.99284,43.852213],[25.996158,43.852637],[25.997076,43.852755],[25.997624,43.852825],[25.997903,43.852861],[25.997865,43.85299],[25.997842,43.853081],[25.997711,43.853602],[25.997664,43.853788],[25.997621,43.853962],[25.997571,43.85416],[25.997415,43.854778],[25.99741,43.854797],[25.997401,43.854835],[25.997357,43.85501],[25.99728,43.855318],[25.997273,43.855345],[25.997247,43.855448],[25.997228,43.855522],[25.997216,43.855573],[25.997081,43.856107],[25.99707,43.856152],[25.997004,43.856459],[25.996992,43.856526],[25.996984,43.856594],[25.996982,43.856655],[25.996986,43.85672],[25.997369,43.857445],[25.997412,43.85744],[25.997456,43.857446],[25.997494,43.857462],[25.997523,43.857487],[25.997537,43.857515],[25.997539,43.857545],[25.997527,43.857575],[25.997502,43.857599],[25.997468,43.857617]]},"properties":{"line":"Т21","dir":"0","headsign":"Гара Разпределителна","mode":"bus","color":"#149a3f","lbl":"21"}},{"type":"Feature","geometry":{"type":"LineString","coordinates":[[25.997428,43.857626],[25.997386,43.857625],[25.997346,43.857614],[25.997314,43.857595],[25.997292,43.857569],[25.997282,43.85754],[25.997286,43.85751],[25.997303,43.857482],[25.997332,43.85746],[25.997369,43.857445],[25.996986,43.85672],[25.996982,43.856655],[25.996984,43.856594],[25.996992,43.856526],[25.997004,43.856459],[25.99707,43.856152],[25.997081,43.856107],[25.997228,43.855522],[25.997247,43.855448],[25.997273,43.855345],[25.99728,43.855318],[25.997357,43.85501],[25.99736,43.854997],[25.997401,43.854835],[25.99741,43.854797],[25.997415,43.854778],[25.997571,43.85416],[25.997621,43.853962],[25.997664,43.853788],[25.997711,43.853602],[25.997842,43.853081],[25.997865,43.85299],[25.99759,43.852953],[25.997232,43.852906],[25.996105,43.85276],[25.993383,43.852406],[25.992925,43.852348],[25.992309,43.852266],[25.992153,43.852245],[25.991404,43.852148],[25.99138,43.852145],[25.991309,43.852136],[25.991182,43.852117],[25.99099,43.852094],[25.99036,43.852014],[25.990044,43.851974],[25.989616,43.851919],[25.988582,43.851791],[25.988478,43.851778],[25.988117,43.85173],[25.987518,43.85165],[25.987478,43.851645],[25.987137,43.851605],[25.985383,43.85138],[25.985232,43.85136],[25.985053,43.851337],[25.984734,43.851297],[25.984405,43.851255],[25.983566,43.851152],[25.982355,43.850987],[25.981214,43.850835],[25.979511,43.850623],[25.979484,43.85062],[25.979299,43.850597],[25.979162,43.850579],[25.978979,43.850556],[25.978658,43.850516],[25.977188,43.85033],[25.976673,43.850251],[25.976385,43.850164],[25.976297,43.850139],[25.975412,43.849845],[25.974952,43.849664],[25.974795,43.849603],[25.973436,43.849119],[25.973137,43.849012],[25.97143,43.848478],[25.969481,43.847969],[25.96746,43.847443],[25.967024,43.847319],[25.966719,43.847233],[25.966475,43.847164],[25.966422,43.847148],[25.96627,43.847108],[25.966101,43.847054],[25.96513,43.846743],[25.964743,43.846662],[25.964245,43.846584],[25.963352,43.846496],[25.962525,43.846406],[25.96205,43.846325],[25.961041,43.846152],[25.960867,43.846109],[25.960793,43.8461],[25.960716,43.846102],[25.960613,43.846122],[25.960568,43.846173],[25.960511,43.846217],[25.960444,43.846254],[25.960339,43.846289],[25.960226,43.846305],[25.96011,43.846301],[25.959999,43.846277],[25.959899,43.846235],[25.959802,43.846162],[25.959738,43.846072],[25.959715,43.84599],[25.95972,43.845907],[25.959742,43.845836],[25.959786,43.845778],[25.959811,43.845754],[25.959894,43.845693],[25.959994,43.845649],[25.960074,43.845559],[25.960094,43.8455],[25.960107,43.845418],[25.960191,43.845015],[25.960192,43.844952],[25.960199,43.844641],[25.960208,43.844108],[25.960208,43.844075],[25.960241,43.842984],[25.960241,43.842948],[25.96024,43.842194],[25.960237,43.841843],[25.960232,43.841721],[25.960209,43.841631],[25.960206,43.841623],[25.960052,43.841152],[25.959757,43.840245],[25.959741,43.840201],[25.959651,43.839907],[25.959629,43.839837],[25.959579,43.839693],[25.95953,43.839562],[25.959709,43.839529],[25.959894,43.839478],[25.959977,43.839439],[25.960225,43.839321],[25.960344,43.83924],[25.960691,43.838968],[25.961103,43.838645],[25.962453,43.83766],[25.962602,43.837561],[25.964415,43.836344],[25.964453,43.836321],[25.965379,43.835672],[25.965699,43.835458],[25.96675,43.834768],[25.9668,43.834735],[25.967978,43.833933],[25.968142,43.833826],[25.968529,43.833567],[25.969018,43.833235],[25.969484,43.832922],[25.97034,43.832347],[25.970717,43.832105],[25.971518,43.831586],[25.971785,43.831406],[25.971988,43.83127],[25.972117,43.831383],[25.972203,43.831449],[25.972323,43.83155],[25.972434,43.831649],[25.972762,43.831937],[25.972905,43.832056],[25.973123,43.832223],[25.973398,43.832392],[25.973916,43.832695],[25.974129,43.832806],[25.974402,43.832948],[25.97458,43.833027],[25.974754,43.833101],[25.974973,43.833155],[25.975018,43.83314],[25.975067,43.833137],[25.975094,43.83314],[25.975139,43.833156],[25.975174,43.833183],[25.975285,43.833107],[25.975301,43.833096],[25.97572,43.832759],[25.975959,43.83261],[25.976293,43.832425],[25.976507,43.832339],[25.976664,43.8323],[25.977112,43.832194],[25.977312,43.832162]]},"properties":{"line":"Т21","dir":"1","headsign":"Търговски комплекс","mode":"bus","color":"#149a3f","lbl":"21"}},{"type":"Feature","geometry":{"type":"LineString","coordinates":[[25.932441,43.822088],[25.932715,43.822471],[25.932782,43.822565],[25.933032,43.822915],[25.934462,43.824917],[25.934704,43.825256],[25.935235,43.826],[25.93536,43.826175],[25.935441,43.826289],[25.935501,43.826345],[25.935959,43.826776],[25.936323,43.82712],[25.93643,43.827236],[25.936468,43.827295],[25.936507,43.827356],[25.936547,43.827414],[25.936666,43.827581],[25.936816,43.8278],[25.9369,43.827921],[25.936952,43.828013],[25.937102,43.828398],[25.937147,43.828512],[25.937296,43.828844],[25.938008,43.829849],[25.938821,43.830995],[25.939011,43.831264],[25.939035,43.831296],[25.939186,43.831495],[25.93941,43.83177],[25.939614,43.832002],[25.939808,43.832186],[25.940294,43.832621],[25.940996,43.833202],[25.941612,43.833745],[25.941994,43.834069],[25.942131,43.834175],[25.942312,43.834314],[25.943109,43.83493],[25.943216,43.834996],[25.943321,43.835043],[25.943519,43.835131],[25.943692,43.835205],[25.947018,43.836485],[25.947337,43.8366],[25.947581,43.836671],[25.948049,43.836786],[25.948517,43.836831],[25.949,43.83688],[25.949214,43.836902],[25.949286,43.836909],[25.949366,43.836917],[25.949444,43.83693],[25.950402,43.837085],[25.950668,43.837132],[25.951241,43.837217],[25.951359,43.837241],[25.951375,43.837252],[25.951402,43.837269],[25.951424,43.837283],[25.951452,43.837352],[25.950941,43.837863],[25.950815,43.83799],[25.950334,43.838424],[25.949427,43.839232],[25.948743,43.839938],[25.948438,43.840213],[25.948344,43.840257],[25.948091,43.840575],[25.948075,43.840591],[25.947956,43.840711],[25.947846,43.841548],[25.947801,43.841841],[25.94786,43.841891],[25.948529,43.842457],[25.94885,43.842702],[25.949113,43.842872],[25.949262,43.842955],[25.949313,43.842983],[25.949425,43.843042],[25.949504,43.843082],[25.950582,43.843592],[25.950616,43.84361],[25.950783,43.843624],[25.951028,43.84371],[25.951206,43.843785],[25.951298,43.843818],[25.95133,43.843833],[25.951347,43.843841],[25.951394,43.843866],[25.951435,43.843889],[25.951614,43.843984],[25.951729,43.84406],[25.951764,43.844092],[25.951826,43.844206],[25.952077,43.844329],[25.952179,43.84438],[25.952907,43.84467],[25.953017,43.844701],[25.953356,43.84477],[25.953803,43.844801],[25.953905,43.844809],[25.954078,43.844818],[25.95422,43.844826],[25.954511,43.844842],[25.954804,43.844846],[25.955059,43.844836],[25.955384,43.844827],[25.955691,43.844822],[25.955907,43.844842],[25.956091,43.844871],[25.956291,43.844909],[25.956458,43.84495],[25.956621,43.845001],[25.956781,43.845051],[25.957091,43.845165],[25.957675,43.845386],[25.957737,43.84541],[25.957807,43.845435],[25.957862,43.845453],[25.957937,43.845476],[25.958029,43.845503],[25.95813,43.845528],[25.958187,43.845543],[25.958255,43.845559],[25.958404,43.845594],[25.958899,43.845666],[25.959312,43.845757],[25.959522,43.845736],[25.959723,43.845703],[25.959812,43.845682],[25.959912,43.845633],[25.960015,43.845567],[25.960107,43.845418],[25.960191,43.845015],[25.960192,43.844952],[25.960199,43.844641],[25.960208,43.844108],[25.960208,43.844075],[25.960241,43.842984],[25.960241,43.842948],[25.96024,43.842194],[25.960237,43.841843],[25.960232,43.841721],[25.960209,43.841631],[25.960206,43.841623],[25.960052,43.841152],[25.959757,43.840245],[25.959741,43.840201],[25.959651,43.839907],[25.959629,43.839837],[25.959579,43.839693],[25.95953,43.839562],[25.959709,43.839529],[25.959894,43.839478],[25.959977,43.839439],[25.960225,43.839321],[25.960344,43.83924],[25.960691,43.838968],[25.961103,43.838645],[25.962453,43.83766],[25.962602,43.837561],[25.964415,43.836344],[25.964453,43.836321],[25.965379,43.835672],[25.965699,43.835458],[25.96675,43.834768],[25.9668,43.834735],[25.967978,43.833933],[25.968142,43.833826],[25.968529,43.833567],[25.969018,43.833235],[25.969484,43.832922],[25.97034,43.832347],[25.97028,43.832303],[25.9702,43.832226],[25.970036,43.832102],[25.969911,43.832017],[25.969468,43.831758],[25.969233,43.831614],[25.968856,43.831382],[25.968413,43.831098],[25.96835,43.831053],[25.969104,43.830398],[25.969199,43.830309],[25.969295,43.830215],[25.969504,43.830006],[25.969571,43.829938],[25.969783,43.829743],[25.969876,43.829682],[25.969959,43.829606],[25.970331,43.829271],[25.970908,43.82875],[25.971258,43.828451],[25.971278,43.828434],[25.971858,43.827894],[25.972006,43.827601],[25.972047,43.827458],[25.97204,43.827312],[25.972019,43.827098],[25.971927,43.826697],[25.971837,43.826317],[25.971791,43.826234],[25.971772,43.826199],[25.971722,43.826138],[25.971661,43.826086],[25.971564,43.826023],[25.971407,43.825934],[25.971218,43.825876],[25.970891,43.825818],[25.970855,43.825812],[25.970441,43.825716],[25.970219,43.825665],[25.969321,43.825473],[25.969083,43.825421],[25.968792,43.825349],[25.968609,43.825301],[25.968379,43.825228],[25.968136,43.825126]]},"properties":{"line":"Т24","dir":"0","headsign":"Блок №28","mode":"bus","color":"#149a3f","lbl":"24"}},{"type":"Feature","geometry":{"type":"LineString","coordinates":[[25.968815,43.825355],[25.969083,43.825421],[25.969321,43.825473],[25.970219,43.825665],[25.970441,43.825716],[25.970855,43.825812],[25.971218,43.825876],[25.971407,43.825934],[25.971564,43.826023],[25.971661,43.826086],[25.971722,43.826138],[25.971772,43.826199],[25.971791,43.826234],[25.971837,43.826317],[25.971927,43.826697],[25.972019,43.827098],[25.97203,43.827208],[25.97204,43.827312],[25.972047,43.827458],[25.972006,43.827601],[25.971858,43.827894],[25.971278,43.828434],[25.971258,43.828451],[25.970908,43.82875],[25.969959,43.829606],[25.969876,43.829682],[25.969992,43.829739],[25.970343,43.829952],[25.970598,43.830108],[25.970845,43.830283],[25.970995,43.83039],[25.971143,43.830514],[25.971223,43.830579],[25.97139,43.830721],[25.971691,43.830996],[25.971901,43.831196],[25.971988,43.83127],[25.972117,43.831383],[25.971916,43.831509],[25.97171,43.831639],[25.971398,43.831835],[25.970897,43.83215],[25.970837,43.832187],[25.970458,43.832427],[25.970154,43.832638],[25.96962,43.833007],[25.96961,43.833015],[25.969499,43.833091],[25.968733,43.833622],[25.967809,43.834252],[25.967482,43.834451],[25.96718,43.834662],[25.966869,43.834862],[25.965831,43.83557],[25.96551,43.835772],[25.964566,43.836408],[25.963814,43.836916],[25.962687,43.837676],[25.962533,43.837779],[25.960754,43.839125],[25.960535,43.839331],[25.960372,43.839504],[25.9603,43.839567],[25.960174,43.839672],[25.960149,43.83969],[25.960099,43.839723],[25.960064,43.839764],[25.960036,43.839817],[25.960014,43.839866],[25.960125,43.840181],[25.9602,43.840406],[25.960309,43.840736],[25.96059,43.841593],[25.960625,43.841742],[25.960377,43.841729],[25.960232,43.841721],[25.960183,43.841725],[25.959159,43.841859],[25.958181,43.842011],[25.958245,43.842877],[25.958247,43.842977],[25.958264,43.843448],[25.958265,43.844117],[25.958262,43.84418],[25.958251,43.84431],[25.958221,43.844456],[25.958204,43.844562],[25.95816,43.844803],[25.958058,43.845346],[25.958047,43.845424],[25.958029,43.845503],[25.957937,43.845476],[25.957862,43.845453],[25.957807,43.845435],[25.957737,43.84541],[25.957675,43.845386],[25.957091,43.845165],[25.956781,43.845051],[25.956621,43.845001],[25.956458,43.84495],[25.956291,43.844909],[25.956091,43.844871],[25.955907,43.844842],[25.955691,43.844822],[25.955384,43.844827],[25.955059,43.844836],[25.954804,43.844846],[25.954511,43.844842],[25.95422,43.844826],[25.954078,43.844818],[25.954066,43.844884],[25.953897,43.844876],[25.953705,43.844868],[25.953346,43.84484],[25.952984,43.844767],[25.95287,43.844734],[25.952394,43.844536],[25.952134,43.844428],[25.951926,43.844324],[25.951897,43.844309],[25.951686,43.844196],[25.951515,43.844114],[25.95054,43.84364],[25.950485,43.843615],[25.950213,43.84349],[25.949556,43.843206],[25.949449,43.84316],[25.949375,43.843128],[25.949258,43.843068],[25.949079,43.842972],[25.948846,43.842824],[25.948491,43.842568],[25.948278,43.84239],[25.947895,43.842068],[25.947851,43.84202],[25.947836,43.842003],[25.947834,43.842001],[25.947805,43.841939],[25.947801,43.841841],[25.947846,43.841548],[25.947956,43.840711],[25.948091,43.840575],[25.948344,43.840257],[25.948344,43.840211],[25.948343,43.840175],[25.948442,43.839873],[25.948732,43.838977],[25.948807,43.838727],[25.949097,43.837895],[25.949148,43.837695],[25.949158,43.837654],[25.949222,43.837402],[25.949267,43.837245],[25.949282,43.837185],[25.949246,43.837047],[25.949222,43.837003],[25.949182,43.836959],[25.949111,43.836915],[25.949,43.83688],[25.948517,43.836831],[25.948049,43.836786],[25.947581,43.836671],[25.947337,43.8366],[25.947018,43.836485],[25.943692,43.835205],[25.943519,43.835131],[25.943321,43.835043],[25.943216,43.834996],[25.943109,43.83493],[25.942312,43.834314],[25.942107,43.834156],[25.941994,43.834069],[25.941612,43.833745],[25.940996,43.833202],[25.940294,43.832621],[25.939808,43.832186],[25.939614,43.832002],[25.93941,43.83177],[25.939186,43.831495],[25.939011,43.831264],[25.938821,43.830995],[25.938008,43.829849],[25.937296,43.828844],[25.936636,43.828243],[25.936502,43.82811],[25.936402,43.827985],[25.9363,43.827839],[25.936216,43.827719],[25.936129,43.827585],[25.936019,43.827417],[25.935963,43.827322],[25.935713,43.826827],[25.935441,43.826289],[25.93536,43.826175],[25.935235,43.826],[25.935018,43.825696],[25.934704,43.825256],[25.934462,43.824917],[25.933032,43.822915],[25.932899,43.822729]]},"properties":{"line":"Т24","dir":"1","headsign":"БОР","mode":"bus","color":"#149a3f","lbl":"24"}},{"type":"Feature","geometry":{"type":"LineString","coordinates":[[25.974274,43.823608],[25.974063,43.823517],[25.973369,43.823155],[25.973685,43.822815],[25.97418,43.822305],[25.974471,43.822009],[25.97425,43.821807],[25.974048,43.821687],[25.973782,43.821547],[25.973569,43.821442],[25.973474,43.821381],[25.973139,43.821188],[25.97296,43.821092],[25.97272,43.820955],[25.972699,43.820943],[25.972448,43.820801],[25.972316,43.820728],[25.972157,43.820641],[25.972044,43.820594],[25.971956,43.820569],[25.971702,43.820523],[25.971609,43.820606],[25.971537,43.82067],[25.970544,43.821612],[25.969952,43.822137],[25.969711,43.822367],[25.96941,43.822666],[25.969254,43.822809],[25.968696,43.823351],[25.968473,43.823567],[25.968463,43.823576],[25.968161,43.823847],[25.967591,43.824351],[25.967167,43.824706],[25.967607,43.824902],[25.967866,43.825008],[25.968102,43.825112],[25.968379,43.825228],[25.968609,43.825301],[25.968792,43.825349],[25.968815,43.825355],[25.969083,43.825421],[25.969321,43.825473],[25.970219,43.825665],[25.970441,43.825716],[25.970855,43.825812],[25.971218,43.825876],[25.971407,43.825934],[25.971564,43.826023],[25.971661,43.826086],[25.971722,43.826138],[25.971772,43.826199],[25.971791,43.826234],[25.971837,43.826317],[25.971927,43.826697],[25.972019,43.827098],[25.97203,43.827208],[25.97204,43.827312],[25.972047,43.827458],[25.972006,43.827601],[25.971858,43.827894],[25.971278,43.828434],[25.971258,43.828451],[25.970908,43.82875],[25.969959,43.829606],[25.969876,43.829682],[25.969992,43.829739],[25.970343,43.829952],[25.970598,43.830108],[25.970845,43.830283],[25.970995,43.83039],[25.971143,43.830514],[25.971223,43.830579],[25.97139,43.830721],[25.971691,43.830996],[25.971901,43.831196],[25.971988,43.83127],[25.972117,43.831383],[25.971916,43.831509],[25.97171,43.831639],[25.971398,43.831835],[25.970897,43.83215],[25.970837,43.832187],[25.970458,43.832427],[25.970154,43.832638],[25.96962,43.833007],[25.96961,43.833015],[25.969499,43.833091],[25.968733,43.833622],[25.967809,43.834252],[25.967482,43.834451],[25.96718,43.834662],[25.966869,43.834862],[25.965831,43.83557],[25.96551,43.835772],[25.964566,43.836408],[25.963814,43.836916],[25.962687,43.837676],[25.962533,43.837779],[25.960754,43.839125],[25.960535,43.839331],[25.960372,43.839504],[25.9603,43.839567],[25.960174,43.839672],[25.960149,43.83969],[25.960099,43.839723],[25.960064,43.839764],[25.960036,43.839817],[25.960014,43.839866],[25.960125,43.840181],[25.9602,43.840406],[25.960309,43.840736],[25.96059,43.841593],[25.960625,43.841742],[25.960633,43.841832],[25.960621,43.842581],[25.96062,43.842657],[25.960594,43.843475],[25.960592,43.843513],[25.960571,43.844139],[25.960543,43.844953],[25.960494,43.84552],[25.960494,43.845587],[25.960526,43.845718],[25.960565,43.845749],[25.960598,43.845784],[25.960625,43.845821],[25.960646,43.84586],[25.960667,43.845948],[25.960656,43.846038],[25.960613,43.846122],[25.960568,43.846173],[25.960511,43.846217],[25.960444,43.846254],[25.96042,43.846294],[25.960396,43.846357],[25.960268,43.846811],[25.960216,43.846979],[25.959926,43.847927],[25.959905,43.847996],[25.959808,43.848282],[25.95965,43.848702],[25.959352,43.849176],[25.959034,43.849657],[25.958831,43.849965],[25.958799,43.850007],[25.958747,43.850076],[25.95865,43.850223],[25.958744,43.850251],[25.95883,43.850272],[25.958849,43.850277],[25.958958,43.850323],[25.959067,43.850388],[25.959142,43.850437],[25.959234,43.850511],[25.959398,43.850655],[25.959487,43.850738],[25.959579,43.850821],[25.959648,43.850897],[25.959745,43.851022],[25.95998,43.851374],[25.961044,43.852882],[25.961181,43.853051],[25.961425,43.853231],[25.961544,43.853319],[25.961709,43.853435],[25.961783,43.853484],[25.961795,43.853492],[25.961913,43.853569],[25.961993,43.853619],[25.962064,43.853672],[25.962099,43.853704],[25.962195,43.853711],[25.962245,43.853719],[25.962337,43.853733],[25.962645,43.853798],[25.963398,43.853959],[25.964188,43.854127],[25.964547,43.854203],[25.964655,43.854233],[25.964686,43.854246],[25.964759,43.854276],[25.965134,43.854459],[25.965695,43.854732],[25.965711,43.85474],[25.966648,43.855196],[25.967646,43.855677],[25.968596,43.856135],[25.96869,43.856181],[25.969,43.856329],[25.969567,43.856599],[25.970663,43.857122],[25.97123,43.857402],[25.971321,43.857451],[25.972627,43.858075],[25.972713,43.858116],[25.972854,43.858185],[25.973391,43.858446],[25.973692,43.858593],[25.973726,43.85861],[25.973814,43.858652],[25.9739,43.85869],[25.973965,43.858723],[25.974819,43.859156],[25.976771,43.860124],[25.978105,43.860766],[25.978716,43.861061],[25.979139,43.861277],[25.979697,43.861537],[25.979946,43.861691],[25.980475,43.862093],[25.980878,43.862445],[25.981211,43.862756],[25.981594,43.863126],[25.981816,43.863339],[25.98202,43.863515],[25.982172,43.863629],[25.982329,43.863732],[25.982513,43.863839],[25.983961,43.864622],[25.984174,43.864739],[25.984197,43.864751],[25.984928,43.865127],[25.985882,43.865653],[25.987126,43.866286],[25.987354,43.866394],[25.987595,43.866507],[25.988119,43.866723],[25.988236,43.866768],[25.990054,43.867474],[25.990187,43.867529],[25.991322,43.868005],[25.99201,43.868293],[25.99222,43.868379],[25.992286,43.868406]]},"properties":{"line":"Т27","dir":"0","headsign":"Захарен завод (Тутракан №26)","mode":"bus","color":"#149a3f","lbl":"27"}},{"type":"Feature","geometry":{"type":"LineString","coordinates":[[25.991879,43.868383],[25.991275,43.868139],[25.990091,43.867655],[25.98996,43.867601],[25.988026,43.866832],[25.987931,43.866793],[25.987438,43.866588],[25.987226,43.866497],[25.98702,43.866401],[25.985778,43.865752],[25.984921,43.865282],[25.984481,43.865041],[25.983861,43.864702],[25.982299,43.863839],[25.982161,43.86375],[25.982066,43.86368],[25.981739,43.863409],[25.981544,43.863235],[25.981101,43.862818],[25.980993,43.862745],[25.980877,43.862691],[25.980772,43.862668],[25.980644,43.862662],[25.980327,43.862678],[25.980087,43.862691],[25.979942,43.862682],[25.97984,43.862661],[25.97803,43.861782],[25.977667,43.861607],[25.976136,43.860867],[25.975013,43.860325],[25.973655,43.859654],[25.973175,43.859436],[25.973094,43.859395],[25.973041,43.859369],[25.972191,43.858941],[25.971815,43.858752],[25.971062,43.858394],[25.970361,43.858055],[25.969967,43.857862],[25.96907,43.857437],[25.968884,43.857348],[25.968042,43.856945],[25.967994,43.856922],[25.967875,43.856865],[25.967802,43.856831],[25.965961,43.855961],[25.964389,43.855196],[25.964123,43.85506],[25.964085,43.855046],[25.964031,43.855035],[25.96397,43.855028],[25.963898,43.855031],[25.963784,43.855046],[25.963623,43.855105],[25.963273,43.855233],[25.963185,43.855265],[25.963053,43.855316],[25.963016,43.855327],[25.962994,43.855333],[25.962969,43.855338],[25.962949,43.85534],[25.962925,43.855339],[25.962899,43.855332],[25.962875,43.855322],[25.962837,43.855304],[25.962791,43.855248],[25.962389,43.854725],[25.962142,43.854401],[25.961797,43.853946],[25.961699,43.853828],[25.96166,43.853777],[25.96163,43.853737],[25.961551,43.853612],[25.961538,43.853592],[25.961181,43.853051],[25.961044,43.852882],[25.95998,43.851374],[25.959745,43.851022],[25.959648,43.850897],[25.959579,43.850821],[25.959487,43.850738],[25.959398,43.850655],[25.959234,43.850511],[25.959142,43.850437],[25.959067,43.850388],[25.958958,43.850323],[25.958849,43.850277],[25.95883,43.850272],[25.958744,43.850251],[25.95865,43.850223],[25.958497,43.850182],[25.95826,43.850117],[25.958377,43.849977],[25.959031,43.849056],[25.959083,43.848982],[25.959263,43.848696],[25.959309,43.848622],[25.95944,43.848249],[25.959447,43.848229],[25.959473,43.848141],[25.959517,43.847958],[25.959559,43.847812],[25.95977,43.847045],[25.9599,43.846592],[25.959931,43.846502],[25.959939,43.846397],[25.959931,43.846307],[25.959899,43.846235],[25.959802,43.846162],[25.959738,43.846072],[25.959715,43.84599],[25.95972,43.845907],[25.959742,43.845836],[25.959786,43.845778],[25.959811,43.845754],[25.959894,43.845693],[25.959994,43.845649],[25.960074,43.845559],[25.960094,43.8455],[25.960107,43.845418],[25.960191,43.845015],[25.960192,43.844952],[25.960199,43.844641],[25.960208,43.844108],[25.960208,43.844075],[25.960241,43.842984],[25.960241,43.842948],[25.96024,43.842194],[25.960237,43.841843],[25.960232,43.841721],[25.960209,43.841631],[25.960206,43.841623],[25.960052,43.841152],[25.959757,43.840245],[25.959741,43.840201],[25.959651,43.839907],[25.959629,43.839837],[25.959579,43.839693],[25.95953,43.839562],[25.959709,43.839529],[25.959894,43.839478],[25.959977,43.839439],[25.960225,43.839321],[25.960344,43.83924],[25.960691,43.838968],[25.961103,43.838645],[25.962453,43.83766],[25.962602,43.837561],[25.964415,43.836344],[25.964453,43.836321],[25.965379,43.835672],[25.965699,43.835458],[25.96675,43.834768],[25.9668,43.834735],[25.967978,43.833933],[25.968142,43.833826],[25.968529,43.833567],[25.969018,43.833235],[25.969484,43.832922],[25.97034,43.832347],[25.97028,43.832303],[25.9702,43.832226],[25.970036,43.832102],[25.969911,43.832017],[25.969468,43.831758],[25.969233,43.831614],[25.968856,43.831382],[25.968413,43.831098],[25.96835,43.831053],[25.969104,43.830398],[25.969199,43.830309],[25.969295,43.830215],[25.969504,43.830006],[25.969571,43.829938],[25.969783,43.829743],[25.969876,43.829682],[25.969959,43.829606],[25.970331,43.829271],[25.970908,43.82875],[25.971258,43.828451],[25.971278,43.828434],[25.971858,43.827894],[25.972006,43.827601],[25.972047,43.827458],[25.97204,43.827312],[25.972019,43.827098],[25.971927,43.826697],[25.971837,43.826317],[25.971791,43.826234],[25.971772,43.826199],[25.971722,43.826138],[25.971661,43.826086],[25.971564,43.826023],[25.971407,43.825934],[25.971218,43.825876],[25.970891,43.825818],[25.970855,43.825812],[25.970441,43.825716],[25.970219,43.825665],[25.969321,43.825473],[25.969083,43.825421],[25.968792,43.825349],[25.968609,43.825301],[25.968379,43.825228],[25.968136,43.825126],[25.968102,43.825112],[25.967866,43.825008],[25.967607,43.824902],[25.967167,43.824706],[25.967591,43.824351],[25.968161,43.823847],[25.968473,43.823567],[25.968619,43.823426],[25.968696,43.823351],[25.969254,43.822809],[25.96941,43.822666],[25.969711,43.822367],[25.969952,43.822137],[25.970544,43.821612],[25.971537,43.82067],[25.971608,43.820607],[25.971702,43.820523],[25.971956,43.820569],[25.972044,43.820594],[25.972157,43.820641],[25.972316,43.820728],[25.972448,43.820801],[25.972699,43.820943],[25.97272,43.820955],[25.97296,43.821092],[25.973139,43.821188],[25.973474,43.821381],[25.973569,43.821442],[25.973782,43.821547],[25.974048,43.821687],[25.97425,43.821807],[25.974471,43.822009],[25.97418,43.822305],[25.973685,43.822815],[25.973369,43.823155],[25.974063,43.823517],[25.974274,43.823608]]},"properties":{"line":"Т27","dir":"1","headsign":"Блок №48","mode":"bus","color":"#149a3f","lbl":"27"}},{"type":"Feature","geometry":{"type":"LineString","coordinates":[[25.977308,43.832163],[25.977112,43.832194],[25.976664,43.8323],[25.976507,43.832339],[25.976293,43.832425],[25.975959,43.83261],[25.97572,43.832759],[25.975301,43.833096],[25.975285,43.833107],[25.975174,43.833183],[25.975194,43.833216],[25.975197,43.833234],[25.97519,43.833272],[25.975175,43.833292],[25.975166,43.833303],[25.975129,43.833327],[25.975083,43.83334],[25.975017,43.833338],[25.974972,43.833322],[25.974938,43.833297],[25.974916,43.83326],[25.974913,43.833238],[25.974922,43.833203],[25.974754,43.833101],[25.97458,43.833027],[25.974402,43.832948],[25.973916,43.832695],[25.973787,43.83262],[25.973398,43.832392],[25.973123,43.832223],[25.972905,43.832056],[25.972762,43.831937],[25.972434,43.831649],[25.972323,43.83155],[25.972203,43.831449],[25.972117,43.831383],[25.971916,43.831509],[25.97171,43.831639],[25.971398,43.831835],[25.970897,43.83215],[25.970837,43.832187],[25.970458,43.832427],[25.970154,43.832638],[25.96962,43.833007],[25.969499,43.833091],[25.96945,43.833187],[25.969431,43.833233],[25.969402,43.833255],[25.969337,43.833298],[25.969307,43.833318],[25.9692,43.833376],[25.969131,43.833418],[25.969105,43.833452],[25.968784,43.833637],[25.968732,43.833679],[25.968679,43.83376],[25.968654,43.8338],[25.968578,43.833895],[25.968531,43.833928],[25.968064,43.834238],[25.967809,43.834252],[25.967482,43.834451],[25.96718,43.834662],[25.966869,43.834862],[25.965831,43.83557],[25.96551,43.835772],[25.964566,43.836408],[25.963814,43.836916],[25.962687,43.837676],[25.962533,43.837779],[25.960754,43.839125],[25.960535,43.839331],[25.960372,43.839504],[25.9603,43.839567],[25.960174,43.839672],[25.960149,43.83969],[25.960099,43.839723],[25.960064,43.839764],[25.960036,43.839817],[25.960014,43.839866],[25.960125,43.840181],[25.9602,43.840406],[25.960309,43.840736],[25.96059,43.841593],[25.960625,43.841742],[25.960633,43.841832],[25.960621,43.842581],[25.96062,43.842657],[25.960594,43.843475],[25.960592,43.843513],[25.960571,43.844139],[25.960543,43.844953],[25.960494,43.84552],[25.960494,43.845587],[25.960526,43.845718],[25.960565,43.845749],[25.960598,43.845784],[25.960625,43.845821],[25.960646,43.84586],[25.960667,43.845948],[25.960656,43.846038],[25.960613,43.846122],[25.960568,43.846173],[25.960511,43.846217],[25.960444,43.846254],[25.96042,43.846294],[25.960396,43.846357],[25.960268,43.846811],[25.960216,43.846979],[25.959926,43.847927],[25.959905,43.847996],[25.959808,43.848282],[25.95965,43.848702],[25.959352,43.849176],[25.959034,43.849657],[25.958831,43.849965],[25.958799,43.850007],[25.958747,43.850076],[25.95865,43.850223],[25.958744,43.850251],[25.95883,43.850272],[25.958849,43.850277],[25.958958,43.850323],[25.959067,43.850388],[25.959142,43.850437],[25.959234,43.850511],[25.959398,43.850655],[25.959487,43.850738],[25.959579,43.850821],[25.959648,43.850897],[25.959745,43.851022],[25.95998,43.851374],[25.961044,43.852882],[25.961181,43.853051],[25.961425,43.853231],[25.961544,43.853319],[25.961709,43.853435],[25.961783,43.853484],[25.961795,43.853492],[25.961913,43.853569],[25.961993,43.853619],[25.962064,43.853672],[25.962099,43.853704],[25.962195,43.853711],[25.962245,43.853719],[25.962337,43.853733],[25.962645,43.853798],[25.963398,43.853959],[25.964188,43.854127],[25.964547,43.854203],[25.964655,43.854233],[25.964686,43.854246],[25.964759,43.854276],[25.965134,43.854459],[25.965695,43.854732],[25.965711,43.85474],[25.966648,43.855196],[25.967646,43.855677],[25.968596,43.856135],[25.96869,43.856181],[25.969,43.856329],[25.969567,43.856599],[25.970663,43.857122],[25.97123,43.857402],[25.971321,43.857451],[25.972627,43.858075],[25.972713,43.858116],[25.972854,43.858185],[25.973391,43.858446],[25.973692,43.858593],[25.973726,43.85861],[25.973814,43.858652],[25.9739,43.85869],[25.973965,43.858723],[25.974819,43.859156],[25.976771,43.860124],[25.978105,43.860766],[25.978716,43.861061],[25.979139,43.861277],[25.979697,43.861537],[25.979946,43.861691],[25.980475,43.862093],[25.980878,43.862445],[25.981211,43.862756],[25.981594,43.863126],[25.981816,43.863339],[25.98202,43.863515],[25.982172,43.863629],[25.982329,43.863732],[25.982513,43.863839],[25.983961,43.864622],[25.984174,43.864739],[25.984197,43.864751],[25.984928,43.865127],[25.985882,43.865653],[25.987126,43.866286],[25.987354,43.866394],[25.987595,43.866507],[25.988119,43.866723],[25.988236,43.866768],[25.990054,43.867474],[25.990187,43.867529],[25.991322,43.868005],[25.99201,43.868293],[25.99222,43.868379],[25.992286,43.868406]]},"properties":{"line":"Т29","dir":"0","headsign":"Захарен завод (Тутракан №26)","mode":"bus","color":"#149a3f","lbl":"29"}},{"type":"Feature","geometry":{"type":"LineString","coordinates":[[25.991879,43.868383],[25.991275,43.868139],[25.990091,43.867655],[25.98996,43.867601],[25.988026,43.866832],[25.987931,43.866793],[25.987438,43.866588],[25.987226,43.866497],[25.98702,43.866401],[25.985778,43.865752],[25.984921,43.865282],[25.984481,43.865041],[25.983861,43.864702],[25.982299,43.863839],[25.982161,43.86375],[25.982066,43.86368],[25.981739,43.863409],[25.981544,43.863235],[25.981101,43.862818],[25.980993,43.862745],[25.980877,43.862691],[25.980772,43.862668],[25.980644,43.862662],[25.980327,43.862678],[25.980087,43.862691],[25.979942,43.862682],[25.97984,43.862661],[25.97803,43.861782],[25.977667,43.861607],[25.976136,43.860867],[25.975013,43.860325],[25.973655,43.859654],[25.973175,43.859436],[25.973094,43.859395],[25.973041,43.859369],[25.972191,43.858941],[25.971815,43.858752],[25.971062,43.858394],[25.970361,43.858055],[25.969967,43.857862],[25.96907,43.857437],[25.968884,43.857348],[25.968042,43.856945],[25.967994,43.856922],[25.967875,43.856865],[25.967802,43.856831],[25.965961,43.855961],[25.964389,43.855196],[25.964123,43.85506],[25.964085,43.855046],[25.964031,43.855035],[25.96397,43.855028],[25.963898,43.855031],[25.963784,43.855046],[25.963623,43.855105],[25.963273,43.855233],[25.963185,43.855265],[25.963053,43.855316],[25.963016,43.855327],[25.962994,43.855333],[25.962969,43.855338],[25.962949,43.85534],[25.962925,43.855339],[25.962899,43.855332],[25.962875,43.855322],[25.962837,43.855304],[25.962791,43.855248],[25.962389,43.854725],[25.962142,43.854401],[25.961797,43.853946],[25.961699,43.853828],[25.96166,43.853777],[25.96163,43.853737],[25.961551,43.853612],[25.961538,43.853592],[25.961181,43.853051],[25.961044,43.852882],[25.95998,43.851374],[25.959745,43.851022],[25.959648,43.850897],[25.959579,43.850821],[25.959487,43.850738],[25.959398,43.850655],[25.959234,43.850511],[25.959142,43.850437],[25.959067,43.850388],[25.958958,43.850323],[25.958849,43.850277],[25.95883,43.850272],[25.958744,43.850251],[25.95865,43.850223],[25.958497,43.850182],[25.95826,43.850117],[25.958377,43.849977],[25.959031,43.849056],[25.959083,43.848982],[25.959263,43.848696],[25.959309,43.848622],[25.95944,43.848249],[25.959447,43.848229],[25.959473,43.848141],[25.959517,43.847958],[25.959559,43.847812],[25.95977,43.847045],[25.9599,43.846592],[25.959931,43.846502],[25.959939,43.846397],[25.959931,43.846307],[25.959899,43.846235],[25.959802,43.846162],[25.959738,43.846072],[25.959715,43.84599],[25.95972,43.845907],[25.959742,43.845836],[25.959786,43.845778],[25.959811,43.845754],[25.959894,43.845693],[25.959994,43.845649],[25.960074,43.845559],[25.960094,43.8455],[25.960107,43.845418],[25.960191,43.845015],[25.960192,43.844952],[25.960199,43.844641],[25.960208,43.844108],[25.960208,43.844075],[25.960241,43.842984],[25.960241,43.842948],[25.96024,43.842194],[25.960237,43.841843],[25.960232,43.841721],[25.960209,43.841631],[25.960206,43.841623],[25.960052,43.841152],[25.959757,43.840245],[25.959741,43.840201],[25.959651,43.839907],[25.959629,43.839837],[25.959579,43.839693],[25.95953,43.839562],[25.959709,43.839529],[25.959894,43.839478],[25.959977,43.839439],[25.960225,43.839321],[25.960344,43.83924],[25.960691,43.838968],[25.961103,43.838645],[25.962453,43.83766],[25.962602,43.837561],[25.964415,43.836344],[25.964453,43.836321],[25.965379,43.835672],[25.965699,43.835458],[25.96675,43.834768],[25.9668,43.834735],[25.967978,43.833933],[25.968142,43.833826],[25.968529,43.833567],[25.969018,43.833235],[25.969484,43.832922],[25.97034,43.832347],[25.970717,43.832105],[25.971518,43.831586],[25.971785,43.831406],[25.971988,43.83127],[25.972117,43.831383],[25.972203,43.831449],[25.972323,43.83155],[25.972434,43.831649],[25.972762,43.831937],[25.972905,43.832056],[25.973123,43.832223],[25.973398,43.832392],[25.973916,43.832695],[25.974129,43.832806],[25.974402,43.832948],[25.97458,43.833027],[25.974754,43.833101],[25.974973,43.833155],[25.975018,43.83314],[25.975067,43.833137],[25.975094,43.83314],[25.975139,43.833156],[25.975174,43.833183],[25.975285,43.833107],[25.975301,43.833096],[25.97572,43.832759],[25.975959,43.83261],[25.976293,43.832425],[25.976507,43.832339],[25.976664,43.8323],[25.977112,43.832194],[25.977312,43.832162]]},"properties":{"line":"Т29","dir":"1","headsign":"Търговски комплекс","mode":"bus","color":"#149a3f","lbl":"29"}},{"type":"Feature","geometry":{"type":"LineString","coordinates":[[25.979511,43.904682],[25.979415,43.904516],[25.979318,43.90435],[25.979222,43.904184],[25.979156,43.904071],[25.979126,43.904018],[25.9791,43.903973],[25.979038,43.903867],[25.979029,43.903852],[25.978998,43.903799],[25.97893,43.903687],[25.978927,43.903682],[25.978833,43.903528],[25.97883,43.903523],[25.978729,43.903358],[25.978628,43.903194],[25.978527,43.903029],[25.978427,43.902865],[25.978372,43.902775],[25.978327,43.9027],[25.978229,43.902535],[25.97813,43.902369],[25.978062,43.902255],[25.978032,43.902204],[25.978016,43.902177],[25.977934,43.902038],[25.977878,43.901942],[25.977837,43.901873],[25.97774,43.901707],[25.977643,43.901541],[25.977546,43.901376],[25.97745,43.90121],[25.977442,43.901197],[25.97735,43.901045],[25.977251,43.90088],[25.977232,43.90085],[25.977151,43.900715],[25.977116,43.900657],[25.977053,43.90055],[25.977027,43.900507],[25.976986,43.900445],[25.976944,43.900388],[25.976942,43.900386],[25.97688,43.900314],[25.976805,43.900239],[25.976693,43.900127],[25.976658,43.900094],[25.976623,43.90006],[25.97651,43.899949],[25.976363,43.899803],[25.976217,43.899659],[25.976217,43.899658],[25.976105,43.899548],[25.976069,43.899513],[25.975927,43.899372],[25.975922,43.899367],[25.975806,43.899253],[25.975775,43.899222],[25.975708,43.899156],[25.975639,43.899086],[25.975627,43.899078],[25.975508,43.899005],[25.975465,43.898978],[25.975431,43.898978],[25.975429,43.898978],[25.975396,43.89897],[25.975369,43.898954],[25.975352,43.898933],[25.975344,43.898908],[25.975348,43.898887],[25.975353,43.898872],[25.975357,43.898866],[25.975328,43.898832],[25.975239,43.898732],[25.975189,43.898702],[25.975174,43.898693],[25.974981,43.898579],[25.974788,43.898465],[25.974776,43.898457],[25.974592,43.898354],[25.97457,43.898341],[25.974396,43.898243],[25.974199,43.898132],[25.974096,43.898075],[25.974002,43.898022],[25.973806,43.897911],[25.973609,43.8978],[25.973413,43.89769],[25.973313,43.897634],[25.973218,43.897577],[25.973026,43.897462],[25.972834,43.897348],[25.972747,43.897296],[25.97264,43.897235],[25.972445,43.897122],[25.972251,43.89701],[25.972056,43.896897],[25.972017,43.896875],[25.971918,43.89679],[25.971888,43.896765],[25.971729,43.89663],[25.971726,43.896628],[25.971671,43.896581],[25.971649,43.896562],[25.971586,43.896509],[25.971569,43.896522],[25.971562,43.896525],[25.971545,43.896532],[25.971521,43.896538],[25.971496,43.89654],[25.971471,43.896538],[25.971448,43.896531],[25.971427,43.896521],[25.971409,43.896508],[25.971397,43.896492],[25.97139,43.896474],[25.971389,43.896457],[25.971389,43.896455],[25.971393,43.896439],[25.971405,43.89642],[25.971418,43.896408],[25.971438,43.896396],[25.971465,43.896387],[25.971433,43.89634],[25.971409,43.896309],[25.971381,43.896272],[25.971302,43.896176],[25.971284,43.896154],[25.971183,43.896034],[25.971154,43.896],[25.971123,43.895964],[25.971022,43.895848],[25.97089,43.895695],[25.970757,43.895543],[25.970725,43.895505],[25.970702,43.895479],[25.970624,43.895391],[25.97049,43.895239],[25.970355,43.895088],[25.970291,43.895015],[25.970221,43.894936],[25.970214,43.894928],[25.970087,43.894785],[25.969953,43.894633],[25.969819,43.894481],[25.969684,43.89433],[25.969606,43.894241],[25.969555,43.894176],[25.969512,43.89412],[25.969445,43.894015],[25.969341,43.893851],[25.969237,43.893688],[25.969133,43.893524],[25.969104,43.893478],[25.96903,43.893361],[25.968982,43.893285],[25.968952,43.893237],[25.968925,43.893197],[25.968817,43.893035],[25.96875,43.892936],[25.968701,43.892876],[25.968684,43.892856],[25.968624,43.892793],[25.968557,43.89273],[25.968525,43.8927],[25.968457,43.892648],[25.968387,43.892598],[25.968378,43.892591],[25.968338,43.892563],[25.968205,43.892475],[25.96815,43.892438],[25.968124,43.892421],[25.968102,43.892405],[25.968027,43.892349],[25.967993,43.892324],[25.967852,43.892222],[25.967676,43.892094],[25.9675,43.891966],[25.967325,43.891838],[25.967177,43.89173],[25.967148,43.891711],[25.967072,43.89166],[25.966967,43.891588],[25.966937,43.891568],[25.966861,43.891516],[25.966786,43.891465],[25.966735,43.891431],[25.96673,43.891426],[25.966674,43.891378],[25.966626,43.891332],[25.966622,43.891328],[25.966484,43.891179],[25.966443,43.891134],[25.966339,43.891032],[25.966293,43.890986],[25.966245,43.890944],[25.966202,43.890912],[25.966178,43.890895],[25.96616,43.890883],[25.96612,43.890862],[25.966085,43.89085],[25.966045,43.890845],[25.965996,43.890846],[25.965953,43.890852],[25.96595,43.890853],[25.965717,43.890917],[25.965504,43.890976],[25.965484,43.890981],[25.965253,43.891048],[25.965223,43.891057],[25.965174,43.890904],[25.965171,43.890895],[25.965145,43.890808],[25.96514,43.890773],[25.96514,43.890738],[25.965143,43.890727],[25.965148,43.890707],[25.965159,43.890678],[25.96517,43.890659],[25.965184,43.890641],[25.965197,43.890625],[25.96521,43.89061],[25.965222,43.890594],[25.965233,43.890578],[25.965241,43.890563],[25.965243,43.890561],[25.965252,43.890544],[25.965259,43.890527],[25.965266,43.89051],[25.965272,43.890492],[25.965276,43.890474],[25.96528,43.890457],[25.965282,43.890439],[25.965283,43.890421],[25.965283,43.890403],[25.965282,43.890388],[25.965282,43.890385],[25.96528,43.890367],[25.965277,43.890349],[25.965272,43.890331],[25.965267,43.890313],[25.96526,43.890296],[25.965253,43.890279],[25.965244,43.890262],[25.965235,43.890245],[25.965224,43.890229],[25.965214,43.890216],[25.965212,43.890213],[25.965199,43.890198],[25.965186,43.890182],[25.965171,43.890168],[25.965156,43.890154],[25.96514,43.89014],[25.965123,43.890127],[25.965105,43.890114],[25.965086,43.890102],[25.965067,43.890091],[25.965051,43.890082],[25.965046,43.89008],[25.965026,43.89007],[25.965004,43.890061],[25.964983,43.890052],[25.96496,43.890044],[25.964937,43.890037],[25.964914,43.89003],[25.96489,43.890024],[25.964866,43.890019],[25.964842,43.890015],[25.964823,43.890012],[25.964817,43.890011],[25.964793,43.890009],[25.964768,43.890007],[25.964734,43.890003],[25.964695,43.889996],[25.96465,43.889984],[25.964614,43.889968],[25.964591,43.889956],[25.964579,43.889949],[25.96455,43.88993],[25.964515,43.889901],[25.964485,43.889874],[25.964459,43.889843],[25.964441,43.889815],[25.964437,43.889809],[25.964409,43.889763],[25.964347,43.889648],[25.964258,43.88948],[25.964221,43.889412],[25.964206,43.889388],[25.964161,43.889314],[25.964154,43.889303],[25.964063,43.889149],[25.964061,43.889145],[25.963974,43.888981],[25.963885,43.888813],[25.963796,43.888645],[25.963707,43.888477],[25.963618,43.888309],[25.96355,43.888181],[25.963529,43.888141],[25.963508,43.888103],[25.96344,43.887973],[25.963351,43.887805],[25.963291,43.887693],[25.963261,43.887637],[25.963172,43.887469],[25.963083,43.887301],[25.962994,43.887133],[25.962905,43.886965],[25.962831,43.886825],[25.962815,43.886797],[25.96273,43.886648],[25.962719,43.886631],[25.962664,43.886539],[25.962625,43.886465],[25.962579,43.886375],[25.962537,43.886296],[25.962454,43.886142],[25.962449,43.886128],[25.962398,43.885998],[25.962385,43.885954],[25.962368,43.885896],[25.962354,43.885776],[25.962353,43.885768],[25.962351,43.885664],[25.962355,43.885596],[25.962358,43.885541],[25.962373,43.885461],[25.962384,43.885418],[25.962394,43.885382],[25.962414,43.885318],[25.962442,43.885247],[25.962443,43.885243],[25.962476,43.88517],[25.96252,43.885095],[25.962533,43.885076],[25.962606,43.884974],[25.962648,43.884916],[25.962715,43.884823],[25.962772,43.88476],[25.962855,43.88467],[25.962902,43.884617],[25.962908,43.88461],[25.963044,43.884459],[25.963104,43.884393],[25.963192,43.884315],[25.963349,43.884175],[25.963432,43.884101],[25.963507,43.884035],[25.963665,43.883896],[25.963823,43.883757],[25.963982,43.883618],[25.964077,43.883534],[25.964136,43.883477],[25.964284,43.883333],[25.964334,43.883285],[25.964439,43.883192],[25.964597,43.883052],[25.964746,43.882921],[25.964753,43.882913],[25.964808,43.882857],[25.964847,43.882817],[25.964896,43.882765],[25.964933,43.882727],[25.965027,43.882612],[25.965064,43.882568],[25.965147,43.882454],[25.965223,43.88235],[25.96526,43.882294],[25.965287,43.882254],[25.965369,43.882132],[25.965376,43.882122],[25.965442,43.882012],[25.965465,43.881966],[25.965499,43.881902],[25.965545,43.881796],[25.965619,43.881624],[25.965656,43.881538],[25.965685,43.881451],[25.965742,43.881276],[25.965793,43.881124],[25.965797,43.8811],[25.965802,43.881076],[25.965832,43.880922],[25.965867,43.880744],[25.965901,43.880566],[25.965936,43.880388],[25.965971,43.88021],[25.965982,43.880152],[25.966005,43.880032],[25.96604,43.879854],[25.966075,43.879676],[25.96611,43.879497],[25.966144,43.879319],[25.966179,43.879141],[25.966214,43.878963],[25.966217,43.878949],[25.966245,43.878806],[25.966249,43.878785],[25.96625,43.878777],[25.966257,43.87874],[25.966283,43.878607],[25.966314,43.878448],[25.966318,43.878429],[25.966353,43.878251],[25.966388,43.878073],[25.966423,43.877895],[25.966432,43.877853],[25.966458,43.877717],[25.966472,43.877647],[25.966493,43.877538],[25.966528,43.87736],[25.966536,43.877325],[25.966564,43.877182],[25.966599,43.877004],[25.966614,43.876929],[25.966634,43.876826],[25.966669,43.876648],[25.966703,43.87647],[25.966737,43.876292],[25.966771,43.876114],[25.966806,43.875935],[25.96684,43.875757],[25.966874,43.875579],[25.966909,43.875401],[25.966943,43.875223],[25.966977,43.875045],[25.967012,43.874866],[25.967013,43.874862],[25.967046,43.874688],[25.96708,43.87451],[25.967114,43.874332],[25.967149,43.874154],[25.967183,43.873976],[25.967207,43.873851],[25.967217,43.873798],[25.967249,43.873619],[25.967267,43.873521]]},"properties":{"line":"G1","dir":"0","headsign":"Port","mode":"bus","color":"#0059a9","lbl":"1"}},{"type":"Feature","geometry":{"type":"LineString","coordinates":[[25.967267,43.873521],[25.967235,43.873699],[25.967207,43.873851],[25.967202,43.873878],[25.967168,43.874056],[25.967133,43.874234],[25.967099,43.874412],[25.967065,43.87459],[25.96703,43.874768],[25.967013,43.874862],[25.966996,43.874947],[25.966962,43.875125],[25.966928,43.875303],[25.966893,43.875481],[25.966859,43.875659],[25.966825,43.875837],[25.96679,43.876016],[25.966756,43.876194],[25.966722,43.876372],[25.966687,43.87655],[25.966653,43.876728],[25.966619,43.876906],[25.966614,43.876929],[25.966583,43.877084],[25.966548,43.877262],[25.966536,43.877325],[25.966513,43.87744],[25.966478,43.877619],[25.966472,43.877647],[25.966443,43.877797],[25.966432,43.877853],[25.966408,43.877975],[25.966372,43.878153],[25.966337,43.878331],[25.966314,43.878448],[25.966302,43.878509],[25.966268,43.878687],[25.966257,43.87874],[25.96625,43.878777],[25.966245,43.878806],[25.966233,43.878865],[25.966217,43.878949],[25.966198,43.879043],[25.966164,43.879221],[25.966129,43.879399],[25.966094,43.879578],[25.966059,43.879756],[25.966025,43.879934],[25.96599,43.880112],[25.965982,43.880152],[25.965955,43.88029],[25.96592,43.880468],[25.965886,43.880646],[25.965851,43.880824],[25.965816,43.881002],[25.965802,43.881076],[25.965793,43.881124],[25.965774,43.88118],[25.965717,43.881355],[25.965659,43.88153],[25.965656,43.881538],[25.965585,43.881701],[25.965511,43.881873],[25.965499,43.881902],[25.965442,43.882012],[25.965424,43.882042],[25.965376,43.882122],[25.96532,43.882205],[25.965287,43.882254],[25.965223,43.88235],[25.965211,43.882367],[25.965094,43.882526],[25.965064,43.882568],[25.96497,43.882682],[25.964933,43.882727],[25.964847,43.882817],[25.964832,43.882831],[25.964808,43.882857],[25.964746,43.882921],[25.964683,43.882976],[25.964526,43.883115],[25.964368,43.883254],[25.964334,43.883285],[25.964218,43.883398],[25.964077,43.883534],[25.964069,43.883542],[25.96391,43.883681],[25.963752,43.88382],[25.963594,43.883959],[25.963435,43.884098],[25.963432,43.884101],[25.963279,43.884238],[25.963122,43.884377],[25.963104,43.884393],[25.962983,43.884527],[25.962902,43.884617],[25.962855,43.88467],[25.962847,43.884678],[25.962715,43.884823],[25.962711,43.884828],[25.962606,43.884974],[25.962596,43.884988],[25.96252,43.885095],[25.962488,43.88515],[25.962476,43.88517],[25.962442,43.885247],[25.962414,43.885318],[25.962413,43.885321],[25.962394,43.885382],[25.962373,43.885461],[25.962366,43.885498],[25.962358,43.885541],[25.962351,43.885664],[25.962351,43.885677],[25.962353,43.885768],[25.962364,43.885857],[25.962368,43.885896],[25.962398,43.885998],[25.962411,43.886033],[25.962454,43.886142],[25.962488,43.886204],[25.962577,43.886372],[25.962579,43.886375],[25.962664,43.886539],[25.962664,43.88654],[25.96273,43.886648],[25.962763,43.886706],[25.962831,43.886825],[25.962856,43.886872],[25.962945,43.88704],[25.963034,43.887208],[25.963123,43.887376],[25.963212,43.887544],[25.963291,43.887693],[25.963301,43.887712],[25.963391,43.88788],[25.96348,43.888048],[25.963508,43.888103],[25.96355,43.888181],[25.963569,43.888216],[25.963658,43.888384],[25.963747,43.888552],[25.963836,43.88872],[25.963925,43.888888],[25.964014,43.889056],[25.964061,43.889145],[25.964107,43.889223],[25.964154,43.889303],[25.964206,43.889388],[25.964206,43.889388],[25.964221,43.889412],[25.964298,43.889556],[25.964388,43.889723],[25.964409,43.889763],[25.964437,43.889809],[25.964459,43.889843],[25.964485,43.889874],[25.964496,43.889885],[25.964515,43.889901],[25.96455,43.88993],[25.964579,43.889949],[25.964614,43.889968],[25.96465,43.889984],[25.964689,43.889994],[25.964695,43.889996],[25.964734,43.890003],[25.964768,43.890007],[25.964793,43.890009],[25.964817,43.890011],[25.964842,43.890015],[25.964866,43.890019],[25.96489,43.890024],[25.964914,43.89003],[25.964931,43.890035],[25.964937,43.890037],[25.96496,43.890044],[25.964983,43.890052],[25.965004,43.890061],[25.965026,43.89007],[25.965046,43.89008],[25.965067,43.890091],[25.965086,43.890102],[25.965105,43.890114],[25.965123,43.890127],[25.965135,43.890136],[25.96514,43.89014],[25.965156,43.890154],[25.965171,43.890168],[25.965186,43.890182],[25.965199,43.890198],[25.965212,43.890213],[25.965224,43.890229],[25.965235,43.890245],[25.965244,43.890262],[25.965253,43.890279],[25.965258,43.89029],[25.96526,43.890296],[25.965267,43.890313],[25.965272,43.890331],[25.965277,43.890349],[25.96528,43.890367],[25.965282,43.890385],[25.965283,43.890403],[25.965283,43.890421],[25.965282,43.890439],[25.96528,43.890457],[25.965277,43.890468],[25.965276,43.890474],[25.965272,43.890492],[25.965266,43.89051],[25.965259,43.890527],[25.965252,43.890544],[25.965243,43.890561],[25.965233,43.890578],[25.965222,43.890594],[25.96521,43.89061],[25.965197,43.890625],[25.965189,43.890635],[25.965184,43.890641],[25.96517,43.890659],[25.965159,43.890678],[25.965148,43.890707],[25.96514,43.890738],[25.96514,43.890773],[25.965145,43.890808],[25.965145,43.890808],[25.965171,43.890895],[25.9652,43.890983],[25.965223,43.891057],[25.965357,43.891018],[25.965504,43.890976],[25.965589,43.890952],[25.965822,43.890888],[25.965953,43.890852],[25.965996,43.890846],[25.966045,43.890845],[25.966061,43.890847],[25.966085,43.89085],[25.96612,43.890862],[25.96616,43.890883],[25.966202,43.890912],[25.966245,43.890944],[25.966256,43.890954],[25.966293,43.890986],[25.966405,43.891097],[25.966443,43.891134],[25.966546,43.891246],[25.966626,43.891332],[25.966674,43.891378],[25.966691,43.891392],[25.96673,43.891426],[25.966735,43.891431],[25.966861,43.891516],[25.966867,43.891519],[25.966937,43.891568],[25.967048,43.891643],[25.967072,43.89166],[25.967177,43.89173],[25.967228,43.891768],[25.967403,43.891895],[25.967579,43.892023],[25.967754,43.892151],[25.96793,43.892278],[25.967993,43.892324],[25.968102,43.892405],[25.968105,43.892407],[25.968124,43.892421],[25.96815,43.892438],[25.968287,43.892529],[25.968338,43.892563],[25.968378,43.892591],[25.968457,43.892648],[25.968466,43.892654],[25.968525,43.8927],[25.968624,43.892793],[25.968625,43.892793],[25.968684,43.892856],[25.96875,43.892936],[25.968757,43.892946],[25.968865,43.893108],[25.968952,43.893237],[25.968972,43.89327],[25.968982,43.893285],[25.969076,43.893434],[25.969104,43.893478],[25.969179,43.893597],[25.969283,43.893761],[25.969387,43.893924],[25.969491,43.894088],[25.969512,43.89412],[25.969606,43.894241],[25.96961,43.894246],[25.969744,43.894397],[25.969878,43.894549],[25.970012,43.894701],[25.970147,43.894852],[25.970214,43.894928],[25.970281,43.895004],[25.970291,43.895015],[25.970415,43.895155],[25.970549,43.895307],[25.970683,43.895459],[25.970702,43.895479],[25.970725,43.895505],[25.970816,43.895611],[25.970949,43.895763],[25.971081,43.895916],[25.971123,43.895964],[25.971183,43.896034],[25.971212,43.896069],[25.971302,43.896176],[25.97134,43.896223],[25.971381,43.896272],[25.971433,43.89634],[25.971461,43.89638],[25.971465,43.896387],[25.971485,43.896384],[25.97151,43.896384],[25.971535,43.896388],[25.971557,43.896397],[25.971573,43.896405],[25.971591,43.896423],[25.971602,43.896441],[25.971606,43.896458],[25.971604,43.896476],[25.971599,43.896487],[25.971596,43.896493],[25.971586,43.896509],[25.971649,43.896562],[25.971671,43.896581],[25.971726,43.896628],[25.971729,43.89663],[25.971888,43.896765],[25.971918,43.89679],[25.972017,43.896875],[25.972056,43.896897],[25.972251,43.89701],[25.972445,43.897122],[25.97264,43.897235],[25.972747,43.897296],[25.972834,43.897348],[25.973026,43.897462],[25.973218,43.897577],[25.973313,43.897634],[25.973413,43.89769],[25.973609,43.8978],[25.973806,43.897911],[25.974002,43.898022],[25.974096,43.898075],[25.974199,43.898132],[25.974395,43.898243],[25.97457,43.898341],[25.974592,43.898354],[25.974776,43.898457],[25.974788,43.898465],[25.974981,43.898579],[25.975174,43.898693],[25.975189,43.898702],[25.975239,43.898732],[25.975376,43.898798],[25.975387,43.898803],[25.975439,43.898829],[25.975462,43.898832],[25.975491,43.898838],[25.975516,43.89885],[25.975535,43.898866],[25.975547,43.898887],[25.97555,43.898908],[25.97555,43.898908],[25.975544,43.89893],[25.97554,43.898938],[25.975631,43.899074],[25.975639,43.899086],[25.975708,43.899156],[25.975774,43.899221],[25.975806,43.899253],[25.975921,43.899366],[25.975927,43.899372],[25.976068,43.899512],[25.976105,43.899548],[25.976216,43.899657],[25.976217,43.899659],[25.976362,43.899802],[25.976509,43.899948],[25.976623,43.90006],[25.976657,43.900093],[25.976693,43.900127],[25.976804,43.900238],[25.97688,43.900314],[25.976942,43.900386],[25.976943,43.900387],[25.976986,43.900445],[25.977027,43.900507],[25.977052,43.900549],[25.977116,43.900657],[25.97715,43.900714],[25.977232,43.90085],[25.97725,43.900879],[25.977349,43.901044],[25.977442,43.901197],[25.977449,43.901209],[25.977546,43.901374],[25.977643,43.90154],[25.97774,43.901706],[25.977836,43.901872],[25.977878,43.901942],[25.977934,43.902037],[25.978016,43.902177],[25.978031,43.902203],[25.978062,43.902255],[25.978129,43.902368],[25.978228,43.902533],[25.978326,43.902699],[25.978372,43.902775],[25.978426,43.902864],[25.978527,43.903028],[25.978627,43.903193],[25.978728,43.903357],[25.978829,43.903522],[25.978833,43.903528],[25.978927,43.903682],[25.97893,43.903686],[25.978998,43.903799],[25.979029,43.903851],[25.979038,43.903867],[25.9791,43.903973],[25.979125,43.904017],[25.979156,43.904071]]},"properties":{"line":"G1","dir":"1","headsign":"4 Pietre","mode":"bus","color":"#0059a9","lbl":"1"}},{"type":"Feature","geometry":{"type":"LineString","coordinates":[[25.973612,43.922298],[25.973565,43.922121],[25.973518,43.921945],[25.973514,43.921928],[25.973473,43.921768],[25.973429,43.921591],[25.973385,43.921414],[25.973341,43.921237],[25.973297,43.92106],[25.973269,43.920949],[25.973252,43.920883],[25.973207,43.920706],[25.973162,43.920529],[25.973117,43.920352],[25.973072,43.920175],[25.973026,43.919998],[25.972981,43.919821],[25.972936,43.919644],[25.972891,43.919468],[25.972846,43.919291],[25.9728,43.919114],[25.972755,43.918937],[25.972716,43.918784],[25.97271,43.91876],[25.972665,43.918583],[25.972621,43.918406],[25.972576,43.918229],[25.972531,43.918052],[25.972487,43.917875],[25.972442,43.917698],[25.972397,43.917521],[25.972352,43.917344],[25.972308,43.917167],[25.972263,43.916991],[25.972248,43.91693],[25.972222,43.916825],[25.972219,43.916814],[25.972173,43.916637],[25.972171,43.916631],[25.972126,43.91646],[25.972079,43.916283],[25.972033,43.916107],[25.971986,43.91593],[25.971939,43.915753],[25.971898,43.915596],[25.971893,43.915577],[25.971884,43.915535],[25.97187,43.915461],[25.971862,43.915398],[25.971861,43.915387],[25.971853,43.915311],[25.971848,43.915239],[25.971847,43.915219],[25.971844,43.915153],[25.971834,43.915055],[25.971832,43.915039],[25.971825,43.914999],[25.971795,43.914905],[25.971782,43.914881],[25.971777,43.914864],[25.971775,43.914856],[25.971776,43.914831],[25.971784,43.914806],[25.97178,43.914714],[25.971784,43.914685],[25.971787,43.914662],[25.971797,43.914623],[25.971822,43.914542],[25.971822,43.914508],[25.971823,43.914328],[25.971824,43.914269],[25.971827,43.914148],[25.971833,43.913969],[25.971835,43.913899],[25.971839,43.913789],[25.97184,43.913758],[25.971841,43.913609],[25.971841,43.91353],[25.971843,43.913429],[25.971844,43.913388],[25.971847,43.913249],[25.971853,43.913069],[25.971858,43.91289],[25.97186,43.912801],[25.971855,43.91271],[25.971846,43.91253],[25.971836,43.91235],[25.971827,43.912171],[25.971818,43.911991],[25.971808,43.911811],[25.9718,43.911666],[25.971798,43.911631],[25.971793,43.911528],[25.971751,43.911458],[25.971731,43.911424],[25.971729,43.9114],[25.971721,43.911307],[25.971734,43.911283],[25.971774,43.911213],[25.971767,43.911109],[25.971756,43.910929],[25.971745,43.910749],[25.971735,43.91057],[25.971724,43.91039],[25.971713,43.91021],[25.971702,43.91003],[25.971691,43.909851],[25.97168,43.909671],[25.97168,43.909661],[25.971675,43.909601],[25.971606,43.909503],[25.971604,43.9095],[25.971601,43.909475],[25.971589,43.909383],[25.971618,43.909328],[25.971639,43.909286],[25.971618,43.909152],[25.971602,43.909055],[25.971585,43.908973],[25.971547,43.908796],[25.971509,43.908618],[25.971471,43.90844],[25.971468,43.908427],[25.971446,43.908261],[25.971442,43.908229],[25.971426,43.908082],[25.971424,43.908056],[25.971411,43.907902],[25.971409,43.907882],[25.971392,43.907723],[25.971373,43.907544],[25.971355,43.907364],[25.971341,43.907235],[25.971337,43.907185],[25.971322,43.907005],[25.971311,43.906874],[25.971292,43.906849],[25.971279,43.906832],[25.971235,43.906774],[25.971232,43.906749],[25.97122,43.90666],[25.97122,43.906657],[25.971266,43.90656],[25.971254,43.906487],[25.971248,43.90645],[25.971215,43.906309],[25.971202,43.906252],[25.971166,43.906133],[25.971145,43.906064],[25.971104,43.905959],[25.971072,43.905877],[25.971034,43.905786],[25.970963,43.905613],[25.970934,43.905543],[25.970852,43.905455],[25.970817,43.905418],[25.970725,43.905338],[25.970697,43.905328],[25.970688,43.905322],[25.970673,43.905314],[25.970642,43.905285],[25.970623,43.905251],[25.970618,43.905215],[25.970629,43.905179],[25.970642,43.905161],[25.970657,43.905143],[25.970679,43.905088],[25.970691,43.905024],[25.970686,43.904987],[25.970684,43.90497],[25.970674,43.904918],[25.97063,43.904812],[25.970557,43.90464],[25.970485,43.904468],[25.970413,43.904296],[25.970341,43.904124],[25.970269,43.903952],[25.970196,43.903779],[25.970124,43.903607],[25.970111,43.903575],[25.970056,43.903434],[25.970047,43.903413],[25.970025,43.90335],[25.969992,43.90326],[25.969945,43.903131],[25.96993,43.903086],[25.969873,43.902911],[25.969852,43.902848],[25.969821,43.902735],[25.969811,43.902702],[25.96977,43.902559],[25.969718,43.902383],[25.969667,43.902207],[25.969654,43.902161],[25.969616,43.902031],[25.969565,43.901855],[25.969549,43.901797],[25.969465,43.9017],[25.969463,43.901694],[25.969459,43.901676],[25.969433,43.901585],[25.969454,43.901518],[25.969464,43.901486],[25.969461,43.901473],[25.969437,43.901372],[25.969429,43.901341],[25.969386,43.901164],[25.969344,43.900987],[25.969301,43.900809],[25.969277,43.900708],[25.969253,43.900633],[25.96924,43.900588],[25.969205,43.900499],[25.969186,43.90046],[25.969162,43.900412],[25.969091,43.900294],[25.968992,43.900128],[25.968894,43.899963],[25.968795,43.899798],[25.968697,43.899633],[25.968598,43.899468],[25.968588,43.89945],[25.968572,43.899426],[25.968514,43.899376],[25.968466,43.899338],[25.968449,43.899325],[25.96843,43.899311],[25.9684,43.899292],[25.968358,43.899265],[25.968334,43.89926],[25.968311,43.899252],[25.96829,43.899242],[25.96827,43.89923],[25.968253,43.899217],[25.968253,43.899217],[25.968238,43.899202],[25.968225,43.899186],[25.968216,43.899169],[25.96821,43.899151],[25.968206,43.899133],[25.968207,43.899114],[25.96821,43.899096],[25.968216,43.899079],[25.968225,43.899061],[25.968235,43.899049],[25.968238,43.899045],[25.968237,43.899003],[25.968233,43.898977],[25.968226,43.89895],[25.968216,43.898922],[25.968202,43.898886],[25.968197,43.898874],[25.968164,43.898789],[25.968156,43.898771],[25.968144,43.898753],[25.968113,43.898705],[25.968063,43.898628],[25.968053,43.898613],[25.968007,43.898542],[25.967902,43.898379],[25.967884,43.89835],[25.967793,43.898217],[25.967684,43.898055],[25.967619,43.89796],[25.967574,43.897894],[25.967533,43.897834],[25.967466,43.897732],[25.967461,43.897725],[25.967359,43.897569],[25.967252,43.897407],[25.967146,43.897244],[25.967102,43.897177],[25.967057,43.897109],[25.967039,43.897082],[25.966987,43.897003],[25.966937,43.896917],[25.966934,43.896911],[25.966886,43.896818],[25.966863,43.896762],[25.966857,43.896747],[25.966849,43.896727],[25.966798,43.896573],[25.966777,43.896509],[25.966745,43.896397],[25.966733,43.896358],[25.966698,43.89622],[25.966652,43.896043],[25.966606,43.895867],[25.966591,43.895808],[25.966576,43.895757],[25.966551,43.895691],[25.966484,43.895518],[25.966417,43.895345],[25.966414,43.895336],[25.966408,43.895314],[25.966405,43.895291],[25.9664,43.895223],[25.966389,43.895206],[25.966381,43.895189],[25.966375,43.895172],[25.966374,43.895169],[25.966372,43.895154],[25.966372,43.895136],[25.966375,43.895118],[25.96638,43.8951],[25.966356,43.895078],[25.966333,43.89505],[25.966313,43.895003],[25.966309,43.894994],[25.966293,43.894929],[25.966281,43.894847],[25.966279,43.894825],[25.966273,43.894753],[25.966246,43.894647],[25.966222,43.89455],[25.9662,43.89447],[25.966153,43.894293],[25.966106,43.894117],[25.966059,43.89394],[25.966012,43.893763],[25.965965,43.893587],[25.965918,43.89341],[25.965893,43.893316],[25.965872,43.893233],[25.965826,43.893056],[25.965781,43.89288],[25.965735,43.892703],[25.9657,43.892565],[25.96569,43.892526],[25.965688,43.892515],[25.965636,43.89235],[25.96558,43.892175],[25.965525,43.892],[25.96547,43.891824],[25.965454,43.891776],[25.965413,43.891649],[25.965356,43.891474],[25.9653,43.891299],[25.965276,43.891226],[25.965244,43.891123],[25.965223,43.891057],[25.965367,43.891015],[25.965504,43.890976],[25.965599,43.89095],[25.965832,43.890886],[25.965953,43.890852],[25.965996,43.890846],[25.966045,43.890845],[25.966071,43.890849],[25.966085,43.89085],[25.96612,43.890862],[25.96616,43.890883],[25.966202,43.890912],[25.966245,43.890944],[25.966262,43.890959],[25.966293,43.890986],[25.966412,43.891103],[25.966443,43.891134],[25.966552,43.891252],[25.96656,43.891261],[25.966443,43.891134],[25.96642,43.891112],[25.966293,43.890986],[25.966272,43.890968],[25.966245,43.890944],[25.966202,43.890912],[25.96616,43.890883],[25.96612,43.890862],[25.966086,43.890851],[25.966085,43.89085],[25.966045,43.890845],[25.965996,43.890846],[25.965953,43.890852],[25.965846,43.890882],[25.965613,43.890946],[25.965504,43.890976],[25.965381,43.891011],[25.965223,43.891057],[25.965205,43.891001],[25.965171,43.890895],[25.96515,43.890826],[25.965145,43.890808],[25.96514,43.890773],[25.96514,43.890738],[25.965148,43.890707],[25.965159,43.890678],[25.96517,43.890659],[25.965176,43.890651],[25.965184,43.890641],[25.965197,43.890625],[25.96521,43.89061],[25.965222,43.890594],[25.965233,43.890578],[25.965243,43.890561],[25.965252,43.890544],[25.965259,43.890527],[25.965266,43.89051],[25.965272,43.890492],[25.965273,43.890486],[25.965276,43.890474],[25.96528,43.890457],[25.965282,43.890439],[25.965283,43.890421],[25.965283,43.890403],[25.965282,43.890385],[25.96528,43.890367],[25.965277,43.890349],[25.965272,43.890331],[25.965267,43.890313],[25.965265,43.890308],[25.96526,43.890296],[25.965253,43.890279],[25.965244,43.890262],[25.965235,43.890245],[25.965224,43.890229],[25.965212,43.890213],[25.965199,43.890198],[25.965186,43.890182],[25.965171,43.890168],[25.965156,43.890154],[25.965151,43.89015],[25.96514,43.89014],[25.965123,43.890127],[25.965105,43.890114],[25.965086,43.890102],[25.965067,43.890091],[25.965046,43.89008],[25.965026,43.89007],[25.965004,43.890061],[25.964983,43.890052],[25.96496,43.890044],[25.964954,43.890042],[25.964937,43.890037],[25.964914,43.89003],[25.96489,43.890024],[25.964866,43.890019],[25.964842,43.890015],[25.964817,43.890011],[25.964793,43.890009],[25.964768,43.890007],[25.964734,43.890003],[25.964713,43.889999],[25.964695,43.889996],[25.96465,43.889984],[25.964614,43.889968],[25.964579,43.889949],[25.96455,43.88993],[25.964515,43.889901],[25.964512,43.889899],[25.964485,43.889874],[25.964459,43.889843],[25.964437,43.889809],[25.964409,43.889763],[25.964397,43.88974],[25.964307,43.889573],[25.964221,43.889412],[25.964217,43.889405],[25.964206,43.889388],[25.964154,43.889303],[25.964117,43.88924],[25.964061,43.889145],[25.964023,43.889074],[25.963934,43.888906],[25.963845,43.888738],[25.963756,43.88857],[25.963667,43.888402],[25.963578,43.888233],[25.96355,43.888181],[25.963508,43.888103],[25.963489,43.888066],[25.9634,43.887897],[25.963311,43.887729],[25.963291,43.887693],[25.963221,43.887561],[25.963132,43.887393],[25.963043,43.887225],[25.962954,43.887057],[25.962865,43.886889],[25.962831,43.886825],[25.962772,43.886723],[25.96273,43.886648],[25.962637,43.88667],[25.962598,43.886677],[25.962528,43.886689],[25.962415,43.886704],[25.962353,43.88671],[25.962157,43.886731],[25.962106,43.886737],[25.961911,43.886757],[25.96186,43.886763],[25.961809,43.886768],[25.961612,43.886785],[25.961611,43.886786],[25.961464,43.886793],[25.961363,43.886796],[25.961334,43.886797],[25.961186,43.886791],[25.961114,43.886787],[25.961055,43.886784],[25.960877,43.886765],[25.960867,43.886764],[25.960703,43.886747],[25.960621,43.886735],[25.960546,43.886724],[25.960401,43.886694],[25.96038,43.886689],[25.960232,43.886657],[25.960164,43.886636],[25.960145,43.88663],[25.960038,43.886598],[25.959916,43.886558],[25.95991,43.886556],[25.959755,43.886492],[25.959702,43.886467],[25.959626,43.886432],[25.959494,43.886367],[25.959489,43.886365],[25.959444,43.886339],[25.959379,43.886301],[25.959343,43.886281],[25.959298,43.886256],[25.959219,43.886214],[25.95912,43.886165],[25.959092,43.886155],[25.959011,43.886126],[25.958904,43.886104],[25.958857,43.8861],[25.958781,43.886095],[25.958676,43.886094],[25.958608,43.886095],[25.9586,43.886096],[25.958358,43.8861],[25.958109,43.886104],[25.95786,43.886108],[25.957611,43.886113],[25.957361,43.886117],[25.957273,43.886118],[25.957112,43.886124],[25.957088,43.886125],[25.956863,43.886132],[25.956614,43.886139],[25.956365,43.886147],[25.956115,43.886154],[25.955935,43.88616],[25.955866,43.886161],[25.955617,43.886166],[25.955368,43.886171],[25.955118,43.886177],[25.954869,43.886182],[25.95462,43.886187],[25.954371,43.886192],[25.954256,43.886194],[25.954121,43.886197],[25.954037,43.886199],[25.953905,43.886201],[25.953872,43.886201],[25.953861,43.886202],[25.953623,43.886209],[25.953541,43.886211],[25.953374,43.886216],[25.953297,43.886218],[25.953124,43.88622],[25.953083,43.886221],[25.952875,43.886223],[25.952626,43.886226],[25.952376,43.886228],[25.952338,43.886229],[25.952127,43.886232],[25.951878,43.886235],[25.951628,43.886238],[25.951541,43.886239],[25.951379,43.886241],[25.951254,43.886243],[25.95113,43.886245],[25.95088,43.886248],[25.950631,43.886251],[25.950382,43.886255],[25.950364,43.886255],[25.950132,43.886258],[25.949883,43.886262],[25.949832,43.886262],[25.949754,43.886264],[25.949634,43.886265],[25.949503,43.886267],[25.949384,43.886268],[25.949135,43.88627],[25.948915,43.886273],[25.948886,43.886273],[25.948636,43.886275],[25.948387,43.886277],[25.948275,43.886279],[25.948137,43.886279],[25.948075,43.886279],[25.947962,43.88628],[25.947888,43.886279],[25.947662,43.886278],[25.947639,43.886276],[25.947461,43.886267],[25.94739,43.886261],[25.947221,43.886247],[25.947143,43.886238],[25.947018,43.886222],[25.9469,43.886206],[25.946898,43.886205],[25.946723,43.886172],[25.946657,43.886158],[25.946417,43.886109],[25.946365,43.886099],[25.946181,43.886052],[25.946059,43.886022],[25.945947,43.885989],[25.945804,43.885948],[25.945718,43.885919],[25.945553,43.885864],[25.945493,43.885841],[25.945299,43.885767],[25.945274,43.885756],[25.945059,43.885664],[25.944986,43.885633],[25.944852,43.885564],[25.944657,43.885465],[25.944648,43.88546],[25.944452,43.885349],[25.944424,43.885333],[25.944268,43.885228],[25.944183,43.88517],[25.944091,43.885101],[25.943917,43.884972],[25.943744,43.884843],[25.943682,43.884797],[25.943571,43.884713],[25.943399,43.884583],[25.943227,43.884453],[25.943204,43.884435],[25.943055,43.884323],[25.943019,43.884296],[25.942882,43.884193],[25.942709,43.884063],[25.942537,43.883934],[25.942516,43.883918],[25.942363,43.883805],[25.942335,43.883784],[25.942191,43.883674],[25.942147,43.883641],[25.942019,43.883544],[25.941848,43.883413],[25.941676,43.883283],[25.941504,43.883152],[25.941333,43.883022],[25.941331,43.883021],[25.941186,43.882912],[25.941159,43.882893],[25.940983,43.882766],[25.940933,43.88273],[25.940809,43.882637],[25.940636,43.882507],[25.940463,43.882378],[25.94029,43.882248],[25.940117,43.882118],[25.940062,43.882076],[25.939942,43.88199],[25.939765,43.881864],[25.939588,43.881737],[25.939411,43.88161],[25.939235,43.881483],[25.939058,43.881356],[25.938881,43.881229],[25.938825,43.881189],[25.9387,43.881106],[25.938518,43.880983],[25.938335,43.880861],[25.938152,43.880738],[25.93797,43.880616],[25.937935,43.880593],[25.937787,43.880493],[25.937776,43.880486],[25.937755,43.880472],[25.937604,43.880376],[25.937601,43.880373],[25.93741,43.880258],[25.937219,43.880142],[25.937028,43.880026],[25.936838,43.87991],[25.936805,43.87989],[25.936645,43.879796],[25.936453,43.879681],[25.93626,43.879567],[25.93613,43.879489],[25.936069,43.879452],[25.935928,43.879366],[25.935879,43.879336],[25.935689,43.879219],[25.935499,43.879102],[25.93531,43.878985],[25.93512,43.878868],[25.934931,43.878751],[25.934741,43.878635],[25.934551,43.878518],[25.934362,43.878401],[25.934172,43.878284],[25.933983,43.878167],[25.933831,43.878074],[25.933803,43.878104],[25.933668,43.878255],[25.933651,43.878275],[25.933534,43.878407],[25.933401,43.878559],[25.933267,43.878711],[25.933133,43.878863],[25.933063,43.878943],[25.933022,43.878971],[25.932963,43.87896],[25.932944,43.878957],[25.932749,43.878868],[25.932743,43.878865],[25.932536,43.878775],[25.932322,43.878682],[25.93232,43.878681],[25.93216,43.878648],[25.932085,43.878667],[25.932077,43.87867],[25.931933,43.878809],[25.931784,43.878954],[25.931636,43.879098],[25.931551,43.87918],[25.931488,43.879243],[25.931342,43.879389],[25.931196,43.879535],[25.931051,43.879681],[25.930905,43.879827],[25.930759,43.879973],[25.930613,43.880118],[25.930467,43.880264],[25.930321,43.88041],[25.930176,43.880556],[25.930114,43.880618],[25.930029,43.880702],[25.930028,43.880703],[25.930017,43.880804],[25.93003,43.88088],[25.930038,43.880928],[25.930085,43.881056],[25.930103,43.881106],[25.93006,43.881206],[25.930042,43.881225],[25.929898,43.881372],[25.929754,43.881519],[25.92961,43.881666],[25.929466,43.881813],[25.929322,43.88196],[25.929179,43.882107],[25.929084,43.882204],[25.929013,43.882237],[25.928987,43.88225],[25.928775,43.882287],[25.928719,43.882296],[25.928622,43.88232],[25.928572,43.882373],[25.928451,43.882505],[25.928433,43.882523],[25.92829,43.88267],[25.928146,43.882817],[25.928002,43.882964],[25.927859,43.883111],[25.927715,43.883258],[25.927571,43.883405],[25.927428,43.883552],[25.927284,43.883699],[25.92714,43.883846]]},"properties":{"line":"G2","dir":"0","headsign":"CET","mode":"bus","color":"#0059a9","lbl":"2"}},{"type":"Feature","geometry":{"type":"LineString","coordinates":[[25.92712,43.883866],[25.927264,43.883719],[25.927408,43.883572],[25.927551,43.883425],[25.927695,43.883278],[25.927839,43.883131],[25.927982,43.882984],[25.928126,43.882837],[25.92827,43.88269],[25.928414,43.882543],[25.928451,43.882505],[25.928553,43.882394],[25.928622,43.88232],[25.928719,43.882296],[25.928742,43.882292],[25.928984,43.88225],[25.928987,43.88225],[25.929084,43.882204],[25.929159,43.882127],[25.929302,43.88198],[25.929446,43.881833],[25.92959,43.881686],[25.929734,43.881539],[25.929878,43.881392],[25.930022,43.881245],[25.93006,43.881206],[25.930103,43.881106],[25.930093,43.88108],[25.930038,43.880928],[25.930035,43.880905],[25.930017,43.880804],[25.930025,43.880726],[25.930028,43.880703],[25.930114,43.880618],[25.930155,43.880576],[25.930301,43.880431],[25.930447,43.880285],[25.930593,43.880139],[25.930739,43.879993],[25.930885,43.879847],[25.93103,43.879701],[25.931176,43.879555],[25.931322,43.879409],[25.931468,43.879263],[25.931551,43.87918],[25.931615,43.879118],[25.931764,43.878974],[25.931912,43.878829],[25.932061,43.878685],[25.932077,43.87867],[25.93216,43.878648],[25.93229,43.878675],[25.93232,43.878681],[25.932506,43.878762],[25.93272,43.878855],[25.932743,43.878865],[25.932931,43.878951],[25.932944,43.878957],[25.933022,43.878971],[25.933063,43.878943],[25.933115,43.878884],[25.933249,43.878732],[25.933382,43.87858],[25.933516,43.878428],[25.933649,43.878276],[25.933651,43.878275],[25.933785,43.878125],[25.933831,43.878074],[25.933956,43.878151],[25.934146,43.878268],[25.934335,43.878385],[25.934525,43.878501],[25.934715,43.878618],[25.934904,43.878735],[25.935094,43.878852],[25.935283,43.878969],[25.935473,43.879086],[25.935663,43.879203],[25.935852,43.879319],[25.935928,43.879366],[25.936042,43.879436],[25.93613,43.879489],[25.936234,43.879551],[25.936426,43.879665],[25.936619,43.87978],[25.936805,43.87989],[25.936811,43.879894],[25.937002,43.88001],[25.937193,43.880126],[25.937384,43.880242],[25.937574,43.880357],[25.937604,43.880376],[25.937755,43.880472],[25.937762,43.880476],[25.937776,43.880486],[25.937935,43.880593],[25.937944,43.880599],[25.938127,43.880721],[25.93831,43.880844],[25.938492,43.880966],[25.938675,43.881089],[25.938825,43.881189],[25.938856,43.881212],[25.939033,43.881339],[25.93921,43.881465],[25.939387,43.881592],[25.939564,43.881719],[25.93974,43.881846],[25.939917,43.881973],[25.940062,43.882076],[25.940093,43.8821],[25.940266,43.88223],[25.940439,43.88236],[25.940612,43.882489],[25.940785,43.882619],[25.940933,43.88273],[25.940958,43.882748],[25.941135,43.882875],[25.941186,43.882912],[25.941309,43.883004],[25.941331,43.883021],[25.94148,43.883134],[25.941652,43.883265],[25.941824,43.883395],[25.941995,43.883526],[25.942147,43.883641],[25.942167,43.883656],[25.942335,43.883784],[25.942339,43.883787],[25.942513,43.883916],[25.942516,43.883918],[25.942685,43.884045],[25.942858,43.884175],[25.943019,43.884296],[25.943031,43.884305],[25.943204,43.884435],[25.943204,43.884435],[25.943375,43.884565],[25.943547,43.884695],[25.943682,43.884797],[25.94372,43.884825],[25.943893,43.884954],[25.944067,43.885084],[25.944183,43.88517],[25.944243,43.885211],[25.944424,43.885333],[25.944425,43.885334],[25.944621,43.885445],[25.944657,43.885465],[25.944824,43.88555],[25.944986,43.885633],[25.945029,43.885651],[25.945244,43.885743],[25.945299,43.885767],[25.945463,43.885829],[25.945553,43.885864],[25.945687,43.885908],[25.945804,43.885948],[25.945915,43.88598],[25.946059,43.886022],[25.946148,43.886044],[25.946365,43.886099],[25.946384,43.886103],[25.946624,43.886152],[25.946723,43.886172],[25.946864,43.886199],[25.9469,43.886206],[25.947018,43.886222],[25.947109,43.886233],[25.947221,43.886247],[25.947356,43.886258],[25.947461,43.886267],[25.947604,43.886274],[25.947662,43.886278],[25.947853,43.886279],[25.947962,43.88628],[25.948075,43.886279],[25.948103,43.886279],[25.948275,43.886279],[25.948352,43.886278],[25.948602,43.886275],[25.948851,43.886273],[25.948915,43.886273],[25.9491,43.886271],[25.94935,43.886268],[25.949503,43.886267],[25.949599,43.886265],[25.949754,43.886264],[25.949832,43.886262],[25.949848,43.886262],[25.950098,43.886259],[25.950347,43.886255],[25.950364,43.886255],[25.950596,43.886252],[25.950846,43.886248],[25.951095,43.886245],[25.951254,43.886243],[25.951344,43.886242],[25.951541,43.886239],[25.951594,43.886238],[25.951843,43.886235],[25.952092,43.886232],[25.952338,43.886229],[25.952342,43.886229],[25.952591,43.886226],[25.95284,43.886223],[25.953083,43.886221],[25.95309,43.886221],[25.953297,43.886218],[25.953339,43.886217],[25.953541,43.886211],[25.95354,43.886245],[25.953538,43.886276],[25.953538,43.886321],[25.953534,43.886349],[25.953605,43.886405],[25.95361,43.886408],[25.953775,43.886536],[25.953814,43.886567],[25.95394,43.886671],[25.954104,43.886807],[25.954267,43.886943],[25.954431,43.887078],[25.954493,43.88713],[25.954608,43.887205],[25.954677,43.88725],[25.954798,43.887321],[25.954835,43.887343],[25.954974,43.887408],[25.955005,43.887421],[25.955216,43.887517],[25.955427,43.887613],[25.955638,43.887709],[25.95581,43.887786],[25.955849,43.887805],[25.956058,43.887903],[25.956267,43.888001],[25.956476,43.888099],[25.956685,43.888197],[25.956894,43.888295],[25.957066,43.888376],[25.9571,43.888396],[25.957201,43.888453],[25.957105,43.888507],[25.956908,43.888617],[25.956712,43.888728],[25.956695,43.888737],[25.956838,43.888866],[25.956993,43.889006],[25.957036,43.889045],[25.957147,43.889148],[25.9573,43.88929],[25.957372,43.889356],[25.957453,43.889432],[25.957606,43.889574],[25.957758,43.889716],[25.957911,43.889858],[25.958064,43.890001],[25.958072,43.890008],[25.958114,43.890038],[25.958161,43.890066],[25.958263,43.890106],[25.958483,43.890191],[25.958703,43.890276],[25.958923,43.890361],[25.959143,43.890445],[25.959274,43.890496],[25.959362,43.890531],[25.959581,43.890617],[25.9598,43.890703],[25.960008,43.890785],[25.960019,43.890789],[25.960068,43.890805],[25.960124,43.890826],[25.960241,43.890871],[25.960461,43.890956],[25.96068,43.891041],[25.9609,43.891126],[25.96112,43.891211],[25.961339,43.891297],[25.961559,43.891382],[25.961779,43.891467],[25.961999,43.891552],[25.962072,43.89158],[25.962211,43.891646],[25.962419,43.891745],[25.962628,43.891843],[25.962815,43.891932],[25.962836,43.891942],[25.962882,43.891964],[25.962966,43.891895],[25.96301,43.891859],[25.963175,43.891724],[25.96334,43.891589],[25.963341,43.891588],[25.963378,43.891563],[25.963428,43.891535],[25.963477,43.891516],[25.963538,43.891504],[25.963553,43.891502],[25.963642,43.891491],[25.963724,43.89148],[25.963796,43.891464],[25.963805,43.891462],[25.964029,43.8914],[25.964262,43.891336],[25.964495,43.891272],[25.964585,43.891248],[25.964728,43.891207],[25.96496,43.891141],[25.964969,43.891139],[25.964996,43.891128],[25.965021,43.891117],[25.965187,43.891068],[25.965223,43.891057],[25.965418,43.891],[25.965504,43.890976],[25.965651,43.890935],[25.965884,43.890871],[25.965953,43.890852],[25.965996,43.890846],[25.966045,43.890845],[25.966085,43.89085],[25.96612,43.890862],[25.966122,43.890863],[25.96616,43.890883],[25.966202,43.890912],[25.966245,43.890944],[25.966293,43.890986],[25.966297,43.89099],[25.966443,43.891134],[25.966444,43.891136],[25.966583,43.891285],[25.966529,43.891228],[25.966443,43.891134],[25.966388,43.89108],[25.966293,43.890986],[25.966245,43.890944],[25.966236,43.890937],[25.966202,43.890912],[25.96616,43.890883],[25.96612,43.890862],[25.966085,43.89085],[25.966045,43.890845],[25.966031,43.890845],[25.965996,43.890846],[25.965953,43.890852],[25.965794,43.890896],[25.965561,43.89096],[25.965504,43.890976],[25.965329,43.891026],[25.965223,43.891057],[25.965253,43.891152],[25.965276,43.891226],[25.965309,43.891327],[25.965366,43.891502],[25.965422,43.891678],[25.965454,43.891776],[25.965479,43.891853],[25.965534,43.892028],[25.965589,43.892204],[25.965645,43.892379],[25.965688,43.892515],[25.965698,43.892555],[25.9657,43.892565],[25.965743,43.892732],[25.965788,43.892908],[25.965834,43.893085],[25.965879,43.893262],[25.965893,43.893316],[25.965926,43.893439],[25.965973,43.893615],[25.96602,43.893792],[25.966067,43.893969],[25.966114,43.894145],[25.966161,43.894322],[25.966208,43.894499],[25.966222,43.89455],[25.966253,43.894675],[25.966273,43.894753],[25.96631,43.894809],[25.966336,43.894843],[25.966339,43.894847],[25.966375,43.894881],[25.966405,43.894904],[25.966437,43.894922],[25.96647,43.89494],[25.966501,43.894952],[25.966522,43.894959],[25.966546,43.894968],[25.966607,43.894983],[25.966632,43.894985],[25.966656,43.894989],[25.96668,43.894995],[25.966703,43.895003],[25.966724,43.895012],[25.966744,43.895023],[25.966749,43.895027],[25.966761,43.895036],[25.966777,43.89505],[25.966791,43.895065],[25.966802,43.895082],[25.96681,43.895099],[25.966816,43.895116],[25.966819,43.895134],[25.966819,43.895152],[25.966816,43.89517],[25.96681,43.895188],[25.966808,43.895192],[25.966802,43.895205],[25.966791,43.895221],[25.966778,43.895237],[25.966763,43.895251],[25.966745,43.895264],[25.966725,43.895275],[25.966704,43.895285],[25.966682,43.895293],[25.966658,43.895299],[25.966634,43.895303],[25.96663,43.895306],[25.966612,43.895322],[25.966593,43.895341],[25.966575,43.895364],[25.966564,43.895382],[25.966559,43.895404],[25.966553,43.895434],[25.966552,43.895471],[25.966552,43.895474],[25.966554,43.895535],[25.966565,43.89565],[25.966576,43.895757],[25.966591,43.895808],[25.966596,43.895828],[25.966642,43.896005],[25.966688,43.896182],[25.966733,43.896358],[25.966734,43.896359],[25.966777,43.896509],[25.966785,43.896535],[25.966843,43.89671],[25.966849,43.896727],[25.966863,43.896762],[25.966886,43.896818],[25.966918,43.896881],[25.966934,43.896911],[25.966987,43.897003],[25.967016,43.897047],[25.967057,43.897109],[25.967102,43.897177],[25.967123,43.897209],[25.967229,43.897372],[25.967336,43.897534],[25.967443,43.897697],[25.967461,43.897725],[25.967533,43.897834],[25.96755,43.897859],[25.967619,43.89796],[25.96766,43.89802],[25.96777,43.898182],[25.967879,43.898344],[25.967884,43.89835],[25.967984,43.898507],[25.968053,43.898613],[25.968063,43.898628],[25.96809,43.89867],[25.968144,43.898753],[25.968156,43.898771],[25.968214,43.898825],[25.968256,43.898864],[25.968287,43.898891],[25.968316,43.898916],[25.96834,43.898933],[25.968365,43.898949],[25.968381,43.898957],[25.968393,43.898962],[25.968434,43.898979],[25.968459,43.898982],[25.968484,43.898988],[25.968507,43.898996],[25.968528,43.899006],[25.968548,43.899017],[25.968565,43.899031],[25.96858,43.899046],[25.968585,43.899052],[25.968592,43.899062],[25.968602,43.899079],[25.968608,43.899097],[25.968611,43.899115],[25.968611,43.899133],[25.968608,43.899151],[25.968602,43.899169],[25.968592,43.899186],[25.96858,43.899202],[25.968565,43.899217],[25.968564,43.89922],[25.968555,43.899251],[25.96855,43.899285],[25.968551,43.899324],[25.968557,43.899361],[25.968566,43.899399],[25.968572,43.899426],[25.968588,43.89945],[25.968657,43.899565],[25.968755,43.899731],[25.968854,43.899896],[25.968952,43.900061],[25.969051,43.900226],[25.969149,43.900391],[25.969162,43.900412],[25.969205,43.900499],[25.96923,43.900562],[25.96924,43.900588],[25.969277,43.900708],[25.969283,43.900737],[25.969326,43.900914],[25.969369,43.901092],[25.969412,43.901269],[25.969437,43.901372],[25.969455,43.901446],[25.969461,43.901473],[25.969464,43.901486],[25.969546,43.901569],[25.969554,43.901599],[25.969556,43.901606],[25.969578,43.901684],[25.969552,43.901782],[25.969549,43.901797],[25.969595,43.901958],[25.969646,43.902134],[25.969654,43.902161],[25.969697,43.90231],[25.969749,43.902487],[25.9698,43.902663],[25.969811,43.902702],[25.96985,43.902839],[25.969852,43.902848],[25.969907,43.903014],[25.969945,43.903131],[25.969966,43.903189],[25.970025,43.90335],[25.970029,43.903362],[25.970047,43.903413],[25.970095,43.903536],[25.970111,43.903575],[25.970167,43.903708],[25.970239,43.90388],[25.970311,43.904053],[25.970383,43.904225],[25.970455,43.904397],[25.970528,43.904569],[25.9706,43.904741],[25.970672,43.904913],[25.970674,43.904918],[25.970796,43.905021],[25.970824,43.905055],[25.970867,43.905107],[25.970904,43.905123],[25.970934,43.905146],[25.970957,43.905175],[25.970965,43.905198],[25.970968,43.905208],[25.970967,43.905242],[25.970954,43.905274],[25.970935,43.905297],[25.970935,43.905372],[25.970936,43.905425],[25.970934,43.905543],[25.970937,43.905551],[25.971009,43.905723],[25.971072,43.905877],[25.971079,43.905896],[25.971145,43.906064],[25.971147,43.906069],[25.9712,43.906245],[25.971202,43.906252],[25.971242,43.906422],[25.971248,43.90645],[25.971266,43.90656],[25.971294,43.906596],[25.971334,43.906648],[25.971338,43.906678],[25.97135,43.906765],[25.971349,43.906768],[25.971311,43.906874],[25.971317,43.906944],[25.971332,43.907123],[25.971341,43.907235],[25.971348,43.907303],[25.971367,43.907482],[25.971386,43.907662],[25.971405,43.907841],[25.971409,43.907882],[25.971421,43.90802],[25.971424,43.908056],[25.971439,43.9082],[25.971442,43.908229],[25.971462,43.908379],[25.971468,43.908427],[25.971496,43.908557],[25.971534,43.908735],[25.971572,43.908913],[25.971602,43.909055],[25.971608,43.90909],[25.971637,43.909269],[25.971639,43.909286],[25.971703,43.909374],[25.971707,43.909405],[25.971711,43.909437],[25.971719,43.909492],[25.971675,43.909601],[25.971676,43.909612],[25.97168,43.909661],[25.971688,43.909792],[25.971698,43.909972],[25.971709,43.910151],[25.97172,43.910331],[25.971731,43.910511],[25.971742,43.91069],[25.971753,43.91087],[25.971764,43.91105],[25.971774,43.911213],[25.971784,43.911228],[25.971836,43.911303],[25.971838,43.911332],[25.971844,43.911399],[25.971846,43.91142],[25.971793,43.911528],[25.971795,43.911572],[25.9718,43.911666],[25.971805,43.911751],[25.971814,43.911931],[25.971824,43.912111],[25.971833,43.912291],[25.971843,43.91247],[25.971852,43.91265],[25.97186,43.912801],[25.971859,43.91283],[25.971854,43.91301],[25.971849,43.913189],[25.971844,43.913369],[25.971844,43.913388],[25.971841,43.91353],[25.971841,43.913549],[25.97184,43.913729],[25.97184,43.913758],[25.971835,43.913899],[25.971835,43.913909],[25.971829,43.914089],[25.971824,43.914268],[25.971822,43.914448],[25.971822,43.914542],[25.971872,43.91462],[25.971878,43.914629],[25.971927,43.91468],[25.971966,43.914717],[25.972004,43.914722],[25.972041,43.914732],[25.972047,43.914735],[25.972073,43.914748],[25.972099,43.914769],[25.972119,43.914794],[25.972131,43.914821],[25.972134,43.914849],[25.97213,43.914876],[25.972122,43.914891],[25.972116,43.914903],[25.972095,43.914927],[25.972052,43.91505],[25.972048,43.915062],[25.972009,43.915185],[25.971999,43.915238],[25.971987,43.9153],[25.971982,43.915361],[25.971983,43.915417],[25.971983,43.915448],[25.97199,43.915509],[25.972003,43.915581],[25.972007,43.915596],[25.972052,43.915773],[25.972098,43.91595],[25.972143,43.916127],[25.972188,43.916303],[25.972233,43.91648],[25.972278,43.916657],[25.972319,43.916816],[25.972324,43.916834],[25.972369,43.917011],[25.972398,43.917123],[25.972414,43.917188],[25.972459,43.917365],[25.972504,43.917542],[25.972548,43.917719],[25.972593,43.917896],[25.972601,43.917929],[25.97264,43.918072],[25.972651,43.918116],[25.972686,43.918249],[25.972731,43.918426],[25.972776,43.918603],[25.972821,43.91878],[25.972867,43.918957],[25.972889,43.919042],[25.972909,43.919125],[25.972911,43.919134],[25.972958,43.91931],[25.972967,43.919345],[25.973003,43.919487],[25.973047,43.919664],[25.973092,43.919841],[25.973137,43.920018],[25.973182,43.920195],[25.973226,43.920372],[25.973271,43.920549],[25.973316,43.920726],[25.97336,43.920903],[25.973369,43.920938],[25.973405,43.92108],[25.97345,43.921257],[25.973495,43.921434],[25.97354,43.921611],[25.973585,43.921787],[25.973616,43.921913],[25.973629,43.921964],[25.973675,43.922141],[25.973711,43.922285]]},"properties":{"line":"G2","dir":"1","headsign":"COMAT","mode":"bus","color":"#0059a9","lbl":"2"}},{"type":"Feature","geometry":{"type":"LineString","coordinates":[[25.979511,43.904682],[25.979415,43.904516],[25.979318,43.90435],[25.979222,43.904184],[25.979156,43.904071],[25.979126,43.904018],[25.9791,43.903973],[25.979038,43.903867],[25.979029,43.903852],[25.978998,43.903799],[25.97893,43.903687],[25.978927,43.903682],[25.978833,43.903528],[25.97883,43.903523],[25.978729,43.903358],[25.978628,43.903194],[25.978527,43.903029],[25.978427,43.902865],[25.978372,43.902775],[25.978327,43.9027],[25.978229,43.902535],[25.97813,43.902369],[25.978062,43.902255],[25.978032,43.902204],[25.978016,43.902177],[25.977934,43.902038],[25.977878,43.901942],[25.977837,43.901873],[25.97774,43.901707],[25.977643,43.901541],[25.977546,43.901376],[25.97745,43.90121],[25.977442,43.901197],[25.97735,43.901045],[25.977251,43.90088],[25.977232,43.90085],[25.977151,43.900715],[25.977116,43.900657],[25.977053,43.90055],[25.977027,43.900507],[25.976986,43.900445],[25.976944,43.900388],[25.976942,43.900386],[25.97688,43.900314],[25.976805,43.900239],[25.976693,43.900127],[25.976658,43.900094],[25.976623,43.90006],[25.97651,43.899949],[25.976363,43.899803],[25.976217,43.899659],[25.976217,43.899658],[25.976105,43.899548],[25.976069,43.899513],[25.975927,43.899372],[25.975922,43.899367],[25.975806,43.899253],[25.975775,43.899222],[25.975708,43.899156],[25.975639,43.899086],[25.975627,43.899078],[25.975508,43.899005],[25.975465,43.898978],[25.975431,43.898978],[25.975429,43.898978],[25.975396,43.89897],[25.975369,43.898954],[25.975352,43.898933],[25.975344,43.898908],[25.975348,43.898887],[25.975353,43.898872],[25.975357,43.898866],[25.975328,43.898832],[25.975239,43.898732],[25.975189,43.898702],[25.975174,43.898693],[25.974981,43.898579],[25.974788,43.898465],[25.974776,43.898457],[25.974592,43.898354],[25.97457,43.898341],[25.974396,43.898243],[25.974199,43.898132],[25.974096,43.898075],[25.974002,43.898022],[25.973806,43.897911],[25.973609,43.8978],[25.973413,43.89769],[25.973313,43.897634],[25.973218,43.897577],[25.973026,43.897462],[25.972834,43.897348],[25.972747,43.897296],[25.97264,43.897235],[25.972445,43.897122],[25.972251,43.89701],[25.972056,43.896897],[25.972017,43.896875],[25.971918,43.89679],[25.971888,43.896765],[25.971729,43.89663],[25.971726,43.896628],[25.971671,43.896581],[25.971649,43.896562],[25.971586,43.896509],[25.971569,43.896522],[25.971562,43.896525],[25.971545,43.896532],[25.971521,43.896538],[25.971496,43.89654],[25.971471,43.896538],[25.971448,43.896531],[25.971427,43.896521],[25.971409,43.896508],[25.971397,43.896492],[25.97139,43.896474],[25.971389,43.896457],[25.971389,43.896455],[25.971393,43.896439],[25.971405,43.89642],[25.971418,43.896408],[25.971438,43.896396],[25.971465,43.896387],[25.971433,43.89634],[25.971409,43.896309],[25.971381,43.896272],[25.971302,43.896176],[25.971284,43.896154],[25.971183,43.896034],[25.971154,43.896],[25.971123,43.895964],[25.971022,43.895848],[25.97089,43.895695],[25.970757,43.895543],[25.970725,43.895505],[25.970702,43.895479],[25.970624,43.895391],[25.97049,43.895239],[25.970355,43.895088],[25.970291,43.895015],[25.970221,43.894936],[25.970214,43.894928],[25.970087,43.894785],[25.969953,43.894633],[25.969819,43.894481],[25.969684,43.89433],[25.969606,43.894241],[25.969555,43.894176],[25.969512,43.89412],[25.969445,43.894015],[25.969341,43.893851],[25.969237,43.893688],[25.969133,43.893524],[25.969104,43.893478],[25.96903,43.893361],[25.968982,43.893285],[25.968952,43.893237],[25.968925,43.893197],[25.968817,43.893035],[25.96875,43.892936],[25.968701,43.892876],[25.968684,43.892856],[25.968624,43.892793],[25.968557,43.89273],[25.968525,43.8927],[25.968457,43.892648],[25.968387,43.892598],[25.968378,43.892591],[25.968338,43.892563],[25.968205,43.892475],[25.96815,43.892438],[25.968124,43.892421],[25.968102,43.892405],[25.968027,43.892349],[25.967993,43.892324],[25.967852,43.892222],[25.967676,43.892094],[25.9675,43.891966],[25.967325,43.891838],[25.967177,43.89173],[25.967148,43.891711],[25.967072,43.89166],[25.966967,43.891588],[25.966937,43.891568],[25.966861,43.891516],[25.966786,43.891465],[25.966735,43.891431],[25.96673,43.891426],[25.966674,43.891378],[25.966626,43.891332],[25.966622,43.891328],[25.966484,43.891179],[25.966443,43.891134],[25.966339,43.891032],[25.966293,43.890986],[25.966245,43.890944],[25.966202,43.890912],[25.966178,43.890895],[25.96616,43.890883],[25.96612,43.890862],[25.966085,43.89085],[25.966045,43.890845],[25.965996,43.890846],[25.965953,43.890852],[25.96595,43.890853],[25.965717,43.890917],[25.965504,43.890976],[25.965484,43.890981],[25.965253,43.891048],[25.965223,43.891057],[25.965271,43.89121],[25.965276,43.891226],[25.965328,43.891385],[25.965384,43.89156],[25.965441,43.891735],[25.965454,43.891776],[25.965497,43.89191],[25.965552,43.892086],[25.965608,43.892261],[25.965663,43.892437],[25.965688,43.892515],[25.9657,43.892565],[25.965712,43.892613],[25.965758,43.89279],[25.965803,43.892966],[25.965849,43.893143],[25.965893,43.893316],[25.965887,43.893315],[25.965751,43.893286],[25.96565,43.893265],[25.965648,43.893264],[25.96562,43.893257],[25.96559,43.893245],[25.965435,43.893172],[25.965226,43.893073],[25.965144,43.893034],[25.965018,43.892975],[25.964906,43.892921],[25.964809,43.892876],[25.964601,43.892777],[25.964392,43.892678],[25.964358,43.892662],[25.964219,43.892774],[25.964052,43.892907],[25.963884,43.89304],[25.963717,43.893174],[25.96355,43.893307],[25.963383,43.893441],[25.963215,43.893574],[25.963048,43.893708],[25.962881,43.893841],[25.962714,43.893974],[25.962546,43.894108],[25.962449,43.894185],[25.962391,43.894235],[25.962378,43.894231],[25.962358,43.894227],[25.962252,43.8942],[25.962143,43.894171],[25.96192,43.894111],[25.961909,43.894109],[25.961706,43.894054],[25.961674,43.894049],[25.961431,43.89401],[25.961389,43.894003],[25.961333,43.89399],[25.961247,43.893965],[25.961239,43.893969],[25.961232,43.893972],[25.96122,43.893974],[25.961202,43.893974],[25.961195,43.893974],[25.961185,43.893973],[25.961163,43.89397],[25.961135,43.893964],[25.961087,43.893949],[25.961076,43.893944],[25.960954,43.893952],[25.960705,43.893966],[25.960652,43.893969],[25.960456,43.893981],[25.960413,43.893984],[25.960409,43.893987],[25.960272,43.894092],[25.960116,43.894211],[25.960101,43.894223],[25.959935,43.894357],[25.959775,43.894488],[25.95977,43.894492],[25.959599,43.894623],[25.959556,43.894657],[25.959478,43.894709],[25.959443,43.894742],[25.95943,43.894755],[25.959313,43.894868],[25.959279,43.894898],[25.959233,43.89494],[25.959222,43.894956],[25.959206,43.894971],[25.959188,43.894983],[25.959166,43.894993],[25.959143,43.895],[25.959119,43.895004],[25.959095,43.895004],[25.959094,43.895004],[25.959068,43.895001],[25.959042,43.894995],[25.959019,43.894987],[25.959,43.894976],[25.958984,43.894962],[25.958971,43.894946],[25.958962,43.894928],[25.958958,43.89491],[25.95893,43.894888],[25.958899,43.894863],[25.958835,43.894826],[25.958768,43.8948],[25.958723,43.894799],[25.958692,43.894798],[25.958473,43.894795],[25.958279,43.894792],[25.958224,43.894791],[25.957975,43.894787],[25.957864,43.894786],[25.957725,43.894783],[25.957476,43.894779],[25.95742,43.894779],[25.957227,43.894775],[25.957186,43.894774],[25.956977,43.89477],[25.956728,43.894765],[25.956479,43.89476],[25.956255,43.894756],[25.95623,43.894755],[25.955998,43.894752],[25.95598,43.894751],[25.955731,43.894748],[25.955482,43.894744],[25.955232,43.89474],[25.955186,43.89474],[25.954983,43.894736],[25.954734,43.894732],[25.954509,43.894728],[25.954484,43.894727],[25.954235,43.894724],[25.953986,43.89472],[25.953801,43.894718],[25.953736,43.894717],[25.953611,43.894716],[25.953551,43.894715],[25.953487,43.894714],[25.953344,43.894713],[25.953238,43.89471],[25.953136,43.894709],[25.953051,43.894707],[25.952988,43.894706],[25.952739,43.894704],[25.95249,43.894702],[25.95249,43.894701],[25.952392,43.894701],[25.952325,43.8947],[25.95224,43.894699],[25.951991,43.894693],[25.951742,43.894688],[25.951509,43.894683],[25.951492,43.894683],[25.951243,43.894678],[25.950994,43.894673],[25.950745,43.894668],[25.950495,43.894663],[25.950444,43.894662],[25.950246,43.894658],[25.949997,43.894653],[25.949973,43.894653],[25.949747,43.894648],[25.949498,43.894643],[25.949249,43.894637],[25.949,43.894632],[25.94882,43.894628],[25.94875,43.894627],[25.948501,43.894622],[25.948252,43.894618],[25.948002,43.894614],[25.947753,43.894609],[25.947504,43.894605],[25.947484,43.894604],[25.947255,43.894599],[25.947005,43.894593],[25.946756,43.894587],[25.946712,43.894586],[25.946507,43.894581],[25.946258,43.894575],[25.946242,43.894575],[25.946142,43.894574],[25.946008,43.894571],[25.945871,43.894569],[25.945759,43.894567],[25.945752,43.894567],[25.945714,43.894567],[25.945669,43.894567],[25.94551,43.894565],[25.94526,43.894561],[25.945011,43.894557],[25.944762,43.894553],[25.944512,43.894549],[25.944263,43.894546],[25.944014,43.894542],[25.943764,43.894538],[25.943633,43.894536],[25.943515,43.894534],[25.943266,43.894529],[25.943016,43.894524],[25.942767,43.89452],[25.942518,43.894515],[25.942269,43.89451],[25.942019,43.894506],[25.94177,43.894501],[25.941521,43.894496],[25.941423,43.894494],[25.941271,43.894492],[25.941022,43.894489],[25.940773,43.894486],[25.940578,43.894483],[25.940523,43.894482],[25.940274,43.894478],[25.940025,43.894473],[25.939775,43.894469],[25.939526,43.894465],[25.939357,43.894462],[25.939277,43.89446],[25.939027,43.894456],[25.938778,43.894451],[25.938668,43.89445],[25.938529,43.894447],[25.93828,43.894444],[25.93803,43.89444],[25.937999,43.89444],[25.937781,43.894436],[25.937532,43.894432],[25.937282,43.894427],[25.937033,43.894423],[25.936784,43.894419],[25.936534,43.894414],[25.936285,43.89441],[25.936036,43.894406],[25.935939,43.894404],[25.935786,43.894401],[25.935537,43.894397],[25.935288,43.894393],[25.935038,43.894388],[25.934836,43.894385],[25.934789,43.894384],[25.93454,43.894381],[25.93429,43.894378],[25.934041,43.894375],[25.933792,43.894372],[25.933542,43.894368],[25.933293,43.894365],[25.933044,43.894362],[25.932794,43.894359],[25.932545,43.894356],[25.932296,43.894353],[25.932177,43.894351],[25.932177,43.894351]]},"properties":{"line":"G3","dir":"0","headsign":"Alexandriei (Peco GPL)","mode":"bus","color":"#0059a9","lbl":"3"}},{"type":"Feature","geometry":{"type":"LineString","coordinates":[[25.932177,43.894351],[25.932177,43.894351],[25.932426,43.894354],[25.932676,43.894357],[25.932925,43.894361],[25.933174,43.894364],[25.933424,43.894367],[25.933673,43.89437],[25.933922,43.894373],[25.934172,43.894376],[25.934421,43.89438],[25.93467,43.894383],[25.934836,43.894385],[25.93492,43.894386],[25.935169,43.894391],[25.935418,43.894395],[25.935668,43.894399],[25.935917,43.894404],[25.935939,43.894404],[25.936166,43.894408],[25.936416,43.894412],[25.936665,43.894417],[25.936914,43.894421],[25.937164,43.894425],[25.937413,43.89443],[25.937662,43.894434],[25.937911,43.894438],[25.937999,43.89444],[25.938161,43.894442],[25.93841,43.894446],[25.938659,43.894449],[25.938668,43.89445],[25.938909,43.894454],[25.939158,43.894458],[25.939357,43.894462],[25.939407,43.894462],[25.939657,43.894467],[25.939906,43.894471],[25.940155,43.894476],[25.940405,43.89448],[25.940578,43.894483],[25.940654,43.894484],[25.940903,43.894487],[25.941153,43.894491],[25.941402,43.894494],[25.941423,43.894494],[25.941651,43.894499],[25.941901,43.894503],[25.94215,43.894508],[25.942399,43.894513],[25.942648,43.894517],[25.942898,43.894522],[25.943147,43.894527],[25.943396,43.894532],[25.943633,43.894536],[25.943646,43.894536],[25.943895,43.89454],[25.944144,43.894544],[25.944394,43.894548],[25.944643,43.894551],[25.944892,43.894555],[25.945142,43.894559],[25.945391,43.894563],[25.94564,43.894566],[25.945669,43.894567],[25.945714,43.894567],[25.945752,43.894567],[25.945871,43.894569],[25.94589,43.894569],[25.946139,43.894573],[25.946142,43.894574],[25.946242,43.894575],[25.946388,43.894579],[25.946637,43.894584],[25.946712,43.894586],[25.946887,43.89459],[25.947136,43.894596],[25.947385,43.894602],[25.947484,43.894604],[25.947634,43.894607],[25.947884,43.894611],[25.948133,43.894616],[25.948382,43.89462],[25.948632,43.894625],[25.94882,43.894628],[25.948881,43.89463],[25.94913,43.894635],[25.949379,43.89464],[25.949629,43.894646],[25.949878,43.894651],[25.949973,43.894653],[25.950127,43.894656],[25.950377,43.89466],[25.950444,43.894662],[25.950626,43.894665],[25.950875,43.89467],[25.951124,43.894675],[25.951374,43.89468],[25.951509,43.894683],[25.951623,43.894685],[25.951872,43.894691],[25.952122,43.894696],[25.952325,43.8947],[25.952371,43.894701],[25.952392,43.894701],[25.95249,43.894702],[25.95262,43.894703],[25.95287,43.894705],[25.953051,43.894707],[25.953119,43.894708],[25.953136,43.894709],[25.953344,43.894713],[25.953368,43.894713],[25.953551,43.894715],[25.953611,43.894716],[25.953618,43.894716],[25.953801,43.894718],[25.953867,43.894719],[25.954116,43.894722],[25.954366,43.894726],[25.954509,43.894728],[25.954615,43.894729],[25.954864,43.894734],[25.955113,43.894738],[25.955186,43.89474],[25.955363,43.894742],[25.955612,43.894746],[25.955861,43.89475],[25.955998,43.894752],[25.956111,43.894754],[25.956255,43.894756],[25.95636,43.894758],[25.956609,43.894763],[25.956859,43.894768],[25.957108,43.894772],[25.957186,43.894774],[25.957357,43.894777],[25.95742,43.894779],[25.957607,43.894781],[25.957856,43.894785],[25.957864,43.894786],[25.958105,43.894789],[25.958279,43.894792],[25.958355,43.894793],[25.958604,43.894797],[25.958692,43.894798],[25.958768,43.8948],[25.958853,43.894798],[25.958947,43.894796],[25.95907,43.894802],[25.959095,43.8948],[25.959102,43.8948],[25.959121,43.894801],[25.959146,43.894805],[25.959244,43.89478],[25.959337,43.894753],[25.959341,43.894752],[25.959478,43.894709],[25.959548,43.894662],[25.959556,43.894657],[25.959719,43.894531],[25.959775,43.894488],[25.959886,43.894397],[25.960052,43.894263],[25.960116,43.894211],[25.960221,43.894131],[25.960392,43.894],[25.960409,43.893987],[25.960413,43.893984],[25.960569,43.893873],[25.960584,43.893862],[25.960598,43.89385],[25.96061,43.893835],[25.960617,43.893824],[25.960624,43.89381],[25.960631,43.893793],[25.960636,43.893773],[25.960644,43.893736],[25.960632,43.893723],[25.960627,43.89371],[25.960621,43.89369],[25.960619,43.893668],[25.960618,43.893651],[25.96062,43.893634],[25.960625,43.893614],[25.96063,43.893599],[25.960636,43.893589],[25.960639,43.893582],[25.960657,43.893563],[25.960671,43.893552],[25.960684,43.893546],[25.960702,43.893536],[25.960737,43.89352],[25.960781,43.893508],[25.960829,43.893504],[25.960861,43.893503],[25.960888,43.893507],[25.960914,43.893512],[25.960918,43.893513],[25.960948,43.893521],[25.960967,43.893532],[25.961038,43.893477],[25.961096,43.893429],[25.961261,43.893294],[25.961426,43.893159],[25.96159,43.893024],[25.961755,43.892889],[25.96192,43.892754],[25.962084,43.892619],[25.962249,43.892484],[25.962413,43.892349],[25.962578,43.892213],[25.962743,43.892078],[25.962824,43.892012],[25.962882,43.891964],[25.962907,43.891943],[25.962966,43.891895],[25.963072,43.891808],[25.963237,43.891673],[25.963341,43.891588],[25.963378,43.891563],[25.96341,43.891545],[25.963428,43.891535],[25.963477,43.891516],[25.963538,43.891504],[25.963642,43.891491],[25.963645,43.89149],[25.963724,43.89148],[25.963805,43.891462],[25.963883,43.89144],[25.964117,43.891376],[25.96435,43.891312],[25.964583,43.891248],[25.964585,43.891248],[25.964815,43.891182],[25.964969,43.891139],[25.964996,43.891128],[25.965021,43.891117],[25.965043,43.891111],[25.965223,43.891057],[25.965274,43.891042],[25.965504,43.890976],[25.965505,43.890975],[25.965738,43.890911],[25.965953,43.890852],[25.965972,43.890849],[25.965996,43.890846],[25.966045,43.890845],[25.966085,43.89085],[25.96612,43.890862],[25.96616,43.890883],[25.966194,43.890906],[25.966202,43.890912],[25.966245,43.890944],[25.966293,43.890986],[25.966352,43.891045],[25.966443,43.891134],[25.966496,43.891192],[25.966626,43.891332],[25.966635,43.891341],[25.966674,43.891378],[25.96673,43.891426],[25.966735,43.891431],[25.966801,43.891475],[25.966861,43.891516],[25.966937,43.891568],[25.966982,43.891598],[25.967072,43.89166],[25.967164,43.891722],[25.967177,43.89173],[25.96734,43.891849],[25.967515,43.891977],[25.967691,43.892105],[25.967866,43.892232],[25.967993,43.892324],[25.968042,43.89236],[25.968102,43.892405],[25.968124,43.892421],[25.96815,43.892438],[25.968221,43.892485],[25.968338,43.892563],[25.968378,43.892591],[25.968403,43.892609],[25.968457,43.892648],[25.968525,43.8927],[25.96857,43.892742],[25.968624,43.892793],[25.968684,43.892856],[25.968712,43.892889],[25.96875,43.892936],[25.968826,43.893049],[25.968934,43.893211],[25.968952,43.893237],[25.968982,43.893285],[25.969038,43.893375],[25.969104,43.893478],[25.969142,43.893538],[25.969246,43.893702],[25.96935,43.893865],[25.969454,43.894029],[25.969512,43.89412],[25.969566,43.894189],[25.969606,43.894241],[25.969696,43.894343],[25.96983,43.894494],[25.969964,43.894646],[25.970098,43.894798],[25.970214,43.894928],[25.970232,43.894949],[25.970291,43.895015],[25.970367,43.895101],[25.970501,43.895252],[25.970635,43.895404],[25.970702,43.895479],[25.970725,43.895505],[25.970768,43.895556],[25.970901,43.895708],[25.971033,43.895861],[25.971123,43.895964],[25.971166,43.896013],[25.971183,43.896034],[25.971294,43.896167],[25.971302,43.896176],[25.971381,43.896272],[25.971419,43.896323],[25.971433,43.89634],[25.971465,43.896387],[25.971485,43.896384],[25.97151,43.896384],[25.971535,43.896388],[25.971557,43.896397],[25.971573,43.896405],[25.971591,43.896423],[25.971592,43.896425],[25.971602,43.896441],[25.971606,43.896458],[25.971604,43.896476],[25.971596,43.896493],[25.971586,43.896509],[25.971649,43.896562],[25.971668,43.896579],[25.971671,43.896581],[25.971729,43.89663],[25.97183,43.896716],[25.971918,43.89679],[25.971991,43.896853],[25.972017,43.896875],[25.972181,43.896969],[25.972375,43.897082],[25.97257,43.897194],[25.972747,43.897296],[25.972764,43.897307],[25.972957,43.897421],[25.973149,43.897536],[25.973313,43.897634],[25.973342,43.89765],[25.973538,43.89776],[25.973735,43.897871],[25.973931,43.897982],[25.974096,43.898075],[25.974128,43.898092],[25.974325,43.898203],[25.974521,43.898314],[25.97457,43.898341],[25.974718,43.898424],[25.974776,43.898457],[25.974912,43.898538],[25.975104,43.898652],[25.975189,43.898702],[25.975239,43.898732],[25.975301,43.898762],[25.975387,43.898803],[25.975439,43.898829],[25.975462,43.898832],[25.975491,43.898838],[25.975516,43.89885],[25.975535,43.898866],[25.975547,43.898887],[25.97555,43.898908],[25.975544,43.89893],[25.97554,43.898938],[25.975592,43.899016],[25.975639,43.899086],[25.975708,43.899156],[25.975721,43.899169],[25.975806,43.899253],[25.975868,43.899314],[25.975927,43.899372],[25.976015,43.899459],[25.976105,43.899548],[25.976162,43.899604],[25.976217,43.899659],[25.976309,43.89975],[25.976456,43.899895],[25.976603,43.900041],[25.976623,43.90006],[25.976693,43.900127],[25.976751,43.900185],[25.97688,43.900314],[25.976895,43.900332],[25.976942,43.900386],[25.976986,43.900445],[25.977016,43.900489],[25.977027,43.900507],[25.977114,43.900654],[25.977116,43.900657],[25.977214,43.900819],[25.977232,43.90085],[25.977314,43.900984],[25.977413,43.901149],[25.977442,43.901197],[25.977511,43.901315],[25.977608,43.90148],[25.977705,43.901646],[25.977802,43.901812],[25.977878,43.901942],[25.977899,43.901977],[25.977996,43.902143],[25.978016,43.902177],[25.978062,43.902255],[25.978094,43.902308],[25.978192,43.902474],[25.978291,43.902639],[25.978372,43.902775],[25.978389,43.902804],[25.97849,43.902969],[25.978591,43.903133],[25.978692,43.903298],[25.978793,43.903462],[25.978833,43.903528],[25.978893,43.903627],[25.978927,43.903682],[25.978993,43.903792],[25.978998,43.903799],[25.979038,43.903867],[25.97909,43.903957],[25.9791,43.903973],[25.979156,43.904071]]},"properties":{"line":"G3","dir":"1","headsign":"4 Pietre","mode":"bus","color":"#0059a9","lbl":"3"}},{"type":"Feature","geometry":{"type":"LineString","coordinates":[[25.950664,43.91386],[25.950664,43.91386],[25.950743,43.913689],[25.950822,43.913519],[25.9509,43.913348],[25.950979,43.913177],[25.950992,43.913149],[25.951055,43.913006],[25.95111,43.912882],[25.95113,43.912835],[25.951204,43.912663],[25.951227,43.912607],[25.951277,43.912491],[25.95135,43.912319],[25.951368,43.912278],[25.951425,43.912147],[25.951499,43.911976],[25.951551,43.911858],[25.951575,43.911804],[25.951651,43.911633],[25.951728,43.911462],[25.951742,43.91143],[25.951806,43.911291],[25.951884,43.91112],[25.951952,43.910972],[25.951962,43.910949],[25.952038,43.910778],[25.952113,43.910606],[25.952144,43.910536],[25.952187,43.910435],[25.952241,43.910306],[25.95226,43.910263],[25.952303,43.910162],[25.952335,43.910091],[25.952411,43.90992],[25.952488,43.909749],[25.952524,43.90967],[25.952565,43.909578],[25.95264,43.909406],[25.952716,43.909235],[25.952752,43.909155],[25.952794,43.909064],[25.952872,43.908893],[25.95289,43.908855],[25.952948,43.908722],[25.953023,43.90855],[25.953051,43.908486],[25.953101,43.908379],[25.95318,43.908209],[25.953259,43.908038],[25.953266,43.908024],[25.953333,43.907866],[25.953406,43.907695],[25.953479,43.907523],[25.953491,43.907495],[25.953556,43.907351],[25.953633,43.90718],[25.953705,43.907021],[25.95371,43.907009],[25.95376,43.906875],[25.953773,43.906835],[25.953817,43.906705],[25.95383,43.90666],[25.953856,43.906576],[25.953878,43.906484],[25.953882,43.906465],[25.953906,43.906361],[25.953917,43.906306],[25.95394,43.906196],[25.953954,43.906128],[25.95399,43.90595],[25.953991,43.905946],[25.954022,43.905772],[25.954033,43.905713],[25.954054,43.905594],[25.954072,43.905488],[25.954081,43.905415],[25.954105,43.905236],[25.954119,43.905132],[25.954127,43.905057],[25.954146,43.904877],[25.954147,43.904868],[25.954161,43.904698],[25.95417,43.904599],[25.954176,43.904518],[25.954188,43.904339],[25.954193,43.904267],[25.954199,43.904159],[25.954208,43.903999],[25.954209,43.903979],[25.954216,43.903799],[25.954218,43.903729],[25.954219,43.903619],[25.954219,43.90344],[25.95422,43.90326],[25.95422,43.90308],[25.95422,43.903059],[25.954214,43.9029],[25.954207,43.90272],[25.954205,43.902682],[25.954195,43.902541],[25.954183,43.902361],[25.95417,43.902181],[25.954166,43.90213],[25.954154,43.902002],[25.954138,43.901822],[25.954121,43.901643],[25.954105,43.901463],[25.954096,43.901373],[25.954088,43.901284],[25.95407,43.901105],[25.954053,43.900925],[25.954035,43.900746],[25.954018,43.900572],[25.954018,43.900566],[25.953995,43.900387],[25.953973,43.900208],[25.953971,43.900191],[25.953952,43.900029],[25.953932,43.899849],[25.953912,43.89967],[25.953891,43.899491],[25.953875,43.899347],[25.953871,43.899312],[25.953851,43.899132],[25.953836,43.899001],[25.953831,43.898953],[25.953812,43.898774],[25.953802,43.898687],[25.95379,43.898595],[25.95378,43.898518],[25.953885,43.898449],[25.953917,43.898428],[25.954011,43.898365],[25.954068,43.898326],[25.95425,43.898204],[25.954432,43.898081],[25.954525,43.898018],[25.954615,43.897958],[25.954798,43.897836],[25.954981,43.897714],[25.955051,43.897668],[25.955008,43.897573],[25.955003,43.897561],[25.95493,43.897389],[25.954857,43.897217],[25.954818,43.897126],[25.954785,43.897045],[25.954715,43.896872],[25.954644,43.8967],[25.954574,43.896527],[25.954504,43.896354],[25.954486,43.896311],[25.954461,43.89625],[25.954431,43.896182],[25.954357,43.896011],[25.954283,43.895839],[25.954209,43.895667],[25.954135,43.895495],[25.954061,43.895324],[25.953987,43.895152],[25.953914,43.89498],[25.95384,43.894808],[25.953801,43.894718],[25.953676,43.894717],[25.953611,43.894716],[25.953551,43.894715],[25.953426,43.894713],[25.953344,43.894713],[25.953177,43.894709],[25.953136,43.894709],[25.953051,43.894707],[25.953077,43.894658],[25.953094,43.894624],[25.953177,43.894454],[25.953261,43.894285],[25.953337,43.89413],[25.953344,43.894115],[25.95342,43.893944],[25.953497,43.893773],[25.953499,43.893769],[25.953573,43.893601],[25.953649,43.89343],[25.953665,43.893396],[25.953728,43.893259],[25.953806,43.893089],[25.953885,43.892918],[25.953963,43.892747],[25.954042,43.892577],[25.954068,43.89252],[25.954097,43.892457],[25.954126,43.892407],[25.954142,43.892381],[25.95419,43.892316],[25.954249,43.892251],[25.954257,43.892243],[25.954334,43.892185],[25.954429,43.892127],[25.954618,43.89201],[25.954715,43.89195],[25.95481,43.891895],[25.955004,43.891782],[25.955036,43.891763],[25.955129,43.891709],[25.955197,43.891669],[25.955369,43.891568],[25.955391,43.891555],[25.955441,43.891527],[25.955512,43.891486],[25.955587,43.891444],[25.955785,43.891335],[25.955923,43.891258],[25.955982,43.891225],[25.956179,43.891115],[25.956377,43.891005],[25.956393,43.890996],[25.956574,43.890895],[25.956772,43.890785],[25.956969,43.890675],[25.957167,43.890565],[25.957364,43.890456],[25.957562,43.890346],[25.957759,43.890236],[25.957957,43.890126],[25.958114,43.890038],[25.958153,43.890061],[25.958161,43.890066],[25.958371,43.890147],[25.958591,43.890232],[25.958811,43.890317],[25.959031,43.890402],[25.95925,43.890487],[25.959274,43.890496],[25.95947,43.890573],[25.959689,43.890659],[25.959908,43.890745],[25.960008,43.890785],[25.960068,43.890805],[25.960124,43.890826],[25.960129,43.890828],[25.960349,43.890913],[25.960568,43.890998],[25.960788,43.891083],[25.961008,43.891168],[25.961228,43.891253],[25.961447,43.891338],[25.961667,43.891423],[25.961887,43.891508],[25.962072,43.89158],[25.962105,43.891596],[25.962313,43.891694],[25.962522,43.891793],[25.96273,43.891892],[25.962815,43.891932],[25.962882,43.891964],[25.962927,43.891928],[25.962966,43.891895],[25.963091,43.891792],[25.963256,43.891657],[25.963341,43.891588],[25.963378,43.891563],[25.963428,43.891535],[25.963434,43.891532],[25.963477,43.891516],[25.963538,43.891504],[25.963642,43.891491],[25.963673,43.891486],[25.963724,43.89148],[25.963805,43.891462],[25.963911,43.891433],[25.964144,43.891369],[25.964377,43.891305],[25.964585,43.891248],[25.96461,43.891241],[25.964842,43.891175],[25.964969,43.891139],[25.964996,43.891128],[25.965021,43.891117],[25.96507,43.891103],[25.965223,43.891057],[25.965301,43.891035],[25.965504,43.890976],[25.965532,43.890968],[25.965765,43.890904],[25.965953,43.890852],[25.965996,43.890846],[25.966001,43.890846],[25.966045,43.890845],[25.966085,43.89085],[25.96612,43.890862],[25.96616,43.890883],[25.966202,43.890912],[25.966214,43.890921],[25.966245,43.890944],[25.966293,43.890986],[25.96637,43.891062],[25.966443,43.891134],[25.966512,43.891209],[25.966626,43.891332],[25.966653,43.891358],[25.966674,43.891378],[25.96673,43.891426],[25.966735,43.891431],[25.966822,43.891489],[25.966861,43.891516],[25.966937,43.891568],[25.967004,43.891613],[25.967072,43.89166],[25.967177,43.89173],[25.967185,43.891736],[25.96736,43.891864],[25.967536,43.891992],[25.967711,43.89212],[25.967887,43.892247],[25.967993,43.892324],[25.968062,43.892375],[25.968102,43.892405],[25.968124,43.892421],[25.96815,43.892438],[25.968242,43.8925],[25.968338,43.892563],[25.968378,43.892591],[25.968423,43.892623],[25.968457,43.892648],[25.968525,43.8927],[25.968587,43.892758],[25.968624,43.892793],[25.968684,43.892856],[25.968727,43.892907],[25.96875,43.892936],[25.968839,43.893068],[25.968947,43.89323],[25.968952,43.893237],[25.968982,43.893285],[25.96905,43.893394],[25.969104,43.893478],[25.969154,43.893557],[25.969258,43.893721],[25.969362,43.893884],[25.969466,43.894048],[25.969512,43.89412],[25.96958,43.894208],[25.969606,43.894241],[25.969711,43.89436],[25.969846,43.894512],[25.96998,43.894664],[25.970114,43.894815],[25.970214,43.894928],[25.970248,43.894967],[25.970291,43.895015],[25.970382,43.895118],[25.970517,43.89527],[25.970651,43.895422],[25.970702,43.895479],[25.970725,43.895505],[25.970784,43.895574],[25.970916,43.895726],[25.971049,43.895878],[25.971123,43.895964],[25.971181,43.896031],[25.971183,43.896034],[25.971302,43.896176],[25.971309,43.896185],[25.971381,43.896272],[25.971433,43.89634],[25.971433,43.896341],[25.971465,43.896387],[25.971485,43.896384],[25.97151,43.896384],[25.971535,43.896388],[25.971557,43.896397],[25.971573,43.896405],[25.971591,43.896423],[25.971602,43.896441],[25.971602,43.896444],[25.971606,43.896458],[25.971604,43.896476],[25.971596,43.896493],[25.971586,43.896509],[25.971649,43.896562],[25.971671,43.896581],[25.971687,43.896595],[25.971729,43.89663],[25.971849,43.896732],[25.971918,43.89679],[25.97201,43.896869],[25.972017,43.896875],[25.972203,43.896982],[25.972398,43.897095],[25.972592,43.897207],[25.972747,43.897296],[25.972787,43.89732],[25.972979,43.897434],[25.973171,43.897549],[25.973313,43.897634],[25.973365,43.897663],[25.973561,43.897773],[25.973758,43.897884],[25.973954,43.897995],[25.974096,43.898075],[25.974151,43.898105],[25.974347,43.898216],[25.974544,43.898327],[25.97457,43.898341],[25.974741,43.898437],[25.974776,43.898457],[25.974934,43.898551],[25.975127,43.898665],[25.975189,43.898702],[25.975239,43.898732],[25.975325,43.898773],[25.975387,43.898803],[25.975439,43.898829],[25.975462,43.898832],[25.975491,43.898838],[25.975516,43.89885],[25.975534,43.898866],[25.975535,43.898866],[25.975547,43.898887],[25.97555,43.898908],[25.975544,43.89893],[25.97554,43.898938],[25.975604,43.899034],[25.975639,43.899086],[25.975708,43.899156],[25.975738,43.899186],[25.975806,43.899253],[25.975885,43.899331],[25.975927,43.899372],[25.976032,43.899476],[25.976105,43.899548],[25.97618,43.899621],[25.976217,43.899659],[25.976326,43.899767],[25.976473,43.899912],[25.97662,43.900058],[25.976623,43.90006],[25.976693,43.900127],[25.976768,43.900202],[25.97688,43.900314],[25.976911,43.90035],[25.976942,43.900386],[25.976986,43.900445],[25.977027,43.900507],[25.977028,43.900508],[25.977116,43.900657],[25.977126,43.900674],[25.977226,43.900839],[25.977232,43.90085],[25.977325,43.901003],[25.977425,43.901168],[25.977442,43.901197],[25.977522,43.901334],[25.977619,43.9015],[25.977716,43.901665],[25.977813,43.901831],[25.977878,43.901942],[25.97791,43.901997],[25.978007,43.902162],[25.978016,43.902177],[25.978062,43.902255],[25.978105,43.902328],[25.978204,43.902493],[25.978302,43.902658],[25.978372,43.902775],[25.978401,43.902823],[25.978502,43.902988],[25.978603,43.903152],[25.978704,43.903317],[25.978805,43.903481],[25.978833,43.903528],[25.978905,43.903646],[25.978927,43.903682],[25.978998,43.903799],[25.979005,43.903811],[25.979038,43.903867],[25.9791,43.903973],[25.979102,43.903977],[25.979156,43.904071],[25.979198,43.904142],[25.979294,43.904308],[25.97939,43.904474],[25.979487,43.90464],[25.979512,43.904684],[25.979518,43.904695],[25.97967,43.904956],[25.979724,43.905049],[25.979637,43.905076],[25.979617,43.905082],[25.97928,43.905183],[25.979088,43.904848],[25.979086,43.904845],[25.979088,43.904848],[25.979166,43.904984],[25.979261,43.90515],[25.97928,43.905183],[25.979252,43.905254],[25.979251,43.905264],[25.97925,43.905277],[25.979252,43.905288],[25.979255,43.905297],[25.97926,43.905309],[25.979267,43.905323],[25.979292,43.905374],[25.979355,43.905491],[25.979382,43.90554],[25.979406,43.905585],[25.979445,43.905659],[25.979496,43.905755],[25.979511,43.90578],[25.979528,43.905803],[25.979546,43.905822],[25.979547,43.905823],[25.97957,43.905839],[25.979598,43.905853],[25.979611,43.905861],[25.979623,43.905868],[25.979645,43.905884],[25.979663,43.905902],[25.979677,43.905922],[25.979687,43.905941],[25.979697,43.90596],[25.979788,43.906128],[25.97982,43.906188],[25.979673,43.906234],[25.979444,43.906305],[25.97944,43.906306],[25.979534,43.906469],[25.979604,43.906592],[25.979543,43.90661],[25.979314,43.90668],[25.979084,43.906751],[25.978855,43.906821],[25.978625,43.906891],[25.978484,43.906935],[25.978396,43.906962],[25.978204,43.907022],[25.978168,43.907034],[25.977941,43.907109],[25.977882,43.907128],[25.977746,43.907172],[25.977713,43.907182],[25.977501,43.907244],[25.977482,43.907249],[25.977351,43.907288],[25.977251,43.907318],[25.97702,43.907385],[25.976831,43.90744],[25.976789,43.907453],[25.976559,43.907522],[25.976329,43.907592],[25.976146,43.907648],[25.976097,43.907659],[25.975889,43.907706],[25.975859,43.907711],[25.975667,43.907745],[25.975616,43.907751],[25.975525,43.907762],[25.975368,43.907773],[25.97512,43.907791],[25.974872,43.907808],[25.974742,43.907818],[25.974624,43.907827],[25.974376,43.907847],[25.974347,43.90785],[25.974128,43.907864],[25.973976,43.907874],[25.97388,43.907882],[25.973694,43.907898],[25.973632,43.907902],[25.973384,43.90792],[25.973358,43.907922],[25.973255,43.90793],[25.973193,43.907934],[25.973136,43.907938],[25.973057,43.907944],[25.972888,43.907956],[25.972724,43.907969],[25.97264,43.907975],[25.972503,43.907986],[25.972392,43.907993],[25.972143,43.90801],[25.971895,43.908027],[25.971647,43.908044],[25.971582,43.908048],[25.971424,43.908056],[25.971426,43.908075],[25.971442,43.908229],[25.971445,43.908254],[25.971468,43.908427],[25.97147,43.908433],[25.971508,43.908611],[25.971545,43.908789],[25.971583,43.908966],[25.971602,43.909055],[25.971617,43.909145],[25.971639,43.909286],[25.971663,43.909319],[25.971703,43.909374],[25.971707,43.909405],[25.971719,43.909491],[25.971675,43.909601],[25.97168,43.909661],[25.97168,43.909667],[25.971691,43.909846],[25.971702,43.910026],[25.971713,43.910206],[25.971723,43.910385],[25.971734,43.910565],[25.971745,43.910745],[25.971756,43.910925],[25.971767,43.911104],[25.971774,43.911213],[25.971818,43.911277],[25.971836,43.911303],[25.971838,43.911332],[25.971846,43.91142],[25.97183,43.911451],[25.971793,43.911528],[25.971798,43.911626],[25.9718,43.911666],[25.971808,43.911806],[25.971817,43.911986],[25.971827,43.912165],[25.971836,43.912345],[25.971846,43.912525],[25.971855,43.912704],[25.97186,43.912801],[25.971858,43.912884],[25.971853,43.913064],[25.971848,43.913244],[25.971844,43.913388],[25.971843,43.913424],[25.971841,43.91353],[25.971739,43.91353],[25.971711,43.91353],[25.97149,43.913527],[25.971446,43.913527],[25.971423,43.913526],[25.971403,43.913524],[25.971242,43.91351],[25.971082,43.913496],[25.971065,43.913495],[25.971049,43.913494],[25.970994,43.913493],[25.970958,43.913492],[25.970747,43.913486],[25.970744,43.913486],[25.97055,43.913481],[25.970537,43.913481],[25.970523,43.913482],[25.970496,43.913486],[25.970333,43.913505],[25.97025,43.913516],[25.970132,43.91353],[25.970004,43.913545],[25.969926,43.913555],[25.96976,43.913575],[25.969726,43.913579],[25.969525,43.913604],[25.969536,43.913651],[25.969537,43.913656],[25.96958,43.913834],[25.969615,43.913977],[25.96962,43.913989],[25.969629,43.913999],[25.969642,43.914003],[25.969645,43.914004],[25.969667,43.914005],[25.969831,43.913984],[25.969887,43.913976],[25.970025,43.913958],[25.970133,43.913944],[25.970191,43.913937],[25.970221,43.914073],[25.970261,43.91425],[25.970295,43.914402],[25.970296,43.914428],[25.9703,43.91451],[25.970327,43.914606],[25.970376,43.914782],[25.970426,43.914958],[25.970475,43.915135],[25.970525,43.915311],[25.970575,43.915487],[25.970611,43.915616],[25.970545,43.915624],[25.970299,43.915656],[25.970054,43.915688],[25.969808,43.91572],[25.969563,43.915752],[25.969318,43.915784],[25.969072,43.915816],[25.968907,43.915837],[25.968827,43.915847],[25.968581,43.915879],[25.968336,43.915911],[25.96809,43.915942],[25.967845,43.915974],[25.967742,43.915987],[25.967599,43.916004],[25.967353,43.916032],[25.967342,43.916034],[25.967106,43.916059],[25.966888,43.916083]]},"properties":{"line":"G4","dir":"0","headsign":"DAS","mode":"bus","color":"#0059a9","lbl":"4"}},{"type":"Feature","geometry":{"type":"LineString","coordinates":[[25.966888,43.916083],[25.967135,43.916056],[25.967342,43.916034],[25.967381,43.916029],[25.967627,43.916],[25.967742,43.915987],[25.967873,43.91597],[25.968119,43.915939],[25.968364,43.915907],[25.96861,43.915875],[25.968855,43.915844],[25.968907,43.915837],[25.969101,43.915812],[25.969346,43.91578],[25.969591,43.915748],[25.969837,43.915716],[25.970082,43.915684],[25.970328,43.915653],[25.970573,43.915621],[25.970611,43.915616],[25.970569,43.915467],[25.970519,43.915291],[25.97047,43.915114],[25.97042,43.914938],[25.97037,43.914762],[25.970321,43.914586],[25.9703,43.91451],[25.970295,43.914407],[25.970295,43.914402],[25.970256,43.91423],[25.970216,43.914052],[25.970191,43.913937],[25.970104,43.913948],[25.970025,43.913958],[25.969859,43.91398],[25.969831,43.913984],[25.969667,43.914005],[25.969645,43.914004],[25.969629,43.913999],[25.969621,43.91399],[25.96962,43.913989],[25.969615,43.913977],[25.969575,43.913813],[25.969536,43.913651],[25.969535,43.913649],[25.969525,43.913604],[25.969726,43.913579],[25.969788,43.913572],[25.969926,43.913555],[25.970032,43.913542],[25.970132,43.91353],[25.970278,43.913512],[25.970333,43.913505],[25.970523,43.913482],[25.970524,43.913482],[25.970537,43.913481],[25.97055,43.913481],[25.970747,43.913486],[25.970773,43.913487],[25.970958,43.913492],[25.971023,43.913493],[25.971049,43.913494],[25.971065,43.913495],[25.971082,43.913496],[25.97127,43.913513],[25.971403,43.913524],[25.971423,43.913526],[25.971446,43.913527],[25.971519,43.913528],[25.971711,43.91353],[25.971768,43.91353],[25.971841,43.91353],[25.971843,43.913403],[25.971844,43.913388],[25.971848,43.913223],[25.971853,43.913043],[25.971858,43.912863],[25.97186,43.912801],[25.971854,43.912684],[25.971844,43.912504],[25.971835,43.912324],[25.971826,43.912144],[25.971816,43.911965],[25.971807,43.911785],[25.9718,43.911666],[25.971797,43.911605],[25.971793,43.911528],[25.971737,43.911434],[25.971731,43.911424],[25.971729,43.9114],[25.971721,43.911307],[25.971748,43.911258],[25.971774,43.911213],[25.971766,43.911082],[25.971755,43.910903],[25.971744,43.910723],[25.971733,43.910543],[25.971722,43.910364],[25.971711,43.910184],[25.9717,43.910004],[25.97169,43.909825],[25.97168,43.909661],[25.971678,43.909645],[25.971675,43.909601],[25.971604,43.9095],[25.971601,43.909477],[25.971601,43.909475],[25.971589,43.909383],[25.97163,43.909303],[25.971639,43.909286],[25.971614,43.909126],[25.971602,43.909055],[25.971579,43.908947],[25.971541,43.90877],[25.971503,43.908592],[25.971468,43.908427],[25.971467,43.908414],[25.971443,43.908235],[25.971442,43.908229],[25.971424,43.908056],[25.971424,43.908056],[25.971582,43.908048],[25.971673,43.908042],[25.971921,43.908025],[25.97217,43.908008],[25.972418,43.907992],[25.972503,43.907986],[25.972666,43.907973],[25.972724,43.907969],[25.972914,43.907954],[25.973057,43.907944],[25.973162,43.907936],[25.973193,43.907934],[25.973255,43.90793],[25.973358,43.907922],[25.97341,43.907919],[25.973658,43.9079],[25.973694,43.907898],[25.973906,43.90788],[25.973976,43.907874],[25.974154,43.907862],[25.974347,43.90785],[25.974403,43.907845],[25.97465,43.907825],[25.974742,43.907818],[25.974898,43.907806],[25.975147,43.907789],[25.975395,43.907771],[25.975525,43.907762],[25.975642,43.907748],[25.975667,43.907745],[25.975885,43.907707],[25.975889,43.907706],[25.976123,43.907653],[25.976146,43.907648],[25.976353,43.907585],[25.976583,43.907515],[25.976813,43.907445],[25.976831,43.90744],[25.977044,43.907378],[25.977275,43.90731],[25.977351,43.907288],[25.977501,43.907244],[25.977506,43.907242],[25.977737,43.907175],[25.977746,43.907172],[25.977882,43.907128],[25.977965,43.907101],[25.978192,43.907027],[25.978204,43.907022],[25.97842,43.906955],[25.978484,43.906935],[25.97865,43.906884],[25.978879,43.906814],[25.979109,43.906743],[25.979338,43.906673],[25.979568,43.906603],[25.979604,43.906592],[25.979524,43.906451],[25.97944,43.906306],[25.979469,43.906297],[25.979698,43.906226],[25.97982,43.906188],[25.979778,43.90611],[25.979688,43.905942],[25.979687,43.905941],[25.979677,43.905922],[25.979663,43.905902],[25.979645,43.905884],[25.979623,43.905868],[25.979611,43.905861],[25.979598,43.905853],[25.97957,43.905839],[25.979547,43.905823],[25.979531,43.905807],[25.979528,43.905803],[25.979511,43.90578],[25.979496,43.905755],[25.979435,43.905641],[25.979406,43.905585],[25.979382,43.90554],[25.979346,43.905473],[25.979292,43.905374],[25.97926,43.905309],[25.979258,43.905305],[25.979255,43.905297],[25.979252,43.905288],[25.97925,43.905277],[25.979251,43.905264],[25.979252,43.905254],[25.97928,43.905183],[25.979251,43.905132],[25.979156,43.904966],[25.979088,43.904848],[25.979085,43.904843],[25.979088,43.904848],[25.97928,43.905183],[25.979617,43.905082],[25.979637,43.905076],[25.979724,43.905049],[25.97967,43.904956],[25.979517,43.904693],[25.979512,43.904684],[25.979476,43.904623],[25.97938,43.904457],[25.979284,43.904291],[25.979188,43.904125],[25.979156,43.904071],[25.9791,43.903973],[25.979091,43.903959],[25.979038,43.903867],[25.978998,43.903799],[25.978994,43.903793],[25.978927,43.903682],[25.978894,43.903628],[25.978833,43.903528],[25.978794,43.903464],[25.978693,43.903299],[25.978592,43.903135],[25.978491,43.90297],[25.978391,43.902806],[25.978372,43.902775],[25.978292,43.902641],[25.978193,43.902475],[25.978095,43.90231],[25.978062,43.902255],[25.978016,43.902177],[25.977997,43.902145],[25.9779,43.901979],[25.977878,43.901942],[25.977803,43.901814],[25.977706,43.901648],[25.977609,43.901482],[25.977512,43.901316],[25.977442,43.901197],[25.977414,43.901151],[25.977315,43.900986],[25.977232,43.90085],[25.977215,43.900821],[25.977116,43.900657],[25.977115,43.900656],[25.977027,43.900507],[25.977017,43.900491],[25.976986,43.900445],[25.976942,43.900386],[25.976897,43.900334],[25.97688,43.900314],[25.976753,43.900187],[25.976693,43.900127],[25.976623,43.90006],[25.976604,43.900042],[25.976458,43.899897],[25.976311,43.899751],[25.976217,43.899659],[25.976164,43.899606],[25.976105,43.899548],[25.976017,43.899461],[25.975927,43.899372],[25.97587,43.899316],[25.975806,43.899253],[25.975723,43.89917],[25.975708,43.899156],[25.975639,43.899086],[25.975559,43.899036],[25.975508,43.899005],[25.975465,43.898978],[25.975431,43.898978],[25.975396,43.89897],[25.975369,43.898954],[25.975359,43.898942],[25.975352,43.898933],[25.975344,43.898908],[25.975348,43.898887],[25.975353,43.898872],[25.975357,43.898866],[25.97528,43.898778],[25.975239,43.898732],[25.975189,43.898702],[25.975105,43.898652],[25.974912,43.898538],[25.974776,43.898457],[25.974718,43.898425],[25.97457,43.898341],[25.974522,43.898314],[25.974325,43.898203],[25.974129,43.898093],[25.974096,43.898075],[25.973932,43.897982],[25.973735,43.897871],[25.973539,43.897761],[25.973342,43.89765],[25.973313,43.897634],[25.973149,43.897536],[25.972957,43.897422],[25.972765,43.897307],[25.972747,43.897296],[25.97257,43.897194],[25.972376,43.897082],[25.972181,43.89697],[25.972017,43.896875],[25.971992,43.896853],[25.971918,43.89679],[25.97183,43.896716],[25.971729,43.89663],[25.971671,43.896581],[25.971669,43.896579],[25.971649,43.896562],[25.971586,43.896509],[25.971569,43.896522],[25.971545,43.896532],[25.971521,43.896538],[25.971496,43.89654],[25.971478,43.896538],[25.971471,43.896538],[25.971448,43.896531],[25.971427,43.896521],[25.971409,43.896508],[25.971397,43.896492],[25.97139,43.896474],[25.971389,43.896457],[25.971393,43.896439],[25.971405,43.89642],[25.971418,43.896408],[25.971431,43.8964],[25.971438,43.896396],[25.971465,43.896387],[25.971433,43.89634],[25.971381,43.896272],[25.971365,43.896253],[25.971302,43.896176],[25.971238,43.896099],[25.971183,43.896034],[25.971123,43.895964],[25.971107,43.895946],[25.970975,43.895793],[25.970842,43.895641],[25.970725,43.895505],[25.97071,43.895488],[25.970702,43.895479],[25.970576,43.895337],[25.970442,43.895185],[25.970307,43.895033],[25.970291,43.895015],[25.970214,43.894928],[25.970173,43.894882],[25.970039,43.89473],[25.969905,43.894579],[25.969771,43.894427],[25.969636,43.894276],[25.969606,43.894241],[25.969512,43.89412],[25.969512,43.89412],[25.969408,43.893956],[25.969304,43.893793],[25.9692,43.893629],[25.969104,43.893478],[25.969096,43.893466],[25.968993,43.893302],[25.968982,43.893285],[25.968952,43.893237],[25.968886,43.893139],[25.968778,43.892977],[25.96875,43.892936],[25.968684,43.892856],[25.968652,43.892822],[25.968624,43.892793],[25.968525,43.8927],[25.9685,43.89268],[25.968457,43.892648],[25.968378,43.892591],[25.968338,43.892563],[25.968323,43.892553],[25.96815,43.892438],[25.96814,43.892431],[25.968124,43.892421],[25.968102,43.892405],[25.967993,43.892324],[25.967964,43.892304],[25.967789,43.892176],[25.967613,43.892048],[25.967438,43.89192],[25.967262,43.891793],[25.967177,43.89173],[25.967084,43.891667],[25.967072,43.89166],[25.966937,43.891568],[25.966902,43.891544],[25.966861,43.891516],[25.966735,43.891431],[25.96673,43.891426],[25.966721,43.891419],[25.966674,43.891378],[25.966626,43.891332],[25.966573,43.891275],[25.966443,43.891134],[25.966434,43.891125],[25.966293,43.890986],[25.966286,43.89098],[25.966245,43.890944],[25.966202,43.890912],[25.96616,43.890883],[25.96612,43.890862],[25.966106,43.890858],[25.966085,43.89085],[25.966045,43.890845],[25.965996,43.890846],[25.965953,43.890852],[25.965867,43.890876],[25.965634,43.89094],[25.965504,43.890976],[25.965402,43.891005],[25.965223,43.891057],[25.96517,43.891073],[25.965021,43.891117],[25.964996,43.891128],[25.964969,43.891139],[25.964943,43.891146],[25.964711,43.891212],[25.964585,43.891248],[25.964479,43.891277],[25.964246,43.891341],[25.964012,43.891405],[25.963805,43.891462],[25.963779,43.891467],[25.963724,43.89148],[25.963642,43.891491],[25.963538,43.891504],[25.963535,43.891505],[25.963477,43.891516],[25.963428,43.891535],[25.963378,43.891563],[25.963341,43.891588],[25.963328,43.891598],[25.963163,43.891733],[25.962999,43.891869],[25.962966,43.891895],[25.962882,43.891964],[25.962821,43.891935],[25.962815,43.891932],[25.962613,43.891836],[25.962404,43.891737],[25.962196,43.891639],[25.962072,43.89158],[25.961983,43.891546],[25.961763,43.891461],[25.961543,43.891375],[25.961324,43.89129],[25.961104,43.891205],[25.960884,43.89112],[25.960664,43.891035],[25.960445,43.89095],[25.960225,43.890865],[25.960124,43.890826],[25.960068,43.890805],[25.960008,43.890785],[25.960003,43.890783],[25.959784,43.890697],[25.959565,43.890611],[25.959346,43.890525],[25.959274,43.890496],[25.959127,43.890439],[25.958907,43.890354],[25.958687,43.890269],[25.958467,43.890184],[25.958247,43.8901],[25.958161,43.890066],[25.958114,43.890038],[25.958043,43.890078],[25.957845,43.890188],[25.957648,43.890298],[25.95745,43.890408],[25.957253,43.890517],[25.957056,43.890627],[25.956858,43.890737],[25.956661,43.890847],[25.956463,43.890957],[25.956393,43.890996],[25.956266,43.891067],[25.956068,43.891177],[25.955923,43.891258],[25.955871,43.891287],[25.955673,43.891396],[25.955512,43.891486],[25.955476,43.891507],[25.955441,43.891527],[25.955369,43.891568],[25.955282,43.891619],[25.955129,43.891709],[25.955089,43.891733],[25.955036,43.891763],[25.954895,43.891846],[25.954715,43.89195],[25.954701,43.891959],[25.954511,43.892076],[25.954334,43.892185],[25.954323,43.892194],[25.954257,43.892243],[25.95419,43.892316],[25.954174,43.892337],[25.954142,43.892381],[25.954097,43.892457],[25.954076,43.892502],[25.954068,43.89252],[25.953998,43.892673],[25.953919,43.892843],[25.953841,43.893014],[25.953762,43.893185],[25.953683,43.893356],[25.953665,43.893396],[25.953607,43.893527],[25.95353,43.893698],[25.953499,43.893769],[25.953454,43.893869],[25.953377,43.89404],[25.953337,43.89413],[25.953298,43.894211],[25.953214,43.89438],[25.95313,43.89455],[25.953077,43.894658],[25.953051,43.894707],[25.953068,43.894707],[25.953136,43.894709],[25.953317,43.894712],[25.953344,43.894713],[25.953551,43.894715],[25.953567,43.894715],[25.953611,43.894716],[25.953801,43.894718],[25.953807,43.894733],[25.953881,43.894905],[25.953955,43.895077],[25.954029,43.895249],[25.954103,43.89542],[25.954177,43.895592],[25.954251,43.895764],[25.954325,43.895936],[25.954399,43.896107],[25.954461,43.89625],[25.954473,43.896279],[25.954486,43.896311],[25.954543,43.896452],[25.954614,43.896624],[25.954684,43.896797],[25.954754,43.896969],[25.954818,43.897126],[25.954825,43.897142],[25.954898,43.897314],[25.954971,43.897486],[25.955008,43.897573],[25.955046,43.897657],[25.955051,43.897668],[25.954878,43.897783],[25.954695,43.897905],[25.954525,43.898018],[25.954511,43.898027],[25.954329,43.89815],[25.954147,43.898273],[25.954011,43.898365],[25.953965,43.898396],[25.953917,43.898428],[25.953781,43.898517],[25.95378,43.898518],[25.953802,43.898687],[25.953803,43.898695],[25.953823,43.898875],[25.953836,43.899001],[25.953842,43.899054],[25.953862,43.899233],[25.953875,43.899347],[25.953882,43.899413],[25.953903,43.899592],[25.953923,43.899771],[25.953944,43.89995],[25.953964,43.90013],[25.953971,43.900191],[25.953986,43.900309],[25.954008,43.900488],[25.954018,43.900572],[25.954028,43.900667],[25.954045,43.900847],[25.954063,43.901026],[25.95408,43.901206],[25.954096,43.901373],[25.954097,43.901385],[25.954114,43.901564],[25.954131,43.901744],[25.954147,43.901923],[25.954164,43.902103],[25.954166,43.90213],[25.954177,43.902282],[25.95419,43.902462],[25.954202,43.902642],[25.954205,43.902682],[25.954211,43.902822],[25.954218,43.903001],[25.95422,43.903059],[25.95422,43.903181],[25.954219,43.903361],[25.954219,43.903541],[25.954218,43.903721],[25.954218,43.903729],[25.954212,43.903901],[25.954208,43.903999],[25.954204,43.90408],[25.954194,43.90426],[25.954193,43.904267],[25.954181,43.90444],[25.95417,43.904599],[25.954168,43.904619],[25.954153,43.904799],[25.954147,43.904868],[25.954135,43.904978],[25.954119,43.905132],[25.954116,43.905158],[25.954092,43.905337],[25.954072,43.905488],[25.954067,43.905516],[25.954037,43.905694],[25.954033,43.905713],[25.954004,43.905872],[25.953991,43.905946],[25.953969,43.90605],[25.95394,43.906196],[25.953933,43.906228],[25.953906,43.906361],[25.953895,43.906406],[25.953882,43.906465],[25.953856,43.906576],[25.953853,43.906583],[25.953817,43.906705],[25.953799,43.906759],[25.95376,43.906875],[25.953738,43.906933],[25.953705,43.907021],[25.953667,43.907106],[25.95359,43.907277],[25.953512,43.907448],[25.953491,43.907495],[25.953438,43.907619],[25.953365,43.907791],[25.953291,43.907963],[25.953266,43.908024],[25.953214,43.908134],[25.953135,43.908305],[25.953056,43.908475],[25.953051,43.908486],[25.952981,43.908647],[25.952906,43.908818],[25.95289,43.908855],[25.952828,43.908989],[25.952752,43.909155],[25.952749,43.90916],[25.952674,43.909331],[25.952598,43.909503],[25.952524,43.90967],[25.952522,43.909674],[25.952445,43.909845],[25.952368,43.910016],[25.952303,43.910162],[25.952292,43.910188],[25.952241,43.910306],[25.952219,43.91036],[25.952146,43.910531],[25.952144,43.910536],[25.95207,43.910703],[25.951995,43.910874],[25.951952,43.910972],[25.951918,43.911046],[25.95184,43.911216],[25.951762,43.911387],[25.951742,43.91143],[25.951685,43.911558],[25.951608,43.911729],[25.951551,43.911858],[25.951532,43.911901],[25.951457,43.912072],[25.951382,43.912244],[25.951368,43.912278],[25.951309,43.912416],[25.951236,43.912588],[25.951227,43.912607],[25.951162,43.912759],[25.95111,43.912882],[25.951088,43.912931],[25.951013,43.913103],[25.950992,43.913149],[25.950935,43.913273],[25.950856,43.913444],[25.950777,43.913615],[25.950699,43.913785],[25.950664,43.91386],[25.950664,43.91386]]},"properties":{"line":"G4","dir":"1","headsign":"Penitenciar","mode":"bus","color":"#0059a9","lbl":"4"}},{"type":"Feature","geometry":{"type":"LineString","coordinates":[[25.951368,43.912278],[25.951368,43.912278],[25.951133,43.912218],[25.950897,43.912159],[25.950662,43.912099],[25.950427,43.91204],[25.950191,43.91198],[25.949956,43.911921],[25.949721,43.911861],[25.949485,43.911802],[25.94925,43.911742],[25.949015,43.911683],[25.948779,43.911623],[25.948544,43.911564],[25.948309,43.911504],[25.948073,43.911445],[25.947965,43.911417],[25.94784,43.911381],[25.947609,43.911314],[25.947378,43.911247],[25.947188,43.911192],[25.947147,43.911179],[25.946918,43.911108],[25.946689,43.911036],[25.94653,43.910987],[25.94646,43.910964],[25.946233,43.910889],[25.946007,43.910815],[25.94578,43.91074],[25.945553,43.910665],[25.945326,43.910591],[25.945099,43.910516],[25.944881,43.910444],[25.944872,43.910441],[25.94465,43.910359],[25.944512,43.910308],[25.94444,43.910265],[25.944255,43.910154],[25.944249,43.910149],[25.944094,43.910008],[25.943938,43.909868],[25.943782,43.909727],[25.943626,43.909587],[25.943529,43.909499],[25.94347,43.909447],[25.943311,43.909308],[25.943153,43.909169],[25.942994,43.90903],[25.942968,43.909007],[25.942836,43.908891],[25.942678,43.908752],[25.94252,43.908613],[25.942479,43.908577],[25.942355,43.908478],[25.942189,43.908344],[25.942177,43.908334],[25.942022,43.90821],[25.941855,43.908077],[25.941688,43.907943],[25.941522,43.907809],[25.941355,43.907676],[25.941188,43.907542],[25.941021,43.907408],[25.940854,43.907274],[25.940709,43.907158],[25.940736,43.907141],[25.940922,43.907022],[25.941109,43.906903],[25.941283,43.906792],[25.941295,43.906783],[25.941478,43.906661],[25.941662,43.906539],[25.941845,43.906418],[25.941889,43.906389],[25.942028,43.906296],[25.942211,43.906173],[25.942394,43.906051],[25.942426,43.90603],[25.942577,43.905928],[25.942759,43.905806],[25.942941,43.905683],[25.943003,43.905641],[25.943124,43.905561],[25.943308,43.905439],[25.943492,43.905318],[25.943629,43.905228],[25.943676,43.905196],[25.943858,43.905074],[25.944041,43.904951],[25.944224,43.904829],[25.944316,43.904767],[25.944405,43.904705],[25.944586,43.904581],[25.944766,43.904457],[25.944879,43.90438],[25.944947,43.904333],[25.945128,43.90421],[25.94531,43.904086],[25.9454,43.904025],[25.945492,43.903963],[25.945674,43.90384],[25.945856,43.903718],[25.945957,43.903649],[25.946039,43.903596],[25.946224,43.903475],[25.946409,43.903354],[25.946589,43.903236],[25.946593,43.903233],[25.946775,43.90311],[25.946957,43.902987],[25.947007,43.902952],[25.94714,43.902865],[25.947325,43.902744],[25.947484,43.90264],[25.94751,43.902623],[25.947694,43.902502],[25.947879,43.902381],[25.948063,43.90226],[25.948067,43.902258],[25.948247,43.902139],[25.948431,43.902017],[25.948614,43.901895],[25.948798,43.901774],[25.948982,43.901652],[25.949056,43.901603],[25.949166,43.901531],[25.949351,43.90141],[25.949536,43.901289],[25.94972,43.901169],[25.949721,43.901168],[25.949904,43.901047],[25.950088,43.900925],[25.950272,43.900804],[25.950456,43.900682],[25.950639,43.900561],[25.950823,43.900439],[25.950837,43.90043],[25.951009,43.900319],[25.951194,43.900199],[25.951379,43.900078],[25.951565,43.899958],[25.95175,43.899838],[25.951936,43.899718],[25.952085,43.899621],[25.952122,43.899598],[25.952131,43.899593],[25.952309,43.899479],[25.952496,43.89936],[25.952569,43.899314],[25.952682,43.89924],[25.952866,43.899119],[25.95305,43.898998],[25.953235,43.898877],[25.953419,43.898755],[25.953604,43.898634],[25.953624,43.898621],[25.95378,43.898518],[25.953787,43.898513],[25.953917,43.898428],[25.953971,43.898391],[25.954011,43.898365],[25.954153,43.898269],[25.954336,43.898146],[25.954518,43.898023],[25.954525,43.898018],[25.954701,43.897901],[25.954884,43.897779],[25.955051,43.897668],[25.955067,43.897657],[25.955252,43.897536],[25.955436,43.897415],[25.955621,43.897294],[25.955635,43.897285],[25.955696,43.897241],[25.955803,43.897171],[25.955987,43.897049],[25.956115,43.896965],[25.95617,43.896927],[25.956353,43.896805],[25.956412,43.896766],[25.956537,43.896684],[25.956709,43.896571],[25.956721,43.896563],[25.95676,43.896537],[25.956904,43.89644],[25.957086,43.896317],[25.957126,43.89629],[25.957268,43.896194],[25.957449,43.89607],[25.957475,43.896053],[25.957633,43.895949],[25.957818,43.895828],[25.95787,43.895794],[25.958001,43.895706],[25.958184,43.895584],[25.958367,43.895462],[25.958525,43.895356],[25.95855,43.89534],[25.9587,43.89524],[25.958734,43.895218],[25.95882,43.895161],[25.958845,43.895143],[25.958871,43.895106],[25.958888,43.89508],[25.958911,43.895048],[25.958946,43.894989],[25.958971,43.894946],[25.958962,43.894928],[25.958959,43.894915],[25.958958,43.89491],[25.958958,43.894892],[25.958963,43.894874],[25.958972,43.894857],[25.958986,43.894841],[25.959003,43.894827],[25.959023,43.894816],[25.959046,43.894807],[25.95907,43.894802],[25.959095,43.8948],[25.959109,43.8948],[25.959121,43.894801],[25.959146,43.894805],[25.959244,43.89478],[25.959341,43.894752],[25.959344,43.894751],[25.959478,43.894709],[25.959553,43.894659],[25.959556,43.894657],[25.959724,43.894527],[25.959775,43.894488],[25.959891,43.894394],[25.960056,43.894259],[25.960116,43.894211],[25.960226,43.894127],[25.960397,43.893996],[25.960409,43.893987],[25.960413,43.893984],[25.960574,43.89387],[25.960584,43.893862],[25.960598,43.89385],[25.96061,43.893835],[25.960617,43.893824],[25.960624,43.89381],[25.960631,43.893793],[25.960636,43.893773],[25.960644,43.893736],[25.960632,43.893723],[25.960626,43.893705],[25.960621,43.89369],[25.960619,43.893668],[25.960618,43.893651],[25.96062,43.893634],[25.960625,43.893614],[25.96063,43.893599],[25.960636,43.893589],[25.960639,43.893582],[25.960657,43.893563],[25.960671,43.893552],[25.960689,43.893543],[25.960702,43.893536],[25.960737,43.89352],[25.960781,43.893508],[25.960829,43.893504],[25.960861,43.893503],[25.960888,43.893507],[25.960914,43.893512],[25.960924,43.893514],[25.960948,43.893521],[25.960967,43.893532],[25.961038,43.893477],[25.961101,43.893425],[25.961265,43.89329],[25.96143,43.893155],[25.961595,43.89302],[25.961759,43.892885],[25.961924,43.89275],[25.962089,43.892615],[25.962253,43.89248],[25.962418,43.892345],[25.962583,43.89221],[25.962747,43.892075],[25.962824,43.892012],[25.962882,43.891964],[25.962912,43.89194],[25.962966,43.891895],[25.963077,43.891804],[25.963241,43.891669],[25.963341,43.891588],[25.963378,43.891563],[25.963416,43.891542],[25.963428,43.891535],[25.963477,43.891516],[25.963538,43.891504],[25.963642,43.891491],[25.963652,43.891489],[25.963724,43.89148],[25.963805,43.891462],[25.96389,43.891438],[25.964123,43.891374],[25.964356,43.89131],[25.964585,43.891248],[25.964589,43.891246],[25.964821,43.891181],[25.964969,43.891139],[25.964996,43.891128],[25.965021,43.891117],[25.965049,43.891109],[25.965223,43.891057],[25.96528,43.89104],[25.965504,43.890976],[25.965511,43.890974],[25.965745,43.89091],[25.965953,43.890852],[25.965979,43.890848],[25.965996,43.890846],[25.966045,43.890845],[25.966085,43.89085],[25.96612,43.890862],[25.96616,43.890883],[25.966199,43.89091],[25.966202,43.890912],[25.966245,43.890944],[25.966293,43.890986],[25.966357,43.891049],[25.966443,43.891134],[25.9665,43.891196],[25.966626,43.891332],[25.96664,43.891345],[25.966674,43.891378],[25.96673,43.891426],[25.966735,43.891431],[25.966806,43.891478],[25.966861,43.891516],[25.966937,43.891568],[25.966987,43.891602],[25.967072,43.89166],[25.967169,43.891725],[25.967177,43.89173],[25.967345,43.891853],[25.96752,43.89198],[25.967696,43.892108],[25.967871,43.892236],[25.967993,43.892324],[25.968046,43.892364],[25.968102,43.892405],[25.968124,43.892421],[25.96815,43.892438],[25.968226,43.892489],[25.968338,43.892563],[25.968378,43.892591],[25.968407,43.892612],[25.968457,43.892648],[25.968525,43.8927],[25.968574,43.892746],[25.968624,43.892793],[25.968684,43.892856],[25.968715,43.892894],[25.96875,43.892936],[25.968829,43.893054],[25.968937,43.893216],[25.968952,43.893237],[25.968982,43.893285],[25.969041,43.893379],[25.969104,43.893478],[25.969145,43.893543],[25.969249,43.893706],[25.969353,43.89387],[25.969457,43.894033],[25.969512,43.89412],[25.969569,43.894194],[25.969606,43.894241],[25.9697,43.894347],[25.969834,43.894498],[25.969968,43.89465],[25.970102,43.894802],[25.970214,43.894928],[25.970236,43.894953],[25.970291,43.895015],[25.970371,43.895105],[25.970505,43.895256],[25.970639,43.895408],[25.970702,43.895479],[25.970725,43.895505],[25.970772,43.89556],[25.970905,43.895712],[25.971037,43.895865],[25.971123,43.895964],[25.971169,43.896017],[25.971183,43.896034],[25.971298,43.896171],[25.971302,43.896176],[25.971381,43.896272],[25.971423,43.896327],[25.971433,43.89634],[25.971465,43.896387],[25.971485,43.896384],[25.97151,43.896384],[25.971535,43.896388],[25.971557,43.896397],[25.971573,43.896405],[25.971591,43.896423],[25.971595,43.896429],[25.971602,43.896441],[25.971606,43.896458],[25.971604,43.896476],[25.971596,43.896493],[25.971586,43.896509],[25.971649,43.896562],[25.971671,43.896581],[25.971673,43.896582],[25.971729,43.89663],[25.971834,43.89672],[25.971918,43.89679],[25.971996,43.896857],[25.972017,43.896875],[25.972186,43.896972],[25.972381,43.897085],[25.972575,43.897197],[25.972747,43.897296],[25.97277,43.89731],[25.972962,43.897424],[25.973154,43.897539],[25.973313,43.897634],[25.973347,43.897653],[25.973544,43.897763],[25.97374,43.897874],[25.973937,43.897985],[25.974096,43.898075],[25.974133,43.898095],[25.97433,43.898206],[25.974527,43.898317],[25.97457,43.898341],[25.974723,43.898428],[25.974776,43.898457],[25.974917,43.898541],[25.97511,43.898655],[25.975189,43.898702],[25.975239,43.898732],[25.975307,43.898765],[25.975387,43.898803],[25.975439,43.898829],[25.975462,43.898832],[25.975491,43.898838],[25.975516,43.89885],[25.97552,43.898853],[25.975535,43.898866],[25.975547,43.898887],[25.97555,43.898908],[25.975544,43.89893],[25.97554,43.898938],[25.975595,43.89902],[25.975639,43.899086],[25.975708,43.899156],[25.975725,43.899173],[25.975806,43.899253],[25.975872,43.899318],[25.975927,43.899372],[25.976019,43.899463],[25.976105,43.899548],[25.976167,43.899608],[25.976217,43.899659],[25.976313,43.899754],[25.97646,43.899899],[25.976607,43.900045],[25.976623,43.90006],[25.976693,43.900127],[25.976755,43.900189],[25.97688,43.900314],[25.976899,43.900336],[25.976942,43.900386],[25.976986,43.900445],[25.977019,43.900494],[25.977027,43.900507],[25.977116,43.900657],[25.977117,43.900659],[25.977217,43.900824],[25.977232,43.90085],[25.977316,43.900989],[25.977416,43.901154],[25.977442,43.901197],[25.977513,43.901319],[25.97761,43.901485],[25.977707,43.901651],[25.977804,43.901816],[25.977878,43.901942],[25.977901,43.901982],[25.977999,43.902148],[25.978016,43.902177],[25.978062,43.902255],[25.978097,43.902313],[25.978195,43.902478],[25.978293,43.902644],[25.978372,43.902775],[25.978392,43.902809],[25.978493,43.902973],[25.978594,43.903138],[25.978695,43.903302],[25.978796,43.903467],[25.978833,43.903528],[25.978896,43.903631],[25.978927,43.903682],[25.978996,43.903796],[25.978998,43.903799],[25.979038,43.903867],[25.979093,43.903962],[25.9791,43.903973],[25.979156,43.904071],[25.979189,43.904128],[25.979286,43.904294],[25.979382,43.90446],[25.979478,43.904626],[25.979512,43.904684],[25.979517,43.904693],[25.97967,43.904956],[25.979724,43.905049],[25.979637,43.905076],[25.979617,43.905082],[25.97928,43.905183],[25.979088,43.904848],[25.979085,43.904843],[25.979088,43.904848],[25.979157,43.904969],[25.979253,43.905135],[25.97928,43.905183],[25.979252,43.905254],[25.979251,43.905264],[25.97925,43.905277],[25.979252,43.905288],[25.979255,43.905297],[25.979259,43.905307],[25.97926,43.905309],[25.979292,43.905374],[25.979347,43.905476],[25.979382,43.90554],[25.979406,43.905585],[25.979437,43.905644],[25.979496,43.905755],[25.979511,43.90578],[25.979528,43.905803],[25.979534,43.905809],[25.979547,43.905823],[25.97957,43.905839],[25.979598,43.905853],[25.979611,43.905861],[25.979623,43.905868],[25.979645,43.905884],[25.979663,43.905902],[25.979677,43.905922],[25.979687,43.905941],[25.979689,43.905945],[25.97978,43.906113],[25.97982,43.906188],[25.979694,43.906227],[25.979465,43.906298],[25.97944,43.906306],[25.979525,43.906454],[25.979604,43.906592],[25.979564,43.906604],[25.979334,43.906674],[25.979105,43.906745],[25.978875,43.906815],[25.978646,43.906885],[25.978484,43.906935],[25.978416,43.906956],[25.978204,43.907022],[25.978188,43.907028],[25.977961,43.907102],[25.977882,43.907128],[25.977746,43.907172],[25.977733,43.907176],[25.977502,43.907243],[25.977501,43.907244],[25.977351,43.907288],[25.977271,43.907312],[25.97704,43.907379],[25.976831,43.90744],[25.976809,43.907446],[25.976579,43.907516],[25.976349,43.907586],[25.976146,43.907648],[25.976119,43.907654],[25.975889,43.907706],[25.97588,43.907707],[25.975667,43.907745],[25.975638,43.907748],[25.975525,43.907762],[25.97539,43.907771],[25.975142,43.907789],[25.974894,43.907807],[25.974742,43.907818],[25.974646,43.907825],[25.974398,43.907845],[25.974347,43.90785],[25.97415,43.907863],[25.973976,43.907874],[25.973902,43.90788],[25.973694,43.907898],[25.973654,43.907901],[25.973406,43.907919],[25.973358,43.907922],[25.973255,43.90793],[25.973193,43.907934],[25.973158,43.907937],[25.973057,43.907944],[25.97291,43.907955],[25.972724,43.907969],[25.972662,43.907973],[25.972503,43.907986],[25.972414,43.907992],[25.972165,43.908009],[25.971917,43.908025],[25.971669,43.908042],[25.971582,43.908048],[25.971424,43.908056],[25.971424,43.908059],[25.971442,43.908229],[25.971443,43.908238],[25.971467,43.908417],[25.971468,43.908427],[25.971504,43.908595],[25.971542,43.908773],[25.97158,43.908951],[25.971602,43.909055],[25.971614,43.909129],[25.971639,43.909286],[25.971653,43.909305],[25.971703,43.909374],[25.971707,43.909405],[25.971717,43.909476],[25.971719,43.909492],[25.971675,43.909601],[25.971679,43.909651],[25.97168,43.909661],[25.97169,43.90983],[25.971701,43.91001],[25.971712,43.91019],[25.971723,43.910369],[25.971733,43.910549],[25.971744,43.910729],[25.971755,43.910909],[25.971766,43.911088],[25.971774,43.911213],[25.971808,43.911262],[25.971836,43.911303],[25.971838,43.911332],[25.971846,43.91142],[25.971838,43.911436],[25.971793,43.911528],[25.971797,43.91161],[25.9718,43.911666],[25.971807,43.91179],[25.971816,43.91197],[25.971826,43.912149],[25.971835,43.912329],[25.971845,43.912509],[25.971854,43.912688],[25.97186,43.912801],[25.971858,43.912868],[25.971853,43.913048],[25.971848,43.913228],[25.971844,43.913388],[25.971843,43.913408],[25.971841,43.91353],[25.971761,43.91353],[25.971711,43.91353],[25.971512,43.913528],[25.971446,43.913527],[25.971423,43.913526],[25.971403,43.913524],[25.971264,43.913512],[25.971082,43.913496],[25.971065,43.913495],[25.971049,43.913494],[25.971016,43.913493],[25.970958,43.913492],[25.970767,43.913487],[25.970747,43.913486],[25.97055,43.913481],[25.970537,43.913481],[25.970523,43.913482],[25.970518,43.913483],[25.970333,43.913505],[25.970272,43.913513],[25.970132,43.91353],[25.970026,43.913543],[25.969926,43.913555]]},"properties":{"line":"G5","dir":"0","headsign":"Kaufland","mode":"bus","color":"#0059a9","lbl":"5"}},{"type":"Feature","geometry":{"type":"LineString","coordinates":[[25.969926,43.913555],[25.970132,43.91353],[25.970172,43.913525],[25.970333,43.913505],[25.970418,43.913495],[25.970523,43.913482],[25.970537,43.913481],[25.97055,43.913481],[25.970665,43.913484],[25.970747,43.913486],[25.970915,43.913491],[25.970958,43.913492],[25.971049,43.913494],[25.971065,43.913495],[25.971082,43.913496],[25.971163,43.913503],[25.971403,43.913524],[25.971411,43.913525],[25.971423,43.913526],[25.971446,43.913527],[25.97166,43.913529],[25.971711,43.91353],[25.971841,43.91353],[25.971842,43.913481],[25.971844,43.913388],[25.971846,43.913301],[25.971851,43.913121],[25.971856,43.912941],[25.97186,43.912801],[25.971858,43.912761],[25.971849,43.912582],[25.971839,43.912402],[25.97183,43.912222],[25.97182,43.912043],[25.971811,43.911863],[25.971801,43.911683],[25.9718,43.911666],[25.971793,43.911528],[25.971779,43.911505],[25.971731,43.911424],[25.971729,43.9114],[25.971723,43.911333],[25.971721,43.911307],[25.971774,43.911213],[25.97177,43.91116],[25.971759,43.910981],[25.971749,43.910801],[25.971738,43.910621],[25.971727,43.910441],[25.971716,43.910262],[25.971705,43.910082],[25.971694,43.909902],[25.971683,43.909723],[25.97168,43.909661],[25.971675,43.909601],[25.971639,43.909549],[25.971604,43.9095],[25.971601,43.909475],[25.971589,43.909383],[25.971592,43.909376],[25.971639,43.909286],[25.971626,43.909203],[25.971602,43.909055],[25.971596,43.909024],[25.971558,43.908847],[25.97152,43.908669],[25.971482,43.908491],[25.971468,43.908427],[25.971453,43.908313],[25.971442,43.908229],[25.971432,43.908133],[25.971424,43.908056],[25.971565,43.908049],[25.971582,43.908048],[25.971814,43.908032],[25.972062,43.908016],[25.97231,43.907999],[25.972503,43.907986],[25.972559,43.907981],[25.972724,43.907969],[25.972807,43.907962],[25.973055,43.907944],[25.973057,43.907944],[25.973193,43.907934],[25.973255,43.90793],[25.973303,43.907926],[25.973358,43.907922],[25.973551,43.907908],[25.973694,43.907898],[25.973799,43.907889],[25.973976,43.907874],[25.974047,43.90787],[25.974295,43.907853],[25.974347,43.90785],[25.974543,43.907834],[25.974742,43.907818],[25.974791,43.907814],[25.975039,43.907796],[25.975287,43.907779],[25.975525,43.907762],[25.975535,43.907761],[25.975667,43.907745],[25.97578,43.907725],[25.975889,43.907706],[25.97602,43.907676],[25.976146,43.907648],[25.976254,43.907615],[25.976484,43.907545],[25.976713,43.907475],[25.976831,43.90744],[25.976944,43.907407],[25.977175,43.90734],[25.977351,43.907288],[25.977406,43.907272],[25.977501,43.907244],[25.977637,43.907204],[25.977746,43.907172],[25.977866,43.907133],[25.977882,43.907128],[25.978093,43.907059],[25.978204,43.907022],[25.978321,43.906986],[25.978484,43.906935],[25.97855,43.906914],[25.97878,43.906844],[25.979009,43.906774],[25.979239,43.906703],[25.979468,43.906633],[25.979604,43.906592],[25.979565,43.906523],[25.979469,43.906357],[25.97944,43.906306],[25.979599,43.906257],[25.97982,43.906188],[25.979817,43.906182],[25.979727,43.906015],[25.979687,43.905941],[25.979677,43.905922],[25.979663,43.905902],[25.979645,43.905884],[25.979623,43.905868],[25.979611,43.905861],[25.979609,43.905859],[25.979598,43.905853],[25.97957,43.905839],[25.979547,43.905823],[25.979528,43.905803],[25.979511,43.90578],[25.979496,43.905755],[25.979474,43.905714],[25.979406,43.905585],[25.979385,43.905546],[25.979382,43.90554],[25.979294,43.905378],[25.979292,43.905374],[25.97926,43.905309],[25.979255,43.905297],[25.979252,43.905288],[25.97925,43.905277],[25.979251,43.905264],[25.979252,43.905254],[25.979271,43.905205],[25.97928,43.905183],[25.979197,43.905038],[25.979102,43.904872],[25.979088,43.904848],[25.979079,43.904833],[25.979088,43.904848],[25.97928,43.905183],[25.979617,43.905082],[25.979637,43.905076],[25.979724,43.905049],[25.97967,43.904956],[25.979512,43.904684],[25.979422,43.904529],[25.979326,43.904363],[25.979229,43.904197],[25.979156,43.904071],[25.979133,43.904031],[25.9791,43.903973],[25.979038,43.903867],[25.979037,43.903865],[25.978998,43.903799],[25.978938,43.9037],[25.978927,43.903682],[25.978837,43.903535],[25.978833,43.903528],[25.978737,43.903371],[25.978636,43.903206],[25.978535,43.903042],[25.978434,43.902877],[25.978372,43.902775],[25.978334,43.902712],[25.978236,43.902547],[25.978138,43.902382],[25.978062,43.902255],[25.978039,43.902216],[25.978016,43.902177],[25.977942,43.902051],[25.977878,43.901942],[25.977844,43.901885],[25.977748,43.90172],[25.977651,43.901554],[25.977554,43.901388],[25.977457,43.901222],[25.977442,43.901197],[25.977358,43.901057],[25.977258,43.900892],[25.977232,43.90085],[25.977158,43.900728],[25.977116,43.900657],[25.97706,43.900562],[25.977027,43.900507],[25.976986,43.900445],[25.976953,43.9004],[25.976942,43.900386],[25.97688,43.900314],[25.976816,43.90025],[25.976693,43.900127],[25.976669,43.900104],[25.976623,43.90006],[25.976521,43.89996],[25.976374,43.899814],[25.976228,43.899669],[25.976217,43.899659],[25.976105,43.899548],[25.976081,43.899524],[25.975933,43.899378],[25.975927,43.899372],[25.975806,43.899253],[25.975786,43.899233],[25.975708,43.899156],[25.97564,43.899087],[25.975639,43.899086],[25.975508,43.899005],[25.975465,43.898978],[25.975448,43.898978],[25.975431,43.898978],[25.975396,43.89897],[25.975369,43.898954],[25.975352,43.898933],[25.975344,43.898908],[25.975348,43.898887],[25.975353,43.898872],[25.975357,43.898866],[25.975338,43.898843],[25.975239,43.898732],[25.975189,43.898702],[25.975188,43.898702],[25.974996,43.898587],[25.974803,43.898473],[25.974776,43.898457],[25.974607,43.898362],[25.97457,43.898341],[25.97441,43.898251],[25.974214,43.898141],[25.974096,43.898075],[25.974017,43.89803],[25.973821,43.897919],[25.973624,43.897809],[25.973427,43.897698],[25.973313,43.897634],[25.973233,43.897586],[25.97304,43.897471],[25.972848,43.897357],[25.972747,43.897296],[25.972655,43.897243],[25.97246,43.897131],[25.972265,43.897018],[25.972071,43.896906],[25.972017,43.896875],[25.971918,43.89679],[25.9719,43.896776],[25.971739,43.896638],[25.971729,43.89663],[25.971671,43.896581],[25.971649,43.896562],[25.971586,43.896509],[25.971577,43.896516],[25.971569,43.896522],[25.971545,43.896532],[25.971521,43.896538],[25.971496,43.89654],[25.971471,43.896538],[25.971448,43.896531],[25.971427,43.896521],[25.971409,43.896508],[25.971397,43.896492],[25.97139,43.896474],[25.971389,43.896468],[25.971389,43.896457],[25.971393,43.896439],[25.971405,43.89642],[25.971418,43.896408],[25.971438,43.896396],[25.971465,43.896387],[25.971433,43.89634],[25.971418,43.896321],[25.971381,43.896272],[25.971302,43.896176],[25.971293,43.896166],[25.971183,43.896034],[25.971164,43.896012],[25.971123,43.895964],[25.971032,43.895859],[25.9709,43.895707],[25.970767,43.895554],[25.970725,43.895505],[25.970702,43.895479],[25.970634,43.895402],[25.9705,43.895251],[25.970366,43.895099],[25.970291,43.895015],[25.970231,43.894948],[25.970214,43.894928],[25.970097,43.894796],[25.969963,43.894644],[25.969829,43.894493],[25.969695,43.894341],[25.969606,43.894241],[25.969565,43.894188],[25.969512,43.89412],[25.969453,43.894027],[25.969349,43.893864],[25.969245,43.8937],[25.969141,43.893537],[25.969104,43.893478],[25.969037,43.893373],[25.968982,43.893285],[25.968952,43.893237],[25.968933,43.89321],[25.968825,43.893048],[25.96875,43.892936],[25.968711,43.892888],[25.968684,43.892856],[25.968624,43.892793],[25.968568,43.89274],[25.968525,43.8927],[25.968457,43.892648],[25.968401,43.892607],[25.968378,43.892591],[25.968338,43.892563],[25.968219,43.892484],[25.96815,43.892438],[25.968124,43.892421],[25.968102,43.892405],[25.96804,43.892359],[25.967993,43.892324],[25.967865,43.892231],[25.967689,43.892103],[25.967514,43.891976],[25.967338,43.891848],[25.967177,43.89173],[25.967162,43.891721],[25.967072,43.89166],[25.966981,43.891597],[25.966937,43.891568],[25.966861,43.891516],[25.966799,43.891474],[25.966735,43.891431],[25.96673,43.891426],[25.966674,43.891378],[25.966633,43.891339],[25.966626,43.891332],[25.966494,43.89119],[25.966443,43.891134],[25.96635,43.891043],[25.966293,43.890986],[25.966245,43.890944],[25.966202,43.890912],[25.966191,43.890905],[25.96616,43.890883],[25.96612,43.890862],[25.966085,43.89085],[25.966045,43.890845],[25.965996,43.890846],[25.965969,43.89085],[25.965953,43.890852],[25.965735,43.890912],[25.965504,43.890976],[25.965502,43.890976],[25.96527,43.891043],[25.965223,43.891057],[25.965267,43.891196],[25.965276,43.891226],[25.965323,43.891372],[25.96538,43.891547],[25.965437,43.891722],[25.965454,43.891776],[25.965493,43.891897],[25.965548,43.892073],[25.965603,43.892248],[25.965659,43.892423],[25.965688,43.892515],[25.9657,43.892565],[25.965709,43.892599],[25.965754,43.892776],[25.9658,43.892953],[25.965845,43.89313],[25.965891,43.893307],[25.965893,43.893316],[25.965751,43.893286],[25.965666,43.893268],[25.96565,43.893265],[25.96562,43.893257],[25.96559,43.893245],[25.96545,43.893179],[25.965242,43.893081],[25.965144,43.893034],[25.965034,43.892982],[25.964906,43.892921],[25.964825,43.892883],[25.964617,43.892785],[25.964408,43.892686],[25.964358,43.892662],[25.964232,43.892764],[25.964064,43.892897],[25.963897,43.89303],[25.96373,43.893164],[25.963562,43.893297],[25.963395,43.893431],[25.963228,43.893564],[25.963061,43.893698],[25.962893,43.893831],[25.962726,43.893964],[25.962559,43.894098],[25.962449,43.894185],[25.962393,43.894232],[25.962391,43.894235],[25.962358,43.894227],[25.962252,43.8942],[25.96216,43.894176],[25.961926,43.894113],[25.96192,43.894111],[25.961706,43.894054],[25.961692,43.894052],[25.961449,43.894013],[25.961389,43.894003],[25.961333,43.89399],[25.961247,43.893965],[25.961239,43.893969],[25.961232,43.893972],[25.96122,43.893974],[25.961213,43.893974],[25.961202,43.893974],[25.961185,43.893973],[25.961163,43.89397],[25.961135,43.893964],[25.961087,43.893949],[25.961076,43.893944],[25.960972,43.89395],[25.960724,43.893965],[25.960652,43.893969],[25.960475,43.89398],[25.960413,43.893984],[25.960409,43.893987],[25.960285,43.894082],[25.960116,43.894211],[25.960113,43.894213],[25.959948,43.894347],[25.959782,43.894482],[25.959775,43.894488],[25.959612,43.894613],[25.959556,43.894657],[25.959478,43.894709],[25.959443,43.894742],[25.959441,43.894744],[25.959313,43.894868],[25.959291,43.894887],[25.959233,43.89494],[25.959222,43.894956],[25.959206,43.894971],[25.959188,43.894983],[25.959166,43.894993],[25.959143,43.895],[25.959118,43.895012],[25.958911,43.895112],[25.958845,43.895143],[25.95882,43.895161],[25.95872,43.895227],[25.9587,43.89524],[25.958537,43.895348],[25.958525,43.895356],[25.958354,43.895471],[25.958171,43.895593],[25.957988,43.895715],[25.95787,43.895794],[25.957804,43.895837],[25.95762,43.895958],[25.957475,43.896053],[25.957436,43.896079],[25.957254,43.896203],[25.957126,43.89629],[25.957073,43.896326],[25.956891,43.896449],[25.95676,43.896537],[25.956709,43.896571],[25.956708,43.896571],[25.956524,43.896693],[25.956412,43.896766],[25.95634,43.896814],[25.956157,43.896936],[25.956115,43.896965],[25.955973,43.897058],[25.95579,43.89718],[25.955696,43.897241],[25.955635,43.897285],[25.955607,43.897302],[25.955423,43.897423],[25.955238,43.897544],[25.955054,43.897665],[25.955051,43.897668],[25.954871,43.897787],[25.954687,43.897909],[25.954525,43.898018],[25.954504,43.898032],[25.954322,43.898155],[25.95414,43.898277],[25.954011,43.898365],[25.953958,43.8984],[25.953917,43.898428],[25.95378,43.898518],[25.953774,43.898522],[25.953624,43.898621],[25.95359,43.898643],[25.953406,43.898764],[25.953221,43.898885],[25.953037,43.899006],[25.952853,43.899128],[25.952668,43.899249],[25.952569,43.899314],[25.952483,43.899369],[25.952296,43.899488],[25.952131,43.899593],[25.952108,43.899607],[25.952085,43.899621],[25.951922,43.899726],[25.951737,43.899847],[25.951551,43.899967],[25.951366,43.900087],[25.951181,43.900207],[25.950995,43.900328],[25.950837,43.90043],[25.95081,43.900448],[25.950626,43.90057],[25.950442,43.900691],[25.950258,43.900813],[25.950075,43.900934],[25.949891,43.901056],[25.949721,43.901168],[25.949707,43.901177],[25.949522,43.901298],[25.949337,43.901419],[25.949153,43.90154],[25.949056,43.901603],[25.948968,43.901661],[25.948785,43.901783],[25.948601,43.901904],[25.948417,43.902026],[25.948234,43.902147],[25.948067,43.902258],[25.94805,43.902269],[25.947865,43.90239],[25.947681,43.902511],[25.947496,43.902632],[25.947484,43.90264],[25.947312,43.902753],[25.947127,43.902874],[25.947007,43.902952],[25.946944,43.902996],[25.946762,43.903119],[25.946589,43.903236],[25.94658,43.903242],[25.946395,43.903363],[25.946211,43.903484],[25.946026,43.903604],[25.945957,43.903649],[25.945843,43.903727],[25.945661,43.903849],[25.945478,43.903972],[25.9454,43.904025],[25.945297,43.904095],[25.945115,43.904219],[25.944934,43.904342],[25.944879,43.90438],[25.944753,43.904466],[25.944572,43.90459],[25.944392,43.904714],[25.944316,43.904767],[25.94421,43.904838],[25.944028,43.90496],[25.943845,43.905083],[25.943663,43.905205],[25.943629,43.905228],[25.943479,43.905327],[25.943295,43.905448],[25.943111,43.90557],[25.943003,43.905641],[25.942928,43.905692],[25.942746,43.905815],[25.942564,43.905937],[25.942426,43.90603],[25.942381,43.90606],[25.942198,43.906182],[25.942015,43.906304],[25.941889,43.906389],[25.941832,43.906426],[25.941649,43.906548],[25.941465,43.90667],[25.941283,43.906792],[25.941282,43.906792],[25.941095,43.906911],[25.940909,43.907031],[25.940722,43.90715],[25.940709,43.907158],[25.940866,43.907284],[25.941033,43.907418],[25.9412,43.907552],[25.941367,43.907685],[25.941534,43.907819],[25.941701,43.907953],[25.941867,43.908086],[25.942034,43.90822],[25.942177,43.908334],[25.942201,43.908354],[25.942368,43.908488],[25.942479,43.908577],[25.942531,43.908623],[25.94269,43.908762],[25.942848,43.908901],[25.942968,43.909007],[25.943006,43.90904],[25.943164,43.909179],[25.943323,43.909318],[25.943481,43.909457],[25.943529,43.909499],[25.943638,43.909597],[25.943793,43.909738],[25.943949,43.909878],[25.944105,43.910019],[25.944255,43.910154],[25.944262,43.910158],[25.944454,43.910273],[25.944512,43.910308],[25.944666,43.910365],[25.944881,43.910444],[25.944889,43.910447],[25.945115,43.910521],[25.945342,43.910596],[25.945569,43.910671],[25.945796,43.910745],[25.946023,43.91082],[25.94625,43.910895],[25.946477,43.91097],[25.94653,43.910987],[25.946705,43.911042],[25.946934,43.911113],[25.947163,43.911184],[25.947188,43.911192],[25.947394,43.911252],[25.947626,43.911319],[25.947857,43.911386],[25.947965,43.911417],[25.94809,43.911449],[25.948326,43.911509],[25.948561,43.911568],[25.948796,43.911628],[25.949032,43.911687],[25.949267,43.911747],[25.949502,43.911806],[25.949738,43.911866],[25.949973,43.911925],[25.950208,43.911985],[25.950444,43.912044],[25.950679,43.912104],[25.950914,43.912163],[25.95115,43.912223],[25.951368,43.912278],[25.951368,43.912278]]},"properties":{"line":"G5","dir":"1","headsign":"Drumul Fermei","mode":"bus","color":"#0059a9","lbl":"5"}},{"type":"Feature","geometry":{"type":"LineString","coordinates":[[25.981486,43.902536],[25.981486,43.902536],[25.981427,43.902361],[25.981369,43.902186],[25.981311,43.902011],[25.981252,43.901837],[25.981194,43.901662],[25.981136,43.901487],[25.981077,43.901312],[25.981019,43.901137],[25.98096,43.900962],[25.980902,43.900787],[25.980844,43.900612],[25.980805,43.900495],[25.980785,43.900438],[25.980725,43.900263],[25.980665,43.900089],[25.980604,43.899914],[25.980587,43.899862],[25.980543,43.89974],[25.980482,43.899565],[25.980421,43.899391],[25.980378,43.899271],[25.980359,43.899217],[25.98033,43.899135],[25.980324,43.899118],[25.980283,43.899061],[25.980275,43.899049],[25.980246,43.899009],[25.980219,43.898981],[25.980191,43.898955],[25.980156,43.898926],[25.980131,43.898926],[25.980116,43.898924],[25.980105,43.898923],[25.980081,43.898918],[25.980058,43.898911],[25.980036,43.898901],[25.980017,43.89889],[25.98,43.898876],[25.979986,43.898861],[25.979931,43.898842],[25.979906,43.898836],[25.979883,43.898831],[25.97985,43.898825],[25.979822,43.898822],[25.979747,43.89882],[25.979659,43.898822],[25.979567,43.898825],[25.97941,43.898828],[25.979376,43.898829],[25.979305,43.89883],[25.979161,43.898834],[25.978912,43.898842],[25.978663,43.898849],[25.978413,43.898856],[25.978164,43.898864],[25.977915,43.898871],[25.97784,43.898873],[25.977666,43.898877],[25.977417,43.898883],[25.977167,43.898889],[25.977075,43.898891],[25.976918,43.898895],[25.976669,43.898902],[25.97642,43.898909],[25.976171,43.898916],[25.975921,43.898922],[25.975887,43.898923],[25.975843,43.898924],[25.975672,43.898927],[25.975624,43.898928],[25.975544,43.89893],[25.97554,43.898938],[25.975525,43.898956],[25.975501,43.898971],[25.975465,43.898978],[25.975454,43.898978],[25.975431,43.898978],[25.975396,43.89897],[25.975369,43.898954],[25.975352,43.898933],[25.975344,43.898908],[25.975348,43.898887],[25.975353,43.898872],[25.975357,43.898866],[25.975341,43.898847],[25.975239,43.898732],[25.975193,43.898704],[25.975189,43.898702],[25.975,43.89859],[25.974807,43.898476],[25.974776,43.898457],[25.974611,43.898365],[25.97457,43.898341],[25.974415,43.898254],[25.974218,43.898143],[25.974096,43.898075],[25.974022,43.898033],[25.973825,43.897922],[25.973629,43.897811],[25.973432,43.897701],[25.973313,43.897634],[25.973237,43.897588],[25.973045,43.897474],[25.972853,43.897359],[25.972747,43.897296],[25.972659,43.897246],[25.972465,43.897133],[25.97227,43.897021],[25.972075,43.896908],[25.972017,43.896875],[25.971918,43.89679],[25.971904,43.896779],[25.971742,43.896642],[25.971729,43.89663],[25.971671,43.896581],[25.971649,43.896562],[25.971586,43.896509],[25.971581,43.896513],[25.971569,43.896522],[25.971545,43.896532],[25.971521,43.896538],[25.971496,43.89654],[25.971471,43.896538],[25.971448,43.896531],[25.971427,43.896521],[25.971409,43.896508],[25.971397,43.896492],[25.97139,43.896474],[25.97139,43.896472],[25.971389,43.896457],[25.971393,43.896439],[25.971405,43.89642],[25.971418,43.896408],[25.971438,43.896396],[25.971465,43.896387],[25.971433,43.89634],[25.971421,43.896325],[25.971381,43.896272],[25.971302,43.896176],[25.971296,43.896169],[25.971183,43.896034],[25.971167,43.896015],[25.971123,43.895964],[25.971035,43.895863],[25.970903,43.89571],[25.97077,43.895558],[25.970725,43.895505],[25.970702,43.895479],[25.970637,43.895406],[25.970503,43.895254],[25.970369,43.895103],[25.970291,43.895015],[25.970234,43.894951],[25.970214,43.894928],[25.9701,43.8948],[25.969966,43.894648],[25.969832,43.894496],[25.969698,43.894345],[25.969606,43.894241],[25.969567,43.894191],[25.969512,43.89412],[25.969455,43.894031],[25.969351,43.893867],[25.969247,43.893704],[25.969143,43.89354],[25.969104,43.893478],[25.96904,43.893377],[25.968982,43.893285],[25.968952,43.893237],[25.968936,43.893213],[25.968828,43.893051],[25.96875,43.892936],[25.968714,43.892891],[25.968684,43.892856],[25.968624,43.892793],[25.968572,43.892744],[25.968525,43.8927],[25.968457,43.892648],[25.968405,43.89261],[25.968378,43.892591],[25.968338,43.892563],[25.968223,43.892487],[25.96815,43.892438],[25.968124,43.892421],[25.968102,43.892405],[25.968044,43.892362],[25.967993,43.892324],[25.967869,43.892234],[25.967693,43.892106],[25.967518,43.891979],[25.967342,43.891851],[25.967177,43.89173],[25.967166,43.891723],[25.967072,43.89166],[25.966985,43.8916],[25.966937,43.891568],[25.966861,43.891516]]},"properties":{"line":"G6","dir":"0","headsign":"Piața Centrală","mode":"bus","color":"#0059a9","lbl":"6"}},{"type":"Feature","geometry":{"type":"LineString","coordinates":[[25.966735,43.891431],[25.966861,43.891516],[25.966917,43.891554],[25.966937,43.891568],[25.967072,43.89166],[25.967098,43.891677],[25.967177,43.89173],[25.967277,43.891803],[25.967452,43.891931],[25.967628,43.892059],[25.967803,43.892186],[25.967979,43.892314],[25.967993,43.892324],[25.968102,43.892405],[25.968124,43.892421],[25.96815,43.892438],[25.968155,43.892442],[25.968338,43.892563],[25.968378,43.892591],[25.968457,43.892648],[25.968514,43.892691],[25.968525,43.8927],[25.968624,43.892793],[25.968664,43.892835],[25.968684,43.892856],[25.96875,43.892936],[25.968787,43.892991],[25.968895,43.893153],[25.968952,43.893237],[25.968982,43.893285],[25.969001,43.893316],[25.969104,43.893478],[25.969104,43.893479],[25.969208,43.893643],[25.969312,43.893806],[25.969416,43.89397],[25.969512,43.89412],[25.969522,43.894133],[25.969606,43.894241],[25.969647,43.894288],[25.969782,43.89444],[25.969916,43.894591],[25.97005,43.894743],[25.970184,43.894895],[25.970214,43.894928],[25.970291,43.895015],[25.970319,43.895046],[25.970453,43.895198],[25.970587,43.895349],[25.970702,43.895479],[25.970721,43.895501],[25.970725,43.895505],[25.970853,43.895653],[25.970986,43.895806],[25.971118,43.895958],[25.971123,43.895964],[25.971183,43.896034],[25.971248,43.896112],[25.971302,43.896176],[25.971376,43.896266],[25.971381,43.896272],[25.971433,43.89634],[25.971465,43.896387],[25.971485,43.896384],[25.97151,43.896384],[25.971524,43.896386],[25.971535,43.896388],[25.971557,43.896397],[25.971573,43.896405],[25.971591,43.896423],[25.971602,43.896441],[25.971606,43.896458],[25.971604,43.896476],[25.971596,43.896493],[25.971586,43.896509],[25.97161,43.896529],[25.971649,43.896562],[25.971671,43.896581],[25.971729,43.89663],[25.971772,43.896666],[25.971918,43.89679],[25.971933,43.896803],[25.972017,43.896875],[25.97211,43.896929],[25.972305,43.897041],[25.9725,43.897154],[25.972694,43.897266],[25.972747,43.897296],[25.972887,43.89738],[25.97308,43.897494],[25.973272,43.897609],[25.973313,43.897634],[25.973468,43.89772],[25.973664,43.897831],[25.973861,43.897942],[25.974057,43.898053],[25.974096,43.898075],[25.974254,43.898163],[25.97445,43.898274],[25.97457,43.898341],[25.974647,43.898385],[25.974776,43.898457],[25.974842,43.898496],[25.975035,43.898611],[25.975189,43.898702],[25.975227,43.898725],[25.975239,43.898732],[25.975387,43.898803],[25.975434,43.898826],[25.975439,43.898829],[25.975462,43.898832],[25.975491,43.898838],[25.975516,43.89885],[25.975675,43.898846],[25.975677,43.898846],[25.975882,43.898838],[25.975924,43.898837],[25.976173,43.89883],[25.976422,43.898824],[25.976672,43.898817],[25.976921,43.898811],[25.97717,43.898805],[25.977419,43.898798],[25.977669,43.898792],[25.977918,43.898786],[25.978167,43.898779],[25.978416,43.898773],[25.978665,43.898766],[25.978915,43.89876],[25.979164,43.898754],[25.979413,43.898747],[25.979566,43.898743],[25.979662,43.898741],[25.979747,43.898739],[25.979827,43.898736],[25.979911,43.898732],[25.979913,43.898731],[25.979998,43.898723],[25.980014,43.898709],[25.980033,43.898697],[25.980054,43.898687],[25.980077,43.898679],[25.980101,43.898674],[25.980126,43.898671],[25.980136,43.898671],[25.980152,43.898671],[25.980177,43.898673],[25.980201,43.898678],[25.980224,43.898685],[25.980246,43.898695],[25.980265,43.898707],[25.980282,43.89872],[25.980296,43.898736],[25.980306,43.898752],[25.980314,43.89877],[25.980315,43.898774],[25.980318,43.898788],[25.980318,43.898806],[25.980315,43.898824],[25.980308,43.898841],[25.980298,43.898858],[25.980285,43.898873],[25.980268,43.898887],[25.980282,43.898944],[25.980324,43.899118],[25.980325,43.899121],[25.98033,43.899135],[25.980378,43.899271],[25.980387,43.899295],[25.980448,43.899469],[25.98051,43.899644],[25.980571,43.899818],[25.980587,43.899862],[25.980631,43.899992],[25.980692,43.900167],[25.980752,43.900341],[25.980805,43.900495],[25.980812,43.900516],[25.98087,43.900691],[25.980928,43.900866],[25.980987,43.901041],[25.981045,43.901216],[25.981103,43.90139],[25.981162,43.901565],[25.98122,43.90174],[25.981278,43.901915],[25.981337,43.90209],[25.981395,43.902265],[25.981453,43.90244],[25.981486,43.902536],[25.981486,43.902536]]},"properties":{"line":"G6","dir":"1","headsign":"Miron Nicolescu","mode":"bus","color":"#0059a9","lbl":"6"}},{"type":"Feature","geometry":{"type":"LineString","coordinates":[[25.981271,43.907779],[25.981214,43.907642],[25.981198,43.907607],[25.98116,43.907529],[25.981119,43.907453],[25.981111,43.907439],[25.981014,43.907273],[25.980973,43.907203],[25.980917,43.907107],[25.980821,43.906941],[25.980725,43.906775],[25.980629,43.906609],[25.980532,43.906443],[25.980505,43.906397],[25.980461,43.906321],[25.980436,43.906277],[25.980406,43.906225],[25.98034,43.906111],[25.980304,43.90605],[25.980244,43.905945],[25.980147,43.90578],[25.980051,43.905614],[25.979955,43.905448],[25.979859,43.905282],[25.979815,43.905206],[25.979762,43.905116],[25.979724,43.905049],[25.97967,43.904956],[25.979666,43.90495],[25.97957,43.904784],[25.979512,43.904684],[25.979474,43.904618],[25.979377,43.904452],[25.979281,43.904286],[25.979185,43.90412],[25.979156,43.904071],[25.9791,43.903973],[25.979089,43.903954],[25.979038,43.903867],[25.978998,43.903799],[25.978992,43.903789],[25.978927,43.903682],[25.978892,43.903624],[25.978833,43.903528],[25.978791,43.903459],[25.97869,43.903295],[25.978589,43.90313],[25.978489,43.902966],[25.978388,43.902801],[25.978372,43.902775],[25.978289,43.902636],[25.978191,43.902471],[25.978092,43.902306],[25.978062,43.902255],[25.978016,43.902177],[25.977994,43.90214],[25.977897,43.901975],[25.977878,43.901942],[25.9778,43.901809],[25.977703,43.901643],[25.977606,43.901477],[25.977509,43.901312],[25.977442,43.901197],[25.977411,43.901146],[25.977312,43.900981],[25.977232,43.90085],[25.977212,43.900816],[25.977116,43.900657],[25.977113,43.900652],[25.977027,43.900507],[25.977014,43.900486],[25.976986,43.900445],[25.976942,43.900386],[25.976893,43.900329],[25.97688,43.900314],[25.976749,43.900183],[25.976693,43.900127],[25.976623,43.90006],[25.9766,43.900038],[25.976454,43.899893],[25.976307,43.899747],[25.976217,43.899659],[25.97616,43.899602],[25.976105,43.899548],[25.976013,43.899457],[25.975927,43.899372],[25.975866,43.899311],[25.975806,43.899253],[25.975719,43.899166],[25.975708,43.899156],[25.975639,43.899086],[25.975554,43.899033],[25.975508,43.899005],[25.975465,43.898978],[25.975431,43.898978],[25.975396,43.89897],[25.975369,43.898954],[25.975356,43.898937],[25.975352,43.898933],[25.975344,43.898908],[25.975348,43.898887],[25.975353,43.898872],[25.975357,43.898866],[25.975276,43.898774],[25.975239,43.898732],[25.975189,43.898702],[25.975099,43.898649],[25.974907,43.898535],[25.974776,43.898457],[25.974713,43.898422],[25.97457,43.898341],[25.974516,43.898311],[25.97432,43.8982],[25.974123,43.89809],[25.974096,43.898075],[25.973927,43.897979],[25.97373,43.897868],[25.973533,43.897758],[25.973337,43.897647],[25.973313,43.897634],[25.973144,43.897533],[25.972952,43.897418],[25.972759,43.897304],[25.972747,43.897296],[25.972565,43.897191],[25.97237,43.897079],[25.972176,43.896966],[25.972017,43.896875],[25.971987,43.896849],[25.971918,43.89679],[25.971826,43.896712],[25.971729,43.89663],[25.971671,43.896581],[25.971664,43.896575],[25.971649,43.896562],[25.971586,43.896509],[25.971569,43.896522],[25.971545,43.896532],[25.971521,43.896538],[25.971496,43.89654],[25.971471,43.896538],[25.971471,43.896538],[25.971448,43.896531],[25.971427,43.896521],[25.971409,43.896508],[25.971397,43.896492],[25.97139,43.896474],[25.971389,43.896457],[25.971393,43.896439],[25.971405,43.89642],[25.971418,43.896408],[25.971436,43.896397],[25.971438,43.896396],[25.971465,43.896387],[25.971433,43.89634],[25.971381,43.896272],[25.971362,43.896249],[25.971302,43.896176],[25.971234,43.896095],[25.971183,43.896034],[25.971123,43.895964],[25.971103,43.895941],[25.970971,43.895789],[25.970839,43.895637],[25.970725,43.895505],[25.970706,43.895484],[25.970702,43.895479],[25.970572,43.895333],[25.970438,43.895181],[25.970304,43.895029],[25.970291,43.895015],[25.970214,43.894928],[25.970169,43.894878],[25.970035,43.894726],[25.969901,43.894575],[25.969767,43.894423],[25.969633,43.894271],[25.969606,43.894241],[25.969512,43.89412],[25.969509,43.894115],[25.969405,43.893952],[25.969301,43.893788],[25.969197,43.893625],[25.969104,43.893478],[25.969093,43.893461],[25.96899,43.893298],[25.968982,43.893285],[25.968952,43.893237],[25.968883,43.893135],[25.968775,43.892973],[25.96875,43.892936],[25.968684,43.892856],[25.968648,43.892818],[25.968624,43.892793],[25.968525,43.8927],[25.968495,43.892677],[25.968457,43.892648],[25.968378,43.892591],[25.968338,43.892563],[25.968318,43.89255],[25.96815,43.892438],[25.968135,43.892428],[25.968124,43.892421],[25.968102,43.892405],[25.967993,43.892324],[25.967959,43.8923],[25.967784,43.892172],[25.967608,43.892045],[25.967433,43.891917],[25.967257,43.891789],[25.967177,43.89173],[25.967078,43.891664],[25.967072,43.89166],[25.966937,43.891568],[25.966897,43.89154]]},"properties":{"line":"G7","dir":"0","headsign":"Piața Centrală","mode":"bus","color":"#0059a9","lbl":"7"}},{"type":"Feature","geometry":{"type":"LineString","coordinates":[[25.966735,43.891431],[25.966861,43.891516],[25.966917,43.891554],[25.966937,43.891568],[25.967072,43.89166],[25.967098,43.891677],[25.967177,43.89173],[25.967277,43.891803],[25.967452,43.891931],[25.967628,43.892059],[25.967803,43.892186],[25.967979,43.892314],[25.967993,43.892324],[25.968102,43.892405],[25.968124,43.892421],[25.96815,43.892438],[25.968155,43.892442],[25.968338,43.892563],[25.968378,43.892591],[25.968457,43.892648],[25.968514,43.892691],[25.968525,43.8927],[25.968624,43.892793],[25.968664,43.892835],[25.968684,43.892856],[25.96875,43.892936],[25.968787,43.892991],[25.968895,43.893153],[25.968952,43.893237],[25.968982,43.893285],[25.969001,43.893316],[25.969104,43.893478],[25.969104,43.893479],[25.969208,43.893643],[25.969312,43.893806],[25.969416,43.89397],[25.969512,43.89412],[25.969522,43.894133],[25.969606,43.894241],[25.969647,43.894288],[25.969782,43.89444],[25.969916,43.894591],[25.97005,43.894743],[25.970184,43.894895],[25.970214,43.894928],[25.970291,43.895015],[25.970319,43.895046],[25.970453,43.895198],[25.970587,43.895349],[25.970702,43.895479],[25.970721,43.895501],[25.970725,43.895505],[25.970853,43.895653],[25.970986,43.895806],[25.971118,43.895958],[25.971123,43.895964],[25.971183,43.896034],[25.971248,43.896112],[25.971302,43.896176],[25.971376,43.896266],[25.971381,43.896272],[25.971433,43.89634],[25.971465,43.896387],[25.971485,43.896384],[25.97151,43.896384],[25.971524,43.896386],[25.971535,43.896388],[25.971557,43.896397],[25.971573,43.896405],[25.971591,43.896423],[25.971602,43.896441],[25.971606,43.896458],[25.971604,43.896476],[25.971596,43.896493],[25.971586,43.896509],[25.97161,43.896529],[25.971649,43.896562],[25.971671,43.896581],[25.971729,43.89663],[25.971772,43.896666],[25.971918,43.89679],[25.971933,43.896803],[25.972017,43.896875],[25.97211,43.896929],[25.972305,43.897041],[25.9725,43.897154],[25.972694,43.897266],[25.972747,43.897296],[25.972887,43.89738],[25.97308,43.897494],[25.973272,43.897609],[25.973313,43.897634],[25.973468,43.89772],[25.973664,43.897831],[25.973861,43.897942],[25.974057,43.898053],[25.974096,43.898075],[25.974254,43.898163],[25.97445,43.898274],[25.97457,43.898341],[25.974647,43.898385],[25.974776,43.898457],[25.974842,43.898496],[25.975035,43.898611],[25.975189,43.898702],[25.975227,43.898725],[25.975239,43.898732],[25.975387,43.898803],[25.975434,43.898826],[25.975439,43.898829],[25.975462,43.898832],[25.975491,43.898838],[25.975516,43.89885],[25.975535,43.898866],[25.975547,43.898887],[25.97555,43.898908],[25.975544,43.89893],[25.97554,43.898938],[25.975553,43.898957],[25.975639,43.899086],[25.975669,43.899116],[25.975708,43.899156],[25.975806,43.899253],[25.975815,43.899262],[25.975927,43.899372],[25.975962,43.899407],[25.976105,43.899548],[25.976109,43.899552],[25.976217,43.899659],[25.976257,43.899697],[25.976403,43.899843],[25.97655,43.899988],[25.976623,43.90006],[25.976693,43.900127],[25.976699,43.900133],[25.976844,43.900279],[25.97688,43.900314],[25.976942,43.900386],[25.976976,43.900431],[25.976986,43.900445],[25.977027,43.900507],[25.977079,43.900595],[25.977116,43.900657],[25.977178,43.90076],[25.977232,43.90085],[25.977278,43.900925],[25.977377,43.90109],[25.977442,43.901197],[25.977476,43.901255],[25.977573,43.901421],[25.97767,43.901586],[25.977767,43.901752],[25.977864,43.901918],[25.977878,43.901942],[25.977961,43.902083],[25.978016,43.902177],[25.978059,43.902249],[25.978062,43.902255],[25.978157,43.902414],[25.978255,43.902579],[25.978354,43.902745],[25.978372,43.902775],[25.978454,43.902909],[25.978555,43.903074],[25.978656,43.903238],[25.978756,43.903403],[25.978833,43.903528],[25.978857,43.903567],[25.978927,43.903682],[25.978958,43.903732],[25.978998,43.903799],[25.979038,43.903867],[25.979056,43.903897],[25.9791,43.903973],[25.979152,43.904063],[25.979156,43.904071],[25.979248,43.904229],[25.979345,43.904395],[25.979441,43.904561],[25.979512,43.904684],[25.979537,43.904727],[25.979633,43.904893],[25.97967,43.904956],[25.979724,43.905049],[25.979729,43.905059],[25.979815,43.905206],[25.979826,43.905225],[25.979922,43.905391],[25.980018,43.905557],[25.980114,43.905723],[25.980211,43.905889],[25.980304,43.90605],[25.980307,43.906055],[25.980403,43.90622],[25.980406,43.906225],[25.980461,43.906321],[25.980499,43.906386],[25.980505,43.906397],[25.980596,43.906552],[25.980692,43.906718],[25.980788,43.906884],[25.980884,43.90705],[25.980973,43.907203],[25.980981,43.907216],[25.981077,43.907382],[25.981119,43.907453],[25.98116,43.907529],[25.98117,43.907549],[25.981214,43.907642]]},"properties":{"line":"G7","dir":"1","headsign":"1 Decembrie 1918 (Alunișului)","mode":"bus","color":"#0059a9","lbl":"7"}},{"type":"Feature","geometry":{"type":"LineString","coordinates":[[25.990854,43.989678],[25.990669,43.989558],[25.990483,43.989438],[25.990297,43.989318],[25.990111,43.989198],[25.989925,43.989078],[25.989739,43.988958],[25.989553,43.988838],[25.989367,43.988718],[25.989181,43.988598],[25.989043,43.988508],[25.988995,43.988478],[25.988808,43.988359],[25.988622,43.988239],[25.988435,43.98812],[25.988248,43.988001],[25.988061,43.987881],[25.987874,43.987762],[25.987687,43.987643],[25.9875,43.987523],[25.987447,43.987489],[25.987315,43.987403],[25.98713,43.987282],[25.986945,43.987162],[25.98676,43.987041],[25.986575,43.98692],[25.98653,43.986891],[25.986394,43.986796],[25.986215,43.986671],[25.986035,43.986546],[25.985856,43.986421],[25.985831,43.986404],[25.985734,43.986322],[25.985689,43.986287],[25.985519,43.986156],[25.985348,43.986024],[25.985178,43.985893],[25.985008,43.985761],[25.984837,43.98563],[25.984781,43.985586],[25.984675,43.985493],[25.984518,43.985354],[25.98436,43.985214],[25.984202,43.985075],[25.984044,43.984936],[25.983886,43.984796],[25.983796,43.984716],[25.983733,43.984654],[25.983585,43.984509],[25.983438,43.984364],[25.98329,43.984219],[25.983245,43.984175],[25.983149,43.984071],[25.98301,43.983922],[25.982871,43.983772],[25.982732,43.983623],[25.982642,43.983526],[25.982596,43.983472],[25.982465,43.983319],[25.982335,43.983165],[25.982204,43.983012],[25.982073,43.982859],[25.981942,43.982706],[25.981902,43.982658],[25.981821,43.982549],[25.981704,43.98239],[25.981587,43.982231],[25.981469,43.982072],[25.981352,43.981913],[25.981308,43.981853],[25.980188,43.980222],[25.978852,43.978287],[25.978851,43.978287],[25.978738,43.978127],[25.978624,43.977966],[25.978511,43.977806],[25.978397,43.977646],[25.978283,43.977486],[25.97817,43.977326],[25.978056,43.977166],[25.977943,43.977006],[25.977829,43.976845],[25.977715,43.976685],[25.977602,43.976525],[25.977488,43.976365],[25.977374,43.976205],[25.977261,43.976045],[25.977189,43.975943],[25.977149,43.975884],[25.977038,43.975723],[25.976928,43.975561],[25.976818,43.9754],[25.976708,43.975238],[25.976597,43.975077],[25.976487,43.974916],[25.976377,43.974754],[25.976267,43.974593],[25.976157,43.974431],[25.976046,43.97427],[25.975936,43.974109],[25.975826,43.973947],[25.975716,43.973786],[25.975606,43.973624],[25.975589,43.973601],[25.975493,43.973464],[25.975381,43.973303],[25.975268,43.973143],[25.975155,43.972982],[25.975043,43.972822],[25.97493,43.972661],[25.974875,43.972584],[25.974817,43.972501],[25.974703,43.972341],[25.974589,43.972181],[25.974476,43.972021],[25.974434,43.971963],[25.974365,43.971859],[25.974257,43.971697],[25.974148,43.971535],[25.97404,43.971373],[25.973931,43.971211],[25.973823,43.971049],[25.973714,43.970887],[25.973606,43.970725],[25.973497,43.970563],[25.973389,43.970401],[25.97328,43.970239],[25.973172,43.970077],[25.973168,43.970072],[25.97315,43.970034],[25.973084,43.969909],[25.972995,43.969741],[25.972906,43.969573],[25.972818,43.969405],[25.972729,43.969237],[25.97264,43.969068],[25.972566,43.968929],[25.972553,43.9689],[25.972476,43.968729],[25.972399,43.968558],[25.972322,43.968387],[25.972245,43.968215],[25.972168,43.968044],[25.972101,43.967895],[25.972093,43.967873],[25.972029,43.967699],[25.971966,43.967525],[25.97191,43.967372],[25.971903,43.967351],[25.971852,43.967175],[25.9718,43.966999],[25.971748,43.966823],[25.971697,43.966647],[25.971687,43.966616],[25.971648,43.966471],[25.9716,43.966294],[25.971552,43.966118],[25.97153,43.966038],[25.97151,43.96594],[25.971472,43.965763],[25.971462,43.965717],[25.971438,43.965585],[25.971404,43.965406],[25.971371,43.965228],[25.971338,43.96505],[25.971304,43.964871],[25.971271,43.964693],[25.971253,43.964599],[25.971242,43.964515],[25.971218,43.964336],[25.971194,43.964157],[25.97117,43.963978],[25.971164,43.963932],[25.971145,43.963799],[25.971119,43.96362],[25.971093,43.963441],[25.971068,43.963262],[25.971042,43.963083],[25.971036,43.96304],[25.971015,43.962904],[25.970987,43.962725],[25.970959,43.962547],[25.970931,43.962368],[25.970903,43.962189],[25.970875,43.96201],[25.970875,43.962005],[25.970847,43.961832],[25.970819,43.961653],[25.970791,43.961474],[25.970762,43.961296],[25.970734,43.961117],[25.970706,43.960938],[25.970685,43.960805],[25.970685,43.960804],[25.970545,43.959654],[25.97036,43.958027],[25.970275,43.957344],[25.970275,43.957343],[25.97026,43.957262],[25.970243,43.957166],[25.97021,43.956987],[25.970178,43.956809],[25.970165,43.956736],[25.970151,43.95663],[25.970132,43.956481],[25.970127,43.956451],[25.970095,43.956273],[25.970063,43.956094],[25.970053,43.956039],[25.970053,43.956039],[25.969024,43.949085],[25.969024,43.949084],[25.968999,43.948906],[25.968973,43.948727],[25.968948,43.948548],[25.968922,43.948369],[25.968897,43.94819],[25.968871,43.948012],[25.968845,43.947833],[25.96882,43.947654],[25.968794,43.947475],[25.968769,43.947296],[25.96876,43.947231],[25.968743,43.947117],[25.968718,43.946938],[25.968692,43.946759],[25.968678,43.946663],[25.968678,43.946662],[25.968456,43.945164],[25.968131,43.942968],[25.96813,43.942966],[25.9681,43.942787],[25.968071,43.942609],[25.968041,43.94243],[25.968011,43.942252],[25.967981,43.942073],[25.967952,43.941894],[25.967922,43.941716],[25.967892,43.941537],[25.967862,43.941359],[25.967833,43.94118],[25.96782,43.941105],[25.967806,43.941001],[25.967781,43.940822],[25.967757,43.940643],[25.967732,43.940464],[25.967708,43.940285],[25.967683,43.940106],[25.967659,43.939927],[25.967634,43.939748],[25.967619,43.939637],[25.96761,43.939569],[25.967586,43.93939],[25.967562,43.939211],[25.967538,43.939032],[25.967513,43.938853],[25.967489,43.938674],[25.967486,43.938651],[25.967462,43.938495],[25.967435,43.938317],[25.967407,43.938138],[25.96738,43.937959],[25.967352,43.93778],[25.967324,43.937602],[25.967297,43.937423],[25.967274,43.937274],[25.967269,43.937244],[25.967243,43.937065],[25.967231,43.936986],[25.967218,43.936886],[25.967193,43.936707],[25.967168,43.936528],[25.967143,43.936349],[25.967119,43.93617],[25.967094,43.935991],[25.967069,43.935812],[25.967044,43.935633],[25.967026,43.935505],[25.967019,43.935455],[25.966992,43.935276],[25.966965,43.935097],[25.966938,43.934918],[25.966911,43.934739],[25.966885,43.93456],[25.966858,43.934382],[25.966831,43.934203],[25.966804,43.934024],[25.966782,43.933878],[25.966777,43.933845],[25.966752,43.933666],[25.966726,43.933487],[25.966712,43.933394],[25.966701,43.933308],[25.966679,43.933129],[25.966656,43.93295],[25.966634,43.932771],[25.966611,43.932592],[25.966589,43.932413],[25.966567,43.932241],[25.966566,43.932234],[25.966538,43.932055],[25.96651,43.931876],[25.966482,43.931697],[25.966454,43.931519],[25.966426,43.93134],[25.966398,43.931161],[25.96637,43.930982],[25.96637,43.930981],[25.96634,43.930804],[25.96631,43.930625],[25.966281,43.930447],[25.966251,43.930268],[25.966235,43.930174],[25.966223,43.93011],[25.966219,43.93009],[25.966186,43.929911],[25.966173,43.929841],[25.966155,43.929733],[25.966127,43.929554],[25.966098,43.929376],[25.966091,43.92933],[25.966069,43.929197],[25.966039,43.929018],[25.966038,43.92901],[25.966013,43.92884],[25.965992,43.928696],[25.965987,43.928661],[25.965959,43.928482],[25.965931,43.928303],[25.965903,43.928124],[25.965899,43.928099],[25.965878,43.927945],[25.965867,43.927869],[25.965856,43.927789],[25.965852,43.927767],[25.965824,43.927588],[25.965796,43.927409],[25.965795,43.927403],[25.965765,43.927231],[25.965734,43.927052],[25.965703,43.926874],[25.965673,43.926695],[25.965651,43.926571],[25.965643,43.926517],[25.965616,43.926338],[25.965589,43.926159],[25.965561,43.92598],[25.965534,43.925801],[25.965507,43.925623],[25.96548,43.925444],[25.965453,43.925265],[25.965438,43.925166],[25.965426,43.925086],[25.965401,43.924907],[25.965376,43.924728],[25.965351,43.924549],[25.965326,43.92437],[25.9653,43.924191],[25.965275,43.924012],[25.965256,43.923874],[25.965256,43.923873],[25.965243,43.923781],[25.965084,43.922654],[25.964724,43.920155],[25.964637,43.919569],[25.964425,43.918069],[25.96438,43.917748],[25.964339,43.917455],[25.964258,43.916881],[25.964169,43.91625],[25.964125,43.915942],[25.963778,43.913509],[25.963566,43.912038],[25.963566,43.912037],[25.963539,43.911858],[25.963512,43.911679],[25.963485,43.911501],[25.963458,43.911322],[25.963431,43.911143],[25.963409,43.910996],[25.963404,43.910964],[25.963375,43.910785],[25.963347,43.910607],[25.963319,43.910428],[25.963291,43.910249],[25.963263,43.910071],[25.963234,43.909892],[25.963206,43.909713],[25.963178,43.909534],[25.96315,43.909356],[25.963121,43.909177],[25.963093,43.908998],[25.963081,43.908918],[25.963067,43.908819],[25.963043,43.90864],[25.963019,43.908461],[25.962995,43.908282],[25.962971,43.908103],[25.962947,43.907924],[25.962923,43.907745],[25.962899,43.907566],[25.962876,43.907387],[25.962852,43.907208],[25.962828,43.907029],[25.962822,43.906988],[25.962822,43.906986],[25.962432,43.904466],[25.962408,43.904312],[25.962366,43.904046],[25.962353,43.903931],[25.962353,43.90393],[25.962328,43.903752],[25.962326,43.903735],[25.962304,43.903573],[25.96228,43.903394],[25.962255,43.903215],[25.962244,43.903135],[25.962231,43.903036],[25.962206,43.902857],[25.962182,43.902678],[25.962172,43.902603],[25.962159,43.902499],[25.962138,43.90232],[25.962116,43.90214],[25.962095,43.901961],[25.962073,43.901782],[25.962052,43.901603],[25.96203,43.901424],[25.962027,43.901398],[25.962027,43.901398],[25.961879,43.900392],[25.961606,43.898541],[25.961595,43.898465],[25.961595,43.898464],[25.961565,43.898286],[25.961535,43.898107],[25.961505,43.897928],[25.961475,43.89775],[25.961445,43.897571],[25.961434,43.897502],[25.961417,43.897393],[25.961389,43.897214],[25.961387,43.897201],[25.96136,43.897035],[25.961352,43.896988],[25.961334,43.896856],[25.961321,43.896768],[25.961305,43.896678],[25.961272,43.896499],[25.96124,43.896321],[25.961208,43.896143],[25.961202,43.89611],[25.961182,43.895964],[25.961159,43.895785],[25.961135,43.895606],[25.961149,43.895711],[25.961173,43.89589],[25.961196,43.89607],[25.961202,43.89611],[25.961227,43.896248],[25.961259,43.896426],[25.961292,43.896605],[25.961321,43.896768],[25.961323,43.896783],[25.961348,43.896962],[25.961352,43.896988],[25.961377,43.897141],[25.961387,43.897201],[25.961405,43.897319],[25.961433,43.897498],[25.961434,43.897502],[25.961463,43.897677],[25.961493,43.897855],[25.961523,43.898034],[25.961552,43.898212],[25.961582,43.898391],[25.961595,43.898464],[25.961595,43.898465],[25.961606,43.898541],[25.961879,43.900392],[25.962027,43.901398],[25.962027,43.901398],[25.962049,43.901577],[25.96207,43.901756],[25.962092,43.901936],[25.962113,43.902115],[25.962135,43.902294],[25.962156,43.902473],[25.962172,43.902603],[25.962178,43.902652],[25.962203,43.902831],[25.962227,43.90301],[25.962244,43.903135],[25.962252,43.903189],[25.962276,43.903368],[25.9623,43.903547],[25.962325,43.903726],[25.962326,43.903735],[25.962349,43.903905],[25.962353,43.90393],[25.962353,43.903931],[25.962366,43.904046],[25.962408,43.904312],[25.962432,43.904466],[25.962822,43.906986],[25.962822,43.906988],[25.962846,43.907165],[25.96287,43.907344],[25.962894,43.907523],[25.962918,43.907702],[25.962942,43.907881],[25.962966,43.90806],[25.96299,43.908239],[25.963014,43.908418],[25.963038,43.908597],[25.963062,43.908776],[25.963081,43.908918],[25.963086,43.908955],[25.963115,43.909134],[25.963143,43.909313],[25.963171,43.909491],[25.963199,43.90967],[25.963228,43.909849],[25.963256,43.910028],[25.963284,43.910206],[25.963312,43.910385],[25.96334,43.910564],[25.963369,43.910742],[25.963397,43.910921],[25.963409,43.910996],[25.963424,43.9111],[25.963451,43.911279],[25.963478,43.911458],[25.963505,43.911636],[25.963532,43.911815],[25.963559,43.911994],[25.963566,43.912037],[25.963566,43.912038],[25.963778,43.913509],[25.964125,43.915942],[25.964169,43.91625],[25.964258,43.916881],[25.964339,43.917455],[25.96438,43.917748],[25.964425,43.918069],[25.964637,43.919569],[25.964724,43.920155],[25.965084,43.922654],[25.965243,43.923781],[25.965256,43.923873],[25.965256,43.923874],[25.965256,43.923873],[25.965243,43.923781],[25.965084,43.922654],[25.964724,43.920155],[25.964637,43.919569],[25.964637,43.919567],[25.964639,43.919387],[25.964641,43.919207],[25.964641,43.919166],[25.964623,43.919028],[25.9646,43.918849],[25.964594,43.918802],[25.964578,43.91867],[25.964556,43.918491],[25.964553,43.918466],[25.964534,43.918311],[25.964518,43.918179],[25.964511,43.918132],[25.964483,43.917954],[25.964455,43.917775],[25.964448,43.917729],[25.964431,43.917596],[25.964407,43.917417],[25.964383,43.917238],[25.964362,43.917078],[25.96436,43.917059],[25.96434,43.916879],[25.96432,43.9167],[25.964301,43.916521],[25.964297,43.91649],[25.964293,43.916341],[25.96429,43.91624],[25.964297,43.916161],[25.964315,43.915982],[25.964316,43.915971],[25.964345,43.915804],[25.964363,43.915699],[25.964387,43.915627],[25.964445,43.915452],[25.964484,43.915337],[25.964511,43.915278],[25.964592,43.915108],[25.964651,43.914984],[25.964684,43.914941],[25.964804,43.914784],[25.964924,43.914626],[25.965045,43.914468],[25.965165,43.914311],[25.965276,43.914165],[25.965287,43.914154],[25.965436,43.91401],[25.965585,43.913865],[25.965734,43.913721],[25.965755,43.9137],[25.965912,43.913596],[25.966096,43.913474],[25.966279,43.913352],[25.966367,43.913293],[25.966474,43.91324],[25.96668,43.913138],[25.966831,43.913063],[25.96689,43.913042],[25.967113,43.912962],[25.967337,43.912881],[25.967518,43.912817],[25.967563,43.912806],[25.967801,43.912753],[25.968039,43.912699],[25.968278,43.912645],[25.968464,43.912603],[25.968465,43.912603],[25.970225,43.912279],[25.971647,43.912016],[25.971999,43.911948],[25.972929,43.911774],[25.973169,43.911725],[25.97341,43.911677],[25.97365,43.911628],[25.97389,43.911579],[25.973907,43.911576],[25.974126,43.91152],[25.974362,43.911461],[25.974598,43.911401],[25.974833,43.911342],[25.974852,43.911337],[25.975057,43.911263],[25.975281,43.911183],[25.975476,43.911112],[25.975502,43.9111],[25.97571,43.911001],[25.975918,43.910901],[25.976089,43.91082],[25.976124,43.9108],[25.976319,43.910688],[25.976514,43.910575],[25.976709,43.910463],[25.97683,43.910394],[25.976905,43.910351],[25.9771,43.910239],[25.977296,43.910127],[25.977491,43.910015],[25.977591,43.909958],[25.981214,43.907642],[25.983409,43.906236],[25.983409,43.906236],[25.983571,43.906137],[25.994279,43.899342],[25.994279,43.899341],[25.994469,43.899224],[25.994658,43.899107],[25.994847,43.89899],[25.995036,43.898872],[25.995226,43.898755],[25.995415,43.898638],[25.995604,43.89852],[25.995794,43.898403],[25.995983,43.898286],[25.996172,43.898169],[25.996186,43.89816],[25.996351,43.898043],[25.99653,43.897918],[25.996675,43.897815],[25.996706,43.89779],[25.996871,43.897655],[25.997036,43.89752],[25.9972,43.897385],[25.997233,43.897359],[25.997353,43.897242],[25.997502,43.897098],[25.997651,43.896954],[25.9978,43.89681],[25.997949,43.896665],[25.998098,43.896521],[25.998247,43.896377],[25.998324,43.896302],[25.998396,43.896232],[25.998543,43.896087],[25.998691,43.895942],[25.998838,43.895797],[25.998986,43.895652],[25.999133,43.895507],[25.999281,43.895362],[25.999308,43.895335],[25.999426,43.895215],[25.99957,43.895069],[25.999715,43.894922],[25.99986,43.894775],[26.000004,43.894629],[26.000149,43.894482],[26.000293,43.894335],[26.000438,43.894189],[26.000582,43.894042],[26.000631,43.893992],[26.000733,43.893899],[26.000887,43.893757],[26.001042,43.893616],[26.001196,43.893475],[26.001351,43.893333],[26.001413,43.893276],[26.001413,43.893276],[26.002776,43.89189],[26.003682,43.890968],[26.004559,43.890076],[26.006626,43.887974],[26.006627,43.887972],[26.007834,43.886762],[26.011778,43.882805],[26.011778,43.882804],[26.01193,43.882662],[26.012083,43.88252],[26.012236,43.882378],[26.012388,43.882236],[26.012541,43.882093],[26.012694,43.881951],[26.012846,43.881809],[26.012999,43.881666],[26.013152,43.881524],[26.013165,43.881512],[26.013298,43.881378],[26.013444,43.881232],[26.01359,43.881086],[26.013736,43.88094],[26.013882,43.880795],[26.014028,43.880649],[26.014174,43.880503],[26.01432,43.880357],[26.014442,43.880234],[26.014443,43.880233],[26.017461,43.877295],[26.017603,43.877147],[26.017744,43.876999],[26.017886,43.876851],[26.018018,43.876714],[26.018028,43.876703],[26.018174,43.876557],[26.01832,43.876411],[26.018466,43.876265],[26.018612,43.876119],[26.018702,43.876029],[26.018757,43.875973],[26.018903,43.875827],[26.018921,43.875809],[26.01904,43.875677],[26.019136,43.87557],[26.019174,43.875525],[26.019292,43.875385],[26.019301,43.87537],[26.019409,43.875208],[26.019432,43.875173],[26.019518,43.875046],[26.019577,43.874957],[26.019619,43.874882],[26.019704,43.874729],[26.01971,43.874715],[26.019787,43.874543],[26.019794,43.874526],[26.019861,43.874372],[26.019936,43.8742],[26.019977,43.874107],[26.019999,43.874027],[26.020047,43.87385],[26.020058,43.87381],[26.020085,43.873672],[26.020118,43.873494],[26.020119,43.873493],[26.02014,43.873315],[26.020162,43.873136],[26.020164,43.873119],[26.020176,43.872956],[26.020189,43.872777],[26.020192,43.872745],[26.020186,43.872597],[26.02018,43.872417],[26.020173,43.872237],[26.020167,43.872057],[26.020161,43.871878],[26.020154,43.871698],[26.020154,43.871679],[26.020153,43.871677],[26.019966,43.868095],[26.019937,43.867559],[26.019937,43.867558],[26.01993,43.867378],[26.019922,43.867198],[26.019915,43.867019],[26.019908,43.866839],[26.0199,43.866659],[26.019893,43.866479],[26.019886,43.8663],[26.019879,43.86612],[26.019871,43.86594],[26.019864,43.86576],[26.019857,43.86558],[26.019849,43.865401],[26.019842,43.865221],[26.019837,43.865097],[26.019837,43.865096],[26.019772,43.863789],[26.019623,43.860962],[26.019623,43.86096],[26.019548,43.859226],[26.019494,43.858124],[26.019494,43.858122],[26.019472,43.857945],[26.019449,43.857766],[26.019427,43.857597],[26.019424,43.857587],[26.019368,43.857411],[26.01933,43.85729],[26.019311,43.857236],[26.019275,43.857137],[26.019242,43.857064],[26.019172,43.856909],[26.019163,43.856893],[26.019104,43.856791],[26.019068,43.856727],[26.019054,43.856702],[26.018964,43.856563],[26.018927,43.856506],[26.018844,43.856406],[26.018716,43.856251],[26.018669,43.856195],[26.018579,43.856101],[26.018452,43.855968],[26.018436,43.855954],[26.018278,43.855815],[26.018234,43.855776],[26.01811,43.855681],[26.017996,43.855593],[26.017936,43.855553],[26.017845,43.855491],[26.017749,43.855434],[26.017556,43.85532],[26.017539,43.85531],[26.017354,43.855213],[26.017326,43.855199],[26.017145,43.855115],[26.017093,43.855091],[26.016932,43.855022],[26.016815,43.854972],[26.016712,43.854936],[26.016508,43.854865],[26.016487,43.854859],[26.016254,43.854794],[26.016174,43.854772],[26.016018,43.854737],[26.015799,43.854688],[26.015779,43.854684],[26.015536,43.854643],[26.015486,43.854635],[26.01529,43.854613],[26.015183,43.854602],[26.015042,43.85459],[26.014865,43.854576],[26.014794,43.854574],[26.014544,43.854567],[26.014528,43.854567],[26.014295,43.854572],[26.014291,43.854572],[26.014046,43.854583],[26.014029,43.854584],[26.013797,43.854598],[26.013548,43.854613],[26.013511,43.854615],[26.013299,43.85463],[26.013051,43.854647],[26.012802,43.854663],[26.012554,43.85468],[26.012305,43.854697],[26.012056,43.854714],[26.011808,43.854731],[26.011559,43.854748],[26.011311,43.854765],[26.011062,43.854782],[26.010814,43.854799],[26.010565,43.854815],[26.010408,43.854826],[26.010317,43.854835],[26.01007,43.85486],[26.009822,43.854884],[26.009575,43.854909],[26.009328,43.854934],[26.00908,43.854958],[26.008914,43.854975],[26.008833,43.854985],[26.008587,43.855016],[26.008571,43.855018],[26.008342,43.855049],[26.008097,43.855083],[26.008085,43.855084],[26.007854,43.855125],[26.007691,43.855153],[26.007613,43.85517],[26.007392,43.855218],[26.007374,43.855222],[26.007138,43.855281],[26.007012,43.855311],[26.006902,43.85534],[26.006667,43.855402],[26.006648,43.855407],[26.006647,43.855407],[26.005873,43.855629],[26.005646,43.855697],[26.004918,43.855912],[26.004582,43.856015],[26.002877,43.856509],[26.002551,43.856601],[26.00084,43.857105],[25.999454,43.857511],[25.997679,43.858029],[25.997645,43.858039],[25.996445,43.858393],[25.996,43.858522],[25.995309,43.858722],[25.994645,43.858916],[25.9945,43.858959],[25.993874,43.859142],[25.993294,43.859313],[25.992688,43.859488],[25.992093,43.859661],[25.991577,43.859814],[25.991577,43.859814],[25.991344,43.859878],[25.991111,43.859943],[25.991042,43.859963],[25.990876,43.860005],[25.990704,43.860048],[25.990639,43.86006],[25.990397,43.860106],[25.990357,43.860113],[25.990153,43.860142],[25.990048,43.860156],[25.989906,43.860169],[25.989736,43.860183],[25.989658,43.860186],[25.98943,43.860193],[25.989408,43.860193],[25.989159,43.860191],[25.989116,43.860191],[25.98891,43.86018],[25.98881,43.860175],[25.988662,43.860161],[25.9885,43.860145],[25.988416,43.860131],[25.988197,43.860094],[25.988173,43.860089],[25.987933,43.860039],[25.9879,43.860032],[25.987697,43.85998],[25.987608,43.859957],[25.987467,43.859911],[25.987325,43.859866],[25.987241,43.859835],[25.987046,43.859764],[25.987019,43.859752],[25.986804,43.859661],[25.986778,43.85965],[25.986594,43.859564],[25.986519,43.859528],[25.986519,43.859528],[25.986262,43.859402],[25.986004,43.859275],[25.985748,43.859148],[25.985414,43.858985],[25.985115,43.858839],[25.983777,43.858187],[25.983425,43.858016],[25.983167,43.857891],[25.982679,43.857649],[25.980628,43.856642],[25.980627,43.856642],[25.980428,43.856536],[25.980342,43.85649],[25.980231,43.856425],[25.980105,43.85635],[25.980039,43.85631],[25.979866,43.856204],[25.97985,43.856193],[25.979666,43.856071],[25.97959,43.856021],[25.979486,43.855947],[25.979419,43.855899],[25.979308,43.85582],[25.979193,43.855737],[25.979135,43.855691],[25.978982,43.855571],[25.978967,43.855558],[25.978862,43.85547],[25.978807,43.85542],[25.978651,43.855279],[25.978495,43.855139],[25.978417,43.85507],[25.978341,43.854997],[25.978189,43.854855],[25.978037,43.854712],[25.978022,43.854697],[25.977885,43.854569],[25.977734,43.854429],[25.977732,43.854427],[25.977587,43.854288],[25.977582,43.854283],[25.977573,43.854276],[25.977426,43.854143],[25.977271,43.854002],[25.977116,43.853861],[25.976961,43.85372],[25.976908,43.853673],[25.976808,43.853577],[25.976658,43.853434],[25.976651,43.853428],[25.976503,43.853293],[25.976375,43.853177],[25.976347,43.853152],[25.976188,43.853014],[25.97618,43.853007],[25.976024,43.852878],[25.975987,43.852847],[25.975857,43.852744],[25.975689,43.852611],[25.9756,43.85254],[25.975519,43.85248],[25.975459,43.852436],[25.975341,43.852353],[25.975163,43.852228],[25.974984,43.852102],[25.974806,43.851976],[25.974627,43.85185],[25.974448,43.851725],[25.974289,43.851612],[25.97427,43.851599],[25.974091,43.851474],[25.973912,43.851348],[25.973733,43.851223],[25.973553,43.851098],[25.973374,43.850972],[25.973203,43.850852],[25.973202,43.850852],[25.9712,43.849471],[25.970291,43.848841],[25.969851,43.848537],[25.96985,43.848536],[25.969677,43.848408],[25.969503,43.848279],[25.969438,43.84823],[25.969334,43.848147],[25.969243,43.848074],[25.969173,43.84801],[25.969079,43.847924],[25.969022,43.847866],[25.968877,43.84772],[25.968779,43.847622],[25.968735,43.847572],[25.968658,43.847485],[25.968605,43.847422],[25.968603,43.847419],[25.968508,43.847297],[25.968483,43.847262],[25.96837,43.847101],[25.96833,43.847045],[25.968265,43.846938],[25.968165,43.846773],[25.968067,43.846613],[25.968066,43.846611],[25.967905,43.846332],[25.967514,43.84565],[25.966974,43.84471],[25.966771,43.844354],[25.966532,43.843939],[25.966346,43.843616],[25.966346,43.843616],[25.966247,43.843451],[25.966164,43.843313],[25.966146,43.843287],[25.966037,43.843125],[25.965993,43.843058],[25.965925,43.842964],[25.965811,43.842804],[25.965696,43.842644],[25.96563,43.842552],[25.965629,43.842551],[25.965303,43.842111],[25.965141,43.841893],[25.964872,43.841527],[25.964625,43.841192],[25.964491,43.841009],[25.964251,43.840685],[25.964014,43.840361],[25.963643,43.839861],[25.96334,43.839451],[25.963092,43.839117],[25.962373,43.838147],[25.962355,43.838123],[25.962354,43.838123],[25.962239,43.837964],[25.962122,43.837805],[25.962083,43.837751],[25.962061,43.837722],[25.962005,43.837646],[25.961889,43.837487],[25.961772,43.837328],[25.961656,43.837169],[25.961539,43.837009],[25.961535,43.837003],[25.961415,43.836853],[25.961331,43.836747],[25.961288,43.836699],[25.961159,43.836556],[25.961152,43.836548],[25.961007,43.836401],[25.960863,43.836255],[25.960803,43.836194],[25.960713,43.836111],[25.960558,43.83597],[25.960404,43.835828],[25.96025,43.835687],[25.960206,43.835647],[25.960094,43.835546],[25.959944,43.835413],[25.959937,43.835406],[25.959779,43.835267],[25.959621,43.835128],[25.959552,43.835068],[25.959458,43.834992],[25.959295,43.834859],[25.959293,43.834857],[25.959118,43.834729],[25.959086,43.834705],[25.958937,43.834605],[25.958929,43.834599],[25.958751,43.834493],[25.958745,43.834489],[25.958603,43.834405],[25.958552,43.834376],[25.958535,43.834366],[25.958353,43.834267],[25.958154,43.834158],[25.957955,43.83405],[25.957863,43.833999],[25.957755,43.833942],[25.957555,43.833834],[25.957507,43.833808],[25.957356,43.833726],[25.957156,43.833618],[25.956956,43.833511],[25.956756,43.833403],[25.956556,43.833295],[25.956356,43.833187],[25.956306,43.83316]]},"properties":{"line":"train","dir":"0","headsign":"Централна гара Русе","mode":"tram","color":"#d6212b","lbl":"Train"}},{"type":"Feature","geometry":{"type":"LineString","coordinates":[[25.956306,43.83316],[25.956506,43.833268],[25.956705,43.833376],[25.956905,43.833484],[25.957105,43.833591],[25.957305,43.833699],[25.957505,43.833807],[25.957507,43.833808],[25.957705,43.833914],[25.957863,43.833999],[25.957905,43.834022],[25.958104,43.834131],[25.958303,43.83424],[25.958502,43.834348],[25.958535,43.834366],[25.958603,43.834405],[25.958697,43.834461],[25.958751,43.834493],[25.958889,43.834575],[25.958929,43.834599],[25.959073,43.834697],[25.959086,43.834705],[25.959249,43.834825],[25.959295,43.834859],[25.959417,43.834958],[25.959552,43.835068],[25.959581,43.835093],[25.959739,43.835232],[25.959897,43.835371],[25.959944,43.835413],[25.960054,43.835511],[25.960206,43.835647],[25.960211,43.835651],[25.960365,43.835793],[25.96052,43.835934],[25.960674,43.836076],[25.960803,43.836194],[25.960827,43.836218],[25.960971,43.836365],[25.961115,43.836511],[25.961159,43.836556],[25.961254,43.836661],[25.961331,43.836747],[25.961384,43.836814],[25.961508,43.83697],[25.961535,43.837003],[25.961627,43.837129],[25.961743,43.837288],[25.96186,43.837447],[25.961976,43.837606],[25.962061,43.837722],[25.962083,43.837751],[25.962093,43.837765],[25.962209,43.837924],[25.962325,43.838083],[25.962354,43.838123],[25.962355,43.838123],[25.962373,43.838147],[25.963092,43.839117],[25.96334,43.839451],[25.963643,43.839861],[25.964014,43.840361],[25.964251,43.840685],[25.964491,43.841009],[25.964625,43.841192],[25.964872,43.841527],[25.965141,43.841893],[25.965303,43.842111],[25.965629,43.842551],[25.96563,43.842552],[25.965744,43.842712],[25.965859,43.842872],[25.965973,43.843032],[25.965993,43.843058],[25.966083,43.843193],[25.966164,43.843313],[25.96619,43.843356],[25.966289,43.843521],[25.966346,43.843616],[25.966346,43.843616],[25.966532,43.843939],[25.966771,43.844354],[25.966974,43.84471],[25.967514,43.84565],[25.967905,43.846332],[25.968066,43.846611],[25.968067,43.846613],[25.968166,43.846776],[25.968267,43.846941],[25.96833,43.847045],[25.968372,43.847104],[25.968485,43.847264],[25.968508,43.847297],[25.968605,43.847422],[25.968605,43.847422],[25.968658,43.847485],[25.968737,43.847574],[25.968779,43.847622],[25.968879,43.847722],[25.969024,43.847868],[25.969079,43.847924],[25.969175,43.848012],[25.969243,43.848074],[25.969336,43.848149],[25.969438,43.84823],[25.969506,43.848281],[25.96968,43.84841],[25.96985,43.848536],[25.969851,43.848537],[25.970291,43.848841],[25.9712,43.849471],[25.973202,43.850852],[25.973203,43.850852],[25.973382,43.850978],[25.973561,43.851103],[25.97374,43.851228],[25.973919,43.851354],[25.974098,43.851479],[25.974277,43.851604],[25.974289,43.851612],[25.974456,43.85173],[25.974634,43.851856],[25.974813,43.851981],[25.974992,43.852107],[25.97517,43.852233],[25.975349,43.852359],[25.975459,43.852436],[25.975526,43.852485],[25.9756,43.85254],[25.975696,43.852617],[25.975864,43.85275],[25.975987,43.852847],[25.976031,43.852884],[25.97618,43.853007],[25.976194,43.85302],[25.976354,43.853158],[25.976375,43.853177],[25.97651,43.853299],[25.976651,43.853428],[25.976664,43.85344],[25.976815,43.853584],[25.976908,43.853673],[25.976967,43.853726],[25.977122,43.853867],[25.977278,43.854008],[25.977433,43.854148],[25.977573,43.854276],[25.977587,43.854288],[25.977588,43.854289],[25.977734,43.854429],[25.977738,43.854433],[25.977891,43.854575],[25.978022,43.854697],[25.978044,43.854718],[25.978195,43.854861],[25.978347,43.855003],[25.978417,43.85507],[25.978501,43.855145],[25.978657,43.855285],[25.978813,43.855426],[25.978862,43.85547],[25.978974,43.855563],[25.978982,43.855571],[25.979142,43.855697],[25.979193,43.855737],[25.979316,43.855825],[25.979419,43.855899],[25.979493,43.855952],[25.97959,43.856021],[25.979674,43.856076],[25.979857,43.856198],[25.979866,43.856204],[25.980047,43.856315],[25.980105,43.85635],[25.980239,43.85643],[25.980342,43.85649],[25.980436,43.85654],[25.980627,43.856642],[25.980628,43.856642],[25.982679,43.857649],[25.983167,43.857891],[25.983425,43.858016],[25.983777,43.858187],[25.985115,43.858839],[25.985414,43.858985],[25.985748,43.859148],[25.986004,43.859275],[25.986262,43.859402],[25.986519,43.859528],[25.986519,43.859528],[25.986728,43.859626],[25.986778,43.85965],[25.986942,43.859719],[25.987046,43.859764],[25.987161,43.859806],[25.987325,43.859866],[25.987385,43.859885],[25.987608,43.859957],[25.987612,43.859958],[25.987847,43.860019],[25.9879,43.860032],[25.988086,43.860071],[25.988197,43.860094],[25.988328,43.860116],[25.9885,43.860145],[25.988572,43.860152],[25.98881,43.860175],[25.98882,43.860176],[25.989069,43.860188],[25.989116,43.860191],[25.989318,43.860192],[25.98943,43.860193],[25.989568,43.860189],[25.989736,43.860183],[25.989817,43.860176],[25.990048,43.860156],[25.990064,43.860154],[25.99031,43.86012],[25.990357,43.860113],[25.990552,43.860077],[25.990704,43.860048],[25.990791,43.860026],[25.991027,43.859967],[25.991042,43.859963],[25.99126,43.859902],[25.991493,43.859837],[25.991577,43.859814],[25.991577,43.859814],[25.992093,43.859661],[25.992688,43.859488],[25.993294,43.859313],[25.993874,43.859142],[25.9945,43.858959],[25.994645,43.858916],[25.995309,43.858722],[25.996,43.858522],[25.996445,43.858393],[25.997645,43.858039],[25.997679,43.858029],[25.999454,43.857511],[26.00084,43.857105],[26.002551,43.856601],[26.002877,43.856509],[26.004582,43.856015],[26.004918,43.855912],[26.005646,43.855697],[26.005873,43.855629],[26.006647,43.855407],[26.006648,43.855407],[26.006881,43.855346],[26.007012,43.855311],[26.007117,43.855286],[26.007353,43.855228],[26.007392,43.855218],[26.007591,43.855175],[26.007691,43.855153],[26.007832,43.855128],[26.008075,43.855086],[26.008085,43.855084],[26.00832,43.855052],[26.008566,43.855019],[26.008571,43.855018],[26.008811,43.854988],[26.008914,43.854975],[26.009058,43.85496],[26.009306,43.854936],[26.009553,43.854911],[26.0098,43.854887],[26.010048,43.854862],[26.010295,43.854837],[26.010408,43.854826],[26.010543,43.854817],[26.010792,43.8548],[26.01104,43.854783],[26.011289,43.854766],[26.011537,43.854749],[26.011786,43.854732],[26.012034,43.854716],[26.012283,43.854699],[26.012532,43.854682],[26.01278,43.854665],[26.013029,43.854648],[26.013277,43.854631],[26.013511,43.854615],[26.013526,43.854614],[26.013775,43.854599],[26.014023,43.854584],[26.014029,43.854584],[26.014273,43.854573],[26.014291,43.854572],[26.014522,43.854567],[26.014528,43.854567],[26.014772,43.854573],[26.014865,43.854576],[26.01502,43.854588],[26.015183,43.854602],[26.015268,43.854611],[26.015486,43.854635],[26.015514,43.85464],[26.015757,43.854681],[26.015799,43.854688],[26.015996,43.854732],[26.016174,43.854772],[26.016233,43.854788],[26.016466,43.854853],[26.016508,43.854865],[26.016693,43.854929],[26.016815,43.854972],[26.016913,43.855014],[26.017093,43.855091],[26.017127,43.855106],[26.017326,43.855199],[26.017336,43.855204],[26.017538,43.85531],[26.017539,43.85531],[26.017732,43.855424],[26.017845,43.855491],[26.01792,43.855542],[26.017996,43.855593],[26.018095,43.85567],[26.018234,43.855776],[26.018264,43.855802],[26.018422,43.855941],[26.018452,43.855968],[26.018567,43.856088],[26.018669,43.856195],[26.018704,43.856238],[26.018833,43.856392],[26.018927,43.856506],[26.018955,43.856549],[26.019054,43.856702],[26.01906,43.856712],[26.019104,43.856791],[26.019154,43.856878],[26.019172,43.856909],[26.019235,43.857049],[26.019275,43.857137],[26.019305,43.857221],[26.01933,43.85729],[26.019363,43.857396],[26.019419,43.857571],[26.019427,43.857597],[26.019447,43.85775],[26.01947,43.857929],[26.019493,43.858108],[26.019494,43.858122],[26.019494,43.858124],[26.019548,43.859226],[26.019623,43.86096],[26.019623,43.860962],[26.019772,43.863789],[26.019837,43.865096],[26.019837,43.865097],[26.019844,43.865277],[26.019852,43.865457],[26.019859,43.865636],[26.019866,43.865816],[26.019874,43.865996],[26.019881,43.866176],[26.019888,43.866355],[26.019895,43.866535],[26.019903,43.866715],[26.01991,43.866895],[26.019917,43.867075],[26.019925,43.867254],[26.019932,43.867434],[26.019937,43.867558],[26.019937,43.867559],[26.019966,43.868095],[26.020153,43.871677],[26.020154,43.871679],[26.02016,43.871857],[26.020166,43.872037],[26.020173,43.872216],[26.020179,43.872396],[26.020186,43.872576],[26.020192,43.872745],[26.020191,43.872756],[26.020178,43.872935],[26.020165,43.873115],[26.020164,43.873119],[26.020143,43.873294],[26.020121,43.873473],[26.020119,43.873493],[26.020088,43.873652],[26.020058,43.87381],[26.020053,43.87383],[26.020004,43.874006],[26.019977,43.874107],[26.019945,43.87418],[26.01987,43.874352],[26.019795,43.874524],[26.019794,43.874526],[26.019719,43.874695],[26.019704,43.874729],[26.01963,43.874863],[26.019577,43.874957],[26.01953,43.875028],[26.019432,43.875173],[26.019421,43.875189],[26.019313,43.875352],[26.019292,43.875385],[26.019189,43.875507],[26.019136,43.87557],[26.019056,43.87566],[26.018921,43.875809],[26.018919,43.87581],[26.018774,43.875957],[26.018702,43.876029],[26.018628,43.876103],[26.018483,43.876249],[26.018337,43.876395],[26.018191,43.876541],[26.018045,43.876687],[26.018018,43.876714],[26.017902,43.876834],[26.017761,43.876982],[26.017619,43.87713],[26.017477,43.877278],[26.017461,43.877295],[26.014443,43.880233],[26.014442,43.880234],[26.014296,43.88038],[26.01415,43.880526],[26.014004,43.880672],[26.013858,43.880818],[26.013713,43.880964],[26.013567,43.88111],[26.013421,43.881256],[26.013275,43.881402],[26.013165,43.881512],[26.013127,43.881547],[26.012975,43.881689],[26.012822,43.881831],[26.012669,43.881974],[26.012517,43.882116],[26.012364,43.882258],[26.012211,43.882401],[26.012059,43.882543],[26.011906,43.882685],[26.011778,43.882804],[26.011778,43.882805],[26.007834,43.886762],[26.006627,43.887972],[26.006626,43.887974],[26.004559,43.890076],[26.003682,43.890968],[26.002776,43.89189],[26.001413,43.893276],[26.001413,43.893276],[26.001259,43.893417],[26.001104,43.893559],[26.00095,43.8937],[26.000796,43.893841],[26.000641,43.893983],[26.000631,43.893992],[26.000496,43.894129],[26.000352,43.894276],[26.000207,43.894423],[26.000062,43.894569],[25.999918,43.894716],[25.999773,43.894863],[25.999629,43.895009],[25.999484,43.895156],[25.99934,43.895303],[25.999308,43.895335],[25.999193,43.895448],[25.999045,43.895593],[25.998898,43.895738],[25.99875,43.895883],[25.998603,43.896028],[25.998455,43.896173],[25.998324,43.896302],[25.998308,43.896319],[25.998159,43.896463],[25.998009,43.896607],[25.99786,43.896751],[25.997711,43.896896],[25.997562,43.89704],[25.997413,43.897184],[25.997264,43.897328],[25.997233,43.897359],[25.997102,43.897465],[25.996937,43.8976],[25.996772,43.897735],[25.996675,43.897815],[25.996602,43.897867],[25.996424,43.897992],[25.996245,43.898118],[25.996186,43.89816],[25.996059,43.898238],[25.99587,43.898356],[25.995681,43.898473],[25.995492,43.89859],[25.995302,43.898708],[25.995113,43.898825],[25.994924,43.898942],[25.994734,43.899059],[25.994545,43.899177],[25.994356,43.899294],[25.994279,43.899341],[25.994279,43.899342],[25.983571,43.906137],[25.983409,43.906236],[25.983409,43.906236],[25.981214,43.907642],[25.977591,43.909958],[25.977396,43.91007],[25.9772,43.910182],[25.977005,43.910294],[25.97683,43.910394],[25.976809,43.910406],[25.976614,43.910518],[25.976419,43.91063],[25.976224,43.910742],[25.976089,43.91082],[25.976025,43.91085],[25.975817,43.91095],[25.975608,43.911049],[25.975476,43.911112],[25.975395,43.911142],[25.975172,43.911222],[25.974948,43.911302],[25.974852,43.911337],[25.974718,43.911371],[25.974483,43.91143],[25.974247,43.91149],[25.974011,43.911549],[25.973907,43.911576],[25.973773,43.911603],[25.973533,43.911652],[25.973292,43.9117],[25.973052,43.911749],[25.972929,43.911774],[25.971999,43.911948],[25.971647,43.912016],[25.970225,43.912279],[25.968465,43.912603],[25.968464,43.912603],[25.968227,43.912657],[25.967988,43.91271],[25.96775,43.912764],[25.967518,43.912817],[25.967512,43.912819],[25.967289,43.912899],[25.967065,43.912979],[25.966842,43.913059],[25.966831,43.913063],[25.966635,43.91316],[25.96643,43.913262],[25.966367,43.913293],[25.96624,43.913378],[25.966056,43.9135],[25.965873,43.913622],[25.965755,43.9137],[25.965702,43.913752],[25.965553,43.913896],[25.965404,43.914041],[25.965276,43.914165],[25.965259,43.914187],[25.965139,43.914345],[25.965019,43.914502],[25.964899,43.91466],[25.964778,43.914818],[25.964658,43.914975],[25.964651,43.914984],[25.964575,43.915145],[25.964494,43.915315],[25.964484,43.915337],[25.964433,43.915489],[25.964375,43.915664],[25.964363,43.915699],[25.964338,43.915842],[25.964316,43.915971],[25.964311,43.916021],[25.964294,43.9162],[25.96429,43.91624],[25.964294,43.91638],[25.964297,43.91649],[25.964305,43.916559],[25.964325,43.916739],[25.964345,43.916918],[25.964362,43.917078],[25.964365,43.917097],[25.964389,43.917276],[25.964412,43.917455],[25.964436,43.917634],[25.964448,43.917729],[25.964461,43.917813],[25.964489,43.917992],[25.964517,43.918171],[25.964518,43.918179],[25.964539,43.91835],[25.964553,43.918466],[25.964561,43.918529],[25.964582,43.918708],[25.964594,43.918802],[25.964605,43.918887],[25.964628,43.919067],[25.964641,43.919166],[25.96464,43.919246],[25.964638,43.919426],[25.964637,43.919567],[25.964637,43.919569],[25.964724,43.920155],[25.965084,43.922654],[25.965243,43.923781],[25.965256,43.923873],[25.965256,43.923874],[25.965256,43.923873],[25.965243,43.923781],[25.965084,43.922654],[25.964724,43.920155],[25.964637,43.919569],[25.964425,43.918069],[25.96438,43.917748],[25.964339,43.917455],[25.964258,43.916881],[25.964169,43.91625],[25.964125,43.915942],[25.963778,43.913509],[25.963566,43.912038],[25.963566,43.912037],[25.963539,43.911858],[25.963512,43.911679],[25.963485,43.911501],[25.963458,43.911322],[25.963431,43.911143],[25.963409,43.910996],[25.963404,43.910964],[25.963375,43.910785],[25.963347,43.910607],[25.963319,43.910428],[25.963291,43.910249],[25.963263,43.910071],[25.963234,43.909892],[25.963206,43.909713],[25.963178,43.909534],[25.96315,43.909356],[25.963121,43.909177],[25.963093,43.908998],[25.963081,43.908918],[25.963067,43.908819],[25.963043,43.90864],[25.963019,43.908461],[25.962995,43.908282],[25.962971,43.908103],[25.962947,43.907924],[25.962923,43.907745],[25.962899,43.907566],[25.962876,43.907387],[25.962852,43.907208],[25.962828,43.907029],[25.962822,43.906988],[25.962822,43.906986],[25.962432,43.904466],[25.962408,43.904312],[25.962366,43.904046],[25.962353,43.903931],[25.962353,43.90393],[25.962328,43.903752],[25.962326,43.903735],[25.962304,43.903573],[25.96228,43.903394],[25.962255,43.903215],[25.962244,43.903135],[25.962231,43.903036],[25.962206,43.902857],[25.962182,43.902678],[25.962172,43.902603],[25.962159,43.902499],[25.962138,43.90232],[25.962116,43.90214],[25.962095,43.901961],[25.962073,43.901782],[25.962052,43.901603],[25.96203,43.901424],[25.962027,43.901398],[25.962027,43.901398],[25.961879,43.900392],[25.961606,43.898541],[25.961595,43.898465],[25.961595,43.898464],[25.961565,43.898286],[25.961535,43.898107],[25.961505,43.897928],[25.961475,43.89775],[25.961445,43.897571],[25.961434,43.897502],[25.961417,43.897393],[25.961389,43.897214],[25.961387,43.897201],[25.96136,43.897035],[25.961352,43.896988],[25.961334,43.896856],[25.961321,43.896768],[25.961305,43.896678],[25.961272,43.896499],[25.96124,43.896321],[25.961208,43.896143],[25.961202,43.89611],[25.961182,43.895964],[25.961159,43.895785],[25.961135,43.895606],[25.961149,43.895711],[25.961173,43.89589],[25.961196,43.89607],[25.961202,43.89611],[25.961227,43.896248],[25.961259,43.896426],[25.961292,43.896605],[25.961321,43.896768],[25.961323,43.896783],[25.961348,43.896962],[25.961352,43.896988],[25.961377,43.897141],[25.961387,43.897201],[25.961405,43.897319],[25.961433,43.897498],[25.961434,43.897502],[25.961463,43.897677],[25.961493,43.897855],[25.961523,43.898034],[25.961552,43.898212],[25.961582,43.898391],[25.961595,43.898464],[25.961595,43.898465],[25.961606,43.898541],[25.961879,43.900392],[25.962027,43.901398],[25.962027,43.901398],[25.962049,43.901577],[25.96207,43.901756],[25.962092,43.901936],[25.962113,43.902115],[25.962135,43.902294],[25.962156,43.902473],[25.962172,43.902603],[25.962178,43.902652],[25.962203,43.902831],[25.962227,43.90301],[25.962244,43.903135],[25.962252,43.903189],[25.962276,43.903368],[25.9623,43.903547],[25.962325,43.903726],[25.962326,43.903735],[25.962349,43.903905],[25.962353,43.90393],[25.962353,43.903931],[25.962366,43.904046],[25.962408,43.904312],[25.962432,43.904466],[25.962822,43.906986],[25.962822,43.906988],[25.962846,43.907165],[25.96287,43.907344],[25.962894,43.907523],[25.962918,43.907702],[25.962942,43.907881],[25.962966,43.90806],[25.96299,43.908239],[25.963014,43.908418],[25.963038,43.908597],[25.963062,43.908776],[25.963081,43.908918],[25.963086,43.908955],[25.963115,43.909134],[25.963143,43.909313],[25.963171,43.909491],[25.963199,43.90967],[25.963228,43.909849],[25.963256,43.910028],[25.963284,43.910206],[25.963312,43.910385],[25.96334,43.910564],[25.963369,43.910742],[25.963397,43.910921],[25.963409,43.910996],[25.963424,43.9111],[25.963451,43.911279],[25.963478,43.911458],[25.963505,43.911636],[25.963532,43.911815],[25.963559,43.911994],[25.963566,43.912037],[25.963566,43.912038],[25.963778,43.913509],[25.964125,43.915942],[25.964169,43.91625],[25.964258,43.916881],[25.964339,43.917455],[25.96438,43.917748],[25.964425,43.918069],[25.964637,43.919569],[25.964724,43.920155],[25.965084,43.922654],[25.965243,43.923781],[25.965256,43.923873],[25.965256,43.923874],[25.965281,43.924053],[25.965306,43.924232],[25.965331,43.924411],[25.965356,43.92459],[25.965382,43.924769],[25.965407,43.924948],[25.965432,43.925127],[25.965438,43.925166],[25.965459,43.925305],[25.965486,43.925484],[25.965513,43.925663],[25.96554,43.925842],[25.965568,43.926021],[25.965595,43.926199],[25.965622,43.926378],[25.965649,43.926557],[25.965651,43.926571],[25.96568,43.926736],[25.96571,43.926914],[25.965741,43.927093],[25.965772,43.927271],[25.965795,43.927403],[25.965802,43.92745],[25.96583,43.927628],[25.965856,43.927789],[25.965858,43.927807],[25.965867,43.927869],[25.965883,43.927986],[25.965899,43.928099],[25.96591,43.928165],[25.965937,43.928344],[25.965965,43.928522],[25.965992,43.928696],[25.965993,43.928701],[25.966019,43.92888],[25.966038,43.92901],[25.966046,43.929059],[25.966076,43.929237],[25.966091,43.92933],[25.966105,43.929416],[25.966133,43.929595],[25.966162,43.929773],[25.966173,43.929841],[25.966193,43.929952],[25.966223,43.93011],[25.966227,43.93013],[25.966235,43.930174],[25.966258,43.930309],[25.966287,43.930487],[25.966317,43.930666],[25.966347,43.930844],[25.96637,43.930981],[25.966376,43.931023],[25.966404,43.931202],[25.966432,43.93138],[25.96646,43.931559],[25.966489,43.931738],[25.966517,43.931917],[25.966545,43.932095],[25.966567,43.932241],[25.966572,43.932274],[25.966594,43.932453],[25.966617,43.932632],[25.966639,43.932811],[25.966662,43.932991],[25.966684,43.93317],[25.966707,43.933349],[25.966712,43.933394],[25.966732,43.933528],[25.966757,43.933707],[25.966782,43.933878],[25.966783,43.933886],[25.96681,43.934064],[25.966837,43.934243],[25.966864,43.934422],[25.966891,43.934601],[25.966917,43.93478],[25.966944,43.934959],[25.966971,43.935137],[25.966998,43.935316],[25.967025,43.935495],[25.967026,43.935505],[25.96705,43.935674],[25.967075,43.935853],[25.967099,43.936032],[25.967124,43.936211],[25.967149,43.93639],[25.967174,43.936569],[25.967198,43.936748],[25.967223,43.936927],[25.967231,43.936986],[25.967249,43.937106],[25.967274,43.937274],[25.967276,43.937285],[25.967303,43.937463],[25.967331,43.937642],[25.967358,43.937821],[25.967386,43.938],[25.967413,43.938178],[25.967441,43.938357],[25.967468,43.938536],[25.967486,43.938651],[25.967495,43.938715],[25.967519,43.938894],[25.967543,43.939073],[25.967567,43.939252],[25.967591,43.939431],[25.967616,43.93961],[25.967619,43.939637],[25.96764,43.939789],[25.967664,43.939968],[25.967689,43.940147],[25.967714,43.940326],[25.967738,43.940505],[25.967763,43.940684],[25.967787,43.940863],[25.967812,43.941042],[25.96782,43.941105],[25.967839,43.941221],[25.967869,43.941399],[25.967899,43.941578],[25.967929,43.941756],[25.967958,43.941935],[25.967988,43.942113],[25.968018,43.942292],[25.968048,43.942471],[25.968077,43.942649],[25.968107,43.942828],[25.96813,43.942966],[25.968131,43.942968],[25.968456,43.945164],[25.968678,43.946662],[25.968678,43.946663],[25.968704,43.946842],[25.968729,43.947021],[25.968755,43.9472],[25.96876,43.947231],[25.968781,43.947379],[25.968806,43.947558],[25.968832,43.947736],[25.968857,43.947915],[25.968883,43.948094],[25.968908,43.948273],[25.968934,43.948452],[25.96896,43.948631],[25.968985,43.94881],[25.969011,43.948989],[25.969024,43.949084],[25.969024,43.949085],[25.970053,43.956039],[25.970053,43.956039],[25.970085,43.956217],[25.970117,43.956396],[25.970132,43.956481],[25.970144,43.956575],[25.970165,43.956736],[25.970168,43.956754],[25.9702,43.956932],[25.970233,43.95711],[25.97026,43.957262],[25.970265,43.957289],[25.970275,43.957343],[25.970275,43.957344],[25.97036,43.958027],[25.970545,43.959654],[25.970685,43.960804],[25.970685,43.960805],[25.970713,43.960983],[25.970741,43.961161],[25.970769,43.96134],[25.970798,43.961519],[25.970826,43.961697],[25.970854,43.961876],[25.970875,43.962005],[25.970882,43.962055],[25.97091,43.962234],[25.970938,43.962412],[25.970966,43.962591],[25.970994,43.96277],[25.971021,43.962949],[25.971036,43.96304],[25.971048,43.963127],[25.971074,43.963306],[25.9711,43.963485],[25.971126,43.963664],[25.971151,43.963843],[25.971164,43.963932],[25.971176,43.964022],[25.9712,43.964201],[25.971224,43.96438],[25.971248,43.964559],[25.971253,43.964599],[25.971279,43.964738],[25.971312,43.964916],[25.971346,43.965094],[25.971379,43.965272],[25.971413,43.965451],[25.971446,43.965629],[25.971462,43.965717],[25.971481,43.965807],[25.971519,43.965985],[25.97153,43.966038],[25.971564,43.966162],[25.971612,43.966338],[25.97166,43.966515],[25.971687,43.966616],[25.971709,43.966691],[25.971761,43.966867],[25.971813,43.967043],[25.971864,43.967219],[25.97191,43.967372],[25.971918,43.967394],[25.971981,43.967568],[25.972045,43.967742],[25.972101,43.967895],[25.972111,43.967916],[25.972188,43.968087],[25.972265,43.968258],[25.972342,43.968429],[25.972419,43.9686],[25.972496,43.968771],[25.972566,43.968929],[25.972574,43.968942],[25.972662,43.96911],[25.972751,43.969278],[25.97284,43.969446],[25.972929,43.969615],[25.973017,43.969783],[25.973106,43.969951],[25.97315,43.970034],[25.973168,43.970072],[25.973199,43.970118],[25.973307,43.97028],[25.973416,43.970442],[25.973524,43.970604],[25.973633,43.970766],[25.973741,43.970928],[25.97385,43.97109],[25.973958,43.971252],[25.974067,43.971414],[25.974175,43.971576],[25.974284,43.971738],[25.974392,43.9719],[25.974434,43.971963],[25.974504,43.97206],[25.974618,43.972221],[25.974731,43.972381],[25.974845,43.972541],[25.974875,43.972584],[25.974958,43.972701],[25.975071,43.972862],[25.975183,43.973022],[25.975296,43.973183],[25.975409,43.973343],[25.975521,43.973504],[25.975589,43.973601],[25.975633,43.973665],[25.975743,43.973826],[25.975853,43.973987],[25.975964,43.974149],[25.976074,43.97431],[25.976184,43.974472],[25.976294,43.974633],[25.976404,43.974794],[25.976515,43.974956],[25.976625,43.975117],[25.976735,43.975279],[25.976845,43.97544],[25.976955,43.975601],[25.977066,43.975763],[25.977176,43.975924],[25.977189,43.975943],[25.977289,43.976084],[25.977403,43.976245],[25.977516,43.976405],[25.97763,43.976565],[25.977744,43.976725],[25.977857,43.976885],[25.977971,43.977045],[25.978084,43.977205],[25.978198,43.977366],[25.978312,43.977526],[25.978425,43.977686],[25.978539,43.977846],[25.978653,43.978006],[25.978766,43.978166],[25.978851,43.978287],[25.978852,43.978287],[25.980188,43.980222],[25.981308,43.981853],[25.981425,43.982012],[25.981542,43.982171],[25.981659,43.98233],[25.981776,43.982488],[25.981894,43.982647],[25.981902,43.982658],[25.982023,43.982801],[25.982154,43.982954],[25.982285,43.983107],[25.982416,43.983261],[25.982546,43.983414],[25.982642,43.983526],[25.982679,43.983566],[25.982818,43.983715],[25.982957,43.983865],[25.983096,43.984014],[25.983235,43.984164],[25.983245,43.984175],[25.983382,43.984309],[25.983529,43.984454],[25.983677,43.984599],[25.983796,43.984716],[25.983826,43.984743],[25.983984,43.984883],[25.984142,43.985022],[25.9843,43.985162],[25.984458,43.985301],[25.984616,43.98544],[25.984773,43.98558],[25.984781,43.985586],[25.984943,43.985711],[25.985113,43.985843],[25.985284,43.985975],[25.985454,43.986106],[25.985624,43.986238],[25.985734,43.986322],[25.985792,43.986371],[25.985831,43.986404],[25.985967,43.986499],[25.986146,43.986624],[25.986326,43.986749],[25.986505,43.986874],[25.98653,43.986891],[25.98669,43.986995],[25.986875,43.987116],[25.98706,43.987236],[25.987245,43.987357],[25.98743,43.987478],[25.987447,43.987489],[25.987616,43.987597],[25.987803,43.987717],[25.98799,43.987836],[25.988177,43.987955],[25.988364,43.988075],[25.988551,43.988194],[25.988737,43.988313],[25.988924,43.988433],[25.989043,43.988508],[25.989111,43.988552],[25.989297,43.988672],[25.989483,43.988792],[25.989669,43.988912],[25.989854,43.989032],[25.99004,43.989152],[25.990226,43.989272],[25.990412,43.989393],[25.990598,43.989513],[25.990784,43.989633],[25.990854,43.989678]]},"properties":{"line":"train","dir":"1","headsign":"București (via Giurgiu Nord)","mode":"tram","color":"#d6212b","lbl":"Train"}}]}