{"type":"FeatureCollection","features":[{"type":"Feature","geometry":{"type":"LineString","coordinates":[[25.974916,43.83326],[25.974913,43.833238],[25.974922,43.833203]]},"properties":{"name":"","lines":"3, 4, 10, 30, 9, 21, 29","arr":["А3","А4","А10","А30","Т9","Т21","Т29"],"roundabout":1,"mode":"bus","color":"#0059a9","trolley":"mix"}},{"type":"Feature","geometry":{"type":"LineString","coordinates":[[25.974922,43.833203],[25.974951,43.83317],[25.974973,43.833155]]},"properties":{"name":"","lines":"4, 30","arr":["А4","А30"],"roundabout":1,"mode":"bus","color":"#0059a9"}},{"type":"Feature","geometry":{"type":"LineString","coordinates":[[25.974973,43.833155],[25.975018,43.83314],[25.975067,43.833137],[25.975094,43.83314],[25.975139,43.833156],[25.975174,43.833183]]},"properties":{"name":"","lines":"4, 10, 30, 9, 21, 29","arr":["А4","А10","А30","Т9","Т21","Т29"],"roundabout":1,"mode":"bus","color":"#0059a9","trolley":"mix"}},{"type":"Feature","geometry":{"type":"LineString","coordinates":[[25.975174,43.833183],[25.975194,43.833216],[25.975197,43.833234],[25.97519,43.833272],[25.975175,43.833292],[25.975166,43.833303],[25.975129,43.833327],[25.975083,43.83334],[25.975017,43.833338]]},"properties":{"name":"","lines":"3, 4, 10, 30, 9, 21, 29","arr":["А3","А4","А10","А30","Т9","Т21","Т29"],"roundabout":1,"mode":"bus","color":"#0059a9","trolley":"mix"}},{"type":"Feature","geometry":{"type":"LineString","coordinates":[[25.975017,43.833338],[25.974972,43.833322],[25.974938,43.833297]]},"properties":{"name":"","lines":"3, 4, 9, 21, 29","arr":["А3","А4","Т9","Т21","Т29"],"roundabout":1,"mode":"bus","color":"#0059a9","trolley":"mix"}},{"type":"Feature","geometry":{"type":"LineString","coordinates":[[25.974938,43.833297],[25.974916,43.83326]]},"properties":{"name":"","lines":"3, 4, 10, 30, 9, 21, 29","arr":["А3","А4","А10","А30","Т9","Т21","Т29"],"roundabout":1,"mode":"bus","color":"#0059a9","trolley":"mix"}},{"type":"Feature","geometry":{"type":"LineString","coordinates":[[25.967886,43.840712],[25.967891,43.840688],[25.9679,43.840664],[25.967915,43.840642],[25.967934,43.840622],[25.967957,43.840604],[25.967984,43.840589],[25.968013,43.840578],[25.968043,43.84057],[25.968074,43.840565],[25.968107,43.840564],[25.968139,43.840566],[25.968168,43.840571],[25.968196,43.840579],[25.968222,43.840589]]},"properties":{"name":"Шипка","lines":"4, 30","arr":["А4","А30"],"roundabout":1,"mode":"bus","color":"#0059a9"}},{"type":"Feature","geometry":{"type":"LineString","coordinates":[[25.968319,43.840737],[25.968313,43.84076],[25.968302,43.840782],[25.968288,43.840802],[25.968269,43.840821],[25.968247,43.840838],[25.968216,43.840854],[25.968181,43.840866],[25.968144,43.840874],[25.968105,43.840877],[25.968067,43.840875]]},"properties":{"name":"Шипка","lines":"4, 30","arr":["А4","А30"],"roundabout":1,"mode":"bus","color":"#0059a9"}},{"type":"Feature","geometry":{"type":"LineString","coordinates":[[25.968067,43.840875],[25.968045,43.840871],[25.968025,43.840866],[25.968004,43.84086],[25.967985,43.840852]]},"properties":{"name":"Шипка","lines":"4, 5, 30","arr":["А4","А5","А30"],"roundabout":1,"mode":"bus","color":"#0059a9"}},{"type":"Feature","geometry":{"type":"LineString","coordinates":[[25.969597,43.843985],[25.969549,43.843977],[25.969476,43.843949],[25.969421,43.843904],[25.969395,43.843863]]},"properties":{"name":"","lines":"4, 19","arr":["А4","А19"],"roundabout":1,"mode":"bus","color":"#0059a9"}},{"type":"Feature","geometry":{"type":"LineString","coordinates":[[25.969476,43.843679],[25.96952,43.843659],[25.969574,43.843646],[25.969631,43.843642],[25.969688,43.843649],[25.969741,43.843665],[25.969787,43.843689],[25.969823,43.843721],[25.969848,43.843759]]},"properties":{"name":"","lines":"4, 5, 19, 30","arr":["А4","А5","А19","А30"],"roundabout":1,"mode":"bus","color":"#0059a9"}},{"type":"Feature","geometry":{"type":"LineString","coordinates":[[25.969671,43.843982],[25.969597,43.843985]]},"properties":{"name":"","lines":"4, 19","arr":["А4","А19"],"roundabout":1,"mode":"bus","color":"#0059a9"}},{"type":"Feature","geometry":{"type":"LineString","coordinates":[[25.978614,43.853234],[25.978622,43.853188],[25.978642,43.853145]]},"properties":{"name":"","lines":"4, 16, 18, 19, 20, 30","arr":["А4","А16","А18","А19","А20","А30"],"roundabout":1,"mode":"bus","color":"#0059a9"}},{"type":"Feature","geometry":{"type":"LineString","coordinates":[[25.979127,43.853062],[25.97917,43.853093],[25.979204,43.853129],[25.979236,43.85319],[25.979242,43.853255],[25.979223,43.853318],[25.979179,43.853375],[25.979115,43.85342],[25.979059,43.853444],[25.978999,43.853459]]},"properties":{"name":"","lines":"4, 16, 18, 19, 20, 30","arr":["А4","А16","А18","А19","А20","А30"],"roundabout":1,"mode":"bus","color":"#0059a9"}},{"type":"Feature","geometry":{"type":"LineString","coordinates":[[26.008422,43.873181],[26.008478,43.873151],[26.008543,43.873133],[26.008627,43.87313],[26.008707,43.873147],[26.008775,43.873183],[26.008822,43.873233]]},"properties":{"name":"бул. Тутракан","lines":"4, 11, 28","arr":["А4","А11","А28"],"roundabout":1,"mode":"bus","color":"#0059a9"}},{"type":"Feature","geometry":{"type":"LineString","coordinates":[[26.016558,43.876017],[26.016463,43.876031],[26.016367,43.876027],[26.016275,43.876005],[26.016195,43.875967],[26.016133,43.875918],[26.01609,43.87586]]},"properties":{"name":"2","lines":"4, 12, 28","arr":["А4","А12","А28"],"roundabout":1,"mode":"bus","color":"#0059a9"}},{"type":"Feature","geometry":{"type":"LineString","coordinates":[[26.016153,43.87559],[26.016214,43.875549],[26.016286,43.875518]]},"properties":{"name":"2","lines":"4, 28","arr":["А4","А28"],"roundabout":1,"mode":"bus","color":"#0059a9"}},{"type":"Feature","geometry":{"type":"LineString","coordinates":[[26.016286,43.875518],[26.016385,43.875497],[26.016488,43.875497],[26.016588,43.875518],[26.016676,43.875557]]},"properties":{"name":"2","lines":"28","arr":["А28"],"roundabout":1,"mode":"bus","color":"#0059a9"}},{"type":"Feature","geometry":{"type":"LineString","coordinates":[[26.016676,43.875557],[26.016719,43.875587],[26.016751,43.875619],[26.016797,43.875694]]},"properties":{"name":"2","lines":"4, 12, 28","arr":["А4","А12","А28"],"roundabout":1,"mode":"bus","color":"#0059a9"}},{"type":"Feature","geometry":{"type":"LineString","coordinates":[[26.016797,43.875694],[26.016809,43.875773],[26.016789,43.875851],[26.016739,43.875921],[26.016662,43.875977]]},"properties":{"name":"2","lines":"4, 12","arr":["А4","А12"],"roundabout":1,"mode":"bus","color":"#0059a9"}},{"type":"Feature","geometry":{"type":"LineString","coordinates":[[26.016662,43.875977],[26.016558,43.876017]]},"properties":{"name":"2","lines":"4, 12, 28","arr":["А4","А12","А28"],"roundabout":1,"mode":"bus","color":"#0059a9"}},{"type":"Feature","geometry":{"type":"LineString","coordinates":[[26.008755,43.873443],[26.008741,43.873451],[26.008657,43.873479],[26.008564,43.873483],[26.008475,43.873461],[26.008404,43.873418],[26.008362,43.87336],[26.008356,43.873346]]},"properties":{"name":"бул. Тутракан","lines":"4, 11, 12, 28","arr":["А4","А11","А12","А28"],"roundabout":1,"mode":"bus","color":"#0059a9"}},{"type":"Feature","geometry":{"type":"LineString","coordinates":[[25.959715,43.84599],[25.95972,43.845907],[25.959742,43.845836],[25.959786,43.845778]]},"properties":{"name":"бул. Цар Освободител","lines":"8, 10, 15, 28, 33, 13, 21, 27, 29","arr":["А8","А10","А15","А28","А33","Т13","Т21","Т27","Т29"],"roundabout":1,"mode":"bus","color":"#0059a9","trolley":"mix"}},{"type":"Feature","geometry":{"type":"LineString","coordinates":[[25.959786,43.845778],[25.959811,43.845754],[25.959894,43.845693],[25.959994,43.845649]]},"properties":{"name":"бул. Цар Освободител","lines":"5, 6, 8, 10, 11, 12, 15, 16, 18, 19, 20, 28, 33, 50, 2, 13, 21, 27, 29","arr":["А5","А6","А8","А10","А11","А12","А15","А16","А18","А19","А20","А28","А33","А50","Т2","Т13","Т21","Т27","Т29"],"roundabout":1,"mode":"bus","color":"#0059a9","trolley":"mix"}},{"type":"Feature","geometry":{"type":"LineString","coordinates":[[25.959994,43.845649],[25.960085,43.845627],[25.96018,43.845619],[25.960275,43.845624],[25.960367,43.845643],[25.960452,43.845675],[25.960526,43.845718]]},"properties":{"name":"бул. Цар Освободител","lines":"5, 6, 11, 12, 16, 18, 19, 20, 50, 2","arr":["А5","А6","А11","А12","А16","А18","А19","А20","А50","Т2"],"roundabout":1,"mode":"bus","color":"#0059a9","trolley":"mix"}},{"type":"Feature","geometry":{"type":"LineString","coordinates":[[25.960526,43.845718],[25.960565,43.845749],[25.960598,43.845784],[25.960625,43.845821],[25.960646,43.84586]]},"properties":{"name":"бул. Цар Освободител","lines":"5, 6, 8, 10, 11, 12, 15, 16, 18, 19, 20, 28, 33, 50, 2, 13, 21, 27, 29","arr":["А5","А6","А8","А10","А11","А12","А15","А16","А18","А19","А20","А28","А33","А50","Т2","Т13","Т21","Т27","Т29"],"roundabout":1,"mode":"bus","color":"#0059a9","trolley":"mix"}},{"type":"Feature","geometry":{"type":"LineString","coordinates":[[25.960646,43.84586],[25.960667,43.845948],[25.960656,43.846038],[25.960613,43.846122]]},"properties":{"name":"бул. Цар Освободител","lines":"6, 8, 10, 11, 16, 18, 19, 20, 28, 27, 29","arr":["А6","А8","А10","А11","А16","А18","А19","А20","А28","Т27","Т29"],"roundabout":1,"mode":"bus","color":"#0059a9","trolley":"mix"}},{"type":"Feature","geometry":{"type":"LineString","coordinates":[[25.960613,43.846122],[25.960568,43.846173],[25.960511,43.846217],[25.960444,43.846254]]},"properties":{"name":"бул. Цар Освободител","lines":"5, 6, 8, 10, 11, 12, 15, 16, 18, 19, 20, 28, 33, 50, 2, 13, 21, 27, 29","arr":["А5","А6","А8","А10","А11","А12","А15","А16","А18","А19","А20","А28","А33","А50","Т2","Т13","Т21","Т27","Т29"],"roundabout":1,"mode":"bus","color":"#0059a9","trolley":"mix"}},{"type":"Feature","geometry":{"type":"LineString","coordinates":[[25.960444,43.846254],[25.960339,43.846289],[25.960226,43.846305],[25.96011,43.846301],[25.959999,43.846277],[25.959899,43.846235]]},"properties":{"name":"бул. Цар Освободител","lines":"5, 12, 15, 33, 50, 2, 13, 21","arr":["А5","А12","А15","А33","А50","Т2","Т13","Т21"],"roundabout":1,"mode":"bus","color":"#0059a9","trolley":"mix"}},{"type":"Feature","geometry":{"type":"LineString","coordinates":[[25.959899,43.846235],[25.959802,43.846162],[25.959738,43.846072]]},"properties":{"name":"бул. Цар Освободител","lines":"5, 6, 8, 10, 11, 12, 15, 16, 18, 20, 23, 28, 33, 50, 2, 13, 21, 27, 29","arr":["А5","А6","А8","А10","А11","А12","А15","А16","А18","А20","А23","А28","А33","А50","Т2","Т13","Т21","Т27","Т29"],"roundabout":1,"mode":"bus","color":"#0059a9","trolley":"mix"}},{"type":"Feature","geometry":{"type":"LineString","coordinates":[[25.959738,43.846072],[25.959715,43.84599]]},"properties":{"name":"бул. Цар Освободител","lines":"8, 10, 15, 28, 33, 13, 21, 27, 29","arr":["А8","А10","А15","А28","А33","Т13","Т21","Т27","Т29"],"roundabout":1,"mode":"bus","color":"#0059a9","trolley":"mix"}},{"type":"Feature","geometry":{"type":"LineString","coordinates":[[26.006086,43.85365],[26.006176,43.853619],[26.006282,43.853603],[26.006391,43.853605],[26.006496,43.853627],[26.00659,43.853666],[26.006668,43.853721],[26.006708,43.853763],[26.006738,43.85381]]},"properties":{"name":"","lines":"12","arr":["А12"],"roundabout":1,"mode":"bus","color":"#0059a9"}},{"type":"Feature","geometry":{"type":"LineString","coordinates":[[25.952658,43.852618],[25.952666,43.852597],[25.952679,43.852578]]},"properties":{"name":"","lines":"30","arr":["А30"],"roundabout":1,"mode":"bus","color":"#0059a9"}},{"type":"Feature","geometry":{"type":"LineString","coordinates":[[25.952679,43.852578],[25.952706,43.852555],[25.95274,43.852537],[25.952779,43.852527],[25.952822,43.852524],[25.952875,43.852532],[25.952921,43.852553]]},"properties":{"name":"","lines":"23, 30","arr":["А23","А30"],"roundabout":1,"mode":"bus","color":"#0059a9"}},{"type":"Feature","geometry":{"type":"LineString","coordinates":[[25.952919,43.852727],[25.952873,43.852747],[25.952821,43.852755],[25.952769,43.85275],[25.952721,43.852733],[25.952685,43.852707],[25.952663,43.852675],[25.952655,43.852639],[25.952658,43.852618]]},"properties":{"name":"","lines":"30","arr":["А30"],"roundabout":1,"mode":"bus","color":"#0059a9"}},{"type":"Feature","geometry":{"type":"LineString","coordinates":[[26.022754,43.880599],[26.022696,43.880596],[26.022646,43.880584],[26.0226,43.880565],[26.022562,43.880539],[26.022532,43.880508],[26.022512,43.880473],[26.022504,43.880432],[26.022509,43.88039]]},"properties":{"name":"21","lines":"28","arr":["А28"],"roundabout":1,"mode":"bus","color":"#0059a9"}},{"type":"Feature","geometry":{"type":"LineString","coordinates":[[26.022727,43.880255],[26.022787,43.880258]]},"properties":{"name":"21","lines":"28","arr":["А28"],"roundabout":1,"mode":"bus","color":"#0059a9"}},{"type":"Feature","geometry":{"type":"LineString","coordinates":[[26.022981,43.880408],[26.02298,43.880448],[26.022967,43.880487],[26.022942,43.880523],[26.022906,43.880553],[26.022861,43.880577],[26.022809,43.880593],[26.022754,43.880599]]},"properties":{"name":"21","lines":"28","arr":["А28"],"roundabout":1,"mode":"bus","color":"#0059a9"}},{"type":"Feature","geometry":{"type":"LineString","coordinates":[[25.975465,43.898978],[25.975431,43.898978],[25.975396,43.89897],[25.975369,43.898954]]},"properties":{"name":"","lines":"1, 3, 4, 5, 6, 7","arr":["G1","G3","G4","G5","G6","G7"],"roundabout":1,"mode":"bus","color":"#0059a9"}},{"type":"Feature","geometry":{"type":"LineString","coordinates":[[25.975369,43.898954],[25.975352,43.898933],[25.975344,43.898908],[25.975348,43.898887],[25.975353,43.898872]]},"properties":{"name":"","lines":"1, 3, 4, 5, 6, 7","arr":["G1","G3","G4","G5","G6","G7"],"roundabout":1,"mode":"bus","color":"#0059a9"}},{"type":"Feature","geometry":{"type":"LineString","coordinates":[[25.975353,43.898872],[25.975357,43.898866]]},"properties":{"name":"","lines":"1, 3, 4, 5, 6, 7","arr":["G1","G3","G4","G5","G6","G7"],"roundabout":1,"mode":"bus","color":"#0059a9"}},{"type":"Feature","geometry":{"type":"LineString","coordinates":[[25.971521,43.896538],[25.971496,43.89654],[25.971471,43.896538],[25.971448,43.896531],[25.971427,43.896521],[25.971409,43.896508],[25.971397,43.896492],[25.97139,43.896474],[25.971389,43.896457],[25.971393,43.896439],[25.971405,43.89642],[25.971418,43.896408],[25.971438,43.896396],[25.971465,43.896387],[25.971485,43.896384],[25.97151,43.896384],[25.971535,43.896388],[25.971557,43.896397],[25.971573,43.896405],[25.971591,43.896423],[25.971602,43.896441],[25.971606,43.896458],[25.971604,43.896476],[25.971596,43.896493],[25.971586,43.896509],[25.971569,43.896522],[25.971545,43.896532],[25.971521,43.896538]]},"properties":{"name":"","lines":"1, 3, 4, 5, 6, 7","arr":["G1","G3","G4","G5","G6","G7"],"roundabout":1,"mode":"bus","color":"#0059a9"}},{"type":"Feature","geometry":{"type":"LineString","coordinates":[[25.975439,43.898829],[25.975462,43.898832],[25.975491,43.898838],[25.975516,43.89885]]},"properties":{"name":"","lines":"1, 3, 4, 5, 6, 7","arr":["G1","G3","G4","G5","G6","G7"],"roundabout":1,"mode":"bus","color":"#0059a9"}},{"type":"Feature","geometry":{"type":"LineString","coordinates":[[25.975516,43.89885],[25.975535,43.898866],[25.975547,43.898887],[25.97555,43.898908],[25.975544,43.89893]]},"properties":{"name":"","lines":"1, 3, 4, 5, 7","arr":["G1","G3","G4","G5","G7"],"roundabout":1,"mode":"bus","color":"#0059a9"}},{"type":"Feature","geometry":{"type":"LineString","coordinates":[[25.975544,43.89893],[25.97554,43.898938]]},"properties":{"name":"","lines":"1, 3, 4, 5, 6, 7","arr":["G1","G3","G4","G5","G6","G7"],"roundabout":1,"mode":"bus","color":"#0059a9"}},{"type":"Feature","geometry":{"type":"LineString","coordinates":[[25.971795,43.914905],[25.971782,43.914881],[25.971775,43.914856],[25.971776,43.914831],[25.971784,43.914806]]},"properties":{"name":"DN5","lines":"2","arr":["G2"],"roundabout":1,"mode":"bus","color":"#0059a9"}},{"type":"Feature","geometry":{"type":"LineString","coordinates":[[25.970725,43.905338],[25.970697,43.905328],[25.970673,43.905314],[25.970642,43.905285],[25.970623,43.905251],[25.970618,43.905215],[25.970629,43.905179],[25.970657,43.905143]]},"properties":{"name":"","lines":"2","arr":["G2"],"roundabout":1,"mode":"bus","color":"#0059a9"}},{"type":"Feature","geometry":{"type":"LineString","coordinates":[[25.970867,43.905107],[25.970904,43.905123],[25.970934,43.905146],[25.970957,43.905175],[25.970968,43.905208],[25.970967,43.905242],[25.970954,43.905274],[25.970935,43.905297]]},"properties":{"name":"","lines":"2","arr":["G2"],"roundabout":1,"mode":"bus","color":"#0059a9"}},{"type":"Feature","geometry":{"type":"LineString","coordinates":[[25.968358,43.899265],[25.968334,43.89926],[25.968311,43.899252],[25.96829,43.899242],[25.96827,43.89923],[25.968253,43.899217],[25.968238,43.899202],[25.968225,43.899186],[25.968216,43.899169],[25.96821,43.899151],[25.968206,43.899133],[25.968207,43.899114],[25.96821,43.899096],[25.968216,43.899079],[25.968225,43.899061],[25.968238,43.899045]]},"properties":{"name":"","lines":"2","arr":["G2"],"roundabout":1,"mode":"bus","color":"#0059a9"}},{"type":"Feature","geometry":{"type":"LineString","coordinates":[[25.9664,43.895223],[25.966389,43.895206],[25.966381,43.895189],[25.966375,43.895172],[25.966372,43.895154],[25.966372,43.895136],[25.966375,43.895118],[25.96638,43.8951]]},"properties":{"name":"Piața Tricolorului","lines":"2","arr":["G2"],"roundabout":1,"mode":"bus","color":"#0059a9"}},{"type":"Feature","geometry":{"type":"LineString","coordinates":[[25.966607,43.894983],[25.966632,43.894985],[25.966656,43.894989],[25.96668,43.894995],[25.966703,43.895003],[25.966724,43.895012],[25.966744,43.895023],[25.966761,43.895036],[25.966777,43.89505],[25.966791,43.895065],[25.966802,43.895082],[25.96681,43.895099],[25.966816,43.895116],[25.966819,43.895134],[25.966819,43.895152],[25.966816,43.89517],[25.96681,43.895188],[25.966802,43.895205],[25.966791,43.895221],[25.966778,43.895237],[25.966763,43.895251],[25.966745,43.895264],[25.966725,43.895275],[25.966704,43.895285],[25.966682,43.895293],[25.966658,43.895299],[25.966634,43.895303]]},"properties":{"name":"Piața Tricolorului","lines":"2","arr":["G2"],"roundabout":1,"mode":"bus","color":"#0059a9"}},{"type":"Feature","geometry":{"type":"LineString","coordinates":[[25.968434,43.898979],[25.968459,43.898982],[25.968484,43.898988],[25.968507,43.898996],[25.968528,43.899006],[25.968548,43.899017]]},"properties":{"name":"","lines":"2","arr":["G2"],"roundabout":1,"mode":"bus","color":"#0059a9"}},{"type":"Feature","geometry":{"type":"LineString","coordinates":[[25.968548,43.899017],[25.968565,43.899031],[25.96858,43.899046],[25.968592,43.899062],[25.968602,43.899079],[25.968608,43.899097],[25.968611,43.899115],[25.968611,43.899133],[25.968608,43.899151],[25.968602,43.899169],[25.968592,43.899186],[25.96858,43.899202]]},"properties":{"name":"","lines":"2","arr":["G2"],"roundabout":1,"mode":"bus","color":"#0059a9"}},{"type":"Feature","geometry":{"type":"LineString","coordinates":[[25.96858,43.899202],[25.968565,43.899217]]},"properties":{"name":"","lines":"2","arr":["G2"],"roundabout":1,"mode":"bus","color":"#0059a9"}},{"type":"Feature","geometry":{"type":"LineString","coordinates":[[25.971966,43.914717],[25.972004,43.914722]]},"properties":{"name":"DN5","lines":"2","arr":["G2"],"roundabout":1,"mode":"bus","color":"#0059a9"}},{"type":"Feature","geometry":{"type":"LineString","coordinates":[[25.972004,43.914722],[25.972041,43.914732],[25.972073,43.914748],[25.972099,43.914769],[25.972119,43.914794],[25.972131,43.914821],[25.972134,43.914849]]},"properties":{"name":"DN5","lines":"2","arr":["G2"],"roundabout":1,"mode":"bus","color":"#0059a9"}},{"type":"Feature","geometry":{"type":"LineString","coordinates":[[25.972134,43.914849],[25.97213,43.914876],[25.972116,43.914903],[25.972095,43.914927]]},"properties":{"name":"DN5","lines":"2","arr":["G2"],"roundabout":1,"mode":"bus","color":"#0059a9"}},{"type":"Feature","geometry":{"type":"LineString","coordinates":[[25.961247,43.893965],[25.961239,43.893969],[25.961232,43.893972],[25.96122,43.893974],[25.961202,43.893974],[25.961185,43.893973],[25.961163,43.89397],[25.961135,43.893964],[25.961087,43.893949],[25.961076,43.893944]]},"properties":{"name":"Piața Gării","lines":"3, 5","arr":["G3","G5"],"roundabout":1,"mode":"bus","color":"#0059a9"}},{"type":"Feature","geometry":{"type":"LineString","coordinates":[[25.961076,43.893944],[25.960644,43.893736]]},"properties":{"name":"Piața Gării","lines":"3","arr":["G3"],"roundabout":1,"mode":"bus","color":"#0059a9"}},{"type":"Feature","geometry":{"type":"LineString","coordinates":[[25.960644,43.893736],[25.960632,43.893723],[25.960621,43.89369],[25.960619,43.893668],[25.960618,43.893651],[25.96062,43.893634],[25.960625,43.893614],[25.96063,43.893599],[25.960636,43.893589],[25.960639,43.893582],[25.960657,43.893563],[25.960671,43.893552],[25.960702,43.893536],[25.960737,43.89352],[25.960781,43.893508],[25.960829,43.893504],[25.960861,43.893503],[25.960888,43.893507],[25.960914,43.893512],[25.960948,43.893521]]},"properties":{"name":"Piața Gării","lines":"3, 5","arr":["G3","G5"],"roundabout":1,"mode":"bus","color":"#0059a9"}},{"type":"Feature","geometry":{"type":"LineString","coordinates":[[25.959233,43.89494],[25.959222,43.894956],[25.959206,43.894971],[25.959188,43.894983],[25.959166,43.894993],[25.959143,43.895]]},"properties":{"name":"DN5B","lines":"3, 5","arr":["G3","G5"],"roundabout":1,"mode":"bus","color":"#0059a9"}},{"type":"Feature","geometry":{"type":"LineString","coordinates":[[25.959143,43.895],[25.959119,43.895004],[25.959094,43.895004],[25.959068,43.895001],[25.959042,43.894995],[25.959019,43.894987],[25.959,43.894976],[25.958984,43.894962],[25.958971,43.894946]]},"properties":{"name":"DN5B","lines":"3","arr":["G3"],"roundabout":1,"mode":"bus","color":"#0059a9"}},{"type":"Feature","geometry":{"type":"LineString","coordinates":[[25.958971,43.894946],[25.958962,43.894928],[25.958958,43.89491]]},"properties":{"name":"DN5B","lines":"3, 5","arr":["G3","G5"],"roundabout":1,"mode":"bus","color":"#0059a9"}},{"type":"Feature","geometry":{"type":"LineString","coordinates":[[25.958958,43.89491],[25.958958,43.894892],[25.958963,43.894874],[25.958972,43.894857],[25.958986,43.894841],[25.959003,43.894827],[25.959023,43.894816],[25.959046,43.894807],[25.95907,43.894802]]},"properties":{"name":"DN5B","lines":"3, 5","arr":["G3","G5"],"roundabout":1,"mode":"bus","color":"#0059a9"}},{"type":"Feature","geometry":{"type":"LineString","coordinates":[[25.95907,43.894802],[25.959095,43.8948],[25.959121,43.894801],[25.959146,43.894805]]},"properties":{"name":"DN5B","lines":"3, 5","arr":["G3","G5"],"roundabout":1,"mode":"bus","color":"#0059a9"}},{"type":"Feature","geometry":{"type":"LineString","coordinates":[[25.960948,43.893521],[25.960967,43.893532]]},"properties":{"name":"Piața Gării","lines":"3, 5","arr":["G3","G5"],"roundabout":1,"mode":"bus","color":"#0059a9"}},{"type":"Feature","geometry":{"type":"LineString","coordinates":[[25.960967,43.893532],[25.961024,43.893583],[25.961087,43.893651],[25.961145,43.893721],[25.961198,43.89379],[25.96123,43.893839]]},"properties":{"name":"Piața Gării","lines":"3","arr":["G3"],"roundabout":1,"mode":"bus","color":"#0059a9"}},{"type":"Feature","geometry":{"type":"LineString","coordinates":[[25.980318,43.898806],[25.980315,43.898824],[25.980308,43.898841],[25.980298,43.898858],[25.980285,43.898873],[25.980268,43.898887]]},"properties":{"name":"","lines":"6","arr":["G6"],"roundabout":1,"mode":"bus","color":"#0059a9"}},{"type":"Feature","geometry":{"type":"LineString","coordinates":[[25.980156,43.898926],[25.980131,43.898926],[25.980105,43.898923],[25.980081,43.898918],[25.980058,43.898911],[25.980036,43.898901],[25.980017,43.89889],[25.98,43.898876],[25.979986,43.898861]]},"properties":{"name":"","lines":"6","arr":["G6"],"roundabout":1,"mode":"bus","color":"#0059a9"}},{"type":"Feature","geometry":{"type":"LineString","coordinates":[[25.979998,43.898723],[25.980014,43.898709],[25.980033,43.898697],[25.980054,43.898687],[25.980077,43.898679],[25.980101,43.898674],[25.980126,43.898671],[25.980152,43.898671],[25.980177,43.898673],[25.980201,43.898678],[25.980224,43.898685],[25.980246,43.898695],[25.980265,43.898707],[25.980282,43.89872],[25.980296,43.898736],[25.980306,43.898752],[25.980314,43.89877],[25.980318,43.898788],[25.980318,43.898806]]},"properties":{"name":"","lines":"6","arr":["G6"],"roundabout":1,"mode":"bus","color":"#0059a9"}},{"type":"Feature","geometry":{"type":"LineString","coordinates":[[25.97554,43.898938],[25.975525,43.898956],[25.975501,43.898971],[25.975465,43.898978]]},"properties":{"name":"","lines":"6","arr":["G6"],"roundabout":1,"mode":"bus","color":"#0059a9"}},{"type":"Feature","geometry":{"type":"LineString","coordinates":[[25.975174,43.833183],[25.975285,43.833107],[25.975301,43.833096],[25.97572,43.832759],[25.975959,43.83261],[25.976293,43.832425],[25.976507,43.832339],[25.976664,43.8323],[25.977112,43.832194]]},"properties":{"name":"Тодор Икономов","lines":"3, 4, 30, 9, 21, 29","arr":["А3","А4","А30","Т9","Т21","Т29"],"roundabout":0,"mode":"bus","color":"#0059a9","trolley":"mix"}},{"type":"Feature","geometry":{"type":"LineString","coordinates":[[25.977112,43.832194],[25.977308,43.832163]]},"properties":{"name":"Тодор Икономов","lines":"4","arr":["А4"],"roundabout":0,"mode":"bus","color":"#0059a9"}},{"type":"Feature","geometry":{"type":"LineString","coordinates":[[25.974922,43.833203],[25.974754,43.833101],[25.97458,43.833027],[25.974402,43.832948],[25.973916,43.832695],[25.973398,43.832392],[25.973123,43.832223],[25.972905,43.832056],[25.972762,43.831937],[25.972434,43.831649],[25.972323,43.83155],[25.972203,43.831449],[25.972117,43.831383]]},"properties":{"name":"бул. Васил Левски","lines":"3, 4, 10, 9, 21, 29","arr":["А3","А4","А10","Т9","Т21","Т29"],"roundabout":0,"mode":"bus","color":"#0059a9","trolley":"mix"}},{"type":"Feature","geometry":{"type":"LineString","coordinates":[[25.971988,43.83127],[25.972117,43.831383]]},"properties":{"name":"бул. Васил Левски","lines":"3, 4, 8, 10, 23, 28, 9, 13, 21, 24, 27, 29","arr":["А3","А4","А8","А10","А23","А28","Т9","Т13","Т21","Т24","Т27","Т29"],"roundabout":0,"mode":"bus","color":"#0059a9","trolley":"mix"}},{"type":"Feature","geometry":{"type":"LineString","coordinates":[[25.971988,43.83127],[25.971901,43.831196],[25.971691,43.830996],[25.97139,43.830721],[25.971223,43.830579],[25.971143,43.830514],[25.970995,43.83039],[25.970598,43.830108],[25.970343,43.829952],[25.969992,43.829739],[25.969876,43.829682]]},"properties":{"name":"бул. Васил Левски","lines":"3, 4, 8, 23, 28, 13, 24, 27","arr":["А3","А4","А8","А23","А28","Т13","Т24","Т27"],"roundabout":0,"mode":"bus","color":"#0059a9","trolley":"mix"}},{"type":"Feature","geometry":{"type":"LineString","coordinates":[[25.969876,43.829682],[25.969413,43.829469],[25.968941,43.829283],[25.968493,43.829092],[25.968106,43.828952],[25.967729,43.828826],[25.967255,43.828642],[25.967122,43.828591],[25.966762,43.828455],[25.966317,43.828291],[25.965928,43.828163],[25.965817,43.828125],[25.965652,43.828068],[25.964426,43.827651],[25.964057,43.827526],[25.96379,43.827443]]},"properties":{"name":"бул. Васил Левски","lines":"3, 23","arr":["А3","А23"],"roundabout":0,"mode":"bus","color":"#0059a9"}},{"type":"Feature","geometry":{"type":"LineString","coordinates":[[25.95696,43.832189],[25.957024,43.832147],[25.958954,43.830887],[25.958985,43.830864],[25.959827,43.83032],[25.960623,43.829828]]},"properties":{"name":"бул. Гоце Делчев","lines":"3, 11, 18, 23","arr":["А3","А11","А18","А23"],"roundabout":0,"mode":"bus","color":"#0059a9"}},{"type":"Feature","geometry":{"type":"LineString","coordinates":[[25.960623,43.829828],[25.960837,43.829689],[25.960865,43.829671],[25.961519,43.829248],[25.963215,43.827901],[25.963524,43.827652],[25.96379,43.827443]]},"properties":{"name":"бул. Гоце Делчев","lines":"3, 18, 23","arr":["А3","А18","А23"],"roundabout":0,"mode":"bus","color":"#0059a9"}},{"type":"Feature","geometry":{"type":"LineString","coordinates":[[25.96379,43.827443],[25.964087,43.827199],[25.964543,43.82684],[25.964759,43.826669],[25.964926,43.826534],[25.965438,43.82612],[25.967167,43.824706]]},"properties":{"name":"бул. Гоце Делчев","lines":"18","arr":["А18"],"roundabout":0,"mode":"bus","color":"#0059a9"}},{"type":"Feature","geometry":{"type":"LineString","coordinates":[[25.967167,43.824706],[25.967591,43.824351],[25.968161,43.823847],[25.968473,43.823567],[25.968696,43.823351],[25.969254,43.822809],[25.96941,43.822666],[25.969711,43.822367],[25.969952,43.822137],[25.970544,43.821612],[25.971537,43.82067],[25.971702,43.820523]]},"properties":{"name":"бул. Гоце Делчев","lines":"4, 18, 23, 28, 27","arr":["А4","А18","А23","А28","Т27"],"roundabout":0,"mode":"bus","color":"#0059a9","trolley":"mix"}},{"type":"Feature","geometry":{"type":"LineString","coordinates":[[25.95696,43.832189],[25.957253,43.8323],[25.957377,43.832346],[25.957526,43.832402],[25.957585,43.832425],[25.957663,43.832454],[25.958051,43.832601],[25.958151,43.832639],[25.958172,43.832647],[25.958276,43.832686],[25.958616,43.832814],[25.960851,43.833602],[25.962551,43.834169],[25.963344,43.834425],[25.963494,43.834475],[25.963745,43.834556],[25.963922,43.834617],[25.964054,43.834668],[25.964196,43.834724],[25.964327,43.83478],[25.964448,43.834833],[25.964554,43.834885],[25.964733,43.834976],[25.964921,43.835083],[25.965146,43.835224],[25.965239,43.835284],[25.965366,43.835375],[25.965461,43.835448],[25.965838,43.835769]]},"properties":{"name":"бул. България","lines":"3, 11, 18","arr":["А3","А11","А18"],"roundabout":0,"mode":"bus","color":"#0059a9"}},{"type":"Feature","geometry":{"type":"LineString","coordinates":[[25.965718,43.835859],[25.965343,43.835528],[25.965012,43.835297],[25.964868,43.835206],[25.964767,43.835148],[25.964668,43.835093],[25.964541,43.83503],[25.964432,43.834975],[25.964325,43.834923],[25.964197,43.834865],[25.964059,43.83481],[25.963893,43.834747],[25.963448,43.834593],[25.96249,43.834282],[25.960744,43.833721],[25.959684,43.833356],[25.959019,43.833127],[25.958158,43.832797],[25.957656,43.832583],[25.957244,43.832427],[25.956905,43.832299],[25.95647,43.832129],[25.956201,43.832025],[25.955555,43.831773],[25.954529,43.831407],[25.953255,43.830925],[25.95189,43.830409],[25.951514,43.830237],[25.951264,43.830122]]},"properties":{"name":"бул. България","lines":"3, 11, 18","arr":["А3","А11","А18"],"roundabout":0,"mode":"bus","color":"#0059a9"}},{"type":"Feature","geometry":{"type":"LineString","coordinates":[[25.965838,43.835769],[25.966518,43.836322],[25.966564,43.836344],[25.966618,43.836363],[25.966672,43.836373],[25.966739,43.836378],[25.966807,43.836374],[25.966865,43.836365],[25.966922,43.836348],[25.96697,43.836328],[25.967009,43.836306],[25.967047,43.836275],[25.967077,43.836235],[25.967101,43.836201],[25.96712,43.836162],[25.967132,43.836127],[25.967133,43.83609],[25.967129,43.836055],[25.967117,43.836016],[25.967102,43.835981],[25.967082,43.835951],[25.967062,43.835923],[25.96704,43.8359],[25.966487,43.835463],[25.966433,43.835432],[25.96636,43.835406],[25.966298,43.835395],[25.966236,43.835393],[25.966175,43.835402],[25.966117,43.835419],[25.965831,43.83557]]},"properties":{"name":"","lines":"3, 11, 18","arr":["А3","А11","А18"],"roundabout":0,"mode":"bus","color":"#0059a9"}},{"type":"Feature","geometry":{"type":"LineString","coordinates":[[25.96551,43.835772],[25.965236,43.836028],[25.965223,43.836077],[25.965222,43.83613],[25.965226,43.836183],[25.965241,43.836222],[25.965268,43.836262],[25.965965,43.836932],[25.966001,43.836958],[25.966045,43.836981],[25.966089,43.836997],[25.966147,43.837005],[25.966208,43.837006],[25.966269,43.837004],[25.96632,43.836989],[25.966369,43.836966],[25.966401,43.836942],[25.966423,43.836908],[25.966438,43.836874],[25.966449,43.836838],[25.96645,43.836797],[25.966445,43.836764],[25.966433,43.836738],[25.966408,43.836704],[25.966024,43.836309],[25.965971,43.836233],[25.965718,43.835859]]},"properties":{"name":"","lines":"3, 11, 18","arr":["А3","А11","А18"],"roundabout":0,"mode":"bus","color":"#0059a9"}},{"type":"Feature","geometry":{"type":"LineString","coordinates":[[25.947351,43.828135],[25.947294,43.828031],[25.947297,43.827969],[25.947318,43.827929],[25.947384,43.827879],[25.947477,43.827873],[25.94761,43.827897]]},"properties":{"name":"","lines":"3, 11, 18","arr":["А3","А11","А18"],"roundabout":0,"mode":"bus","color":"#0059a9"}},{"type":"Feature","geometry":{"type":"LineString","coordinates":[[25.965831,43.83557],[25.966869,43.834862],[25.96718,43.834662],[25.967482,43.834451],[25.967809,43.834252]]},"properties":{"name":"бул. Христо Ботев","lines":"8, 10, 23, 28, 33, 9, 13, 21, 24, 27, 29","arr":["А8","А10","А23","А28","А33","Т9","Т13","Т21","Т24","Т27","Т29"],"roundabout":0,"mode":"bus","color":"#0059a9","trolley":"mix"}},{"type":"Feature","geometry":{"type":"LineString","coordinates":[[25.972117,43.831383],[25.971916,43.831509],[25.97171,43.831639],[25.971398,43.831835],[25.970897,43.83215],[25.970837,43.832187],[25.970458,43.832427],[25.970154,43.832638],[25.96962,43.833007],[25.969499,43.833091]]},"properties":{"name":"бул. Христо Ботев","lines":"8, 10, 23, 28, 33, 9, 13, 21, 24, 27, 29","arr":["А8","А10","А23","А28","А33","Т9","Т13","Т21","Т24","Т27","Т29"],"roundabout":0,"mode":"bus","color":"#0059a9","trolley":"mix"}},{"type":"Feature","geometry":{"type":"LineString","coordinates":[[25.96551,43.835772],[25.964566,43.836408],[25.963814,43.836916],[25.962687,43.837676],[25.962533,43.837779],[25.960754,43.839125],[25.960535,43.839331]]},"properties":{"name":"бул. Христо Ботев","lines":"8, 10, 23, 28, 33, 9, 13, 21, 24, 27, 29","arr":["А8","А10","А23","А28","А33","Т9","Т13","Т21","Т24","Т27","Т29"],"roundabout":0,"mode":"bus","color":"#0059a9","trolley":"mix"}},{"type":"Feature","geometry":{"type":"LineString","coordinates":[[25.965831,43.83557],[25.96551,43.835772]]},"properties":{"name":"бул. Христо Ботев","lines":"3, 8, 10, 11, 18, 23, 28, 33, 9, 13, 21, 24, 27, 29","arr":["А3","А8","А10","А11","А18","А23","А28","А33","Т9","Т13","Т21","Т24","Т27","Т29"],"roundabout":0,"mode":"bus","color":"#0059a9","trolley":"mix"}},{"type":"Feature","geometry":{"type":"LineString","coordinates":[[25.951264,43.830122],[25.949903,43.829493],[25.949019,43.828997],[25.948148,43.828534],[25.947351,43.828135]]},"properties":{"name":"бул. България","lines":"3, 11, 15, 18","arr":["А3","А11","А15","А18"],"roundabout":0,"mode":"bus","color":"#0059a9"}},{"type":"Feature","geometry":{"type":"LineString","coordinates":[[25.94761,43.827897],[25.94802,43.828106],[25.949061,43.828653],[25.949896,43.829117]]},"properties":{"name":"бул. България","lines":"3, 11, 15, 18","arr":["А3","А11","А15","А18"],"roundabout":0,"mode":"bus","color":"#0059a9"}},{"type":"Feature","geometry":{"type":"LineString","coordinates":[[25.949896,43.829117],[25.950052,43.829114],[25.950154,43.829088],[25.950273,43.829026],[25.950306,43.828942],[25.950299,43.828841],[25.950257,43.828746],[25.950237,43.82873],[25.95015,43.828667],[25.950078,43.828632],[25.950052,43.828616],[25.949979,43.828576],[25.949902,43.828536],[25.949811,43.828517],[25.949716,43.82852],[25.949628,43.828546],[25.949547,43.82858],[25.949499,43.828621],[25.949444,43.82871]]},"properties":{"name":"","lines":"3, 11, 15, 18","arr":["А3","А11","А15","А18"],"roundabout":0,"mode":"bus","color":"#0059a9"}},{"type":"Feature","geometry":{"type":"LineString","coordinates":[[25.949444,43.82871],[25.949476,43.829604],[25.949493,43.829765],[25.949535,43.829945],[25.949632,43.830127],[25.949787,43.830331],[25.950426,43.831135],[25.950762,43.831499],[25.951154,43.831863]]},"properties":{"name":"бул. Мидия-Енос","lines":"3, 11, 15, 18","arr":["А3","А11","А15","А18"],"roundabout":0,"mode":"bus","color":"#0059a9"}},{"type":"Feature","geometry":{"type":"LineString","coordinates":[[25.951154,43.831863],[25.952568,43.832413],[25.953289,43.832716],[25.954028,43.833078],[25.954279,43.833209],[25.955232,43.833748]]},"properties":{"name":"бул. Мидия-Енос","lines":"3, 5, 11, 15, 18","arr":["А3","А5","А11","А15","А18"],"roundabout":0,"mode":"bus","color":"#0059a9"}},{"type":"Feature","geometry":{"type":"LineString","coordinates":[[25.955232,43.833748],[25.955461,43.833875]]},"properties":{"name":"бул. Мидия-Енос","lines":"11","arr":["А11"],"roundabout":0,"mode":"bus","color":"#0059a9"}},{"type":"Feature","geometry":{"type":"LineString","coordinates":[[25.954982,43.833997],[25.955232,43.833748]]},"properties":{"name":"Николаевска","lines":"3, 5, 15, 18","arr":["А3","А5","А15","А18"],"roundabout":0,"mode":"bus","color":"#0059a9"}},{"type":"Feature","geometry":{"type":"LineString","coordinates":[[25.954982,43.833997],[25.954827,43.83415],[25.9548,43.834177],[25.954644,43.834331],[25.95412,43.834817],[25.953423,43.8355],[25.952702,43.836147],[25.952205,43.836628],[25.951895,43.83694],[25.951654,43.837166],[25.951629,43.837189],[25.9516,43.837218],[25.951452,43.837352]]},"properties":{"name":"Николаевска","lines":"3, 5, 18","arr":["А3","А5","А18"],"roundabout":0,"mode":"bus","color":"#0059a9"}},{"type":"Feature","geometry":{"type":"LineString","coordinates":[[25.951452,43.837352],[25.950815,43.83799]]},"properties":{"name":"Николаевска","lines":"3, 5, 6, 8, 16, 18, 19, 50, 2, 9, 24","arr":["А3","А5","А6","А8","А16","А18","А19","А50","Т2","Т9","Т24"],"roundabout":0,"mode":"bus","color":"#0059a9","trolley":"mix"}},{"type":"Feature","geometry":{"type":"LineString","coordinates":[[25.950815,43.83799],[25.950334,43.838424]]},"properties":{"name":"Николаевска","lines":"3, 5, 6, 8, 16, 18, 19, 20, 50, 2, 9, 24","arr":["А3","А5","А6","А8","А16","А18","А19","А20","А50","Т2","Т9","Т24"],"roundabout":0,"mode":"bus","color":"#0059a9","trolley":"mix"}},{"type":"Feature","geometry":{"type":"LineString","coordinates":[[25.949097,43.837895],[25.949705,43.838155],[25.950252,43.838403],[25.950334,43.838424]]},"properties":{"name":"Места","lines":"3, 8","arr":["А3","А8"],"roundabout":0,"mode":"bus","color":"#0059a9"}},{"type":"Feature","geometry":{"type":"LineString","coordinates":[[25.948344,43.840257],[25.948344,43.840211],[25.948343,43.840175],[25.948442,43.839873],[25.948732,43.838977],[25.948807,43.838727],[25.949097,43.837895]]},"properties":{"name":"Стефан Стамболов","lines":"5, 6, 16, 19, 20, 50, 2, 9, 24","arr":["А5","А6","А16","А19","А20","А50","Т2","Т9","Т24"],"roundabout":0,"mode":"bus","color":"#0059a9","trolley":"mix"}},{"type":"Feature","geometry":{"type":"LineString","coordinates":[[25.949097,43.837895],[25.949148,43.837695]]},"properties":{"name":"Стефан Стамболов","lines":"3, 5, 6, 8, 16, 19, 20, 50, 2, 9, 24","arr":["А3","А5","А6","А8","А16","А19","А20","А50","Т2","Т9","Т24"],"roundabout":0,"mode":"bus","color":"#0059a9","trolley":"mix"}},{"type":"Feature","geometry":{"type":"LineString","coordinates":[[25.949148,43.837695],[25.949222,43.837402],[25.949267,43.837245],[25.949282,43.837185]]},"properties":{"name":"Стефан Стамболов","lines":"3, 5, 6, 8, 16, 19, 50, 2, 9, 24","arr":["А3","А5","А6","А8","А16","А19","А50","Т2","Т9","Т24"],"roundabout":0,"mode":"bus","color":"#0059a9","trolley":"mix"}},{"type":"Feature","geometry":{"type":"LineString","coordinates":[[25.949282,43.837185],[25.949333,43.837024],[25.949366,43.836917],[25.949395,43.836845],[25.949674,43.836127],[25.949801,43.835741],[25.949864,43.835509],[25.950057,43.834745],[25.95015,43.833745],[25.950219,43.833078],[25.950274,43.83276],[25.950311,43.832461],[25.950401,43.831751]]},"properties":{"name":"Стефан Стамболов","lines":"5","arr":["А5"],"roundabout":0,"mode":"bus","color":"#0059a9"}},{"type":"Feature","geometry":{"type":"LineString","coordinates":[[25.949282,43.837185],[25.949246,43.837047],[25.949222,43.837003],[25.949182,43.836959],[25.949111,43.836915],[25.949,43.83688]]},"properties":{"name":"","lines":"3, 6, 8, 16, 19, 50, 2, 9, 24","arr":["А3","А6","А8","А16","А19","А50","Т2","Т9","Т24"],"roundabout":0,"mode":"bus","color":"#0059a9","trolley":"mix"}},{"type":"Feature","geometry":{"type":"LineString","coordinates":[[25.949,43.83688],[25.949214,43.836902],[25.949286,43.836909],[25.949366,43.836917],[25.949444,43.83693],[25.950402,43.837085],[25.950668,43.837132],[25.951241,43.837217],[25.951359,43.837241],[25.951375,43.837252],[25.951402,43.837269],[25.951424,43.837283],[25.951452,43.837352]]},"properties":{"name":"Сент Уан","lines":"6, 8, 16, 19, 50, 2, 9, 24","arr":["А6","А8","А16","А19","А50","Т2","Т9","Т24"],"roundabout":0,"mode":"bus","color":"#0059a9","trolley":"mix"}},{"type":"Feature","geometry":{"type":"LineString","coordinates":[[25.949,43.83688],[25.948517,43.836831],[25.948049,43.836786],[25.947581,43.836671],[25.947337,43.8366],[25.947018,43.836485]]},"properties":{"name":"Сент Уан","lines":"3, 6, 8, 16, 19, 50, 2, 9, 24","arr":["А3","А6","А8","А16","А19","А50","Т2","Т9","Т24"],"roundabout":0,"mode":"bus","color":"#0059a9","trolley":"mix"}},{"type":"Feature","geometry":{"type":"LineString","coordinates":[[25.947018,43.836485],[25.943692,43.835205],[25.943519,43.835131],[25.943321,43.835043]]},"properties":{"name":"Струма","lines":"3, 6, 16, 19, 2, 9, 24","arr":["А3","А6","А16","А19","Т2","Т9","Т24"],"roundabout":0,"mode":"bus","color":"#0059a9","trolley":"mix"}},{"type":"Feature","geometry":{"type":"LineString","coordinates":[[25.943321,43.835043],[25.943216,43.834996],[25.943109,43.83493],[25.942312,43.834314],[25.941994,43.834069],[25.941612,43.833745],[25.940996,43.833202],[25.940294,43.832621],[25.939808,43.832186],[25.939614,43.832002],[25.93941,43.83177],[25.939186,43.831495],[25.939011,43.831264],[25.938821,43.830995],[25.938008,43.829849],[25.937296,43.828844],[25.936636,43.828243],[25.936502,43.82811],[25.936402,43.827985],[25.9363,43.827839],[25.936216,43.827719],[25.936129,43.827585],[25.936019,43.827417],[25.935963,43.827322],[25.935713,43.826827],[25.935441,43.826289],[25.93536,43.826175],[25.935235,43.826],[25.934704,43.825256],[25.934462,43.824917],[25.933032,43.822915],[25.932782,43.822565],[25.932715,43.822471],[25.932441,43.822087]]},"properties":{"name":"бул. 3-ти март","lines":"3, 6, 16, 19, 2, 9, 24","arr":["А3","А6","А16","А19","Т2","Т9","Т24"],"roundabout":0,"mode":"bus","color":"#0059a9","trolley":"mix"}},{"type":"Feature","geometry":{"type":"LineString","coordinates":[[25.932441,43.822087],[25.932378,43.821999],[25.932305,43.821897],[25.932157,43.821771],[25.932007,43.821593],[25.93173,43.821299],[25.931656,43.821202],[25.931583,43.821104],[25.931449,43.820912],[25.931257,43.820575],[25.931195,43.820454],[25.931098,43.820138],[25.931048,43.819931],[25.931,43.819793],[25.930905,43.819557]]},"properties":{"name":"бул. 3-ти март","lines":"3, 6, 16, 19","arr":["А3","А6","А16","А19"],"roundabout":0,"mode":"bus","color":"#0059a9"}},{"type":"Feature","geometry":{"type":"LineString","coordinates":[[25.930905,43.819557],[25.930717,43.819162],[25.930459,43.818636],[25.930349,43.818396],[25.930204,43.818094],[25.93017,43.818021],[25.930051,43.817769],[25.92993,43.817484],[25.929893,43.817397],[25.929692,43.816947]]},"properties":{"name":"","lines":"3, 6, 16, 19","arr":["А3","А6","А16","А19"],"roundabout":0,"mode":"bus","color":"#0059a9"}},{"type":"Feature","geometry":{"type":"LineString","coordinates":[[25.927946,43.814602],[25.927973,43.814638],[25.928029,43.814678],[25.928093,43.814701],[25.928172,43.814708],[25.928237,43.814702],[25.928314,43.814679],[25.928374,43.814641],[25.92842,43.814599],[25.928452,43.814542],[25.928466,43.814483],[25.928466,43.814427],[25.928458,43.814367],[25.928447,43.814289]]},"properties":{"name":"","lines":"3, 6, 16, 19","arr":["А3","А6","А16","А19"],"roundabout":0,"mode":"bus","color":"#0059a9"}},{"type":"Feature","geometry":{"type":"LineString","coordinates":[[25.929692,43.816947],[25.929464,43.816513],[25.929432,43.81645],[25.929269,43.816144],[25.929027,43.815632],[25.928835,43.815203],[25.928754,43.815005],[25.928447,43.814289]]},"properties":{"name":"бул. България","lines":"3, 6, 16, 19","arr":["А3","А6","А16","А19"],"roundabout":0,"mode":"bus","color":"#0059a9"}},{"type":"Feature","geometry":{"type":"LineString","coordinates":[[25.928447,43.814289],[25.927961,43.813209]]},"properties":{"name":"бул. България","lines":"6, 16, 19","arr":["А6","А16","А19"],"roundabout":0,"mode":"bus","color":"#0059a9"}},{"type":"Feature","geometry":{"type":"LineString","coordinates":[[25.928404,43.813161],[25.928597,43.813607],[25.929012,43.814563],[25.929018,43.814574],[25.929104,43.814764],[25.929258,43.815097],[25.929481,43.815584],[25.929618,43.815887],[25.929706,43.816068],[25.929797,43.816283],[25.929945,43.816519],[25.93019,43.816869],[25.930266,43.816966],[25.930486,43.817248],[25.930532,43.817307],[25.930928,43.817693],[25.931041,43.817801],[25.931176,43.817918],[25.931674,43.818279],[25.931906,43.818413]]},"properties":{"name":"бул. България","lines":"6, 16, 19","arr":["А6","А16","А19"],"roundabout":0,"mode":"bus","color":"#0059a9"}},{"type":"Feature","geometry":{"type":"LineString","coordinates":[[25.927961,43.813209],[25.927859,43.812977],[25.927422,43.812073],[25.927327,43.811886],[25.92727,43.811795],[25.927164,43.811652],[25.926915,43.811318],[25.926179,43.810585],[25.926093,43.810486],[25.923359,43.807982],[25.923136,43.807765],[25.922586,43.807156],[25.922425,43.806964],[25.92221,43.806663],[25.921598,43.805651],[25.921547,43.805538],[25.921124,43.804594],[25.920488,43.803075],[25.920233,43.80245],[25.919101,43.799749],[25.918822,43.799184],[25.918504,43.798542],[25.918435,43.798423],[25.917796,43.797314],[25.917576,43.796917],[25.917484,43.796752],[25.917315,43.796446],[25.916829,43.795569]]},"properties":{"name":"бул. България","lines":"6, 16","arr":["А6","А16"],"roundabout":0,"mode":"bus","color":"#0059a9"}},{"type":"Feature","geometry":{"type":"LineString","coordinates":[[25.917203,43.795453],[25.91747,43.795949]]},"properties":{"name":"бул. България","lines":"6, 16","arr":["А6","А16"],"roundabout":0,"mode":"bus","color":"#0059a9"}},{"type":"Feature","geometry":{"type":"LineString","coordinates":[[25.917704,43.796384],[25.91784,43.796635],[25.917932,43.7968],[25.918151,43.797196],[25.918467,43.797736],[25.918499,43.797791],[25.918752,43.79823],[25.919177,43.799004],[25.919343,43.79936],[25.9195,43.7997],[25.91994,43.800771],[25.920751,43.802659],[25.921088,43.803439],[25.921158,43.803631],[25.921569,43.804561],[25.921657,43.804759],[25.921728,43.804954],[25.92199,43.805529],[25.922235,43.806],[25.922418,43.806315],[25.922701,43.806705],[25.923075,43.807177],[25.923401,43.807537],[25.923494,43.807627],[25.923666,43.807782],[25.924085,43.808177],[25.924392,43.808455],[25.924592,43.808638],[25.925914,43.809836],[25.926555,43.810418],[25.926889,43.810743],[25.927103,43.810978],[25.927325,43.811254],[25.927548,43.811533],[25.927848,43.81196],[25.928015,43.812326],[25.928161,43.812642],[25.928404,43.813161]]},"properties":{"name":"бул. България","lines":"6, 16","arr":["А6","А16"],"roundabout":0,"mode":"bus","color":"#0059a9"}},{"type":"Feature","geometry":{"type":"LineString","coordinates":[[25.974274,43.823608],[25.974063,43.823517],[25.973369,43.823155]]},"properties":{"name":"Стоян Михайловски","lines":"4, 18, 23, 28, 27","arr":["А4","А18","А23","А28","Т27"],"roundabout":0,"mode":"bus","color":"#0059a9","trolley":"mix"}},{"type":"Feature","geometry":{"type":"LineString","coordinates":[[25.974471,43.822009],[25.97418,43.822305],[25.973685,43.822815],[25.973369,43.823155]]},"properties":{"name":"Йоаким Груев","lines":"4, 18, 23, 28, 27","arr":["А4","А18","А23","А28","Т27"],"roundabout":0,"mode":"bus","color":"#0059a9","trolley":"mix"}},{"type":"Feature","geometry":{"type":"LineString","coordinates":[[25.972157,43.820641],[25.972316,43.820728],[25.972448,43.820801],[25.972699,43.820943],[25.97272,43.820955],[25.97296,43.821092],[25.973139,43.821188],[25.973474,43.821381],[25.973569,43.821442],[25.973782,43.821547],[25.974048,43.821687],[25.97425,43.821807],[25.974471,43.822009]]},"properties":{"name":"Александър Хаджирусет","lines":"4, 18, 23, 28, 27","arr":["А4","А18","А23","А28","Т27"],"roundabout":0,"mode":"bus","color":"#0059a9","trolley":"mix"}},{"type":"Feature","geometry":{"type":"LineString","coordinates":[[25.971702,43.820523],[25.971956,43.820569],[25.972044,43.820594],[25.972157,43.820641]]},"properties":{"name":"","lines":"4, 18, 23, 28, 27","arr":["А4","А18","А23","А28","Т27"],"roundabout":0,"mode":"bus","color":"#0059a9","trolley":"mix"}},{"type":"Feature","geometry":{"type":"LineString","coordinates":[[25.967167,43.824706],[25.967607,43.824902],[25.967866,43.825008],[25.968102,43.825112]]},"properties":{"name":"Даме Груев","lines":"4, 23, 28, 27","arr":["А4","А23","А28","Т27"],"roundabout":0,"mode":"bus","color":"#0059a9","trolley":"mix"}},{"type":"Feature","geometry":{"type":"LineString","coordinates":[[25.968102,43.825112],[25.968379,43.825228],[25.968609,43.825301],[25.968792,43.825349],[25.969083,43.825421],[25.969321,43.825473],[25.970219,43.825665],[25.970441,43.825716],[25.970855,43.825812]]},"properties":{"name":"Даме Груев","lines":"4, 23, 28, 13, 24, 27","arr":["А4","А23","А28","Т13","Т24","Т27"],"roundabout":0,"mode":"bus","color":"#0059a9","trolley":"mix"}},{"type":"Feature","geometry":{"type":"LineString","coordinates":[[25.970855,43.825812],[25.971218,43.825876],[25.971407,43.825934],[25.971564,43.826023],[25.971661,43.826086],[25.971722,43.826138],[25.971772,43.826199],[25.971791,43.826234],[25.971837,43.826317],[25.971927,43.826697],[25.972019,43.827098],[25.97204,43.827312],[25.972047,43.827458],[25.972006,43.827601],[25.971858,43.827894],[25.971278,43.828434],[25.971258,43.828451],[25.970908,43.82875],[25.969959,43.829606],[25.969876,43.829682]]},"properties":{"name":"Даме Груев","lines":"4, 8, 23, 28, 13, 24, 27","arr":["А4","А8","А23","А28","Т13","Т24","Т27"],"roundabout":0,"mode":"bus","color":"#0059a9","trolley":"mix"}},{"type":"Feature","geometry":{"type":"LineString","coordinates":[[25.974754,43.833101],[25.974973,43.833155]]},"properties":{"name":"бул. Васил Левски","lines":"4, 10, 9, 21, 29","arr":["А4","А10","Т9","Т21","Т29"],"roundabout":0,"mode":"bus","color":"#0059a9","trolley":"mix"}},{"type":"Feature","geometry":{"type":"LineString","coordinates":[[25.975017,43.833338],[25.974796,43.833476]]},"properties":{"name":"Филип Станиславов","lines":"4, 10, 30","arr":["А4","А10","А30"],"roundabout":0,"mode":"bus","color":"#0059a9"}},{"type":"Feature","geometry":{"type":"LineString","coordinates":[[25.976774,43.838902],[25.976749,43.83887],[25.976718,43.838836],[25.976686,43.838813],[25.97664,43.83879],[25.976544,43.83875],[25.976313,43.838683]]},"properties":{"name":"Филип Станиславов","lines":"4, 10, 30","arr":["А4","А10","А30"],"roundabout":0,"mode":"bus","color":"#0059a9"}},{"type":"Feature","geometry":{"type":"LineString","coordinates":[[25.976522,43.838989],[25.976552,43.838951],[25.976566,43.838918],[25.976565,43.838883],[25.976555,43.838848],[25.976542,43.838829],[25.976515,43.838801],[25.976313,43.838683],[25.975458,43.838351],[25.974943,43.838114],[25.974528,43.837921],[25.974305,43.837782],[25.974156,43.837661],[25.973991,43.837502],[25.973839,43.83733],[25.973756,43.837195],[25.973669,43.837022],[25.973618,43.836753],[25.973615,43.836442],[25.973651,43.835629],[25.973657,43.835218],[25.973702,43.834935],[25.973734,43.834836],[25.97385,43.834579],[25.973999,43.834255],[25.974057,43.834177],[25.974149,43.834054],[25.974581,43.833646],[25.974796,43.833476],[25.974938,43.833297]]},"properties":{"name":"Филип Станиславов","lines":"4, 10, 30","arr":["А4","А10","А30"],"roundabout":0,"mode":"bus","color":"#0059a9"}},{"type":"Feature","geometry":{"type":"LineString","coordinates":[[25.976774,43.838902],[25.976753,43.838909],[25.976522,43.838989],[25.975871,43.83925],[25.975734,43.83931]]},"properties":{"name":"Изгрев","lines":"4, 10, 30","arr":["А4","А10","А30"],"roundabout":0,"mode":"bus","color":"#0059a9"}},{"type":"Feature","geometry":{"type":"LineString","coordinates":[[25.975734,43.83931],[25.975609,43.83937],[25.975355,43.839492],[25.975091,43.839595],[25.974983,43.839629],[25.974764,43.839685],[25.974465,43.83974],[25.974296,43.839772],[25.973905,43.839848],[25.973708,43.839887],[25.973622,43.839905]]},"properties":{"name":"Изгрев","lines":"4, 30","arr":["А4","А30"],"roundabout":0,"mode":"bus","color":"#0059a9"}},{"type":"Feature","geometry":{"type":"LineString","coordinates":[[25.969983,43.84034],[25.970285,43.840327]]},"properties":{"name":"Изгрев","lines":"4, 30","arr":["А4","А30"],"roundabout":0,"mode":"bus","color":"#0059a9"}},{"type":"Feature","geometry":{"type":"LineString","coordinates":[[25.973622,43.839905],[25.973414,43.839947],[25.973277,43.839949],[25.973144,43.83994],[25.973043,43.839924],[25.972532,43.839782],[25.972023,43.839627],[25.971908,43.839601],[25.971832,43.839594],[25.97176,43.839594],[25.971683,43.839606],[25.971597,43.839638],[25.971537,43.839674],[25.970887,43.840145],[25.970775,43.840213],[25.970685,43.840269],[25.970573,43.84031],[25.970504,43.840325],[25.970411,43.840327],[25.970285,43.840327],[25.970392,43.840299],[25.970454,43.840275],[25.970534,43.840234],[25.970655,43.840166],[25.970761,43.840089],[25.971514,43.839568],[25.971604,43.839537],[25.971677,43.839523],[25.971763,43.839517],[25.971852,43.839516],[25.971952,43.83953],[25.973106,43.839864],[25.97325,43.839885],[25.973409,43.839891],[25.973622,43.839905]]},"properties":{"name":"Изгрев","lines":"4, 30","arr":["А4","А30"],"roundabout":0,"mode":"bus","color":"#0059a9"}},{"type":"Feature","geometry":{"type":"LineString","coordinates":[[25.969983,43.84034],[25.969609,43.840358],[25.969407,43.840366],[25.969205,43.840379],[25.969071,43.840396],[25.968963,43.840417],[25.96884,43.840444],[25.968727,43.840481],[25.968601,43.840524],[25.968467,43.840579]]},"properties":{"name":"Шипка","lines":"4, 30","arr":["А4","А30"],"roundabout":0,"mode":"bus","color":"#0059a9"}},{"type":"Feature","geometry":{"type":"LineString","coordinates":[[25.968319,43.840737],[25.968337,43.840701],[25.968356,43.840669],[25.968384,43.840642],[25.968418,43.840613],[25.968467,43.840579],[25.968413,43.840594],[25.968376,43.840599],[25.968334,43.840601],[25.968289,43.8406],[25.968222,43.840589]]},"properties":{"name":"Шипка","lines":"4, 30","arr":["А4","А30"],"roundabout":0,"mode":"bus","color":"#0059a9"}},{"type":"Feature","geometry":{"type":"LineString","coordinates":[[25.967674,43.840879],[25.967755,43.840836],[25.967789,43.840817],[25.967818,43.840796],[25.967854,43.840759],[25.967886,43.840712]]},"properties":{"name":"Шипка","lines":"4, 30","arr":["А4","А30"],"roundabout":0,"mode":"bus","color":"#0059a9"}},{"type":"Feature","geometry":{"type":"LineString","coordinates":[[25.967985,43.840852],[25.967932,43.840849],[25.967895,43.840849],[25.967841,43.840854],[25.96776,43.840866],[25.967674,43.840879],[25.967574,43.840901],[25.967502,43.840913],[25.967398,43.840931],[25.9673,43.840943],[25.967003,43.840967],[25.966855,43.840969],[25.966716,43.840964],[25.965911,43.841036],[25.965571,43.841075]]},"properties":{"name":"Шипка","lines":"4, 5, 30","arr":["А4","А5","А30"],"roundabout":0,"mode":"bus","color":"#0059a9"}},{"type":"Feature","geometry":{"type":"LineString","coordinates":[[25.965255,43.841792],[25.965383,43.841748]]},"properties":{"name":"Бояна","lines":"4, 30","arr":["А4","А30"],"roundabout":0,"mode":"bus","color":"#0059a9"}},{"type":"Feature","geometry":{"type":"LineString","coordinates":[[25.965383,43.841748],[25.965533,43.841307],[25.965571,43.841075]]},"properties":{"name":"Бояна","lines":"4, 5, 30","arr":["А4","А5","А30"],"roundabout":0,"mode":"bus","color":"#0059a9"}},{"type":"Feature","geometry":{"type":"LineString","coordinates":[[25.969134,43.843789],[25.969043,43.843803],[25.968947,43.843807],[25.96884,43.843796],[25.968786,43.843785],[25.96868,43.843763],[25.96822,43.843667],[25.967895,43.843595],[25.967708,43.843556],[25.967512,43.843513],[25.967197,43.843446],[25.967008,43.843405],[25.966854,43.843364],[25.966745,43.843322],[25.966564,43.843238],[25.966369,43.84312],[25.966231,43.843001],[25.966083,43.842829],[25.965705,43.84237],[25.965553,43.842179],[25.965255,43.841792]]},"properties":{"name":"Чипровци","lines":"4, 5, 19, 30","arr":["А4","А5","А19","А30"],"roundabout":0,"mode":"bus","color":"#0059a9"}},{"type":"Feature","geometry":{"type":"LineString","coordinates":[[25.969848,43.843759],[25.969937,43.843839],[25.969992,43.84389],[25.970062,43.843949],[25.970136,43.844],[25.970213,43.844053],[25.97031,43.844122],[25.971461,43.844412]]},"properties":{"name":"Чипровци","lines":"4, 5, 19, 30","arr":["А4","А5","А19","А30"],"roundabout":0,"mode":"bus","color":"#0059a9"}},{"type":"Feature","geometry":{"type":"LineString","coordinates":[[25.969134,43.843789],[25.9692,43.843772],[25.969245,43.843759],[25.969328,43.843735],[25.969397,43.843713],[25.969476,43.843679]]},"properties":{"name":"","lines":"4, 5, 19, 30","arr":["А4","А5","А19","А30"],"roundabout":0,"mode":"bus","color":"#0059a9"}},{"type":"Feature","geometry":{"type":"LineString","coordinates":[[25.979271,43.849817],[25.979247,43.849787],[25.979039,43.849587],[25.97796,43.848414],[25.977708,43.848053],[25.977282,43.847579],[25.977218,43.847508],[25.97692,43.84718],[25.976624,43.846848],[25.976382,43.84656],[25.975994,43.846116],[25.975513,43.845566],[25.975467,43.845516],[25.975421,43.845467],[25.975313,43.84543],[25.975049,43.84534],[25.973948,43.845019],[25.973157,43.844819],[25.971461,43.844412]]},"properties":{"name":"Чипровци","lines":"4, 19","arr":["А4","А19"],"roundabout":0,"mode":"bus","color":"#0059a9"}},{"type":"Feature","geometry":{"type":"LineString","coordinates":[[25.97031,43.844122],[25.97024,43.844108],[25.970085,43.844077],[25.969852,43.844028],[25.969671,43.843982]]},"properties":{"name":"Чипровци","lines":"4, 19","arr":["А4","А19"],"roundabout":0,"mode":"bus","color":"#0059a9"}},{"type":"Feature","geometry":{"type":"LineString","coordinates":[[25.979434,43.849981],[25.979395,43.849919],[25.979376,43.849898],[25.979347,43.84987],[25.979271,43.849817],[25.979298,43.849866],[25.9793,43.849902],[25.979296,43.849955],[25.979229,43.850231],[25.97922,43.850284],[25.979207,43.850359],[25.979189,43.850445]]},"properties":{"name":"Никола Петков","lines":"4, 19","arr":["А4","А19"],"roundabout":0,"mode":"bus","color":"#0059a9"}},{"type":"Feature","geometry":{"type":"LineString","coordinates":[[25.979434,43.849981],[25.979381,43.850203],[25.979363,43.850292],[25.979357,43.850323],[25.979346,43.850376],[25.97933,43.850464],[25.979299,43.850597]]},"properties":{"name":"Никола Петков","lines":"4, 19, 30","arr":["А4","А19","А30"],"roundabout":0,"mode":"bus","color":"#0059a9"}},{"type":"Feature","geometry":{"type":"LineString","coordinates":[[25.979299,43.850597],[25.97928,43.850687],[25.979129,43.851395],[25.978979,43.852122],[25.978957,43.852215],[25.978919,43.852366],[25.978917,43.852545],[25.978916,43.852657],[25.978929,43.85277],[25.978981,43.8529],[25.979127,43.853062]]},"properties":{"name":"Никола Петков","lines":"4, 16, 18, 19, 20, 30","arr":["А4","А16","А18","А19","А20","А30"],"roundabout":0,"mode":"bus","color":"#0059a9"}},{"type":"Feature","geometry":{"type":"LineString","coordinates":[[25.978642,43.853145],[25.978758,43.852636],[25.978826,43.852204],[25.97899,43.851378],[25.979126,43.850749],[25.979143,43.85067],[25.979162,43.850579],[25.979189,43.850445]]},"properties":{"name":"Никола Петков","lines":"4, 16, 18, 19, 20, 30","arr":["А4","А16","А18","А19","А20","А30"],"roundabout":0,"mode":"bus","color":"#0059a9"}},{"type":"Feature","geometry":{"type":"LineString","coordinates":[[25.978999,43.853459],[25.978813,43.853618],[25.978481,43.854005],[25.976355,43.856306],[25.976302,43.856363],[25.976268,43.856402],[25.975592,43.856956],[25.975286,43.857259],[25.975229,43.857315],[25.97518,43.857364],[25.975094,43.857453],[25.974017,43.858568],[25.973957,43.85863],[25.9739,43.85869]]},"properties":{"name":"Тулча","lines":"4, 16, 18, 19, 20, 30","arr":["А4","А16","А18","А19","А20","А30"],"roundabout":0,"mode":"bus","color":"#0059a9"}},{"type":"Feature","geometry":{"type":"LineString","coordinates":[[25.973814,43.858652],[25.973879,43.858582],[25.974935,43.857452],[25.974983,43.8574],[25.975066,43.857311],[25.975118,43.857262],[25.975499,43.856895],[25.975721,43.856721],[25.97609,43.856391],[25.976182,43.856304],[25.976208,43.856278],[25.976591,43.855912],[25.977747,43.854652],[25.977955,43.854427],[25.977977,43.854402],[25.978014,43.854363],[25.978138,43.854219],[25.978352,43.853968],[25.978483,43.853707],[25.978549,43.853506],[25.978585,43.853371],[25.978614,43.853234]]},"properties":{"name":"Тулча","lines":"4, 16, 18, 19, 20, 30","arr":["А4","А16","А18","А19","А20","А30"],"roundabout":0,"mode":"bus","color":"#0059a9"}},{"type":"Feature","geometry":{"type":"LineString","coordinates":[[25.9739,43.85869],[25.973965,43.858723],[25.974819,43.859156],[25.976771,43.860124],[25.978716,43.861061],[25.979139,43.861277],[25.979697,43.861537],[25.979946,43.861691],[25.980475,43.862093],[25.980878,43.862445],[25.981211,43.862756]]},"properties":{"name":"Плиска","lines":"4, 11, 28, 27, 29","arr":["А4","А11","А28","Т27","Т29"],"roundabout":0,"mode":"bus","color":"#0059a9","trolley":"mix"}},{"type":"Feature","geometry":{"type":"LineString","coordinates":[[25.981211,43.862756],[25.981594,43.863126],[25.981816,43.863339],[25.98202,43.863515],[25.982172,43.863629],[25.982329,43.863732],[25.982513,43.863839],[25.983961,43.864622],[25.984174,43.864739],[25.984928,43.865127],[25.985882,43.865653],[25.987126,43.866286],[25.987354,43.866394],[25.987595,43.866507],[25.988119,43.866723],[25.990054,43.867474],[25.990187,43.867529],[25.991322,43.868005],[25.99201,43.868293],[25.99222,43.868379]]},"properties":{"name":"бул. Тутракан","lines":"4, 11, 28, 27, 29","arr":["А4","А11","А28","Т27","Т29"],"roundabout":0,"mode":"bus","color":"#0059a9","trolley":"mix"}},{"type":"Feature","geometry":{"type":"LineString","coordinates":[[25.992137,43.868487],[25.991275,43.868139],[25.990091,43.867655],[25.98996,43.867601],[25.988026,43.866832],[25.987438,43.866588],[25.987226,43.866497],[25.98702,43.866401],[25.985778,43.865752],[25.984921,43.865282],[25.983861,43.864702],[25.982299,43.863839],[25.982161,43.86375],[25.982066,43.86368],[25.981739,43.863409],[25.981544,43.863235],[25.981101,43.862818]]},"properties":{"name":"бул. Тутракан","lines":"4, 11, 28, 27, 29","arr":["А4","А11","А28","Т27","Т29"],"roundabout":0,"mode":"bus","color":"#0059a9","trolley":"mix"}},{"type":"Feature","geometry":{"type":"LineString","coordinates":[[25.99222,43.868379],[25.992599,43.868533],[25.993244,43.8688],[25.994054,43.869131],[25.99468,43.869387],[25.995395,43.869687],[25.996317,43.8701],[25.99653,43.870203],[25.996596,43.870234],[25.996658,43.870262],[25.996727,43.870292],[25.99679,43.870313],[25.996861,43.870328],[25.996931,43.870329],[25.997006,43.870331],[25.9971,43.870325],[25.997174,43.870314],[25.99725,43.870307],[25.99733,43.870312],[25.997411,43.870334],[25.997482,43.87037],[25.998,43.870606],[25.998048,43.870639],[25.998088,43.870681],[25.998111,43.870736],[25.998131,43.870808],[25.998161,43.870868],[25.998199,43.870918],[25.998242,43.870965],[25.998278,43.870999],[25.998331,43.871036],[25.998407,43.871078],[25.999256,43.871462],[25.999402,43.871517],[25.999505,43.871553],[25.999831,43.871638],[26.000119,43.871693],[26.000332,43.871731],[26.001161,43.871879],[26.007786,43.873062],[26.008422,43.873181]]},"properties":{"name":"бул. Тутракан","lines":"4, 11, 28","arr":["А4","А11","А28"],"roundabout":0,"mode":"bus","color":"#0059a9"}},{"type":"Feature","geometry":{"type":"LineString","coordinates":[[26.008822,43.873233],[26.008994,43.873301],[26.009064,43.873343],[26.009143,43.873385],[26.009217,43.873412],[26.009293,43.873433],[26.009577,43.873484],[26.010483,43.873645],[26.010991,43.873735],[26.012583,43.874034],[26.013065,43.874127],[26.01318,43.874156],[26.013298,43.874191],[26.013429,43.874232],[26.013551,43.874273],[26.013675,43.874318],[26.013778,43.874355],[26.013896,43.874407],[26.014025,43.874469],[26.014148,43.874529],[26.015248,43.875135],[26.015565,43.875308]]},"properties":{"name":"бул. Тутракан","lines":"4, 11, 28","arr":["А4","А11","А28"],"roundabout":0,"mode":"bus","color":"#0059a9"}},{"type":"Feature","geometry":{"type":"LineString","coordinates":[[26.015565,43.875308],[26.015717,43.875394],[26.015842,43.875462],[26.016004,43.87554],[26.01608,43.87557],[26.016153,43.87559]]},"properties":{"name":"бул. Тутракан","lines":"4, 28","arr":["А4","А28"],"roundabout":0,"mode":"bus","color":"#0059a9"}},{"type":"Feature","geometry":{"type":"LineString","coordinates":[[26.016286,43.875518],[26.016318,43.875465],[26.016332,43.875425],[26.016337,43.875373],[26.016323,43.875319],[26.016305,43.875259],[26.016245,43.875111],[26.016071,43.874713],[26.015966,43.874409],[26.015919,43.874241],[26.015886,43.874062],[26.015853,43.873756],[26.0158,43.873223],[26.01577,43.872852],[26.015688,43.87189],[26.015605,43.870854],[26.015516,43.86998],[26.015499,43.869813],[26.015482,43.86966],[26.015237,43.867323],[26.015179,43.866732],[26.015132,43.866164],[26.014918,43.863825],[26.014674,43.8614]]},"properties":{"name":"бул. България","lines":"4","arr":["А4"],"roundabout":0,"mode":"bus","color":"#0059a9"}},{"type":"Feature","geometry":{"type":"LineString","coordinates":[[26.015173,43.862445],[26.0151,43.86165],[26.015065,43.861275],[26.015026,43.860727],[26.015006,43.860557],[26.014952,43.860094],[26.014839,43.859117],[26.014737,43.858737],[26.014618,43.858309],[26.014402,43.857914],[26.014167,43.857535],[26.013839,43.857155],[26.013433,43.856769],[26.012255,43.855861],[26.009998,43.854203]]},"properties":{"name":"бул. България","lines":"12","arr":["А12"],"roundabout":0,"mode":"bus","color":"#0059a9"}},{"type":"Feature","geometry":{"type":"LineString","coordinates":[[26.015173,43.862445],[26.015249,43.863271],[26.015295,43.863768],[26.015508,43.866082],[26.015555,43.866521],[26.015588,43.866825],[26.015639,43.867301],[26.015645,43.867377],[26.015679,43.867816],[26.015915,43.870087],[26.016003,43.870938],[26.016038,43.871281],[26.016065,43.871606],[26.016088,43.87184],[26.016094,43.871925],[26.016241,43.873522],[26.016229,43.8737],[26.016213,43.873878],[26.016198,43.873997],[26.016158,43.874183],[26.016146,43.874301],[26.01615,43.874357],[26.016187,43.87454],[26.016282,43.874756],[26.0164,43.875014],[26.016574,43.875402],[26.016616,43.875469],[26.016676,43.875557]]},"properties":{"name":"бул. България","lines":"4, 12","arr":["А4","А12"],"roundabout":0,"mode":"bus","color":"#0059a9"}},{"type":"Feature","geometry":{"type":"LineString","coordinates":[[26.01609,43.87586],[26.015993,43.875801],[26.015851,43.875705],[26.015788,43.875656]]},"properties":{"name":"бул. Тутракан","lines":"4, 12, 28","arr":["А4","А12","А28"],"roundabout":0,"mode":"bus","color":"#0059a9"}},{"type":"Feature","geometry":{"type":"LineString","coordinates":[[26.015788,43.875656],[26.015672,43.875553],[26.015572,43.875458],[26.015466,43.875394]]},"properties":{"name":"бул. Тутракан","lines":"4, 12","arr":["А4","А12"],"roundabout":0,"mode":"bus","color":"#0059a9"}},{"type":"Feature","geometry":{"type":"LineString","coordinates":[[26.015466,43.875394],[26.015123,43.875213],[26.014139,43.874677],[26.013972,43.874587],[26.013826,43.874521],[26.01369,43.874464],[26.013564,43.874414],[26.013383,43.874351],[26.013169,43.874289],[26.01298,43.874238],[26.012781,43.874195],[26.012555,43.874153],[26.01081,43.873839],[26.009257,43.873553],[26.008755,43.873443]]},"properties":{"name":"бул. Тутракан","lines":"4, 11, 12, 28","arr":["А4","А11","А12","А28"],"roundabout":0,"mode":"bus","color":"#0059a9"}},{"type":"Feature","geometry":{"type":"LineString","coordinates":[[26.008356,43.873346],[26.008241,43.873304],[26.008086,43.873246],[26.007928,43.87321],[26.007736,43.873173],[25.999947,43.871799],[25.999682,43.871746],[25.999485,43.871689],[25.999329,43.871639],[25.999179,43.871579],[25.998308,43.871189],[25.997867,43.870981],[25.997389,43.870759],[25.997064,43.87061],[25.99657,43.870392],[25.996426,43.870328],[25.994823,43.869587],[25.994368,43.869384],[25.994144,43.869294],[25.993167,43.868902],[25.992515,43.86864],[25.992137,43.868487]]},"properties":{"name":"бул. Тутракан","lines":"4, 11, 12, 28","arr":["А4","А11","А12","А28"],"roundabout":0,"mode":"bus","color":"#0059a9"}},{"type":"Feature","geometry":{"type":"LineString","coordinates":[[25.981101,43.862818],[25.980993,43.862745],[25.980877,43.862691],[25.980772,43.862668],[25.980644,43.862662],[25.980327,43.862678],[25.980087,43.862691],[25.979942,43.862682],[25.97984,43.862661],[25.97803,43.861782],[25.976136,43.860867],[25.975013,43.860325],[25.973655,43.859654],[25.973175,43.859436]]},"properties":{"name":"Доростол","lines":"4, 11, 28, 27, 29","arr":["А4","А11","А28","Т27","Т29"],"roundabout":0,"mode":"bus","color":"#0059a9","trolley":"mix"}},{"type":"Feature","geometry":{"type":"LineString","coordinates":[[25.973175,43.859436],[25.973094,43.859395]]},"properties":{"name":"Доростол","lines":"4, 11, 16, 18, 19, 20, 28, 30, 27, 29","arr":["А4","А11","А16","А18","А19","А20","А28","А30","Т27","Т29"],"roundabout":0,"mode":"bus","color":"#0059a9","trolley":"mix"}},{"type":"Feature","geometry":{"type":"LineString","coordinates":[[25.973094,43.859395],[25.973703,43.858767],[25.973728,43.858741],[25.973814,43.858652]]},"properties":{"name":"Тулча","lines":"4","arr":["А4"],"roundabout":0,"mode":"bus","color":"#0059a9"}},{"type":"Feature","geometry":{"type":"LineString","coordinates":[[25.969395,43.843863],[25.96933,43.843836],[25.969263,43.843813],[25.969212,43.843802],[25.969134,43.843789]]},"properties":{"name":"","lines":"4, 19","arr":["А4","А19"],"roundabout":0,"mode":"bus","color":"#0059a9"}},{"type":"Feature","geometry":{"type":"LineString","coordinates":[[25.950334,43.838424],[25.949427,43.839232],[25.948743,43.839938],[25.948438,43.840213],[25.948344,43.840257],[25.948091,43.840575],[25.947956,43.840711],[25.947846,43.841548],[25.947801,43.841841]]},"properties":{"name":"Николаевска","lines":"5, 6, 16, 19, 20, 50, 2, 9, 24","arr":["А5","А6","А16","А19","А20","А50","Т2","Т9","Т24"],"roundabout":0,"mode":"bus","color":"#0059a9","trolley":"mix"}},{"type":"Feature","geometry":{"type":"LineString","coordinates":[[25.950616,43.84361],[25.950582,43.843592],[25.949504,43.843082],[25.949425,43.843042],[25.949313,43.842983],[25.949262,43.842955],[25.949113,43.842872],[25.94885,43.842702],[25.948529,43.842457],[25.94786,43.841891],[25.947801,43.841841],[25.947805,43.841939],[25.947834,43.842001],[25.947836,43.842003]]},"properties":{"name":"бул. Генерал Скобелев","lines":"5, 6, 16, 19, 20, 50, 2, 9, 24","arr":["А5","А6","А16","А19","А20","А50","Т2","Т9","Т24"],"roundabout":0,"mode":"bus","color":"#0059a9","trolley":"mix"}},{"type":"Feature","geometry":{"type":"LineString","coordinates":[[25.951826,43.844206],[25.952077,43.844329],[25.952179,43.84438],[25.952907,43.84467],[25.953017,43.844701],[25.953356,43.84477],[25.953803,43.844801],[25.953905,43.844809],[25.954078,43.844818]]},"properties":{"name":"бул. Генерал Скобелев","lines":"5, 6, 16, 19, 20, 50, 2, 9, 24","arr":["А5","А6","А16","А19","А20","А50","Т2","Т9","Т24"],"roundabout":0,"mode":"bus","color":"#0059a9","trolley":"mix"}},{"type":"Feature","geometry":{"type":"LineString","coordinates":[[25.950616,43.84361],[25.950783,43.843624],[25.951028,43.84371],[25.951206,43.843785],[25.951298,43.843818],[25.951347,43.843841],[25.951394,43.843866],[25.951435,43.843889],[25.951614,43.843984],[25.951729,43.84406],[25.951764,43.844092],[25.951826,43.844206]]},"properties":{"name":"","lines":"5, 6, 16, 19, 20, 50, 2, 9, 24","arr":["А5","А6","А16","А19","А20","А50","Т2","Т9","Т24"],"roundabout":0,"mode":"bus","color":"#0059a9","trolley":"mix"}},{"type":"Feature","geometry":{"type":"LineString","coordinates":[[25.954078,43.844818],[25.95422,43.844826],[25.954511,43.844842],[25.954804,43.844846],[25.955059,43.844836],[25.955384,43.844827],[25.955691,43.844822],[25.955907,43.844842],[25.956091,43.844871],[25.956291,43.844909],[25.956458,43.84495],[25.956781,43.845051],[25.957091,43.845165],[25.957675,43.845386],[25.957737,43.84541],[25.957807,43.845435],[25.957862,43.845453],[25.957937,43.845476],[25.958029,43.845503],[25.95813,43.845528],[25.958187,43.845543],[25.958255,43.845559],[25.958404,43.845594],[25.958899,43.845666],[25.959312,43.845757]]},"properties":{"name":"бул. Генерал Скобелев","lines":"5, 6, 11, 12, 16, 18, 19, 20, 50, 2, 9, 24","arr":["А5","А6","А11","А12","А16","А18","А19","А20","А50","Т2","Т9","Т24"],"roundabout":0,"mode":"bus","color":"#0059a9","trolley":"mix"}},{"type":"Feature","geometry":{"type":"LineString","coordinates":[[25.959312,43.845757],[25.959541,43.845798],[25.959627,43.845805],[25.959679,43.845798],[25.959786,43.845778]]},"properties":{"name":"бул. Генерал Скобелев","lines":"5, 6, 11, 12, 16, 18, 19, 20, 50, 2","arr":["А5","А6","А11","А12","А16","А18","А19","А20","А50","Т2"],"roundabout":0,"mode":"bus","color":"#0059a9","trolley":"mix"}},{"type":"Feature","geometry":{"type":"LineString","coordinates":[[25.960646,43.84586],[25.960752,43.845952],[25.960833,43.845989],[25.960932,43.84602],[25.961686,43.846157],[25.962585,43.846311],[25.962799,43.846348],[25.96291,43.846368],[25.963405,43.846428],[25.963937,43.846474],[25.964259,43.8465],[25.964473,43.846524],[25.964705,43.846553],[25.964806,43.846571],[25.965078,43.846631],[25.965209,43.846666],[25.965401,43.846726],[25.965507,43.846759],[25.966117,43.846948],[25.966159,43.846961],[25.966321,43.847012],[25.966479,43.847056],[25.967295,43.84733],[25.968551,43.84765],[25.969234,43.84783],[25.970946,43.848266],[25.971538,43.848423],[25.973184,43.848956],[25.976427,43.850054],[25.976518,43.850082],[25.976826,43.850158],[25.977245,43.850216],[25.97897,43.850449],[25.979004,43.850451],[25.979189,43.850445]]},"properties":{"name":"бул. Липник","lines":"5, 12, 15, 33, 50, 2, 13, 21","arr":["А5","А12","А15","А33","А50","Т2","Т13","Т21"],"roundabout":0,"mode":"bus","color":"#0059a9","trolley":"mix"}},{"type":"Feature","geometry":{"type":"LineString","coordinates":[[25.979299,43.850597],[25.979162,43.850579],[25.978979,43.850556],[25.977188,43.85033],[25.976673,43.850251],[25.976385,43.850164],[25.976297,43.850139],[25.975412,43.849845],[25.974952,43.849664],[25.974795,43.849603],[25.973137,43.849012],[25.97143,43.848478],[25.969481,43.847969],[25.96746,43.847443],[25.967024,43.847319],[25.966719,43.847233],[25.966475,43.847164],[25.966422,43.847148],[25.96627,43.847108],[25.966101,43.847054],[25.96513,43.846743],[25.964743,43.846662],[25.964245,43.846584],[25.963352,43.846496],[25.962525,43.846406],[25.961041,43.846152],[25.960867,43.846109],[25.960793,43.8461],[25.960716,43.846102],[25.960613,43.846122]]},"properties":{"name":"бул. Липник","lines":"5, 12, 15, 33, 50, 2, 13, 21","arr":["А5","А12","А15","А33","А50","Т2","Т13","Т21"],"roundabout":0,"mode":"bus","color":"#0059a9","trolley":"mix"}},{"type":"Feature","geometry":{"type":"LineString","coordinates":[[25.979189,43.850445],[25.97933,43.850464],[25.979522,43.850488],[25.982132,43.850824]]},"properties":{"name":"бул. Липник","lines":"5, 12, 15, 16, 18, 20, 30, 33, 50, 2, 13, 21","arr":["А5","А12","А15","А16","А18","А20","А30","А33","А50","Т2","Т13","Т21"],"roundabout":0,"mode":"bus","color":"#0059a9","trolley":"mix"}},{"type":"Feature","geometry":{"type":"LineString","coordinates":[[25.982132,43.850824],[25.982271,43.850728]]},"properties":{"name":"Юндола","lines":"5, 20, 30","arr":["А5","А20","А30"],"roundabout":0,"mode":"bus","color":"#0059a9"}},{"type":"Feature","geometry":{"type":"LineString","coordinates":[[25.982271,43.850728],[25.983047,43.85083],[25.983807,43.850931],[25.984881,43.851073],[25.98532,43.851123],[25.987626,43.851413],[25.988138,43.851478],[25.988561,43.851531],[25.989158,43.851606],[25.989419,43.851639],[25.990009,43.851713],[25.991049,43.851844],[25.991305,43.851876]]},"properties":{"name":"","lines":"5","arr":["А5"],"roundabout":0,"mode":"bus","color":"#0059a9"}},{"type":"Feature","geometry":{"type":"LineString","coordinates":[[25.991302,43.851907],[25.99133,43.852025],[25.991309,43.852136]]},"properties":{"name":"","lines":"5","arr":["А5"],"roundabout":0,"mode":"bus","color":"#0059a9"}},{"type":"Feature","geometry":{"type":"LineString","coordinates":[[25.992397,43.849463],[25.99217,43.849783],[25.992094,43.849888],[25.991837,43.850246],[25.991626,43.850597],[25.991503,43.851064],[25.991431,43.851362],[25.991311,43.851854],[25.991305,43.851876],[25.991302,43.851907]]},"properties":{"name":"Братислава","lines":"5","arr":["А5"],"roundabout":0,"mode":"bus","color":"#0059a9"}},{"type":"Feature","geometry":{"type":"LineString","coordinates":[[25.992397,43.849463],[25.990388,43.848725],[25.989932,43.848568],[25.988748,43.848127],[25.988614,43.848064],[25.987726,43.847586],[25.987198,43.847303],[25.986337,43.846947],[25.986152,43.846862],[25.98595,43.84676],[25.985739,43.846645],[25.985335,43.846425],[25.984205,43.845816]]},"properties":{"name":"Рига","lines":"5, 20","arr":["А5","А20"],"roundabout":0,"mode":"bus","color":"#0059a9"}},{"type":"Feature","geometry":{"type":"LineString","coordinates":[[25.984205,43.845816],[25.983193,43.845389],[25.982096,43.844958],[25.981731,43.844836],[25.981048,43.84464],[25.980614,43.844533],[25.979818,43.844351],[25.978757,43.844119],[25.978429,43.844047],[25.978289,43.844015],[25.978075,43.843959],[25.977502,43.843798],[25.976547,43.843502],[25.976476,43.843482],[25.976416,43.843462],[25.975807,43.843267],[25.975101,43.842964],[25.974873,43.842851],[25.974389,43.842633],[25.973665,43.842316],[25.97293,43.842043],[25.972087,43.841785],[25.971391,43.84157],[25.970972,43.841469],[25.970701,43.841422],[25.970402,43.841365],[25.97006,43.841293],[25.969659,43.841243],[25.969436,43.841227],[25.969366,43.841226],[25.969302,43.841232],[25.969207,43.841258],[25.96906,43.841305],[25.968905,43.841354],[25.96857,43.841472],[25.968484,43.841498]]},"properties":{"name":"Петрохан","lines":"5, 30","arr":["А5","А30"],"roundabout":0,"mode":"bus","color":"#0059a9"}},{"type":"Feature","geometry":{"type":"LineString","coordinates":[[25.968484,43.841498],[25.968397,43.841343],[25.968266,43.841097],[25.968246,43.841053],[25.968184,43.84098],[25.968144,43.840937],[25.968106,43.840902],[25.968067,43.840875]]},"properties":{"name":"Чипровци","lines":"5, 30","arr":["А5","А30"],"roundabout":0,"mode":"bus","color":"#0059a9"}},{"type":"Feature","geometry":{"type":"LineString","coordinates":[[25.971461,43.844412],[25.97178,43.8439],[25.972084,43.843403],[25.972136,43.843316],[25.97293,43.842043],[25.973306,43.841546]]},"properties":{"name":"Сърнена гора","lines":"5, 30","arr":["А5","А30"],"roundabout":0,"mode":"bus","color":"#0059a9"}},{"type":"Feature","geometry":{"type":"LineString","coordinates":[[25.973306,43.841546],[25.974072,43.841854],[25.974349,43.841961],[25.975263,43.842316],[25.975706,43.842492],[25.976824,43.842903],[25.976826,43.842945],[25.976559,43.843351],[25.9765,43.843444],[25.976476,43.843482]]},"properties":{"name":"Згориград","lines":"5, 30","arr":["А5","А30"],"roundabout":0,"mode":"bus","color":"#0059a9"}},{"type":"Feature","geometry":{"type":"LineString","coordinates":[[25.991309,43.852136],[25.991182,43.852117],[25.99099,43.852094],[25.990044,43.851974],[25.989616,43.851919],[25.988582,43.851791],[25.988478,43.851778],[25.988117,43.85173],[25.987518,43.85165],[25.987478,43.851645],[25.987137,43.851605],[25.985383,43.85138],[25.985232,43.85136]]},"properties":{"name":"бул. Липник","lines":"5, 12, 15, 16, 18, 33, 50, 2, 13, 21","arr":["А5","А12","А15","А16","А18","А33","А50","Т2","Т13","Т21"],"roundabout":0,"mode":"bus","color":"#0059a9","trolley":"mix"}},{"type":"Feature","geometry":{"type":"LineString","coordinates":[[25.985232,43.85136],[25.985053,43.851337],[25.984405,43.851255],[25.983566,43.851152],[25.982355,43.850987],[25.981214,43.850835],[25.979511,43.850623],[25.979484,43.85062],[25.979299,43.850597]]},"properties":{"name":"бул. Липник","lines":"5, 12, 15, 16, 18, 20, 33, 50, 2, 13, 21","arr":["А5","А12","А15","А16","А18","А20","А33","А50","Т2","Т13","Т21"],"roundabout":0,"mode":"bus","color":"#0059a9","trolley":"mix"}},{"type":"Feature","geometry":{"type":"LineString","coordinates":[[25.959738,43.846072],[25.959672,43.845997],[25.959578,43.845934],[25.959472,43.845897],[25.959281,43.84586],[25.959013,43.845806],[25.958206,43.845616],[25.958128,43.845597],[25.958015,43.845568],[25.957988,43.845561],[25.957904,43.845537],[25.957847,43.845516],[25.957219,43.845294],[25.957193,43.845285],[25.957117,43.845256],[25.956858,43.845164],[25.95658,43.845062],[25.956411,43.845008],[25.956139,43.844949],[25.955802,43.844898],[25.95568,43.844886],[25.955394,43.844893],[25.954803,43.844909],[25.954534,43.844905],[25.954256,43.844894],[25.954207,43.844892],[25.954066,43.844884]]},"properties":{"name":"бул. Генерал Скобелев","lines":"5, 6, 11, 12, 16, 18, 20, 23, 50, 2","arr":["А5","А6","А11","А12","А16","А18","А20","А23","А50","Т2"],"roundabout":0,"mode":"bus","color":"#0059a9","trolley":"mix"}},{"type":"Feature","geometry":{"type":"LineString","coordinates":[[25.954066,43.844884],[25.953897,43.844876],[25.953705,43.844868],[25.953346,43.84484],[25.952984,43.844767],[25.95287,43.844734],[25.952134,43.844428],[25.951926,43.844324],[25.951897,43.844309],[25.951686,43.844196],[25.951515,43.844114],[25.95054,43.84364],[25.950485,43.843615],[25.950213,43.84349],[25.949556,43.843206],[25.949449,43.84316],[25.949375,43.843128],[25.949258,43.843068],[25.949079,43.842972],[25.948846,43.842824],[25.948491,43.842568],[25.947895,43.842068],[25.947851,43.84202],[25.947836,43.842003]]},"properties":{"name":"бул. Генерал Скобелев","lines":"5, 6, 16, 20, 50, 2, 9, 24","arr":["А5","А6","А16","А20","А50","Т2","Т9","Т24"],"roundabout":0,"mode":"bus","color":"#0059a9","trolley":"mix"}},{"type":"Feature","geometry":{"type":"LineString","coordinates":[[25.950401,43.831751],[25.950417,43.831659]]},"properties":{"name":"бул. Мидия-Енос","lines":"5, 11, 15, 18, 23","arr":["А5","А11","А15","А18","А23"],"roundabout":0,"mode":"bus","color":"#0059a9"}},{"type":"Feature","geometry":{"type":"LineString","coordinates":[[25.950417,43.831659],[25.950418,43.831544],[25.950411,43.831432],[25.950391,43.831338],[25.950358,43.831244],[25.950267,43.831094],[25.950148,43.830952],[25.949906,43.830636],[25.949633,43.830345],[25.949576,43.830269],[25.949456,43.830076],[25.949401,43.829945],[25.949352,43.829762],[25.949336,43.829586],[25.949344,43.828668],[25.949337,43.828613],[25.949316,43.828355]]},"properties":{"name":"бул. Мидия-Енос","lines":"11, 15, 18, 23","arr":["А11","А15","А18","А23"],"roundabout":0,"mode":"bus","color":"#0059a9"}},{"type":"Feature","geometry":{"type":"LineString","coordinates":[[25.954982,43.833997],[25.954881,43.833933],[25.954816,43.833867],[25.954748,43.833782],[25.954623,43.833629],[25.954541,43.833546],[25.954452,43.833471],[25.954373,43.833414],[25.954283,43.833357],[25.954152,43.833282],[25.953833,43.83311],[25.953523,43.832951],[25.953283,43.832832],[25.953023,43.832707],[25.952708,43.832568],[25.952484,43.832472],[25.952114,43.832322],[25.951181,43.831972],[25.950961,43.8319],[25.950771,43.831843],[25.950566,43.831788],[25.950401,43.831751]]},"properties":{"name":"бул. Мидия-Енос","lines":"11, 15, 18, 23","arr":["А11","А15","А18","А23"],"roundabout":0,"mode":"bus","color":"#0059a9"}},{"type":"Feature","geometry":{"type":"LineString","coordinates":[[25.950417,43.831659],[25.950531,43.83168],[25.950705,43.831724],[25.950873,43.831769],[25.950991,43.831808],[25.951154,43.831863]]},"properties":{"name":"бул. Мидия-Енос","lines":"5","arr":["А5"],"roundabout":0,"mode":"bus","color":"#0059a9"}},{"type":"Feature","geometry":{"type":"LineString","coordinates":[[25.962318,43.856074],[25.962271,43.855964],[25.962266,43.855894],[25.962278,43.855827],[25.962144,43.855727],[25.962063,43.855671],[25.962011,43.855644],[25.961955,43.855616],[25.961902,43.855604],[25.961858,43.855607],[25.961823,43.855613],[25.961789,43.855631],[25.961744,43.855665],[25.961549,43.85578],[25.9615,43.855787],[25.961433,43.855792],[25.961372,43.855782],[25.961316,43.855758],[25.961273,43.855735],[25.96108,43.855614],[25.961055,43.855599],[25.960934,43.855688],[25.960784,43.8558],[25.960372,43.855505],[25.960336,43.855531],[25.960291,43.855541],[25.960244,43.855545],[25.960192,43.855547],[25.960139,43.855545],[25.960086,43.855532],[25.959903,43.855407],[25.959832,43.855362],[25.959647,43.855245]]},"properties":{"name":"","lines":"23","arr":["А23"],"roundabout":0,"mode":"bus","color":"#0059a9"}},{"type":"Feature","geometry":{"type":"LineString","coordinates":[[25.956207,43.834553],[25.956072,43.834572],[25.955995,43.834593],[25.955927,43.834628],[25.955869,43.834675],[25.955819,43.83474]]},"properties":{"name":"","lines":"23","arr":["А23"],"roundabout":0,"mode":"bus","color":"#0059a9"}},{"type":"Feature","geometry":{"type":"LineString","coordinates":[[25.962278,43.855827],[25.962299,43.855742],[25.962325,43.855698],[25.962341,43.855672],[25.962368,43.855634],[25.962395,43.855612],[25.962438,43.855577],[25.962511,43.85553],[25.962662,43.855444],[25.962729,43.855415],[25.962782,43.85539],[25.962818,43.855352],[25.962837,43.855304]]},"properties":{"name":"","lines":"6, 8, 10, 23","arr":["А6","А8","А10","А23"],"roundabout":0,"mode":"bus","color":"#0059a9"}},{"type":"Feature","geometry":{"type":"LineString","coordinates":[[25.962837,43.855304],[25.962791,43.855248],[25.962389,43.854725],[25.962142,43.854401],[25.961797,43.853946],[25.961699,43.853828],[25.96166,43.853777],[25.96163,43.853737],[25.961551,43.853612],[25.961538,43.853592],[25.961181,43.853051],[25.961044,43.852882],[25.95998,43.851374],[25.959745,43.851022],[25.959648,43.850897],[25.959579,43.850821],[25.959487,43.850738],[25.959398,43.850655],[25.959234,43.850511],[25.959142,43.850437],[25.959067,43.850388],[25.958958,43.850323],[25.958849,43.850277],[25.95883,43.850272],[25.958744,43.850251],[25.95865,43.850223]]},"properties":{"name":"бул. Съединение","lines":"6, 8, 10, 11, 16, 18, 19, 20, 23, 28, 30, 27, 29","arr":["А6","А8","А10","А11","А16","А18","А19","А20","А23","А28","А30","Т27","Т29"],"roundabout":0,"mode":"bus","color":"#0059a9","trolley":"mix"}},{"type":"Feature","geometry":{"type":"LineString","coordinates":[[25.95826,43.850117],[25.958497,43.850182],[25.95865,43.850223]]},"properties":{"name":"бул. Съединение","lines":"6, 8, 10, 11, 16, 18, 19, 20, 23, 28, 27, 29","arr":["А6","А8","А10","А11","А16","А18","А19","А20","А23","А28","Т27","Т29"],"roundabout":0,"mode":"bus","color":"#0059a9","trolley":"mix"}},{"type":"Feature","geometry":{"type":"LineString","coordinates":[[25.95826,43.850117],[25.958377,43.849977],[25.959031,43.849056],[25.959083,43.848982],[25.959309,43.848622],[25.95944,43.848249],[25.959447,43.848229],[25.959473,43.848141],[25.959517,43.847958],[25.959559,43.847812],[25.95977,43.847045]]},"properties":{"name":"бул. Цар Освободител","lines":"6, 8, 10, 11, 16, 18, 19, 20, 23, 28, 27, 29","arr":["А6","А8","А10","А11","А16","А18","А19","А20","А23","А28","Т27","Т29"],"roundabout":0,"mode":"bus","color":"#0059a9","trolley":"mix"}},{"type":"Feature","geometry":{"type":"LineString","coordinates":[[25.95977,43.847045],[25.9599,43.846592],[25.959931,43.846502],[25.959939,43.846397],[25.959931,43.846307],[25.959899,43.846235]]},"properties":{"name":"бул. Цар Освободител","lines":"6, 8, 10, 11, 16, 18, 20, 23, 28, 27, 29","arr":["А6","А8","А10","А11","А16","А18","А20","А23","А28","Т27","Т29"],"roundabout":0,"mode":"bus","color":"#0059a9","trolley":"mix"}},{"type":"Feature","geometry":{"type":"LineString","coordinates":[[25.916829,43.795569],[25.916722,43.795345],[25.916012,43.79384],[25.915826,43.793418],[25.915499,43.792688],[25.915278,43.792192],[25.915175,43.791871],[25.915316,43.792041],[25.915504,43.792393],[25.915969,43.793246],[25.916422,43.794058],[25.917025,43.795124],[25.917203,43.795453]]},"properties":{"name":"бул. България","lines":"16","arr":["А16"],"roundabout":0,"mode":"bus","color":"#0059a9"}},{"type":"Feature","geometry":{"type":"LineString","coordinates":[[25.91747,43.795949],[25.917704,43.796384]]},"properties":{"name":"бул. България","lines":"16","arr":["А16"],"roundabout":0,"mode":"bus","color":"#0059a9"}},{"type":"Feature","geometry":{"type":"LineString","coordinates":[[25.916829,43.795569],[25.916824,43.795448],[25.916838,43.795386],[25.916883,43.795343],[25.916974,43.795326],[25.917056,43.795344],[25.917203,43.795453]]},"properties":{"name":"","lines":"6","arr":["А6"],"roundabout":0,"mode":"bus","color":"#0059a9"}},{"type":"Feature","geometry":{"type":"LineString","coordinates":[[25.91747,43.795949],[25.917634,43.796068],[25.91772,43.796088],[25.917814,43.796098],[25.918016,43.796064],[25.9179,43.796134],[25.917764,43.79624],[25.917704,43.796384]]},"properties":{"name":"","lines":"6","arr":["А6"],"roundabout":0,"mode":"bus","color":"#0059a9"}},{"type":"Feature","geometry":{"type":"LineString","coordinates":[[25.942612,43.807072],[25.942031,43.806698]]},"properties":{"name":"","lines":"6","arr":["А6"],"roundabout":0,"mode":"bus","color":"#0059a9"}},{"type":"Feature","geometry":{"type":"LineString","coordinates":[[25.918016,43.796064],[25.918262,43.795941],[25.918506,43.795863],[25.918664,43.795815],[25.919008,43.795738],[25.919637,43.795619],[25.919962,43.795579],[25.920171,43.795542],[25.920468,43.795488],[25.920809,43.795392],[25.92097,43.795331],[25.921406,43.795138],[25.921723,43.794972],[25.922176,43.794747],[25.922555,43.794558],[25.923005,43.794362],[25.92345,43.794225],[25.923794,43.794106],[25.924021,43.794061],[25.924417,43.793992],[25.924714,43.793957],[25.92513,43.793961],[25.925541,43.793995],[25.92601,43.794065],[25.926352,43.794083]]},"properties":{"name":"Стремление","lines":"6","arr":["А6"],"roundabout":0,"mode":"bus","color":"#0059a9"}},{"type":"Feature","geometry":{"type":"LineString","coordinates":[[25.926352,43.794083],[25.926541,43.794177],[25.926721,43.794256],[25.927162,43.794465],[25.927489,43.794643],[25.928106,43.795002],[25.928909,43.795442],[25.929285,43.795631],[25.929644,43.795814],[25.929876,43.795933],[25.929933,43.795973],[25.93028,43.796234],[25.930631,43.79649],[25.930929,43.796689],[25.931268,43.796955],[25.931351,43.797046],[25.931562,43.797373],[25.931741,43.797633],[25.93177,43.797672],[25.932094,43.798169]]},"properties":{"name":"Стремление","lines":"6, 15","arr":["А6","А15"],"roundabout":0,"mode":"bus","color":"#0059a9"}},{"type":"Feature","geometry":{"type":"LineString","coordinates":[[25.932094,43.798169],[25.932052,43.798221],[25.93196,43.798274],[25.93184,43.798307],[25.931433,43.798361],[25.931136,43.798394],[25.930973,43.798412],[25.930711,43.798481]]},"properties":{"name":"Свиленград","lines":"6, 15","arr":["А6","А15"],"roundabout":0,"mode":"bus","color":"#0059a9"}},{"type":"Feature","geometry":{"type":"LineString","coordinates":[[25.930711,43.798481],[25.93049,43.798629],[25.93017,43.798837],[25.929984,43.798961],[25.929577,43.799209],[25.92937,43.79936],[25.929125,43.79957],[25.928771,43.79994],[25.928388,43.800379],[25.928325,43.800449]]},"properties":{"name":"Хан Кардам","lines":"6, 15","arr":["А6","А15"],"roundabout":0,"mode":"bus","color":"#0059a9"}},{"type":"Feature","geometry":{"type":"LineString","coordinates":[[25.928325,43.800449],[25.928048,43.800827]]},"properties":{"name":"","lines":"6, 15","arr":["А6","А15"],"roundabout":0,"mode":"bus","color":"#0059a9"}},{"type":"Feature","geometry":{"type":"LineString","coordinates":[[25.942031,43.806698],[25.942173,43.806758],[25.942749,43.807]]},"properties":{"name":"","lines":"6, 15","arr":["А6","А15"],"roundabout":0,"mode":"bus","color":"#0059a9"}},{"type":"Feature","geometry":{"type":"LineString","coordinates":[[25.930711,43.798481],[25.930801,43.79841],[25.930876,43.798366],[25.931037,43.798234],[25.931112,43.79817],[25.931277,43.79803],[25.931487,43.797864],[25.931632,43.797743],[25.931698,43.797687],[25.931741,43.797633]]},"properties":{"name":"","lines":"6, 15","arr":["А6","А15"],"roundabout":0,"mode":"bus","color":"#0059a9"}},{"type":"Feature","geometry":{"type":"LineString","coordinates":[[25.928048,43.800827],[25.92752,43.801673],[25.927363,43.801924],[25.927312,43.801991],[25.927268,43.802049],[25.927209,43.802153],[25.927156,43.80232],[25.927127,43.802443],[25.927124,43.802573],[25.927137,43.802745],[25.927187,43.802932],[25.927566,43.803871],[25.927824,43.804421],[25.927923,43.804663],[25.928188,43.804954],[25.928589,43.805187],[25.930116,43.805832],[25.930696,43.806068],[25.931735,43.806502],[25.931922,43.806549],[25.93243,43.806615],[25.932727,43.806635],[25.934333,43.80671],[25.936197,43.806677],[25.937184,43.806653],[25.937302,43.806651],[25.937385,43.80665],[25.939445,43.806622],[25.939589,43.806619],[25.94162,43.806576],[25.94171,43.806582],[25.941774,43.80659],[25.941853,43.806614],[25.941946,43.806653],[25.942031,43.806698]]},"properties":{"name":"Йордан Йовков","lines":"6, 15","arr":["А6","А15"],"roundabout":0,"mode":"bus","color":"#0059a9"}},{"type":"Feature","geometry":{"type":"LineString","coordinates":[[25.946295,43.803685],[25.946188,43.803883],[25.946038,43.804108],[25.945913,43.80427],[25.945637,43.804628],[25.945351,43.804999],[25.944858,43.805665],[25.944724,43.805837],[25.944571,43.806001],[25.944434,43.8061],[25.944235,43.806231],[25.943803,43.806452],[25.943712,43.806498],[25.943283,43.806723],[25.942749,43.807]]},"properties":{"name":"Басарбовска","lines":"6, 8, 50","arr":["А6","А8","А50"],"roundabout":0,"mode":"bus","color":"#0059a9"}},{"type":"Feature","geometry":{"type":"LineString","coordinates":[[25.942749,43.807],[25.942612,43.807072]]},"properties":{"name":"Басарбовска","lines":"6, 8, 15, 50","arr":["А6","А8","А15","А50"],"roundabout":0,"mode":"bus","color":"#0059a9"}},{"type":"Feature","geometry":{"type":"LineString","coordinates":[[25.942612,43.807072],[25.942568,43.807105],[25.942526,43.80714],[25.94249,43.80718],[25.942462,43.807229],[25.94244,43.807283],[25.942422,43.807339],[25.942407,43.807391],[25.942402,43.80743],[25.942402,43.807471],[25.942407,43.80753],[25.942418,43.807578],[25.942434,43.80765],[25.94251,43.807842],[25.942639,43.808071],[25.942965,43.808542],[25.943309,43.809074],[25.943453,43.809339],[25.943557,43.809595],[25.943621,43.809833],[25.943647,43.810152],[25.943643,43.810499],[25.943572,43.810783],[25.943493,43.811034],[25.943438,43.811164],[25.943304,43.811418],[25.943106,43.811685],[25.94284,43.811983],[25.942368,43.812436],[25.941901,43.812958],[25.941525,43.813384],[25.941451,43.81347],[25.941168,43.813815],[25.940862,43.814209],[25.940652,43.81461],[25.940171,43.815673],[25.939973,43.816161],[25.939906,43.816485],[25.939839,43.816689],[25.939708,43.817046],[25.939506,43.817439],[25.939317,43.817786],[25.939211,43.817996],[25.93915,43.818065],[25.939111,43.818101],[25.939065,43.81814],[25.938995,43.818179]]},"properties":{"name":"Басарбовска","lines":"8, 15, 50","arr":["А8","А15","А50"],"roundabout":0,"mode":"bus","color":"#0059a9"}},{"type":"Feature","geometry":{"type":"LineString","coordinates":[[25.946295,43.803685],[25.946309,43.803623],[25.946235,43.803539],[25.945928,43.80329]]},"properties":{"name":"501","lines":"6, 8, 50","arr":["А6","А8","А50"],"roundabout":0,"mode":"bus","color":"#0059a9"}},{"type":"Feature","geometry":{"type":"LineString","coordinates":[[25.945928,43.80329],[25.94578,43.803188],[25.945609,43.80307],[25.945483,43.802982],[25.945385,43.802877],[25.945366,43.802773],[25.945387,43.802599],[25.94559,43.80184],[25.945642,43.801694],[25.945679,43.801583],[25.945739,43.80128],[25.945787,43.800896],[25.945819,43.800427],[25.945865,43.79999],[25.945979,43.798286]]},"properties":{"name":"501","lines":"8, 50","arr":["А8","А50"],"roundabout":0,"mode":"bus","color":"#0059a9"}},{"type":"Feature","geometry":{"type":"LineString","coordinates":[[25.931906,43.818413],[25.932029,43.818439],[25.932113,43.818442],[25.93222,43.818434],[25.932319,43.818404],[25.932401,43.81835],[25.932452,43.81829],[25.932477,43.818224],[25.932484,43.818168],[25.932467,43.818099],[25.932423,43.818031],[25.93235,43.81797],[25.932264,43.817936],[25.932109,43.817922],[25.932007,43.817935],[25.931912,43.817962],[25.931785,43.818015],[25.931642,43.818088],[25.931535,43.818154],[25.931385,43.818295],[25.93128,43.818411],[25.931175,43.818548],[25.931086,43.818707],[25.931023,43.818874],[25.931001,43.819021],[25.93099,43.819162],[25.930998,43.819353],[25.931012,43.81948],[25.931041,43.819611],[25.931103,43.819731],[25.931151,43.819815],[25.931223,43.819915],[25.931562,43.820283],[25.931613,43.820343],[25.931668,43.820417],[25.931905,43.820778],[25.931951,43.820857],[25.932,43.820941],[25.932067,43.821161],[25.932135,43.821438],[25.932183,43.8216],[25.932229,43.821724],[25.932305,43.821897]]},"properties":{"name":"бул. 3-ти март","lines":"6, 16, 19","arr":["А6","А16","А19"],"roundabout":0,"mode":"bus","color":"#0059a9"}},{"type":"Feature","geometry":{"type":"LineString","coordinates":[[25.935441,43.826289],[25.935959,43.826776],[25.936323,43.82712],[25.93643,43.827236],[25.936468,43.827295],[25.936507,43.827356],[25.936547,43.827414],[25.936666,43.827581],[25.936816,43.8278],[25.9369,43.827921],[25.936952,43.828013],[25.937102,43.828398],[25.937147,43.828512],[25.937296,43.828844]]},"properties":{"name":"бул. 3-ти март","lines":"6, 16, 19, 2, 9, 24","arr":["А6","А16","А19","Т2","Т9","Т24"],"roundabout":0,"mode":"bus","color":"#0059a9","trolley":"mix"}},{"type":"Feature","geometry":{"type":"LineString","coordinates":[[25.960444,43.846254],[25.96042,43.846294],[25.960396,43.846357],[25.960268,43.846811],[25.959926,43.847927],[25.959905,43.847996],[25.959808,43.848282],[25.95965,43.848702],[25.959352,43.849176],[25.958831,43.849965],[25.958799,43.850007],[25.958747,43.850076],[25.95865,43.850223]]},"properties":{"name":"бул. Цар Освободител","lines":"6, 8, 10, 11, 16, 18, 19, 20, 28, 27, 29","arr":["А6","А8","А10","А11","А16","А18","А19","А20","А28","Т27","Т29"],"roundabout":0,"mode":"bus","color":"#0059a9","trolley":"mix"}},{"type":"Feature","geometry":{"type":"LineString","coordinates":[[25.961181,43.853051],[25.961425,43.853231]]},"properties":{"name":"","lines":"6, 8, 10, 11, 16, 18, 19, 20, 28, 30, 27, 29","arr":["А6","А8","А10","А11","А16","А18","А19","А20","А28","А30","Т27","Т29"],"roundabout":0,"mode":"bus","color":"#0059a9","trolley":"mix"}},{"type":"Feature","geometry":{"type":"LineString","coordinates":[[25.961425,43.853231],[25.961544,43.853319],[25.961709,43.853435],[25.961783,43.853484],[25.961795,43.853492],[25.961913,43.853569],[25.961993,43.853619],[25.962064,43.853672],[25.962099,43.853704]]},"properties":{"name":"бул. Съединение","lines":"6, 8, 10, 11, 16, 18, 19, 20, 28, 30, 27, 29","arr":["А6","А8","А10","А11","А16","А18","А19","А20","А28","А30","Т27","Т29"],"roundabout":0,"mode":"bus","color":"#0059a9","trolley":"mix"}},{"type":"Feature","geometry":{"type":"LineString","coordinates":[[25.962099,43.853704],[25.962126,43.853744],[25.962146,43.853773],[25.962479,43.854266],[25.962596,43.854427],[25.963103,43.855148],[25.963141,43.855202],[25.963185,43.855265]]},"properties":{"name":"бул. Съединение","lines":"6, 8, 10","arr":["А6","А8","А10"],"roundabout":0,"mode":"bus","color":"#0059a9"}},{"type":"Feature","geometry":{"type":"LineString","coordinates":[[25.963185,43.855265],[25.963273,43.855233],[25.963784,43.855046],[25.963898,43.855031],[25.96397,43.855028],[25.964031,43.855035],[25.964085,43.855046],[25.964123,43.85506],[25.964389,43.855196],[25.965961,43.855961],[25.967875,43.856865],[25.967994,43.856922],[25.968042,43.856945],[25.968884,43.857348],[25.96907,43.857437],[25.969967,43.857862],[25.970361,43.858055],[25.971062,43.858394],[25.971815,43.858752],[25.973041,43.859369],[25.973094,43.859395]]},"properties":{"name":"Доростол","lines":"11, 16, 18, 19, 20, 28, 30, 27, 29","arr":["А11","А16","А18","А19","А20","А28","А30","Т27","Т29"],"roundabout":0,"mode":"bus","color":"#0059a9","trolley":"mix"}},{"type":"Feature","geometry":{"type":"LineString","coordinates":[[25.963185,43.855265],[25.963053,43.855316],[25.963016,43.855327],[25.962994,43.855333],[25.962969,43.855338],[25.962949,43.85534],[25.962925,43.855339],[25.962899,43.855332],[25.962875,43.855322],[25.962837,43.855304]]},"properties":{"name":"Доростол","lines":"6, 8, 10, 11, 16, 18, 19, 20, 28, 30, 27, 29","arr":["А6","А8","А10","А11","А16","А18","А19","А20","А28","А30","Т27","Т29"],"roundabout":0,"mode":"bus","color":"#0059a9","trolley":"mix"}},{"type":"Feature","geometry":{"type":"LineString","coordinates":[[25.959994,43.845649],[25.960074,43.845559],[25.960094,43.8455],[25.960107,43.845418]]},"properties":{"name":"бул. Цар Освободител","lines":"8, 10, 15, 28, 33, 13, 21, 27, 29","arr":["А8","А10","А15","А28","А33","Т13","Т21","Т27","Т29"],"roundabout":0,"mode":"bus","color":"#0059a9","trolley":"mix"}},{"type":"Feature","geometry":{"type":"LineString","coordinates":[[25.960625,43.841742],[25.960633,43.841832],[25.960621,43.842581],[25.96062,43.842657],[25.960594,43.843475],[25.960592,43.843513],[25.960571,43.844139],[25.960543,43.844953],[25.960494,43.84552],[25.960494,43.845587],[25.960526,43.845718]]},"properties":{"name":"бул. Цар Освободител","lines":"8, 10, 15, 28, 33, 13, 21, 27, 29","arr":["А8","А10","А15","А28","А33","Т13","Т21","Т27","Т29"],"roundabout":0,"mode":"bus","color":"#0059a9","trolley":"mix"}},{"type":"Feature","geometry":{"type":"LineString","coordinates":[[25.960107,43.845418],[25.960191,43.845015],[25.960199,43.844641],[25.960208,43.844108],[25.960208,43.844075],[25.960241,43.842984],[25.960241,43.842948],[25.96024,43.842194],[25.960237,43.841843],[25.960232,43.841721],[25.960209,43.841631],[25.960206,43.841623],[25.959757,43.840245],[25.959741,43.840201],[25.959651,43.839907],[25.959629,43.839837],[25.959579,43.839693]]},"properties":{"name":"бул. Цар Освободител","lines":"8, 10, 15, 28, 33, 9, 13, 21, 24, 27, 29","arr":["А8","А10","А15","А28","А33","Т9","Т13","Т21","Т24","Т27","Т29"],"roundabout":0,"mode":"bus","color":"#0059a9","trolley":"mix"}},{"type":"Feature","geometry":{"type":"LineString","coordinates":[[25.959579,43.839693],[25.95953,43.839562]]},"properties":{"name":"бул. Цар Освободител","lines":"8, 10, 15, 23, 28, 33, 9, 13, 21, 24, 27, 29","arr":["А8","А10","А15","А23","А28","А33","Т9","Т13","Т21","Т24","Т27","Т29"],"roundabout":0,"mode":"bus","color":"#0059a9","trolley":"mix"}},{"type":"Feature","geometry":{"type":"LineString","coordinates":[[25.95953,43.839562],[25.959709,43.839529],[25.959894,43.839478]]},"properties":{"name":"бул. Неофит Бозвели","lines":"8, 10, 28, 33, 9, 13, 21, 24, 27, 29","arr":["А8","А10","А28","А33","Т9","Т13","Т21","Т24","Т27","Т29"],"roundabout":0,"mode":"bus","color":"#0059a9","trolley":"mix"}},{"type":"Feature","geometry":{"type":"LineString","coordinates":[[25.959894,43.839478],[25.959977,43.839439],[25.960225,43.839321],[25.960344,43.83924],[25.960691,43.838968],[25.961103,43.838645],[25.962453,43.83766],[25.962602,43.837561],[25.964415,43.836344],[25.964453,43.836321],[25.965379,43.835672],[25.965699,43.835458],[25.96675,43.834768],[25.9668,43.834735],[25.967978,43.833933],[25.968142,43.833826]]},"properties":{"name":"бул. Христо Ботев","lines":"8, 10, 28, 33, 9, 13, 21, 24, 27, 29","arr":["А8","А10","А28","А33","Т9","Т13","Т21","Т24","Т27","Т29"],"roundabout":0,"mode":"bus","color":"#0059a9","trolley":"mix"}},{"type":"Feature","geometry":{"type":"LineString","coordinates":[[25.968142,43.833826],[25.968212,43.833704],[25.968224,43.833686],[25.968222,43.833661],[25.968212,43.833628]]},"properties":{"name":"","lines":"8","arr":["А8"],"roundabout":0,"mode":"bus","color":"#0059a9"}},{"type":"Feature","geometry":{"type":"LineString","coordinates":[[25.967063,43.832746],[25.96811,43.833549],[25.96815,43.83358],[25.968212,43.833628]]},"properties":{"name":"Студен кладенец","lines":"8","arr":["А8"],"roundabout":0,"mode":"bus","color":"#0059a9"}},{"type":"Feature","geometry":{"type":"LineString","coordinates":[[25.967343,43.831762],[25.967323,43.831793],[25.967296,43.831842],[25.967264,43.831895],[25.967245,43.831961],[25.967197,43.832174],[25.967142,43.832411],[25.967063,43.832746]]},"properties":{"name":"Еленин връх","lines":"8","arr":["А8"],"roundabout":0,"mode":"bus","color":"#0059a9"}},{"type":"Feature","geometry":{"type":"LineString","coordinates":[[25.96835,43.831053],[25.968086,43.831275],[25.96783,43.831489],[25.967447,43.831776]]},"properties":{"name":"Еленин връх","lines":"8","arr":["А8"],"roundabout":0,"mode":"bus","color":"#0059a9"}},{"type":"Feature","geometry":{"type":"LineString","coordinates":[[25.967343,43.831762],[25.967402,43.831776],[25.967447,43.831776]]},"properties":{"name":"Гео Милев","lines":"8","arr":["А8"],"roundabout":0,"mode":"bus","color":"#0059a9"}},{"type":"Feature","geometry":{"type":"LineString","coordinates":[[25.969876,43.829682],[25.969783,43.829743],[25.969571,43.829938],[25.969504,43.830006],[25.969295,43.830215],[25.969199,43.830309],[25.969104,43.830398],[25.96835,43.831053]]},"properties":{"name":"Еленин връх","lines":"8, 28, 13, 24, 27","arr":["А8","А28","Т13","Т24","Т27"],"roundabout":0,"mode":"bus","color":"#0059a9","trolley":"mix"}},{"type":"Feature","geometry":{"type":"LineString","coordinates":[[25.969499,43.833091],[25.968733,43.833622],[25.967809,43.834252]]},"properties":{"name":"бул. Христо Ботев","lines":"8, 23, 28, 13, 24, 27","arr":["А8","А23","А28","Т13","Т24","Т27"],"roundabout":0,"mode":"bus","color":"#0059a9","trolley":"mix"}},{"type":"Feature","geometry":{"type":"LineString","coordinates":[[25.960535,43.839331],[25.960303,43.839483],[25.960178,43.839555],[25.960087,43.839603],[25.960021,43.839632],[25.959947,43.839649]]},"properties":{"name":"бул. Христо Ботев","lines":"8, 23","arr":["А8","А23"],"roundabout":0,"mode":"bus","color":"#0059a9"}},{"type":"Feature","geometry":{"type":"LineString","coordinates":[[25.959947,43.839649],[25.959754,43.83968],[25.959579,43.839693]]},"properties":{"name":"бул. Неофит Бозвели","lines":"8, 23","arr":["А8","А23"],"roundabout":0,"mode":"bus","color":"#0059a9"}},{"type":"Feature","geometry":{"type":"LineString","coordinates":[[25.959579,43.839693],[25.959439,43.839696],[25.959199,43.839706],[25.959033,43.839706],[25.958832,43.839691],[25.958607,43.839661],[25.957415,43.839427],[25.957302,43.83941],[25.957225,43.839399],[25.956769,43.839341],[25.95639,43.839294],[25.956,43.839245],[25.955219,43.83914],[25.955062,43.839119]]},"properties":{"name":"бул. Неофит Бозвели","lines":"8","arr":["А8"],"roundabout":0,"mode":"bus","color":"#0059a9"}},{"type":"Feature","geometry":{"type":"LineString","coordinates":[[25.955078,43.839046],[25.955062,43.839119],[25.955025,43.839323],[25.955011,43.839415],[25.954994,43.839497],[25.954978,43.839576],[25.954863,43.840245],[25.954856,43.840284],[25.954809,43.840616],[25.954774,43.840825]]},"properties":{"name":"Борисова","lines":"8, 11, 12, 18, 23","arr":["А8","А11","А12","А18","А23"],"roundabout":0,"mode":"bus","color":"#0059a9"}},{"type":"Feature","geometry":{"type":"LineString","coordinates":[[25.951546,43.840593],[25.952298,43.840331],[25.952846,43.84014],[25.953778,43.839865],[25.954034,43.839792],[25.954994,43.839497]]},"properties":{"name":"Давид","lines":"8","arr":["А8"],"roundabout":0,"mode":"bus","color":"#0059a9"}},{"type":"Feature","geometry":{"type":"LineString","coordinates":[[25.955778,43.840906],[25.954774,43.840825]]},"properties":{"name":"Мария Луиза","lines":"8","arr":["А8"],"roundabout":0,"mode":"bus","color":"#0059a9"}},{"type":"Feature","geometry":{"type":"LineString","coordinates":[[25.951546,43.840593],[25.950236,43.8403],[25.950095,43.840269]]},"properties":{"name":"Мария Луиза","lines":"8","arr":["А8"],"roundabout":0,"mode":"bus","color":"#0059a9"}},{"type":"Feature","geometry":{"type":"LineString","coordinates":[[25.950095,43.840269],[25.950462,43.839546],[25.95069,43.839069],[25.950825,43.838773],[25.950854,43.838718],[25.950884,43.83867]]},"properties":{"name":"Цар Шишман","lines":"8","arr":["А8"],"roundabout":0,"mode":"bus","color":"#0059a9"}},{"type":"Feature","geometry":{"type":"LineString","coordinates":[[25.950334,43.838424],[25.950391,43.838437],[25.950531,43.838492],[25.950654,43.838558],[25.950801,43.838636],[25.950884,43.83867],[25.950977,43.838694],[25.951094,43.838709],[25.952174,43.838809],[25.953012,43.838884],[25.954121,43.838981],[25.95494,43.839062]]},"properties":{"name":"Неофит Бозвели","lines":"8, 18","arr":["А8","А18"],"roundabout":0,"mode":"bus","color":"#0059a9"}},{"type":"Feature","geometry":{"type":"LineString","coordinates":[[25.947018,43.836485],[25.94715,43.836479],[25.947248,43.836459],[25.947272,43.836453],[25.94737,43.836402],[25.947427,43.836354],[25.947429,43.836456],[25.947438,43.836504],[25.947447,43.836548],[25.947524,43.836617],[25.947581,43.836671]]},"properties":{"name":"","lines":"8, 50","arr":["А8","А50"],"roundabout":0,"mode":"bus","color":"#0059a9"}},{"type":"Feature","geometry":{"type":"LineString","coordinates":[[25.946822,43.835895],[25.946582,43.835905],[25.946288,43.835919],[25.946099,43.835931],[25.945962,43.835922],[25.945851,43.8359],[25.945739,43.83586],[25.945642,43.835814],[25.945562,43.835759],[25.9455,43.835703],[25.945452,43.835651],[25.945419,43.835613],[25.945388,43.835553],[25.945366,43.835503],[25.945348,43.835415]]},"properties":{"name":"","lines":"8, 50","arr":["А8","А50"],"roundabout":0,"mode":"bus","color":"#0059a9"}},{"type":"Feature","geometry":{"type":"LineString","coordinates":[[25.947427,43.836354],[25.947454,43.836309],[25.94747,43.836267],[25.947479,43.836204],[25.947468,43.836142],[25.947449,43.836098],[25.947414,43.836048],[25.947345,43.835994],[25.947277,43.835957],[25.94718,43.835925],[25.947064,43.835902],[25.946951,43.835893],[25.946822,43.835895]]},"properties":{"name":"Пристанищна","lines":"8, 50","arr":["А8","А50"],"roundabout":0,"mode":"bus","color":"#0059a9"}},{"type":"Feature","geometry":{"type":"LineString","coordinates":[[25.945348,43.835415],[25.945392,43.835235],[25.945445,43.835076],[25.945471,43.835],[25.945529,43.834863],[25.945595,43.834616],[25.945792,43.833948],[25.946046,43.833211],[25.946236,43.83266],[25.946438,43.832114],[25.946545,43.831719],[25.946597,43.831515],[25.946604,43.831414],[25.946562,43.831224],[25.946459,43.831004],[25.946297,43.830741],[25.945984,43.830285],[25.945899,43.830178],[25.945672,43.829917],[25.945518,43.82976],[25.945014,43.829266],[25.944721,43.828978],[25.943813,43.828091],[25.943058,43.827365],[25.942999,43.827312],[25.942792,43.827064],[25.942564,43.826784],[25.94233,43.826653],[25.942201,43.826605],[25.942099,43.826561],[25.941928,43.826444],[25.94179,43.826184],[25.941696,43.825961],[25.941593,43.825763],[25.941481,43.825595],[25.941361,43.825453],[25.941162,43.825229],[25.940696,43.824817],[25.939578,43.824014],[25.939012,43.823575],[25.938466,43.823129],[25.938338,43.823023],[25.93774,43.822462],[25.937491,43.822187],[25.937259,43.821936],[25.937143,43.821692],[25.937125,43.821655],[25.936796,43.820982],[25.936641,43.820693],[25.936533,43.820504],[25.936448,43.820308],[25.936404,43.820096],[25.936393,43.820017]]},"properties":{"name":"Свети Димитър Басарбовски","lines":"8, 50","arr":["А8","А50"],"roundabout":0,"mode":"bus","color":"#0059a9"}},{"type":"Feature","geometry":{"type":"LineString","coordinates":[[25.938995,43.818179],[25.938619,43.818359],[25.938307,43.818487],[25.937771,43.818715],[25.937399,43.818896],[25.937153,43.819084],[25.937118,43.819133],[25.937074,43.819193]]},"properties":{"name":"Свети Димитър Басарбовски","lines":"8, 50","arr":["А8","А50"],"roundabout":0,"mode":"bus","color":"#0059a9"}},{"type":"Feature","geometry":{"type":"LineString","coordinates":[[25.936393,43.820017],[25.93639,43.819934],[25.936406,43.81985],[25.93643,43.819783],[25.936477,43.819719],[25.936613,43.819574],[25.93673,43.819473],[25.936884,43.819344],[25.937012,43.819234],[25.937074,43.819193],[25.937026,43.819297],[25.936967,43.819404],[25.936895,43.819511],[25.936845,43.819582],[25.936786,43.819649],[25.936492,43.819874],[25.936462,43.819904],[25.936437,43.819937],[25.936393,43.820017]]},"properties":{"name":"Свети Димитър Басарбовски","lines":"8, 50","arr":["А8","А50"],"roundabout":0,"mode":"bus","color":"#0059a9"}},{"type":"Feature","geometry":{"type":"LineString","coordinates":[[25.95494,43.839062],[25.955078,43.839046]]},"properties":{"name":"бул. Неофит Бозвели","lines":"8, 18","arr":["А8","А18"],"roundabout":0,"mode":"bus","color":"#0059a9"}},{"type":"Feature","geometry":{"type":"LineString","coordinates":[[25.954078,43.844818],[25.954095,43.844724],[25.954105,43.844671],[25.954269,43.843801],[25.954386,43.843169],[25.954404,43.843065],[25.954453,43.842783],[25.954569,43.842088],[25.954711,43.84126],[25.954774,43.840825]]},"properties":{"name":"Борисова","lines":"11, 12, 18, 23","arr":["А11","А12","А18","А23"],"roundabout":0,"mode":"bus","color":"#0059a9"}},{"type":"Feature","geometry":{"type":"LineString","coordinates":[[25.955819,43.83474],[25.955548,43.836117],[25.955378,43.837085],[25.955331,43.837402],[25.955231,43.838058],[25.955096,43.838928],[25.955078,43.839046]]},"properties":{"name":"Борисова","lines":"11, 12, 18, 23","arr":["А11","А12","А18","А23"],"roundabout":0,"mode":"bus","color":"#0059a9"}},{"type":"Feature","geometry":{"type":"LineString","coordinates":[[25.956372,43.842468],[25.955778,43.840906]]},"properties":{"name":"Цариград","lines":"8","arr":["А8"],"roundabout":0,"mode":"bus","color":"#0059a9"}},{"type":"Feature","geometry":{"type":"LineString","coordinates":[[25.960232,43.841721],[25.960183,43.841725],[25.959159,43.841859],[25.958181,43.842011]]},"properties":{"name":"Панайот Хитов","lines":"8, 9, 24","arr":["А8","Т9","Т24"],"roundabout":0,"mode":"bus","color":"#0059a9","trolley":"mix"}},{"type":"Feature","geometry":{"type":"LineString","coordinates":[[25.958181,43.842011],[25.957833,43.842094],[25.957256,43.842231],[25.956372,43.842468]]},"properties":{"name":"Панайот Хитов","lines":"8","arr":["А8"],"roundabout":0,"mode":"bus","color":"#0059a9"}},{"type":"Feature","geometry":{"type":"LineString","coordinates":[[25.960232,43.841721],[25.960377,43.841729],[25.960625,43.841742]]},"properties":{"name":"Шипка","lines":"8, 9, 24","arr":["А8","Т9","Т24"],"roundabout":0,"mode":"bus","color":"#0059a9","trolley":"mix"}},{"type":"Feature","geometry":{"type":"LineString","coordinates":[[25.960014,43.839866],[25.959984,43.83978],[25.959947,43.839649],[25.959894,43.839478],[25.959857,43.839397],[25.959843,43.839357],[25.959824,43.83931],[25.959752,43.839127],[25.959565,43.838654],[25.959456,43.838367],[25.959404,43.838247],[25.959135,43.837692],[25.958846,43.837065],[25.958573,43.836391],[25.958436,43.836074],[25.958322,43.835769],[25.95825,43.835608],[25.958163,43.835486],[25.958096,43.835404],[25.958016,43.835322],[25.957953,43.835274],[25.95787,43.835215],[25.957495,43.834994],[25.955974,43.834152],[25.955868,43.834092]]},"properties":{"name":"бул. Цар Освободител","lines":"15","arr":["А15"],"roundabout":0,"mode":"bus","color":"#0059a9"}},{"type":"Feature","geometry":{"type":"LineString","coordinates":[[25.956207,43.834553],[25.956033,43.834528],[25.955884,43.8345],[25.955821,43.834477],[25.955765,43.834454],[25.955707,43.83442]]},"properties":{"name":"бул. Цар Освободител","lines":"15","arr":["А15"],"roundabout":0,"mode":"bus","color":"#0059a9"}},{"type":"Feature","geometry":{"type":"LineString","coordinates":[[25.960014,43.839866],[25.960125,43.840181],[25.9602,43.840406],[25.96059,43.841593],[25.960625,43.841742]]},"properties":{"name":"бул. Цар Освободител","lines":"10, 15, 28, 33, 9, 13, 21, 24, 27, 29","arr":["А10","А15","А28","А33","Т9","Т13","Т21","Т24","Т27","Т29"],"roundabout":0,"mode":"bus","color":"#0059a9","trolley":"mix"}},{"type":"Feature","geometry":{"type":"LineString","coordinates":[[25.968142,43.833826],[25.968529,43.833567],[25.969018,43.833235],[25.97034,43.832347]]},"properties":{"name":"бул. Христо Ботев","lines":"10, 28, 33, 9, 13, 21, 24, 27, 29","arr":["А10","А28","А33","Т9","Т13","Т21","Т24","Т27","Т29"],"roundabout":0,"mode":"bus","color":"#0059a9","trolley":"mix"}},{"type":"Feature","geometry":{"type":"LineString","coordinates":[[25.97034,43.832347],[25.970717,43.832105],[25.971518,43.831586],[25.971785,43.831406],[25.971988,43.83127]]},"properties":{"name":"бул. Христо Ботев","lines":"10, 33, 9, 21, 29","arr":["А10","А33","Т9","Т21","Т29"],"roundabout":0,"mode":"bus","color":"#0059a9","trolley":"mix"}},{"type":"Feature","geometry":{"type":"LineString","coordinates":[[25.976544,43.83875],[25.9768,43.83879],[25.976845,43.838797],[25.976891,43.838799],[25.977217,43.838781]]},"properties":{"name":"","lines":"10","arr":["А10"],"roundabout":0,"mode":"bus","color":"#0059a9"}},{"type":"Feature","geometry":{"type":"LineString","coordinates":[[25.982361,43.839537],[25.983097,43.839848],[25.983978,43.840189],[25.984679,43.840383],[25.9851,43.84046],[25.985202,43.840463],[25.985651,43.840463],[25.986061,43.840457],[25.986251,43.840449],[25.986778,43.840417],[25.986931,43.840413],[25.988405,43.840349],[25.988569,43.840342],[25.989554,43.840297],[25.989701,43.840291],[25.990169,43.84028],[25.99069,43.840222],[25.9919,43.839889],[25.992618,43.839658],[25.994088,43.839286],[25.994243,43.839244],[25.994756,43.839107],[25.994933,43.839037],[25.99523,43.838919],[25.99586,43.838663],[25.99641,43.838509],[25.996942,43.838386],[25.997574,43.838288],[25.998206,43.838191],[25.999239,43.838094],[26.000261,43.837984],[26.001332,43.837874],[26.001608,43.837868],[26.002086,43.837854],[26.002195,43.837855],[26.002419,43.837835],[26.002719,43.837762],[26.002951,43.83767],[26.003066,43.83761],[26.003172,43.837529],[26.00335,43.837361],[26.003596,43.83707],[26.003726,43.836968],[26.003903,43.836891],[26.00409,43.836833],[26.004324,43.836805],[26.005054,43.836749],[26.005167,43.836741],[26.00547,43.836726],[26.005841,43.83672],[26.006194,43.836725],[26.00689,43.836737],[26.008407,43.836735],[26.009418,43.836724],[26.009959,43.836699],[26.010265,43.836647],[26.010371,43.836622],[26.01049,43.836581],[26.01075,43.836476],[26.011767,43.835996],[26.011889,43.835943],[26.0129,43.835478],[26.013079,43.835396],[26.013222,43.835335],[26.013354,43.835279],[26.013821,43.834945],[26.01421,43.834638],[26.014685,43.83435],[26.014968,43.834238],[26.015183,43.834159],[26.015356,43.834056],[26.015409,43.833973],[26.015498,43.83374],[26.01563,43.833561],[26.015856,43.833432],[26.016158,43.833284],[26.016392,43.833093],[26.016578,43.832872],[26.017131,43.832104],[26.017399,43.831729],[26.017514,43.831516],[26.017595,43.83127],[26.017689,43.830969],[26.017857,43.830753],[26.018045,43.83056],[26.018213,43.830383],[26.018662,43.830041],[26.019469,43.829474],[26.019566,43.829406],[26.020466,43.829067],[26.021775,43.828672],[26.022646,43.82839],[26.02299,43.828209],[26.023415,43.827963],[26.023745,43.827763],[26.024293,43.827447],[26.024507,43.827339],[26.025359,43.82689],[26.025464,43.826784],[26.02555,43.826617],[26.025568,43.826581],[26.025622,43.826399],[26.025704,43.826297],[26.02583,43.82623],[26.026028,43.826211],[26.026234,43.82626],[26.027284,43.826492],[26.028203,43.826623],[26.02909,43.826585],[26.029358,43.826582],[26.029512,43.826581],[26.030083,43.826531],[26.031103,43.826341],[26.031667,43.826235],[26.031772,43.826234]]},"properties":{"name":"","lines":"10","arr":["А10"],"roundabout":0,"mode":"bus","color":"#0059a9"}},{"type":"Feature","geometry":{"type":"LineString","coordinates":[[25.976753,43.838909],[25.976515,43.838801]]},"properties":{"name":"","lines":"10","arr":["А10"],"roundabout":0,"mode":"bus","color":"#0059a9"}},{"type":"Feature","geometry":{"type":"LineString","coordinates":[[25.976774,43.838902],[25.977217,43.838781],[25.977365,43.838743],[25.977509,43.838711],[25.977895,43.838638],[25.978047,43.838611],[25.978117,43.838599],[25.978472,43.838542],[25.978882,43.838514],[25.979076,43.838509],[25.979457,43.838564],[25.980056,43.838658],[25.980237,43.838714],[25.980288,43.83873],[25.981012,43.839016],[25.981679,43.839252],[25.981842,43.83931],[25.982361,43.839537]]},"properties":{"name":"Изгрев","lines":"10","arr":["А10"],"roundabout":0,"mode":"bus","color":"#0059a9"}},{"type":"Feature","geometry":{"type":"LineString","coordinates":[[25.969499,43.833091],[25.96945,43.833187],[25.969431,43.833233],[25.969402,43.833255],[25.969307,43.833318],[25.9692,43.833376],[25.969131,43.833418],[25.969105,43.833452],[25.968784,43.833637],[25.968732,43.833679],[25.968679,43.83376],[25.968654,43.8338],[25.968578,43.833895],[25.968531,43.833928],[25.968064,43.834238],[25.967809,43.834252]]},"properties":{"name":"","lines":"10, 33, 9, 21, 29","arr":["А10","А33","Т9","Т21","Т29"],"roundabout":0,"mode":"bus","color":"#0059a9","trolley":"mix"}},{"type":"Feature","geometry":{"type":"LineString","coordinates":[[25.960535,43.839331],[25.960372,43.839504],[25.9603,43.839567],[25.960174,43.839672],[25.960149,43.83969],[25.960099,43.839723],[25.960064,43.839764],[25.960036,43.839817],[25.960014,43.839866]]},"properties":{"name":"","lines":"10, 28, 33, 9, 13, 21, 24, 27, 29","arr":["А10","А28","А33","Т9","Т13","Т21","Т24","Т27","Т29"],"roundabout":0,"mode":"bus","color":"#0059a9","trolley":"mix"}},{"type":"Feature","geometry":{"type":"LineString","coordinates":[[25.95343,43.827033],[25.953881,43.827185],[25.954867,43.827442],[25.955645,43.827643],[25.955843,43.827695],[25.956126,43.827774],[25.958638,43.828683],[25.95878,43.828734]]},"properties":{"name":"Мальовица","lines":"11","arr":["А11"],"roundabout":0,"mode":"bus","color":"#0059a9"}},{"type":"Feature","geometry":{"type":"LineString","coordinates":[[25.960623,43.829828],[25.960005,43.829437],[25.959736,43.829249],[25.959556,43.829102],[25.959003,43.828731],[25.95878,43.828734]]},"properties":{"name":"","lines":"11","arr":["А11"],"roundabout":0,"mode":"bus","color":"#0059a9"}},{"type":"Feature","geometry":{"type":"LineString","coordinates":[[25.955461,43.833875],[25.955868,43.834092]]},"properties":{"name":"бул. Цар Освободител","lines":"11, 15","arr":["А11","А15"],"roundabout":0,"mode":"bus","color":"#0059a9"}},{"type":"Feature","geometry":{"type":"LineString","coordinates":[[25.955868,43.834092],[25.955902,43.834191],[25.955918,43.834256],[25.955916,43.834307],[25.955909,43.83437],[25.955884,43.8345],[25.955819,43.83474]]},"properties":{"name":"Борисова","lines":"11","arr":["А11"],"roundabout":0,"mode":"bus","color":"#0059a9"}},{"type":"Feature","geometry":{"type":"LineString","coordinates":[[25.962099,43.853704],[25.962195,43.853711],[25.962245,43.853719],[25.962337,43.853733]]},"properties":{"name":"","lines":"11, 16, 18, 19, 20, 28, 30, 27, 29","arr":["А11","А16","А18","А19","А20","А28","А30","Т27","Т29"],"roundabout":0,"mode":"bus","color":"#0059a9","trolley":"mix"}},{"type":"Feature","geometry":{"type":"LineString","coordinates":[[25.962337,43.853733],[25.962645,43.853798],[25.963398,43.853959],[25.964188,43.854127],[25.964547,43.854203]]},"properties":{"name":"Св. Наум","lines":"11, 16, 18, 19, 20, 28, 30, 27, 29","arr":["А11","А16","А18","А19","А20","А28","А30","Т27","Т29"],"roundabout":0,"mode":"bus","color":"#0059a9","trolley":"mix"}},{"type":"Feature","geometry":{"type":"LineString","coordinates":[[25.964547,43.854203],[25.964655,43.854233],[25.964686,43.854246],[25.964759,43.854276],[25.965134,43.854459],[25.965711,43.85474],[25.966648,43.855196],[25.967646,43.855677],[25.968596,43.856135],[25.96869,43.856181],[25.969567,43.856599],[25.970663,43.857122],[25.97123,43.857402],[25.971321,43.857451],[25.972627,43.858075],[25.972713,43.858116],[25.972854,43.858185],[25.973692,43.858593],[25.973726,43.85861],[25.973814,43.858652]]},"properties":{"name":"Плиска","lines":"11, 16, 18, 19, 20, 28, 30, 27, 29","arr":["А11","А16","А18","А19","А20","А28","А30","Т27","Т29"],"roundabout":0,"mode":"bus","color":"#0059a9","trolley":"mix"}},{"type":"Feature","geometry":{"type":"LineString","coordinates":[[25.973814,43.858652],[25.9739,43.85869]]},"properties":{"name":"Плиска","lines":"11, 28, 27, 29","arr":["А11","А28","Т27","Т29"],"roundabout":0,"mode":"bus","color":"#0059a9","trolley":"mix"}},{"type":"Feature","geometry":{"type":"LineString","coordinates":[[25.954066,43.844884],[25.954078,43.844818]]},"properties":{"name":"Борисова","lines":"11, 12, 18, 23, 9, 24","arr":["А11","А12","А18","А23","Т9","Т24"],"roundabout":0,"mode":"bus","color":"#0059a9","trolley":"mix"}},{"type":"Feature","geometry":{"type":"LineString","coordinates":[[25.955819,43.83474],[25.955803,43.834634],[25.95578,43.834552],[25.955753,43.834497],[25.955707,43.83442]]},"properties":{"name":"","lines":"11, 18, 23","arr":["А11","А18","А23"],"roundabout":0,"mode":"bus","color":"#0059a9"}},{"type":"Feature","geometry":{"type":"LineString","coordinates":[[25.955707,43.83442],[25.95552,43.834305],[25.955176,43.83411],[25.954982,43.833997]]},"properties":{"name":"бул. Цар Освободител","lines":"11, 15, 18, 23","arr":["А11","А15","А18","А23"],"roundabout":0,"mode":"bus","color":"#0059a9"}},{"type":"Feature","geometry":{"type":"LineString","coordinates":[[25.949316,43.828355],[25.949358,43.828303],[25.949408,43.828272],[25.949479,43.828255],[25.949571,43.828251],[25.949714,43.828256],[25.950249,43.828566],[25.950369,43.828641],[25.950436,43.82873],[25.95046,43.828875],[25.950452,43.829032],[25.950451,43.829174],[25.950478,43.829311],[25.950536,43.829386],[25.950742,43.829494],[25.95096,43.829613],[25.951195,43.829769]]},"properties":{"name":"","lines":"11, 15, 18, 23","arr":["А11","А15","А18","А23"],"roundabout":0,"mode":"bus","color":"#0059a9"}},{"type":"Feature","geometry":{"type":"LineString","coordinates":[[25.951195,43.829769],[25.951469,43.829898]]},"properties":{"name":"бул. България","lines":"11, 15, 18, 23","arr":["А11","А15","А18","А23"],"roundabout":0,"mode":"bus","color":"#0059a9"}},{"type":"Feature","geometry":{"type":"LineString","coordinates":[[25.951469,43.829898],[25.951728,43.830024],[25.952203,43.830255],[25.952383,43.830345],[25.953139,43.830701],[25.953972,43.831037],[25.954625,43.831301],[25.955579,43.83168],[25.95696,43.832189]]},"properties":{"name":"бул. България","lines":"11, 18, 23","arr":["А11","А18","А23"],"roundabout":0,"mode":"bus","color":"#0059a9"}},{"type":"Feature","geometry":{"type":"LineString","coordinates":[[25.982132,43.850824],[25.982349,43.850859],[25.98239,43.850864],[25.983015,43.850946],[25.985104,43.851222],[25.985281,43.851245],[25.985406,43.851261],[25.988539,43.851665],[25.99097,43.851975],[25.991016,43.851981],[25.991203,43.852004],[25.99133,43.852025],[25.991406,43.852034],[25.99284,43.852213],[25.996158,43.852637],[25.997624,43.852825],[25.997903,43.852861]]},"properties":{"name":"бул. Липник","lines":"12, 15, 16, 18, 33, 50, 2, 13, 21","arr":["А12","А15","А16","А18","А33","А50","Т2","Т13","Т21"],"roundabout":0,"mode":"bus","color":"#0059a9","trolley":"mix"}},{"type":"Feature","geometry":{"type":"LineString","coordinates":[[25.997865,43.85299],[25.99759,43.852953],[25.996105,43.85276],[25.993383,43.852406],[25.992925,43.852348],[25.992309,43.852266],[25.992153,43.852245],[25.991404,43.852148],[25.99138,43.852145],[25.991309,43.852136]]},"properties":{"name":"бул. Липник","lines":"12, 15, 16, 18, 33, 50, 2, 13, 21","arr":["А12","А15","А16","А18","А33","А50","Т2","Т13","Т21"],"roundabout":0,"mode":"bus","color":"#0059a9","trolley":"mix"}},{"type":"Feature","geometry":{"type":"LineString","coordinates":[[25.997903,43.852861],[25.998109,43.852888],[26.000221,43.853169],[26.001477,43.853335],[26.00204,43.85341],[26.002448,43.853458],[26.004484,43.853696]]},"properties":{"name":"бул. Липник","lines":"12, 15, 18, 2","arr":["А12","А15","А18","Т2"],"roundabout":0,"mode":"bus","color":"#0059a9","trolley":"mix"}},{"type":"Feature","geometry":{"type":"LineString","coordinates":[[26.002354,43.85358],[26.002007,43.853535],[26.001706,43.853496],[26.000906,43.853388],[26.000426,43.853328],[25.999796,43.853247],[25.998074,43.853016],[25.997865,43.85299]]},"properties":{"name":"бул. Липник","lines":"12, 15, 18, 2","arr":["А12","А15","А18","Т2"],"roundabout":0,"mode":"bus","color":"#0059a9","trolley":"mix"}},{"type":"Feature","geometry":{"type":"LineString","coordinates":[[26.004484,43.853696],[26.004667,43.85371],[26.004901,43.85373],[26.005019,43.853742],[26.005334,43.853767],[26.005582,43.853777],[26.00574,43.853763],[26.00585,43.853736],[26.006086,43.85365]]},"properties":{"name":"бул. Липник","lines":"12","arr":["А12"],"roundabout":0,"mode":"bus","color":"#0059a9"}},{"type":"Feature","geometry":{"type":"LineString","coordinates":[[26.006738,43.85381],[26.006816,43.853889],[26.006847,43.853917],[26.006881,43.853937],[26.006924,43.853953],[26.006979,43.853967],[26.007035,43.853979],[26.009434,43.854357],[26.009586,43.85438],[26.009738,43.854397],[26.009898,43.854413],[26.010047,43.854427],[26.01017,43.854437],[26.010285,43.854442],[26.010379,43.85444],[26.010462,43.854433],[26.010528,43.854422],[26.010593,43.854409],[26.010667,43.854389],[26.010755,43.85436],[26.010826,43.854328],[26.010898,43.854285],[26.010958,43.854242],[26.011012,43.854199],[26.011073,43.854141],[26.011123,43.854084],[26.011163,43.854022],[26.011194,43.853963],[26.011217,43.853908],[26.01123,43.853848],[26.011236,43.85379],[26.01124,43.853736],[26.011237,43.853679],[26.011229,43.853636]]},"properties":{"name":"бул. Липник","lines":"12","arr":["А12"],"roundabout":0,"mode":"bus","color":"#0059a9"}},{"type":"Feature","geometry":{"type":"LineString","coordinates":[[26.011229,43.853636],[26.011157,43.853458],[26.011129,43.853406],[26.011097,43.853362],[26.011054,43.853321],[26.011016,43.853285],[26.010959,43.853245],[26.01091,43.853215],[26.010844,43.853178],[26.010777,43.853148],[26.010708,43.853122],[26.010633,43.853101],[26.01054,43.853084],[26.010473,43.853073],[26.010398,43.853065],[26.010304,43.853069],[26.010226,43.853075],[26.010145,43.853085],[26.010071,43.8531],[26.010004,43.853119],[26.009943,43.853145],[26.009883,43.853173],[26.009828,43.853204],[26.009779,43.853243],[26.009735,43.853283],[26.009693,43.853327],[26.009651,43.853376],[26.009624,43.853427],[26.009603,43.853478],[26.00959,43.853527],[26.009582,43.853573],[26.009582,43.853626],[26.009585,43.853682],[26.009596,43.853738],[26.009612,43.853783],[26.009632,43.853821],[26.009658,43.85386],[26.009686,43.853899],[26.009712,43.853933],[26.009743,43.853969],[26.009778,43.854002],[26.009998,43.854203]]},"properties":{"name":"","lines":"12","arr":["А12"],"roundabout":0,"mode":"bus","color":"#0059a9"}},{"type":"Feature","geometry":{"type":"LineString","coordinates":[[25.95953,43.839562],[25.959495,43.839433],[25.959117,43.838402],[25.959077,43.838292],[25.958996,43.838057],[25.958882,43.837746],[25.958753,43.837393],[25.958418,43.836419],[25.958396,43.836362],[25.958141,43.835741],[25.958086,43.835636],[25.958019,43.835531],[25.957941,43.835434],[25.957863,43.835348],[25.957786,43.835275],[25.957689,43.835199],[25.957443,43.835049],[25.956785,43.834683],[25.9567,43.834643],[25.956601,43.834613],[25.956507,43.834594],[25.956207,43.834553]]},"properties":{"name":"бул. Цар Освободител","lines":"15, 23","arr":["А15","А23"],"roundabout":0,"mode":"bus","color":"#0059a9"}},{"type":"Feature","geometry":{"type":"LineString","coordinates":[[25.951469,43.829898],[25.951486,43.829945],[25.951481,43.82998],[25.951465,43.830026],[25.95141,43.830084],[25.951371,43.8301],[25.951335,43.830115],[25.951264,43.830122]]},"properties":{"name":"","lines":"15","arr":["А15"],"roundabout":0,"mode":"bus","color":"#0059a9"}},{"type":"Feature","geometry":{"type":"LineString","coordinates":[[25.942434,43.80765],[25.94212,43.806848],[25.942082,43.806776],[25.942031,43.806698]]},"properties":{"name":"","lines":"15","arr":["А15"],"roundabout":0,"mode":"bus","color":"#0059a9"}},{"type":"Feature","geometry":{"type":"LineString","coordinates":[[25.923218,43.786773],[25.923075,43.786591],[25.922894,43.786442],[25.922286,43.78605],[25.921781,43.785742],[25.921477,43.785504],[25.921162,43.785223],[25.920965,43.785038],[25.920753,43.784816],[25.92065,43.784669],[25.920564,43.784482],[25.920624,43.784247],[25.920643,43.784124]]},"properties":{"name":"","lines":"15","arr":["А15"],"roundabout":0,"mode":"bus","color":"#0059a9"}},{"type":"Feature","geometry":{"type":"LineString","coordinates":[[25.955176,43.83411],[25.955103,43.83402],[25.955104,43.833975],[25.955122,43.833932],[25.955157,43.833893],[25.955203,43.83387],[25.955263,43.833855],[25.955336,43.833848],[25.9554,43.833858],[25.955461,43.833875]]},"properties":{"name":"","lines":"15","arr":["А15"],"roundabout":0,"mode":"bus","color":"#0059a9"}},{"type":"Feature","geometry":{"type":"LineString","coordinates":[[25.947351,43.828135],[25.947145,43.82802],[25.94663,43.827778],[25.946205,43.827551],[25.945709,43.827294],[25.9453,43.827078],[25.94498,43.826886],[25.944624,43.826646],[25.944164,43.82629],[25.942684,43.825101],[25.942102,43.824623],[25.941428,43.824058],[25.940835,43.823628],[25.940482,43.823365],[25.940063,43.823094],[25.939855,43.822951],[25.939351,43.822645]]},"properties":{"name":"бул. България","lines":"15","arr":["А15"],"roundabout":0,"mode":"bus","color":"#0059a9"}},{"type":"Feature","geometry":{"type":"LineString","coordinates":[[25.943029,43.824908],[25.943167,43.825019],[25.943726,43.825444],[25.944751,43.826275],[25.945276,43.826625],[25.945637,43.826833],[25.946154,43.827128],[25.947034,43.827604],[25.94714,43.827655],[25.947233,43.827707],[25.947458,43.827823],[25.94761,43.827897]]},"properties":{"name":"бул. България","lines":"15","arr":["А15"],"roundabout":0,"mode":"bus","color":"#0059a9"}},{"type":"Feature","geometry":{"type":"LineString","coordinates":[[25.939351,43.822645],[25.939204,43.82252],[25.939137,43.822462],[25.938812,43.822221]]},"properties":{"name":"501","lines":"15","arr":["А15"],"roundabout":0,"mode":"bus","color":"#0059a9"}},{"type":"Feature","geometry":{"type":"LineString","coordinates":[[25.938995,43.818179],[25.938726,43.818478],[25.938365,43.818811],[25.938218,43.818944],[25.937995,43.819145],[25.93777,43.819352],[25.937487,43.819658],[25.937367,43.819805],[25.937283,43.819984],[25.937263,43.820178],[25.937291,43.82031],[25.937343,43.820415],[25.937626,43.820774],[25.937944,43.821189],[25.938371,43.821713],[25.938545,43.821965],[25.938676,43.822105],[25.938812,43.822221],[25.939093,43.822379],[25.939266,43.822484],[25.939544,43.822647],[25.94032,43.823099],[25.940874,43.823429],[25.941244,43.823682],[25.94159,43.82394],[25.941859,43.824157],[25.942159,43.824392],[25.942309,43.82451],[25.942391,43.824588],[25.94246,43.824664],[25.942519,43.824731],[25.942571,43.824798],[25.942602,43.824825],[25.942649,43.824859],[25.942689,43.824872],[25.942735,43.824869],[25.942781,43.824862],[25.94281,43.824852],[25.942861,43.824839],[25.942888,43.824843],[25.94291,43.824852],[25.942945,43.824866],[25.943029,43.824908]]},"properties":{"name":"501","lines":"15","arr":["А15"],"roundabout":0,"mode":"bus","color":"#0059a9"}},{"type":"Feature","geometry":{"type":"LineString","coordinates":[[25.926352,43.794083],[25.926137,43.793974],[25.925935,43.793869],[25.925676,43.793748],[25.92544,43.793672],[25.925217,43.793615],[25.925017,43.793594],[25.924693,43.793565],[25.924397,43.793556],[25.924234,43.793547],[25.924012,43.79349],[25.923946,43.793446],[25.923911,43.793403],[25.923873,43.7933],[25.923889,43.793169],[25.923906,43.793119],[25.924018,43.792716],[25.924031,43.792542],[25.924021,43.792369],[25.924018,43.79232],[25.924004,43.79223],[25.923995,43.792124],[25.923989,43.792051],[25.923975,43.791849],[25.923956,43.791621],[25.923913,43.791187],[25.923881,43.790523],[25.923875,43.790314],[25.92383,43.790169],[25.923493,43.789856],[25.922596,43.789044],[25.922348,43.788795],[25.922326,43.788626],[25.922326,43.788471],[25.922388,43.788384],[25.922629,43.78831],[25.923225,43.78812],[25.923299,43.7881],[25.923297,43.787804],[25.923275,43.787179],[25.923218,43.786773]]},"properties":{"name":"Несебър","lines":"15","arr":["А15"],"roundabout":0,"mode":"bus","color":"#0059a9"}},{"type":"Feature","geometry":{"type":"LineString","coordinates":[[25.997468,43.857617],[25.997502,43.857599],[25.997527,43.857575],[25.997539,43.857545],[25.997537,43.857515],[25.997523,43.857487],[25.997494,43.857462],[25.997456,43.857446],[25.997412,43.85744],[25.997369,43.857445],[25.997332,43.85746],[25.997303,43.857482],[25.997286,43.85751],[25.997282,43.85754],[25.997292,43.857569],[25.997314,43.857595],[25.997346,43.857614],[25.997386,43.857625],[25.997428,43.857626]]},"properties":{"name":"","lines":"16, 33, 13, 21","arr":["А16","А33","Т13","Т21"],"roundabout":0,"mode":"bus","color":"#0059a9","trolley":"mix"}},{"type":"Feature","geometry":{"type":"LineString","coordinates":[[25.997369,43.857445],[25.996986,43.85672],[25.996982,43.856655],[25.996984,43.856594],[25.996992,43.856526],[25.997004,43.856459],[25.99707,43.856152],[25.997081,43.856107],[25.997228,43.855522]]},"properties":{"name":"Иван Ведър","lines":"16, 33, 13, 21","arr":["А16","А33","Т13","Т21"],"roundabout":0,"mode":"bus","color":"#0059a9","trolley":"mix"}},{"type":"Feature","geometry":{"type":"LineString","coordinates":[[25.997228,43.855522],[25.997247,43.855448],[25.997273,43.855345],[25.99728,43.855318],[25.997357,43.85501],[25.997401,43.854835],[25.99741,43.854797],[25.997415,43.854778],[25.997571,43.85416],[25.997621,43.853962],[25.997664,43.853788],[25.997711,43.853602],[25.997842,43.853081],[25.997865,43.85299]]},"properties":{"name":"Иван Ведър","lines":"16, 33, 50, 13, 21","arr":["А16","А33","А50","Т13","Т21"],"roundabout":0,"mode":"bus","color":"#0059a9","trolley":"mix"}},{"type":"Feature","geometry":{"type":"LineString","coordinates":[[25.9739,43.85869],[25.973811,43.858781],[25.973175,43.859436]]},"properties":{"name":"Тулча","lines":"16, 18, 19, 20, 30","arr":["А16","А18","А19","А20","А30"],"roundabout":0,"mode":"bus","color":"#0059a9"}},{"type":"Feature","geometry":{"type":"LineString","coordinates":[[25.915175,43.791871],[25.915062,43.791659],[25.91486,43.791221],[25.914759,43.791002],[25.914609,43.790598],[25.91444,43.790132],[25.914375,43.789977],[25.914324,43.789824],[25.914315,43.789798],[25.914163,43.789317],[25.914113,43.789122],[25.914012,43.788759],[25.913857,43.788342],[25.913782,43.788116],[25.913637,43.787793],[25.913428,43.787458],[25.913251,43.787226],[25.913092,43.787042],[25.912846,43.786804],[25.912416,43.78636],[25.912097,43.786039],[25.911217,43.785069],[25.910877,43.784723],[25.910358,43.784234],[25.909068,43.782931],[25.906937,43.780747],[25.906765,43.780605],[25.906581,43.78044],[25.906278,43.780221],[25.905887,43.78],[25.905368,43.779771],[25.904768,43.779548],[25.899266,43.777626],[25.898944,43.777481],[25.898693,43.777345],[25.898488,43.77721],[25.898284,43.777014],[25.897978,43.776677],[25.897786,43.776312],[25.897668,43.775916],[25.897517,43.77477],[25.897474,43.774413],[25.897305,43.773232],[25.897228,43.772525],[25.897254,43.772054],[25.897382,43.77148],[25.897614,43.770999],[25.897926,43.770541],[25.898303,43.770166],[25.898869,43.769727],[25.89931,43.769338],[25.899969,43.768846],[25.900386,43.768437],[25.900795,43.767908],[25.901435,43.766518],[25.902135,43.765069],[25.902468,43.764387],[25.902638,43.76394],[25.902663,43.763823],[25.902702,43.763547],[25.90271,43.763379]]},"properties":{"name":"5","lines":"16","arr":["А16"],"roundabout":0,"mode":"bus","color":"#0059a9"}},{"type":"Feature","geometry":{"type":"LineString","coordinates":[[25.897926,43.770541],[25.897611,43.770479],[25.897321,43.770382],[25.896943,43.770173],[25.896666,43.769932],[25.896497,43.769731],[25.896042,43.76924],[25.895701,43.768868],[25.895505,43.76871],[25.895207,43.768503],[25.895149,43.768462],[25.894624,43.768171],[25.894464,43.768082],[25.894316,43.768],[25.891649,43.766763],[25.891102,43.766522],[25.890489,43.766321],[25.88988,43.766184],[25.889085,43.766084],[25.888081,43.766098],[25.887274,43.766116],[25.887122,43.766119]]},"properties":{"name":"","lines":"16","arr":["А16"],"roundabout":0,"mode":"bus","color":"#0059a9"}},{"type":"Feature","geometry":{"type":"LineString","coordinates":[[25.997865,43.85299],[25.997903,43.852861]]},"properties":{"name":"","lines":"16, 33, 50, 13, 21","arr":["А16","А33","А50","Т13","Т21"],"roundabout":0,"mode":"bus","color":"#0059a9","trolley":"mix"}},{"type":"Feature","geometry":{"type":"LineString","coordinates":[[25.95977,43.847045],[25.959558,43.84701],[25.959474,43.846997],[25.95934,43.846977],[25.95914,43.846948],[25.958515,43.846852],[25.958183,43.846812],[25.957853,43.846786],[25.957819,43.846785],[25.95716,43.846759],[25.956565,43.846719],[25.955958,43.846663],[25.955321,43.846595],[25.953954,43.846463],[25.953835,43.846453]]},"properties":{"name":"Хан Крум","lines":"19","arr":["А19"],"roundabout":0,"mode":"bus","color":"#0059a9"}},{"type":"Feature","geometry":{"type":"LineString","coordinates":[[25.953835,43.846453],[25.953697,43.846447],[25.952197,43.846409],[25.950578,43.846367],[25.950122,43.846361],[25.950009,43.84636],[25.949935,43.84636],[25.9499,43.846363]]},"properties":{"name":"Константин Иречек","lines":"19, 23","arr":["А19","А23"],"roundabout":0,"mode":"bus","color":"#0059a9"}},{"type":"Feature","geometry":{"type":"LineString","coordinates":[[25.9499,43.846363],[25.949869,43.846368]]},"properties":{"name":"Константин Иречек","lines":"23","arr":["А23"],"roundabout":0,"mode":"bus","color":"#0059a9"}},{"type":"Feature","geometry":{"type":"LineString","coordinates":[[25.9499,43.846363],[25.949793,43.846184],[25.949387,43.845593],[25.949229,43.845373],[25.949195,43.845322],[25.949151,43.845266],[25.949115,43.845219],[25.949049,43.84517],[25.94894,43.845089],[25.948578,43.844879],[25.948463,43.844826],[25.948405,43.844799],[25.948293,43.844757],[25.947777,43.844578],[25.947743,43.844566]]},"properties":{"name":"Александровска","lines":"19","arr":["А19"],"roundabout":0,"mode":"bus","color":"#0059a9"}},{"type":"Feature","geometry":{"type":"LineString","coordinates":[[25.947743,43.844566],[25.947708,43.844533],[25.947689,43.844507],[25.947675,43.84448],[25.94767,43.844446],[25.947975,43.843966],[25.948006,43.84392]]},"properties":{"name":"","lines":"19","arr":["А19"],"roundabout":0,"mode":"bus","color":"#0059a9"}},{"type":"Feature","geometry":{"type":"LineString","coordinates":[[25.927961,43.813209],[25.927992,43.81309],[25.92802,43.813034],[25.928069,43.813],[25.928134,43.812989],[25.928187,43.813003],[25.928246,43.813034],[25.928298,43.813068],[25.928404,43.813161]]},"properties":{"name":"","lines":"19","arr":["А19"],"roundabout":0,"mode":"bus","color":"#0059a9"}},{"type":"Feature","geometry":{"type":"LineString","coordinates":[[25.948006,43.84392],[25.947973,43.843904],[25.947936,43.843873],[25.947918,43.843842],[25.947907,43.84381],[25.947897,43.843782],[25.947888,43.843745],[25.947857,43.84356],[25.947733,43.842826],[25.947715,43.842702],[25.947707,43.84257],[25.947711,43.842481],[25.947716,43.842249],[25.947727,43.842144],[25.947751,43.842092],[25.947785,43.842057],[25.947836,43.842003]]},"properties":{"name":"Николаевска","lines":"19","arr":["А19"],"roundabout":0,"mode":"bus","color":"#0059a9"}},{"type":"Feature","geometry":{"type":"LineString","coordinates":[[25.947648,43.840967],[25.947956,43.840711]]},"properties":{"name":"19-ти февруари","lines":"19","arr":["А19"],"roundabout":0,"mode":"bus","color":"#0059a9"}},{"type":"Feature","geometry":{"type":"LineString","coordinates":[[25.996093,43.850825],[25.995944,43.850773],[25.995827,43.85073],[25.99377,43.84997],[25.993253,43.849779],[25.992397,43.849463]]},"properties":{"name":"Рига","lines":"20","arr":["А20"],"roundabout":0,"mode":"bus","color":"#0059a9"}},{"type":"Feature","geometry":{"type":"LineString","coordinates":[[25.986337,43.846947],[25.986092,43.847921],[25.986042,43.848121],[25.985863,43.848836],[25.985855,43.84887],[25.985847,43.848905],[25.985812,43.849052],[25.985702,43.849524],[25.985485,43.850448],[25.985365,43.850941],[25.98532,43.851123],[25.985313,43.851148],[25.985281,43.851245],[25.985232,43.85136]]},"properties":{"name":"Котовск","lines":"20","arr":["А20"],"roundabout":0,"mode":"bus","color":"#0059a9"}},{"type":"Feature","geometry":{"type":"LineString","coordinates":[[25.982271,43.850728],[25.982332,43.85048],[25.982338,43.850453],[25.982494,43.849762],[25.982539,43.849533],[25.982562,43.849454],[25.982568,43.849425],[25.982606,43.849226],[25.982743,43.8485],[25.982875,43.8478],[25.982947,43.847559],[25.983018,43.847386],[25.983091,43.847244],[25.98332,43.846996],[25.983561,43.846693],[25.983988,43.8461],[25.984205,43.845816]]},"properties":{"name":"Юндола","lines":"20, 30","arr":["А20","А30"],"roundabout":0,"mode":"bus","color":"#0059a9"}},{"type":"Feature","geometry":{"type":"LineString","coordinates":[[25.953835,43.846453],[25.953845,43.846372],[25.953907,43.846009],[25.953931,43.845835],[25.954048,43.845006],[25.954053,43.844975],[25.954066,43.844884]]},"properties":{"name":"Борисова","lines":"23","arr":["А23"],"roundabout":0,"mode":"bus","color":"#0059a9"}},{"type":"Feature","geometry":{"type":"LineString","coordinates":[[25.949869,43.846368],[25.949734,43.8464],[25.949513,43.846458],[25.949469,43.84647],[25.949409,43.846486],[25.948614,43.84671],[25.948533,43.846739],[25.948495,43.846757],[25.948472,43.846773],[25.948457,43.846787],[25.948432,43.846805],[25.948406,43.846821],[25.948376,43.846834],[25.948338,43.846845],[25.947337,43.847137],[25.946503,43.847363],[25.946383,43.847396],[25.946238,43.847435],[25.94615,43.847459],[25.945751,43.847568]]},"properties":{"name":"бул. Славянски","lines":"23","arr":["А23"],"roundabout":0,"mode":"bus","color":"#0059a9"}},{"type":"Feature","geometry":{"type":"LineString","coordinates":[[25.945751,43.847568],[25.945767,43.847682],[25.945813,43.847834],[25.945859,43.847968],[25.9459,43.848072],[25.945939,43.848143],[25.945959,43.84817],[25.946073,43.848293],[25.946164,43.848384],[25.946283,43.848481],[25.946435,43.848601],[25.946664,43.848766],[25.94681,43.848876],[25.946925,43.848952],[25.947248,43.849181],[25.947567,43.849394],[25.947698,43.849476],[25.947827,43.849565],[25.947866,43.849599],[25.948006,43.849719]]},"properties":{"name":"Пристанищна","lines":"23","arr":["А23"],"roundabout":0,"mode":"bus","color":"#0059a9"}},{"type":"Feature","geometry":{"type":"LineString","coordinates":[[25.952679,43.852578],[25.952615,43.852539],[25.952539,43.852521],[25.952404,43.852516],[25.9518,43.852516],[25.951467,43.852512],[25.951203,43.852492],[25.950916,43.852401],[25.950699,43.852303],[25.950461,43.852165],[25.950307,43.852064],[25.950164,43.851956],[25.950106,43.851912],[25.950096,43.851902],[25.950068,43.851869],[25.95006,43.85186],[25.95003,43.851827],[25.949841,43.851628],[25.949176,43.850903],[25.949005,43.850738],[25.948499,43.850242],[25.948308,43.850056],[25.94819,43.849919],[25.948006,43.849719]]},"properties":{"name":"бул. Придунавски","lines":"23","arr":["А23"],"roundabout":0,"mode":"bus","color":"#0059a9"}},{"type":"Feature","geometry":{"type":"LineString","coordinates":[[25.952921,43.852553],[25.953036,43.852545],[25.953594,43.852531],[25.955342,43.852523],[25.955847,43.852528],[25.955922,43.852523],[25.955994,43.85251],[25.956045,43.852491]]},"properties":{"name":"бул. Цар Фердинанд","lines":"23, 30","arr":["А23","А30"],"roundabout":0,"mode":"bus","color":"#0059a9"}},{"type":"Feature","geometry":{"type":"LineString","coordinates":[[25.956045,43.852491],[25.956075,43.852471]]},"properties":{"name":"бул. Цар Освободител","lines":"23, 30","arr":["А23","А30"],"roundabout":0,"mode":"bus","color":"#0059a9"}},{"type":"Feature","geometry":{"type":"LineString","coordinates":[[25.956075,43.852471],[25.956123,43.8525],[25.956168,43.85253],[25.95619,43.852545],[25.956255,43.852588],[25.956318,43.85263]]},"properties":{"name":"","lines":"23, 30","arr":["А23","А30"],"roundabout":0,"mode":"bus","color":"#0059a9"}},{"type":"Feature","geometry":{"type":"LineString","coordinates":[[25.956318,43.85263],[25.956379,43.852669],[25.956442,43.85272],[25.95673,43.852936],[25.95717,43.853233],[25.957911,43.853745],[25.957976,43.85379],[25.958015,43.853817],[25.958341,43.854044],[25.958647,43.854258],[25.959571,43.854862],[25.959856,43.855054]]},"properties":{"name":"Богдан войвода","lines":"23","arr":["А23"],"roundabout":0,"mode":"bus","color":"#0059a9"}},{"type":"Feature","geometry":{"type":"LineString","coordinates":[[25.959856,43.855054],[25.959647,43.855245]]},"properties":{"name":"Майор Атанас Узунов","lines":"23","arr":["А23"],"roundabout":0,"mode":"bus","color":"#0059a9"}},{"type":"Feature","geometry":{"type":"LineString","coordinates":[[25.962318,43.856074],[25.962223,43.856134],[25.962164,43.856172],[25.961727,43.856483],[25.961656,43.856531],[25.961578,43.856588],[25.961514,43.856628],[25.961453,43.856668],[25.961098,43.856918],[25.96108,43.856932],[25.96087,43.857086],[25.960712,43.857196],[25.960675,43.857223],[25.960553,43.857299],[25.960416,43.857391],[25.959945,43.857695]]},"properties":{"name":"Независимост","lines":"23","arr":["А23"],"roundabout":0,"mode":"bus","color":"#0059a9"}},{"type":"Feature","geometry":{"type":"LineString","coordinates":[[26.023394,43.880045],[26.023981,43.879973],[26.024529,43.879868],[26.025305,43.8797],[26.025891,43.879451],[26.026252,43.879219],[26.026442,43.879104],[26.027085,43.878705],[26.028426,43.877885],[26.028714,43.877711],[26.030099,43.876805],[26.031152,43.876098],[26.033729,43.874376],[26.033828,43.874313],[26.034144,43.874096],[26.034458,43.873878],[26.0347,43.873698],[26.034745,43.873668],[26.035584,43.873097],[26.035663,43.873051],[26.035712,43.873023],[26.036203,43.872673],[26.036333,43.872577],[26.036591,43.872387],[26.037488,43.871427],[26.038063,43.870746],[26.038483,43.870291]]},"properties":{"name":"Индустриален парк","lines":"28","arr":["А28"],"roundabout":0,"mode":"bus","color":"#0059a9"}},{"type":"Feature","geometry":{"type":"LineString","coordinates":[[26.022981,43.880408],[26.023041,43.880329],[26.02307,43.880268],[26.023114,43.880201],[26.023159,43.88016],[26.023204,43.88013],[26.023267,43.880098],[26.023394,43.880045],[26.023216,43.880072],[26.023113,43.8801],[26.023004,43.880155],[26.022944,43.880182],[26.022873,43.880217],[26.022787,43.880258]]},"properties":{"name":"","lines":"28","arr":["А28"],"roundabout":0,"mode":"bus","color":"#0059a9"}},{"type":"Feature","geometry":{"type":"LineString","coordinates":[[26.015788,43.875656],[26.015645,43.875683],[26.015589,43.875648],[26.015527,43.875573],[26.015468,43.875482],[26.015466,43.875394]]},"properties":{"name":"","lines":"28","arr":["А28"],"roundabout":0,"mode":"bus","color":"#0059a9"}},{"type":"Feature","geometry":{"type":"LineString","coordinates":[[26.022509,43.88039],[26.0224,43.880304],[26.019694,43.878386],[26.019237,43.878089],[26.018908,43.877865],[26.018495,43.877605],[26.01815,43.877391],[26.018012,43.877306]]},"properties":{"name":"21","lines":"28","arr":["А28"],"roundabout":0,"mode":"bus","color":"#0059a9"}},{"type":"Feature","geometry":{"type":"LineString","coordinates":[[26.016797,43.875694],[26.016927,43.875831],[26.017018,43.875932],[26.017213,43.876211],[26.017374,43.876474],[26.0175,43.876658],[26.017579,43.876749],[26.017664,43.87683],[26.017746,43.876897],[26.017871,43.876985],[26.018046,43.877106],[26.018193,43.87721],[26.018446,43.877368],[26.018824,43.877628],[26.019266,43.877923],[26.019789,43.878281],[26.022508,43.880145],[26.022631,43.880214],[26.022727,43.880255]]},"properties":{"name":"21","lines":"28","arr":["А28"],"roundabout":0,"mode":"bus","color":"#0059a9"}},{"type":"Feature","geometry":{"type":"LineString","coordinates":[[26.018012,43.877306],[26.017901,43.877226],[26.017776,43.877128],[26.017595,43.876963],[26.017477,43.876832],[26.017388,43.876705],[26.017216,43.87641],[26.0171,43.876227],[26.016984,43.876072],[26.016908,43.876015],[26.016843,43.875986],[26.016775,43.875974],[26.016662,43.875977]]},"properties":{"name":"2","lines":"28","arr":["А28"],"roundabout":0,"mode":"bus","color":"#0059a9"}},{"type":"Feature","geometry":{"type":"LineString","coordinates":[[25.96835,43.831053],[25.968413,43.831098],[25.968856,43.831382],[25.969233,43.831614],[25.969468,43.831758],[25.969911,43.832017],[25.970036,43.832102],[25.9702,43.832226],[25.97028,43.832303],[25.97034,43.832347]]},"properties":{"name":"","lines":"28, 13, 24, 27","arr":["А28","Т13","Т24","Т27"],"roundabout":0,"mode":"bus","color":"#0059a9","trolley":"mix"}},{"type":"Feature","geometry":{"type":"LineString","coordinates":[[25.982096,43.844958],[25.981294,43.846207],[25.981125,43.84647],[25.98067,43.8472],[25.980368,43.847876],[25.980119,43.848418],[25.979848,43.849033],[25.979557,43.849731],[25.979512,43.849823],[25.979434,43.849981]]},"properties":{"name":"Захари Стоянов","lines":"30","arr":["А30"],"roundabout":0,"mode":"bus","color":"#0059a9"}},{"type":"Feature","geometry":{"type":"LineString","coordinates":[[25.95865,43.850223],[25.95858,43.85031],[25.958173,43.850812],[25.95798,43.851037],[25.95766,43.851413],[25.95733,43.851791],[25.957117,43.852006],[25.957054,43.852057],[25.956982,43.852112],[25.956333,43.852618],[25.956318,43.85263]]},"properties":{"name":"бул. Цар Освободител","lines":"30","arr":["А30"],"roundabout":0,"mode":"bus","color":"#0059a9"}},{"type":"Feature","geometry":{"type":"LineString","coordinates":[[25.956318,43.85263],[25.956185,43.852695],[25.956037,43.852735],[25.95585,43.852745],[25.954916,43.852757],[25.954596,43.85276],[25.95324,43.852769],[25.953025,43.852775],[25.952984,43.852759],[25.952919,43.852727]]},"properties":{"name":"бул. Цар Фердинанд","lines":"30","arr":["А30"],"roundabout":0,"mode":"bus","color":"#0059a9"}},{"type":"Feature","geometry":{"type":"LineString","coordinates":[[25.95766,43.851413],[25.95828,43.851721],[25.958697,43.851928],[25.959472,43.852259],[25.959982,43.8525],[25.960723,43.852811],[25.961044,43.852882]]},"properties":{"name":"Болярска","lines":"30","arr":["А30"],"roundabout":0,"mode":"bus","color":"#0059a9"}},{"type":"Feature","geometry":{"type":"LineString","coordinates":[[25.971988,43.83127],[25.97215,43.83117],[25.972336,43.831056],[25.972961,43.830666],[25.974515,43.829755],[25.974832,43.829565],[25.975156,43.829375],[25.975294,43.829293],[25.975425,43.829214],[25.975753,43.829009],[25.97576,43.829004],[25.975786,43.828987],[25.97587,43.828933]]},"properties":{"name":"бул. Христо Ботев","lines":"33","arr":["А33"],"roundabout":0,"mode":"bus","color":"#0059a9"}},{"type":"Feature","geometry":{"type":"LineString","coordinates":[[25.976336,43.828651],[25.976537,43.828527],[25.976808,43.828363],[25.977028,43.828236],[25.977912,43.827704],[25.97805,43.827617],[25.978146,43.827543],[25.97831,43.827428],[25.978443,43.827322],[25.978564,43.827222],[25.978705,43.827081],[25.978819,43.826963],[25.978954,43.826812],[25.979085,43.826649],[25.979203,43.826494],[25.979293,43.826353],[25.979403,43.826113],[25.979501,43.825881],[25.979732,43.825288],[25.979866,43.824924],[25.979947,43.824705],[25.980732,43.822501],[25.98077,43.822397],[25.981085,43.821522],[25.98148,43.820459],[25.981774,43.81969],[25.981877,43.819384],[25.981999,43.818957],[25.982054,43.818735],[25.982095,43.818491],[25.982131,43.818206],[25.982142,43.817923],[25.982134,43.817598],[25.981871,43.815441],[25.981785,43.814562],[25.981749,43.814131],[25.981735,43.813819],[25.981739,43.813734],[25.981742,43.813555],[25.981765,43.813109],[25.981836,43.812568],[25.981884,43.81231],[25.981929,43.812136],[25.982088,43.811608],[25.982258,43.811116],[25.982464,43.810537],[25.982542,43.810389],[25.982569,43.810341],[25.98261,43.81027],[25.983026,43.809526],[25.983136,43.809334],[25.983644,43.80845],[25.984171,43.807541],[25.984334,43.80726],[25.984516,43.806921],[25.984804,43.806411],[25.985109,43.80587]]},"properties":{"name":"бул. Христо Ботев","lines":"33","arr":["А33"],"roundabout":0,"mode":"bus","color":"#0059a9"}},{"type":"Feature","geometry":{"type":"LineString","coordinates":[[25.98569,43.804983],[25.98587,43.804793],[25.986351,43.804371],[25.986806,43.804014],[25.986419,43.804402],[25.986032,43.80479],[25.985767,43.805056],[25.985656,43.805203],[25.985549,43.805351],[25.985418,43.805566],[25.985391,43.805615],[25.985181,43.806001],[25.984659,43.806963],[25.984306,43.807586],[25.983788,43.808501],[25.983244,43.809454],[25.982712,43.810386],[25.982673,43.810472],[25.982619,43.810579],[25.98245,43.810993],[25.982417,43.811067],[25.982389,43.81114],[25.982335,43.811315],[25.982221,43.811646],[25.982115,43.812049],[25.982098,43.812112],[25.982082,43.812172],[25.982015,43.812427],[25.981962,43.812722],[25.981918,43.812999],[25.981904,43.813171],[25.981893,43.813314],[25.981891,43.813685],[25.981893,43.813775],[25.981904,43.814165],[25.981924,43.814374],[25.981932,43.814516],[25.98197,43.814984],[25.982011,43.815435],[25.982152,43.81647],[25.982217,43.816944],[25.982261,43.817417],[25.982288,43.817661],[25.982298,43.81785],[25.982275,43.818229],[25.982231,43.81855],[25.982177,43.818872],[25.98206,43.819288],[25.981664,43.820365],[25.981126,43.821843],[25.980681,43.823097],[25.980571,43.823384],[25.980524,43.823517],[25.980377,43.823888],[25.980225,43.824293],[25.979931,43.825103],[25.979455,43.826324],[25.979402,43.826417],[25.979338,43.826528],[25.979247,43.826654],[25.979136,43.826798],[25.97899,43.826972],[25.97887,43.827089],[25.978779,43.827178],[25.978652,43.827294],[25.978507,43.827418],[25.978366,43.827524],[25.977775,43.827931],[25.976933,43.828443],[25.976354,43.828799],[25.975905,43.829064],[25.975883,43.829077],[25.975679,43.829209],[25.975455,43.829349]]},"properties":{"name":"бул. Христо Ботев","lines":"33","arr":["А33"],"roundabout":0,"mode":"bus","color":"#0059a9"}},{"type":"Feature","geometry":{"type":"LineString","coordinates":[[25.97473,43.829784],[25.973109,43.83076],[25.972807,43.830949],[25.972275,43.831284],[25.972117,43.831383]]},"properties":{"name":"бул. Христо Ботев","lines":"33","arr":["А33"],"roundabout":0,"mode":"bus","color":"#0059a9"}},{"type":"Feature","geometry":{"type":"LineString","coordinates":[[25.97587,43.828933],[25.97596,43.82881],[25.976047,43.828753],[25.976213,43.828686],[25.976336,43.828651]]},"properties":{"name":"","lines":"33","arr":["А33"],"roundabout":0,"mode":"bus","color":"#0059a9"}},{"type":"Feature","geometry":{"type":"LineString","coordinates":[[25.985109,43.80587],[25.985157,43.805745],[25.985197,43.805658],[25.985226,43.805501],[25.985191,43.80542],[25.985136,43.805337],[25.985038,43.805281],[25.984918,43.805237]]},"properties":{"name":"","lines":"33","arr":["А33"],"roundabout":0,"mode":"bus","color":"#0059a9"}},{"type":"Feature","geometry":{"type":"LineString","coordinates":[[25.984483,43.804827],[25.984333,43.804744],[25.984167,43.805069],[25.984918,43.805237]]},"properties":{"name":"","lines":"33","arr":["А33"],"roundabout":0,"mode":"bus","color":"#0059a9"}},{"type":"Feature","geometry":{"type":"LineString","coordinates":[[25.98569,43.804983],[25.985563,43.805086],[25.985508,43.805139],[25.985462,43.805181],[25.985392,43.805234],[25.985294,43.805252],[25.985125,43.805246],[25.984918,43.805237],[25.985187,43.805284],[25.985422,43.805322]]},"properties":{"name":"","lines":"33","arr":["А33"],"roundabout":0,"mode":"bus","color":"#0059a9"}},{"type":"Feature","geometry":{"type":"LineString","coordinates":[[26.013409,43.781898],[26.014892,43.783682],[26.015851,43.784893],[26.017188,43.786543],[26.017643,43.787044],[26.017951,43.787319],[26.018242,43.787515],[26.018949,43.787982],[26.023976,43.791131],[26.025755,43.792247],[26.027206,43.793152],[26.028904,43.794234],[26.029028,43.794334],[26.029164,43.794386],[26.029279,43.79442],[26.02936,43.794443],[26.029547,43.794472],[26.029697,43.794478],[26.029892,43.794457],[26.030095,43.794422],[26.030201,43.794391],[26.030426,43.794311],[26.030645,43.794202],[26.031012,43.793951],[26.031102,43.793876],[26.03129,43.793719],[26.031527,43.793528]]},"properties":{"name":"","lines":"33","arr":["А33"],"roundabout":0,"mode":"bus","color":"#0059a9"}},{"type":"Feature","geometry":{"type":"LineString","coordinates":[[25.975455,43.829349],[25.975338,43.829467],[25.975118,43.829598],[25.975001,43.829657],[25.97473,43.829784]]},"properties":{"name":"","lines":"33","arr":["А33"],"roundabout":0,"mode":"bus","color":"#0059a9"}},{"type":"Feature","geometry":{"type":"LineString","coordinates":[[25.986806,43.804014],[25.987002,43.803854],[25.987363,43.803571],[25.988411,43.802728],[25.988802,43.802412],[25.989881,43.80155],[25.992595,43.799331],[25.993402,43.798659],[25.999705,43.793412],[26.003523,43.790078],[26.007033,43.787108],[26.012176,43.782929],[26.013409,43.781898]]},"properties":{"name":"2","lines":"33","arr":["А33"],"roundabout":0,"mode":"bus","color":"#0059a9"}},{"type":"Feature","geometry":{"type":"LineString","coordinates":[[25.985549,43.805351],[25.985422,43.805322]]},"properties":{"name":"23","lines":"33","arr":["А33"],"roundabout":0,"mode":"bus","color":"#0059a9"}},{"type":"Feature","geometry":{"type":"LineString","coordinates":[[25.959312,43.845757],[25.959522,43.845736],[25.959723,43.845703],[25.959812,43.845682],[25.959912,43.845633],[25.960015,43.845567],[25.960107,43.845418]]},"properties":{"name":"","lines":"9, 24","arr":["Т9","Т24"],"roundabout":0,"mode":"bus","color":"#149a3f","trolley":"all"}},{"type":"Feature","geometry":{"type":"LineString","coordinates":[[25.958181,43.842011],[25.958245,43.842877],[25.958247,43.842977],[25.958264,43.843448],[25.958265,43.844117],[25.958262,43.84418],[25.958251,43.84431],[25.958221,43.844456],[25.958204,43.844562],[25.95816,43.844803],[25.958058,43.845346],[25.958047,43.845424],[25.958029,43.845503]]},"properties":{"name":"Муткурова","lines":"9, 24","arr":["Т9","Т24"],"roundabout":0,"mode":"bus","color":"#149a3f","trolley":"all"}},{"type":"Feature","geometry":{"type":"LineString","coordinates":[[25.981271,43.907779],[25.981214,43.907642],[25.98116,43.907529],[25.981119,43.907453],[25.980973,43.907203],[25.980505,43.906397],[25.980461,43.906321]]},"properties":{"name":"Strada 1 Decembrie 1918","lines":"7","arr":["G7"],"roundabout":0,"mode":"bus","color":"#0059a9"}},{"type":"Feature","geometry":{"type":"LineString","coordinates":[[25.980461,43.906321],[25.980406,43.906225],[25.980304,43.90605],[25.979815,43.905206],[25.979724,43.905049],[25.97967,43.904956],[25.979512,43.904684]]},"properties":{"name":"Strada 1 Decembrie 1918","lines":"4, 5, 7","arr":["G4","G5","G7"],"roundabout":0,"mode":"bus","color":"#0059a9"}},{"type":"Feature","geometry":{"type":"LineString","coordinates":[[25.979512,43.904684],[25.979156,43.904071],[25.9791,43.903973],[25.979038,43.903867],[25.978998,43.903799],[25.978927,43.903682],[25.978833,43.903528],[25.978372,43.902775],[25.978062,43.902255],[25.978016,43.902177],[25.977878,43.901942],[25.977442,43.901197],[25.977232,43.90085],[25.977116,43.900657],[25.977027,43.900507],[25.976986,43.900445],[25.976942,43.900386],[25.97688,43.900314],[25.976693,43.900127],[25.976623,43.90006],[25.976217,43.899659],[25.976105,43.899548],[25.975927,43.899372],[25.975806,43.899253],[25.975708,43.899156],[25.975639,43.899086]]},"properties":{"name":"Strada 1 Decembrie 1918","lines":"1, 3, 4, 5, 7","arr":["G1","G3","G4","G5","G7"],"roundabout":0,"mode":"bus","color":"#0059a9"}},{"type":"Feature","geometry":{"type":"LineString","coordinates":[[25.975465,43.898978],[25.975508,43.899005],[25.975639,43.899086],[25.97554,43.898938]]},"properties":{"name":"Strada 1 Decembrie 1918","lines":"1, 3, 4, 5, 7","arr":["G1","G3","G4","G5","G7"],"roundabout":0,"mode":"bus","color":"#0059a9"}},{"type":"Feature","geometry":{"type":"LineString","coordinates":[[25.975357,43.898866],[25.975239,43.898732]]},"properties":{"name":"Strada Vlad Țepeș","lines":"1, 3, 4, 5, 6, 7","arr":["G1","G3","G4","G5","G6","G7"],"roundabout":0,"mode":"bus","color":"#0059a9"}},{"type":"Feature","geometry":{"type":"LineString","coordinates":[[25.971586,43.896509],[25.971649,43.896562],[25.971671,43.896581],[25.971729,43.89663],[25.971918,43.89679],[25.972017,43.896875],[25.972747,43.897296],[25.973313,43.897634],[25.974096,43.898075],[25.97457,43.898341],[25.974776,43.898457],[25.975189,43.898702],[25.975239,43.898732],[25.975387,43.898803],[25.975439,43.898829]]},"properties":{"name":"Strada Vlad Țepeș","lines":"1, 3, 4, 5, 6, 7","arr":["G1","G3","G4","G5","G6","G7"],"roundabout":0,"mode":"bus","color":"#0059a9"}},{"type":"Feature","geometry":{"type":"LineString","coordinates":[[25.96875,43.892936],[25.968952,43.893237],[25.968982,43.893285],[25.969104,43.893478],[25.969512,43.89412],[25.969606,43.894241],[25.970214,43.894928],[25.970291,43.895015],[25.970702,43.895479],[25.970725,43.895505],[25.971123,43.895964],[25.971183,43.896034],[25.971302,43.896176],[25.971381,43.896272],[25.971433,43.89634],[25.971465,43.896387]]},"properties":{"name":"Strada Vlad Țepeș","lines":"1, 3, 4, 5, 6, 7","arr":["G1","G3","G4","G5","G6","G7"],"roundabout":0,"mode":"bus","color":"#0059a9"}},{"type":"Feature","geometry":{"type":"LineString","coordinates":[[25.96875,43.892936],[25.968684,43.892856],[25.968624,43.892793],[25.968525,43.8927],[25.968457,43.892648],[25.968378,43.892591],[25.968338,43.892563],[25.96815,43.892438],[25.968124,43.892421],[25.968102,43.892405],[25.967993,43.892324],[25.967177,43.89173],[25.967072,43.89166],[25.966937,43.891568],[25.966861,43.891516],[25.966735,43.891431]]},"properties":{"name":"Strada Nicolae Bălcescu","lines":"1, 3, 4, 5, 6, 7","arr":["G1","G3","G4","G5","G6","G7"],"roundabout":0,"mode":"bus","color":"#0059a9"}},{"type":"Feature","geometry":{"type":"LineString","coordinates":[[25.966735,43.891431],[25.96673,43.891426],[25.966674,43.891378]]},"properties":{"name":"Strada Nicolae Bălcescu","lines":"1, 3, 4, 5","arr":["G1","G3","G4","G5"],"roundabout":0,"mode":"bus","color":"#0059a9"}},{"type":"Feature","geometry":{"type":"LineString","coordinates":[[25.966674,43.891378],[25.966626,43.891332],[25.966443,43.891134],[25.966293,43.890986],[25.966245,43.890944],[25.966202,43.890912],[25.96616,43.890883],[25.96612,43.890862],[25.966085,43.89085],[25.966045,43.890845],[25.965996,43.890846],[25.965953,43.890852],[25.965504,43.890976],[25.965223,43.891057]]},"properties":{"name":"Strada Nicolae Bălcescu","lines":"1, 2, 3, 4, 5","arr":["G1","G2","G3","G4","G5"],"roundabout":0,"mode":"bus","color":"#0059a9"}},{"type":"Feature","geometry":{"type":"LineString","coordinates":[[25.965223,43.891057],[25.965171,43.890895],[25.965145,43.890808],[25.96514,43.890773],[25.96514,43.890738],[25.965148,43.890707],[25.965159,43.890678],[25.96517,43.890659],[25.965184,43.890641],[25.965197,43.890625],[25.96521,43.89061],[25.965222,43.890594],[25.965233,43.890578],[25.965243,43.890561],[25.965252,43.890544],[25.965259,43.890527],[25.965266,43.89051],[25.965272,43.890492],[25.965276,43.890474],[25.96528,43.890457],[25.965282,43.890439],[25.965283,43.890421],[25.965283,43.890403],[25.965282,43.890385],[25.96528,43.890367],[25.965277,43.890349],[25.965272,43.890331],[25.965267,43.890313],[25.96526,43.890296],[25.965253,43.890279],[25.965244,43.890262],[25.965235,43.890245],[25.965224,43.890229],[25.965212,43.890213],[25.965199,43.890198],[25.965186,43.890182],[25.965171,43.890168],[25.965156,43.890154],[25.96514,43.89014],[25.965123,43.890127],[25.965105,43.890114],[25.965086,43.890102],[25.965067,43.890091],[25.965046,43.89008],[25.965026,43.89007],[25.965004,43.890061],[25.964983,43.890052],[25.96496,43.890044],[25.964937,43.890037],[25.964914,43.89003],[25.96489,43.890024],[25.964866,43.890019],[25.964842,43.890015],[25.964817,43.890011],[25.964793,43.890009],[25.964768,43.890007],[25.964734,43.890003],[25.964695,43.889996],[25.96465,43.889984],[25.964614,43.889968],[25.964579,43.889949],[25.96455,43.88993],[25.964515,43.889901],[25.964485,43.889874],[25.964459,43.889843],[25.964437,43.889809],[25.964409,43.889763],[25.964221,43.889412],[25.964206,43.889388],[25.964154,43.889303],[25.964061,43.889145],[25.96355,43.888181],[25.963508,43.888103],[25.963291,43.887693],[25.962831,43.886825],[25.96273,43.886648]]},"properties":{"name":"Strada Mircea cel Bătrân","lines":"1, 2","arr":["G1","G2"],"roundabout":0,"mode":"bus","color":"#0059a9"}},{"type":"Feature","geometry":{"type":"LineString","coordinates":[[25.96273,43.886648],[25.962664,43.886539],[25.962579,43.886375],[25.962454,43.886142],[25.962398,43.885998],[25.962368,43.885896],[25.962353,43.885768],[25.962351,43.885664],[25.962358,43.885541],[25.962373,43.885461],[25.962394,43.885382],[25.962414,43.885318],[25.962442,43.885247],[25.962476,43.88517],[25.96252,43.885095],[25.962606,43.884974],[25.962715,43.884823],[25.962855,43.88467],[25.962902,43.884617],[25.963104,43.884393],[25.963432,43.884101]]},"properties":{"name":"Strada Mircea cel Bătrân","lines":"1","arr":["G1"],"roundabout":0,"mode":"bus","color":"#0059a9"}},{"type":"Feature","geometry":{"type":"LineString","coordinates":[[25.963432,43.884101],[25.964077,43.883534],[25.964334,43.883285],[25.964746,43.882921],[25.964808,43.882857],[25.964847,43.882817],[25.964933,43.882727],[25.965064,43.882568],[25.965223,43.88235],[25.965287,43.882254],[25.965376,43.882122],[25.965442,43.882012],[25.965499,43.881902],[25.965656,43.881538],[25.965793,43.881124],[25.965802,43.881076],[25.965982,43.880152],[25.966217,43.878949],[25.966245,43.878806],[25.96625,43.878777],[25.966257,43.87874],[25.966314,43.878448],[25.966432,43.877853],[25.966472,43.877647],[25.966536,43.877325],[25.966614,43.876929],[25.967013,43.874862],[25.967207,43.873851],[25.967267,43.873521],[25.967273,43.873486],[25.967278,43.873456]]},"properties":{"name":"Șoseaua Portului","lines":"1","arr":["G1"],"roundabout":0,"mode":"bus","color":"#0059a9"}},{"type":"Feature","geometry":{"type":"LineString","coordinates":[[25.973612,43.922298],[25.973514,43.921928],[25.973269,43.920949],[25.972716,43.918784],[25.972248,43.91693],[25.972222,43.916825],[25.972171,43.916631],[25.971898,43.915596],[25.971884,43.915535],[25.97187,43.915461],[25.971861,43.915387],[25.971853,43.915311],[25.971848,43.915239],[25.971844,43.915153],[25.971834,43.915055],[25.971825,43.914999],[25.971795,43.914905]]},"properties":{"name":"DN5","lines":"2","arr":["G2"],"roundabout":0,"mode":"bus","color":"#0059a9"}},{"type":"Feature","geometry":{"type":"LineString","coordinates":[[25.972095,43.914927],[25.972052,43.91505],[25.972009,43.915185],[25.971987,43.9153],[25.971982,43.915361],[25.971983,43.915448],[25.97199,43.915509],[25.972003,43.915581],[25.972319,43.916816],[25.972398,43.917123],[25.972601,43.917929],[25.972651,43.918116],[25.972889,43.919042],[25.972909,43.919125],[25.972967,43.919345],[25.973369,43.920938],[25.973616,43.921913]]},"properties":{"name":"DN5","lines":"2","arr":["G2"],"roundabout":0,"mode":"bus","color":"#0059a9"}},{"type":"Feature","geometry":{"type":"LineString","coordinates":[[25.971784,43.914806],[25.97178,43.914714],[25.971787,43.914662],[25.971797,43.914623],[25.971822,43.914542],[25.971878,43.914629],[25.971927,43.91468],[25.971966,43.914717]]},"properties":{"name":"Șoseaua București","lines":"2","arr":["G2"],"roundabout":0,"mode":"bus","color":"#0059a9"}},{"type":"Feature","geometry":{"type":"LineString","coordinates":[[25.971822,43.914542],[25.971824,43.914269],[25.971835,43.913899],[25.97184,43.913758],[25.971841,43.91353]]},"properties":{"name":"Bulevardul București","lines":"2","arr":["G2"],"roundabout":0,"mode":"bus","color":"#0059a9"}},{"type":"Feature","geometry":{"type":"LineString","coordinates":[[25.971424,43.908056],[25.971409,43.907882],[25.971341,43.907235],[25.971311,43.906874]]},"properties":{"name":"Bulevardul București","lines":"2","arr":["G2"],"roundabout":0,"mode":"bus","color":"#0059a9"}},{"type":"Feature","geometry":{"type":"LineString","coordinates":[[25.970725,43.905338],[25.970817,43.905418],[25.970934,43.905543]]},"properties":{"name":"Bulevardul București","lines":"2","arr":["G2"],"roundabout":0,"mode":"bus","color":"#0059a9"}},{"type":"Feature","geometry":{"type":"LineString","coordinates":[[25.970657,43.905143],[25.970679,43.905088],[25.970691,43.905024],[25.970684,43.90497],[25.970674,43.904918]]},"properties":{"name":"Bulevardul București","lines":"2","arr":["G2"],"roundabout":0,"mode":"bus","color":"#0059a9"}},{"type":"Feature","geometry":{"type":"LineString","coordinates":[[25.968358,43.899265],[25.9684,43.899292],[25.96843,43.899311],[25.968466,43.899338],[25.968514,43.899376],[25.968572,43.899426]]},"properties":{"name":"Bulevardul București","lines":"2","arr":["G2"],"roundabout":0,"mode":"bus","color":"#0059a9"}},{"type":"Feature","geometry":{"type":"LineString","coordinates":[[25.968238,43.899045],[25.968237,43.899003],[25.968233,43.898977],[25.968226,43.89895],[25.968216,43.898922],[25.968202,43.898886],[25.968164,43.898789],[25.968156,43.898771]]},"properties":{"name":"Bulevardul București","lines":"2","arr":["G2"],"roundabout":0,"mode":"bus","color":"#0059a9"}},{"type":"Feature","geometry":{"type":"LineString","coordinates":[[25.9664,43.895223],[25.966405,43.895291],[25.966408,43.895314],[25.966414,43.895336],[25.966576,43.895757]]},"properties":{"name":"Bulevardul București","lines":"2","arr":["G2"],"roundabout":0,"mode":"bus","color":"#0059a9"}},{"type":"Feature","geometry":{"type":"LineString","coordinates":[[25.96638,43.8951],[25.966356,43.895078],[25.966333,43.89505],[25.966309,43.894994],[25.966293,43.894929],[25.966281,43.894847],[25.966273,43.894753]]},"properties":{"name":"Bulevardul București","lines":"2","arr":["G2"],"roundabout":0,"mode":"bus","color":"#0059a9"}},{"type":"Feature","geometry":{"type":"LineString","coordinates":[[25.965893,43.893316],[25.966222,43.89455],[25.966273,43.894753],[25.96631,43.894809],[25.966339,43.894847],[25.966375,43.894881],[25.966405,43.894904],[25.966437,43.894922],[25.96647,43.89494],[25.966501,43.894952],[25.966546,43.894968],[25.966607,43.894983]]},"properties":{"name":"Bulevardul București","lines":"2","arr":["G2"],"roundabout":0,"mode":"bus","color":"#0059a9"}},{"type":"Feature","geometry":{"type":"LineString","coordinates":[[25.966634,43.895303],[25.966612,43.895322],[25.966593,43.895341],[25.966575,43.895364],[25.966564,43.895382],[25.966559,43.895404],[25.966553,43.895434],[25.966552,43.895474],[25.966554,43.895535],[25.966576,43.895757],[25.966591,43.895808],[25.966733,43.896358],[25.966777,43.896509],[25.966849,43.896727],[25.966863,43.896762],[25.966886,43.896818],[25.966934,43.896911],[25.966987,43.897003],[25.967057,43.897109],[25.967102,43.897177],[25.967461,43.897725],[25.967533,43.897834],[25.967619,43.89796],[25.967884,43.89835],[25.968053,43.898613],[25.968063,43.898628],[25.968144,43.898753],[25.968156,43.898771],[25.968256,43.898864],[25.968287,43.898891],[25.968316,43.898916],[25.96834,43.898933],[25.968365,43.898949],[25.968393,43.898962],[25.968434,43.898979]]},"properties":{"name":"Bulevardul București","lines":"2","arr":["G2"],"roundabout":0,"mode":"bus","color":"#0059a9"}},{"type":"Feature","geometry":{"type":"LineString","coordinates":[[25.968565,43.899217],[25.968555,43.899251],[25.96855,43.899285],[25.968551,43.899324],[25.968557,43.899361],[25.968572,43.899426],[25.968588,43.89945],[25.969162,43.900412],[25.969205,43.900499],[25.96924,43.900588],[25.969277,43.900708],[25.969437,43.901372],[25.969461,43.901473],[25.969464,43.901486]]},"properties":{"name":"Bulevardul București","lines":"2","arr":["G2"],"roundabout":0,"mode":"bus","color":"#0059a9"}},{"type":"Feature","geometry":{"type":"LineString","coordinates":[[25.970867,43.905107],[25.970796,43.905021],[25.970674,43.904918],[25.970111,43.903575],[25.970047,43.903413],[25.970025,43.90335],[25.969945,43.903131],[25.969852,43.902848],[25.969811,43.902702],[25.969654,43.902161],[25.969549,43.901797]]},"properties":{"name":"Bulevardul București","lines":"2","arr":["G2"],"roundabout":0,"mode":"bus","color":"#0059a9"}},{"type":"Feature","geometry":{"type":"LineString","coordinates":[[25.970935,43.905297],[25.970936,43.905425],[25.970934,43.905543],[25.971072,43.905877],[25.971145,43.906064],[25.971202,43.906252],[25.971248,43.90645],[25.971266,43.90656]]},"properties":{"name":"Bulevardul București","lines":"2","arr":["G2"],"roundabout":0,"mode":"bus","color":"#0059a9"}},{"type":"Feature","geometry":{"type":"LineString","coordinates":[[25.971311,43.906874],[25.971292,43.906849],[25.971235,43.906774],[25.971232,43.906749],[25.97122,43.906657],[25.971266,43.90656],[25.971334,43.906648],[25.971338,43.906678],[25.97135,43.906765],[25.971311,43.906874]]},"properties":{"name":"Bulevardul București","lines":"2","arr":["G2"],"roundabout":0,"mode":"bus","color":"#0059a9"}},{"type":"Feature","geometry":{"type":"LineString","coordinates":[[25.969549,43.901797],[25.969465,43.9017],[25.969459,43.901676],[25.969433,43.901585],[25.969464,43.901486],[25.969546,43.901569],[25.969554,43.901599],[25.969578,43.901684],[25.969549,43.901797]]},"properties":{"name":"Bulevardul București","lines":"2","arr":["G2"],"roundabout":0,"mode":"bus","color":"#0059a9"}},{"type":"Feature","geometry":{"type":"LineString","coordinates":[[25.971841,43.91353],[25.971844,43.913388],[25.97186,43.912801],[25.9718,43.911666],[25.971793,43.911528]]},"properties":{"name":"Bulevardul București","lines":"2, 4, 5","arr":["G2","G4","G5"],"roundabout":0,"mode":"bus","color":"#0059a9"}},{"type":"Feature","geometry":{"type":"LineString","coordinates":[[25.971424,43.908056],[25.971442,43.908229],[25.971468,43.908427],[25.971602,43.909055],[25.971639,43.909286]]},"properties":{"name":"Bulevardul București","lines":"2, 4, 5","arr":["G2","G4","G5"],"roundabout":0,"mode":"bus","color":"#0059a9"}},{"type":"Feature","geometry":{"type":"LineString","coordinates":[[25.971793,43.911528],[25.971731,43.911424],[25.971729,43.9114],[25.971721,43.911307],[25.971774,43.911213]]},"properties":{"name":"Bulevardul București","lines":"2, 4, 5","arr":["G2","G4","G5"],"roundabout":0,"mode":"bus","color":"#0059a9"}},{"type":"Feature","geometry":{"type":"LineString","coordinates":[[25.971675,43.909601],[25.97168,43.909661],[25.971774,43.911213],[25.971836,43.911303],[25.971838,43.911332],[25.971846,43.91142],[25.971793,43.911528]]},"properties":{"name":"Bulevardul București","lines":"2, 4, 5","arr":["G2","G4","G5"],"roundabout":0,"mode":"bus","color":"#0059a9"}},{"type":"Feature","geometry":{"type":"LineString","coordinates":[[25.971675,43.909601],[25.971604,43.9095],[25.971601,43.909475],[25.971589,43.909383],[25.971639,43.909286],[25.971703,43.909374],[25.971707,43.909405],[25.971719,43.909492],[25.971675,43.909601]]},"properties":{"name":"Bulevardul București","lines":"2, 4, 5","arr":["G2","G4","G5"],"roundabout":0,"mode":"bus","color":"#0059a9"}},{"type":"Feature","geometry":{"type":"LineString","coordinates":[[25.965223,43.891057],[25.965276,43.891226],[25.965454,43.891776],[25.965688,43.892515],[25.9657,43.892565],[25.965893,43.893316]]},"properties":{"name":"Bulevardul București","lines":"2, 3, 5","arr":["G2","G3","G5"],"roundabout":0,"mode":"bus","color":"#0059a9"}},{"type":"Feature","geometry":{"type":"LineString","coordinates":[[25.96273,43.886648],[25.962637,43.88667],[25.962528,43.886689],[25.962415,43.886704],[25.962157,43.886731],[25.961911,43.886757],[25.961809,43.886768],[25.961611,43.886786],[25.961464,43.886793],[25.961334,43.886797],[25.961186,43.886791],[25.961055,43.886784],[25.960877,43.886765],[25.960703,43.886747],[25.960546,43.886724],[25.960401,43.886694],[25.960232,43.886657],[25.960164,43.886636],[25.960038,43.886598],[25.95991,43.886556],[25.959755,43.886492],[25.959626,43.886432],[25.959489,43.886365],[25.959444,43.886339],[25.959379,43.886301],[25.959343,43.886281],[25.959219,43.886214],[25.95912,43.886165],[25.959011,43.886126],[25.958904,43.886104],[25.958781,43.886095],[25.958676,43.886094],[25.9586,43.886096],[25.957273,43.886118],[25.957088,43.886125],[25.955935,43.88616],[25.954256,43.886194],[25.954037,43.886199],[25.953905,43.886201],[25.953861,43.886202],[25.953541,43.886211],[25.953297,43.886218],[25.953083,43.886221],[25.952338,43.886229],[25.951541,43.886239],[25.951254,43.886243],[25.950364,43.886255],[25.949832,43.886262],[25.949754,43.886264]]},"properties":{"name":"Bulevardul 1907","lines":"2","arr":["G2"],"roundabout":0,"mode":"bus","color":"#0059a9"}},{"type":"Feature","geometry":{"type":"LineString","coordinates":[[25.949754,43.886264],[25.949503,43.886267],[25.948915,43.886273],[25.948275,43.886279],[25.948075,43.886279],[25.947962,43.88628],[25.947662,43.886278],[25.947461,43.886267],[25.947221,43.886247],[25.947018,43.886222],[25.9469,43.886206],[25.946723,43.886172],[25.946365,43.886099],[25.946059,43.886022],[25.945804,43.885948],[25.945553,43.885864],[25.945299,43.885767],[25.944986,43.885633],[25.944657,43.885465],[25.944424,43.885333],[25.944183,43.88517],[25.943682,43.884797],[25.943204,43.884435],[25.943019,43.884296],[25.942516,43.883918],[25.942335,43.883784],[25.942147,43.883641],[25.941331,43.883021],[25.941186,43.882912],[25.940933,43.88273],[25.940062,43.882076],[25.938825,43.881189],[25.937935,43.880593],[25.937776,43.880486],[25.937755,43.880472],[25.937604,43.880376],[25.936805,43.87989],[25.93613,43.879489],[25.935928,43.879366],[25.933831,43.878074]]},"properties":{"name":"Șoseaua Sloboziei","lines":"2","arr":["G2"],"roundabout":0,"mode":"bus","color":"#0059a9"}},{"type":"Feature","geometry":{"type":"LineString","coordinates":[[25.933831,43.878074],[25.933651,43.878275],[25.933063,43.878943],[25.933022,43.878971],[25.932944,43.878957],[25.932743,43.878865],[25.93232,43.878681],[25.93216,43.878648],[25.932077,43.87867],[25.931551,43.87918],[25.930114,43.880618],[25.930028,43.880703],[25.930017,43.880804],[25.930038,43.880928],[25.930103,43.881106],[25.93006,43.881206],[25.929084,43.882204],[25.928987,43.88225],[25.928719,43.882296],[25.928622,43.88232],[25.928451,43.882505],[25.92712,43.883866]]},"properties":{"name":"","lines":"2","arr":["G2"],"roundabout":0,"mode":"bus","color":"#0059a9"}},{"type":"Feature","geometry":{"type":"LineString","coordinates":[[25.973616,43.921913],[25.973514,43.921928]]},"properties":{"name":"","lines":"2","arr":["G2"],"roundabout":0,"mode":"bus","color":"#0059a9"}},{"type":"Feature","geometry":{"type":"LineString","coordinates":[[25.965893,43.893316],[25.965751,43.893286],[25.96565,43.893265],[25.96562,43.893257],[25.96559,43.893245],[25.965144,43.893034],[25.964906,43.892921],[25.964358,43.892662]]},"properties":{"name":"Strada Vasile Alecsandri","lines":"3, 5","arr":["G3","G5"],"roundabout":0,"mode":"bus","color":"#0059a9"}},{"type":"Feature","geometry":{"type":"LineString","coordinates":[[25.964358,43.892662],[25.962449,43.894185],[25.962391,43.894235]]},"properties":{"name":"Strada Mihail Sadoveanu","lines":"3, 5","arr":["G3","G5"],"roundabout":0,"mode":"bus","color":"#0059a9"}},{"type":"Feature","geometry":{"type":"LineString","coordinates":[[25.962391,43.894235],[25.962358,43.894227],[25.962252,43.8942],[25.96192,43.894111],[25.961706,43.894054],[25.961389,43.894003],[25.961333,43.89399],[25.961247,43.893965]]},"properties":{"name":"Bulevardul CFR","lines":"3, 5","arr":["G3","G5"],"roundabout":0,"mode":"bus","color":"#0059a9"}},{"type":"Feature","geometry":{"type":"LineString","coordinates":[[25.961076,43.893944],[25.960652,43.893969],[25.960413,43.893984]]},"properties":{"name":"Strada Gării","lines":"3, 5","arr":["G3","G5"],"roundabout":0,"mode":"bus","color":"#0059a9"}},{"type":"Feature","geometry":{"type":"LineString","coordinates":[[25.959478,43.894709],[25.959556,43.894657],[25.959775,43.894488],[25.960116,43.894211],[25.960409,43.893987],[25.960413,43.893984],[25.960584,43.893862],[25.960598,43.89385],[25.96061,43.893835],[25.960617,43.893824],[25.960624,43.89381],[25.960631,43.893793],[25.960636,43.893773],[25.960644,43.893736]]},"properties":{"name":"Strada Gării","lines":"3, 5","arr":["G3","G5"],"roundabout":0,"mode":"bus","color":"#0059a9"}},{"type":"Feature","geometry":{"type":"LineString","coordinates":[[25.958946,43.894989],[25.958971,43.894946]]},"properties":{"name":"Strada Gării","lines":"3, 5","arr":["G3","G5"],"roundabout":0,"mode":"bus","color":"#0059a9"}},{"type":"Feature","geometry":{"type":"LineString","coordinates":[[25.960967,43.893532],[25.961038,43.893477],[25.962824,43.892012],[25.962882,43.891964]]},"properties":{"name":"Strada Gării","lines":"3, 5","arr":["G3","G5"],"roundabout":0,"mode":"bus","color":"#0059a9"}},{"type":"Feature","geometry":{"type":"LineString","coordinates":[[25.959233,43.89494],[25.959313,43.894868],[25.959443,43.894742],[25.959478,43.894709],[25.959341,43.894752],[25.959244,43.89478],[25.959146,43.894805]]},"properties":{"name":"DN5B","lines":"3, 5","arr":["G3","G5"],"roundabout":0,"mode":"bus","color":"#0059a9"}},{"type":"Feature","geometry":{"type":"LineString","coordinates":[[25.958946,43.894989],[25.958911,43.895048],[25.958871,43.895106],[25.958845,43.895143],[25.95882,43.895161],[25.9587,43.89524],[25.958525,43.895356],[25.95787,43.895794],[25.957475,43.896053],[25.957126,43.89629],[25.95676,43.896537],[25.956709,43.896571],[25.956412,43.896766],[25.956115,43.896965],[25.955696,43.897241],[25.955635,43.897285],[25.955051,43.897668],[25.954525,43.898018]]},"properties":{"name":"Strada Gării","lines":"5","arr":["G5"],"roundabout":0,"mode":"bus","color":"#0059a9"}},{"type":"Feature","geometry":{"type":"LineString","coordinates":[[25.958958,43.89491],[25.958899,43.894863],[25.958835,43.894826],[25.958768,43.8948]]},"properties":{"name":"DJ504","lines":"3","arr":["G3"],"roundabout":0,"mode":"bus","color":"#0059a9"}},{"type":"Feature","geometry":{"type":"LineString","coordinates":[[25.931563,43.894341],[25.932177,43.894351],[25.934836,43.894385],[25.935939,43.894404],[25.937999,43.89444],[25.938668,43.89445],[25.939357,43.894462],[25.940578,43.894483],[25.941423,43.894494],[25.943633,43.894536],[25.945669,43.894567],[25.945714,43.894567],[25.945752,43.894567],[25.945871,43.894569],[25.946142,43.894574],[25.946242,43.894575],[25.946712,43.894586],[25.947484,43.894604],[25.94882,43.894628],[25.949973,43.894653],[25.950444,43.894662],[25.951509,43.894683],[25.952325,43.8947],[25.952392,43.894701],[25.95249,43.894702],[25.953051,43.894707]]},"properties":{"name":"Șoseaua Alexandriei","lines":"3","arr":["G3"],"roundabout":0,"mode":"bus","color":"#0059a9"}},{"type":"Feature","geometry":{"type":"LineString","coordinates":[[25.953551,43.894715],[25.953611,43.894716],[25.953801,43.894718],[25.954509,43.894728],[25.955186,43.89474],[25.955998,43.894752],[25.956255,43.894756],[25.957186,43.894774],[25.95742,43.894779],[25.957864,43.894786],[25.958279,43.894792],[25.958692,43.894798],[25.958768,43.8948]]},"properties":{"name":"Șoseaua Alexandriei","lines":"3","arr":["G3"],"roundabout":0,"mode":"bus","color":"#0059a9"}},{"type":"Feature","geometry":{"type":"LineString","coordinates":[[25.953051,43.894707],[25.953136,43.894709],[25.953344,43.894713],[25.953551,43.894715]]},"properties":{"name":"Șoseaua Alexandriei","lines":"3, 4","arr":["G3","G4"],"roundabout":0,"mode":"bus","color":"#0059a9"}},{"type":"Feature","geometry":{"type":"LineString","coordinates":[[25.96123,43.893839],[25.961291,43.893895],[25.961348,43.893931],[25.961408,43.893958],[25.961671,43.894043],[25.961706,43.894054]]},"properties":{"name":"Bulevardul CFR","lines":"3","arr":["G3"],"roundabout":0,"mode":"bus","color":"#0059a9"}},{"type":"Feature","geometry":{"type":"LineString","coordinates":[[25.962882,43.891964],[25.962966,43.891895],[25.963341,43.891588],[25.963378,43.891563],[25.963428,43.891535],[25.963477,43.891516],[25.963538,43.891504],[25.963642,43.891491],[25.963724,43.89148],[25.963805,43.891462],[25.964585,43.891248],[25.964969,43.891139],[25.964996,43.891128],[25.965021,43.891117],[25.965223,43.891057]]},"properties":{"name":"Strada Gării","lines":"3, 4, 5","arr":["G3","G4","G5"],"roundabout":0,"mode":"bus","color":"#0059a9"}},{"type":"Feature","geometry":{"type":"LineString","coordinates":[[25.95378,43.898518],[25.953802,43.898687],[25.953836,43.899001],[25.953875,43.899347],[25.953971,43.900191],[25.954018,43.900572],[25.954096,43.901373],[25.954166,43.90213],[25.954205,43.902682],[25.95422,43.903059],[25.954218,43.903729],[25.954208,43.903999],[25.954193,43.904267],[25.95417,43.904599],[25.954147,43.904868],[25.954119,43.905132],[25.954072,43.905488],[25.954033,43.905713],[25.953991,43.905946],[25.95394,43.906196],[25.953906,43.906361],[25.953882,43.906465],[25.953856,43.906576],[25.953817,43.906705],[25.95376,43.906875],[25.953705,43.907021],[25.953491,43.907495],[25.953266,43.908024],[25.953051,43.908486],[25.95289,43.908855],[25.952752,43.909155],[25.952524,43.90967],[25.952303,43.910162],[25.952241,43.910306],[25.952144,43.910536],[25.951952,43.910972],[25.951742,43.91143],[25.951551,43.911858],[25.951368,43.912278],[25.951227,43.912607],[25.95111,43.912882],[25.950992,43.913149],[25.950664,43.91386],[25.950546,43.914116],[25.950294,43.914651]]},"properties":{"name":"Strada Bălănoaiei","lines":"4","arr":["G4"],"roundabout":0,"mode":"bus","color":"#0059a9"}},{"type":"Feature","geometry":{"type":"LineString","coordinates":[[25.954525,43.898018],[25.954011,43.898365],[25.953917,43.898428],[25.95378,43.898518]]},"properties":{"name":"Strada Gării","lines":"4, 5","arr":["G4","G5"],"roundabout":0,"mode":"bus","color":"#0059a9"}},{"type":"Feature","geometry":{"type":"LineString","coordinates":[[25.954525,43.898018],[25.95449,43.897937],[25.953842,43.896389],[25.953136,43.894709]]},"properties":{"name":"Strada Marin Gelea","lines":"4","arr":["G4"],"roundabout":0,"mode":"bus","color":"#0059a9"}},{"type":"Feature","geometry":{"type":"LineString","coordinates":[[25.953051,43.894707],[25.953077,43.894658],[25.953337,43.89413],[25.953499,43.893769],[25.953665,43.893396],[25.954068,43.89252],[25.954097,43.892457],[25.954142,43.892381],[25.95419,43.892316],[25.954257,43.892243],[25.954334,43.892185],[25.954715,43.89195],[25.955036,43.891763],[25.955129,43.891709],[25.955369,43.891568],[25.955441,43.891527]]},"properties":{"name":"Strada 23 August","lines":"4","arr":["G4"],"roundabout":0,"mode":"bus","color":"#0059a9"}},{"type":"Feature","geometry":{"type":"LineString","coordinates":[[25.955345,43.891457],[25.955441,43.891527]]},"properties":{"name":"Bulevardul Ion C. Brătianu","lines":"4","arr":["G4"],"roundabout":0,"mode":"bus","color":"#0059a9"}},{"type":"Feature","geometry":{"type":"LineString","coordinates":[[25.955441,43.891527],[25.955512,43.891486],[25.955923,43.891258],[25.956393,43.890996],[25.958114,43.890038]]},"properties":{"name":"Strada Tudor Vianu","lines":"4","arr":["G4"],"roundabout":0,"mode":"bus","color":"#0059a9"}},{"type":"Feature","geometry":{"type":"LineString","coordinates":[[25.958114,43.890038],[25.958161,43.890066],[25.959274,43.890496],[25.960008,43.890785],[25.960068,43.890805],[25.960124,43.890826],[25.962072,43.89158],[25.962815,43.891932],[25.962882,43.891964]]},"properties":{"name":"Strada 1 Mai","lines":"4","arr":["G4"],"roundabout":0,"mode":"bus","color":"#0059a9"}},{"type":"Feature","geometry":{"type":"LineString","coordinates":[[25.975889,43.907706],[25.976146,43.907648],[25.976831,43.90744],[25.977351,43.907288],[25.977501,43.907244],[25.977746,43.907172],[25.977882,43.907128],[25.978204,43.907022],[25.978484,43.906935],[25.979604,43.906592],[25.980274,43.906389],[25.980461,43.906321]]},"properties":{"name":"Strada Constantin Brâncoveanu","lines":"4, 5","arr":["G4","G5"],"roundabout":0,"mode":"bus","color":"#0059a9"}},{"type":"Feature","geometry":{"type":"LineString","coordinates":[[25.971424,43.908056],[25.971582,43.908048],[25.972503,43.907986],[25.972724,43.907969],[25.973057,43.907944],[25.973193,43.907934],[25.973255,43.90793],[25.973358,43.907922],[25.973694,43.907898],[25.973976,43.907874],[25.974347,43.90785],[25.974742,43.907818],[25.975525,43.907762],[25.975667,43.907745],[25.975889,43.907706]]},"properties":{"name":"Strada Tineretului","lines":"4, 5","arr":["G4","G5"],"roundabout":0,"mode":"bus","color":"#0059a9"}},{"type":"Feature","geometry":{"type":"LineString","coordinates":[[25.971841,43.91353],[25.971711,43.91353],[25.971446,43.913527],[25.971423,43.913526],[25.971403,43.913524],[25.971082,43.913496],[25.971065,43.913495],[25.971049,43.913494],[25.970958,43.913492],[25.970747,43.913486],[25.97055,43.913481],[25.970537,43.913481],[25.970523,43.913482],[25.970333,43.913505],[25.970132,43.91353],[25.969926,43.913555],[25.969726,43.913579],[25.969525,43.913604]]},"properties":{"name":"","lines":"4, 5","arr":["G4","G5"],"roundabout":0,"mode":"bus","color":"#0059a9"}},{"type":"Feature","geometry":{"type":"LineString","coordinates":[[25.969525,43.913604],[25.969536,43.913651],[25.969615,43.913977],[25.96962,43.913989],[25.969629,43.913999],[25.969645,43.914004],[25.969667,43.914005],[25.969831,43.913984],[25.970025,43.913958],[25.970191,43.913937],[25.970295,43.914402],[25.9703,43.91451],[25.970611,43.915616]]},"properties":{"name":"","lines":"4","arr":["G4"],"roundabout":0,"mode":"bus","color":"#0059a9"}},{"type":"Feature","geometry":{"type":"LineString","coordinates":[[25.970611,43.915616],[25.968907,43.915837],[25.967742,43.915987],[25.967342,43.916034],[25.966888,43.916083]]},"properties":{"name":"Strada Gloriei","lines":"4","arr":["G4"],"roundabout":0,"mode":"bus","color":"#0059a9"}},{"type":"Feature","geometry":{"type":"LineString","coordinates":[[25.951368,43.912278],[25.947965,43.911417],[25.947188,43.911192],[25.94653,43.910987],[25.944881,43.910444],[25.944512,43.910308],[25.944255,43.910154],[25.943529,43.909499],[25.942968,43.909007],[25.942479,43.908577],[25.942177,43.908334],[25.940709,43.907158]]},"properties":{"name":"Drumul Fermei","lines":"5","arr":["G5"],"roundabout":0,"mode":"bus","color":"#0059a9"}},{"type":"Feature","geometry":{"type":"LineString","coordinates":[[25.940709,43.907158],[25.941283,43.906792],[25.941889,43.906389],[25.942426,43.90603],[25.943003,43.905641],[25.943629,43.905228],[25.944316,43.904767],[25.944879,43.90438],[25.9454,43.904025],[25.945957,43.903649],[25.946589,43.903236],[25.947007,43.902952],[25.947484,43.90264],[25.948067,43.902258],[25.949056,43.901603],[25.949721,43.901168],[25.950837,43.90043],[25.952085,43.899621],[25.952131,43.899593],[25.952569,43.899314],[25.953624,43.898621],[25.95378,43.898518]]},"properties":{"name":"Șoseaua Ghizdarului","lines":"5","arr":["G5"],"roundabout":0,"mode":"bus","color":"#0059a9"}},{"type":"Feature","geometry":{"type":"LineString","coordinates":[[25.959143,43.895],[25.958845,43.895143]]},"properties":{"name":"DN5B","lines":"5","arr":["G5"],"roundabout":0,"mode":"bus","color":"#0059a9"}},{"type":"Feature","geometry":{"type":"LineString","coordinates":[[25.981486,43.902536],[25.980805,43.900495],[25.980587,43.899862],[25.980378,43.899271],[25.98033,43.899135],[25.980324,43.899118]]},"properties":{"name":"Strada Unirii","lines":"6","arr":["G6"],"roundabout":0,"mode":"bus","color":"#0059a9"}},{"type":"Feature","geometry":{"type":"LineString","coordinates":[[25.980156,43.898926],[25.980191,43.898955],[25.980219,43.898981],[25.980246,43.899009],[25.980283,43.899061],[25.980324,43.899118],[25.980268,43.898887]]},"properties":{"name":"Strada Unirii","lines":"6","arr":["G6"],"roundabout":0,"mode":"bus","color":"#0059a9"}},{"type":"Feature","geometry":{"type":"LineString","coordinates":[[25.979986,43.898861],[25.979931,43.898842],[25.979883,43.898831],[25.97985,43.898825],[25.979822,43.898822],[25.979747,43.89882],[25.979567,43.898825],[25.979376,43.898829],[25.979305,43.89883],[25.97784,43.898873],[25.977075,43.898891],[25.975887,43.898923],[25.975843,43.898924],[25.975624,43.898928],[25.975544,43.89893]]},"properties":{"name":"Bulevardul Mihai Viteazul","lines":"6","arr":["G6"],"roundabout":0,"mode":"bus","color":"#0059a9"}},{"type":"Feature","geometry":{"type":"LineString","coordinates":[[25.975516,43.89885],[25.975677,43.898846],[25.975882,43.898838],[25.979566,43.898743],[25.979747,43.898739],[25.979827,43.898736],[25.979913,43.898731],[25.979998,43.898723]]},"properties":{"name":"Bulevardul Mihai Viteazul","lines":"6","arr":["G6"],"roundabout":0,"mode":"bus","color":"#0059a9"}},{"type":"Feature","geometry":{"type":"LineString","coordinates":[[25.990854,43.989679],[25.989043,43.988508],[25.987447,43.987489],[25.98653,43.986891],[25.985831,43.986404],[25.985734,43.986322],[25.984781,43.985586],[25.983796,43.984716],[25.983245,43.984175],[25.982642,43.983526],[25.981902,43.982658],[25.981308,43.981853],[25.980188,43.980222],[25.978851,43.978287],[25.977189,43.975943],[25.975589,43.973601],[25.974875,43.972584],[25.974434,43.971963],[25.973168,43.970072],[25.97315,43.970034],[25.972566,43.968929],[25.972101,43.967895],[25.97191,43.967372],[25.971687,43.966616],[25.97153,43.966038],[25.971462,43.965717],[25.971253,43.964599],[25.971164,43.963932],[25.971036,43.96304],[25.970875,43.962005],[25.970685,43.960805],[25.970545,43.959654],[25.97036,43.958027],[25.970275,43.957343],[25.97026,43.957262],[25.970165,43.956736],[25.970132,43.956481],[25.970053,43.956039],[25.969024,43.949084],[25.96876,43.947231],[25.968678,43.946662],[25.968456,43.945164],[25.968131,43.942968],[25.96782,43.941105],[25.967619,43.939637],[25.967486,43.938651],[25.967274,43.937274],[25.967231,43.936986],[25.967026,43.935505],[25.966782,43.933878],[25.966712,43.933394],[25.966567,43.932241],[25.96637,43.930981],[25.966235,43.930174],[25.966223,43.93011],[25.966173,43.929841]]},"properties":{"name":"102","lines":"Train","arr":["train"],"roundabout":0,"mode":"tram","color":"#4b4f57","metro":1}},{"type":"Feature","geometry":{"type":"LineString","coordinates":[[25.966091,43.92933],[25.966038,43.92901],[25.965992,43.928696],[25.965899,43.928099],[25.965867,43.927869],[25.965856,43.927789],[25.965795,43.927403],[25.965651,43.926571],[25.965438,43.925166],[25.965256,43.923873],[25.965243,43.923781],[25.965084,43.922654],[25.964724,43.920155],[25.964637,43.919569],[25.964425,43.918069],[25.96438,43.917748],[25.964339,43.917455],[25.964258,43.916881],[25.964169,43.91625],[25.964125,43.915942],[25.963778,43.913509],[25.963566,43.912038],[25.963409,43.910996],[25.963081,43.908918],[25.962822,43.906988],[25.962432,43.904466],[25.962408,43.904312],[25.962366,43.904046],[25.962353,43.90393],[25.962326,43.903735],[25.962244,43.903135],[25.962172,43.902603],[25.962027,43.901398],[25.961879,43.900392],[25.961606,43.898541],[25.961595,43.898465],[25.961434,43.897502],[25.961387,43.897201],[25.961352,43.896988],[25.961321,43.896768],[25.961202,43.89611],[25.961135,43.895605]]},"properties":{"name":"102","lines":"Train","arr":["train"],"roundabout":0,"mode":"tram","color":"#4b4f57","metro":1}},{"type":"Feature","geometry":{"type":"LineString","coordinates":[[25.966091,43.92933],[25.966173,43.929841]]},"properties":{"name":"102;103","lines":"Train","arr":["train"],"roundabout":0,"mode":"tram","color":"#4b4f57","metro":1}},{"type":"Feature","geometry":{"type":"LineString","coordinates":[[25.964637,43.919569],[25.964641,43.919166]]},"properties":{"name":"","lines":"Train","arr":["train"],"roundabout":0,"mode":"tram","color":"#4b4f57","metro":1}},{"type":"Feature","geometry":{"type":"LineString","coordinates":[[25.968779,43.847622],[25.968658,43.847485],[25.968605,43.847422],[25.968508,43.847297],[25.96833,43.847045],[25.968067,43.846613],[25.967905,43.846332],[25.967514,43.84565],[25.966974,43.84471],[25.966771,43.844354],[25.966532,43.843939],[25.966346,43.843616],[25.966164,43.843313],[25.965993,43.843058],[25.965629,43.842551],[25.965303,43.842111],[25.965141,43.841893],[25.964872,43.841527],[25.964625,43.841192],[25.964491,43.841009],[25.964251,43.840685],[25.964014,43.840361],[25.963643,43.839861],[25.96334,43.839451],[25.963092,43.839117],[25.962373,43.838147],[25.962354,43.838123]]},"properties":{"name":"","lines":"Train","arr":["train"],"roundabout":0,"mode":"tram","color":"#4b4f57","metro":1}},{"type":"Feature","geometry":{"type":"LineString","coordinates":[[25.964641,43.919166],[25.964594,43.918802],[25.964553,43.918466],[25.964518,43.918179],[25.964448,43.917729],[25.964362,43.917078],[25.964297,43.91649],[25.96429,43.91624],[25.964316,43.915971],[25.964363,43.915699],[25.964484,43.915337],[25.964651,43.914984],[25.965276,43.914165],[25.965755,43.9137],[25.966367,43.913293],[25.966831,43.913063],[25.967518,43.912817],[25.968464,43.912603],[25.970225,43.912279],[25.971647,43.912016],[25.971999,43.911948],[25.972929,43.911774],[25.973907,43.911576],[25.974852,43.911337],[25.975476,43.911112],[25.976089,43.91082],[25.97683,43.910394],[25.977591,43.909958],[25.981214,43.907642],[25.983409,43.906236],[25.983571,43.906137],[25.994279,43.899342],[25.996186,43.89816],[25.996675,43.897815],[25.997233,43.897359],[25.998324,43.896302],[25.999308,43.895335],[26.000631,43.893992],[26.001413,43.893276],[26.002776,43.89189],[26.003682,43.890968],[26.004559,43.890076],[26.006627,43.887972]]},"properties":{"name":"103","lines":"Train","arr":["train"],"roundabout":0,"mode":"tram","color":"#4b4f57","metro":1}},{"type":"Feature","geometry":{"type":"LineString","coordinates":[[26.006627,43.887972],[26.007834,43.886762],[26.011778,43.882804],[26.013165,43.881512],[26.014443,43.880233],[26.017461,43.877295],[26.018018,43.876714],[26.018702,43.876029],[26.018921,43.875809],[26.019136,43.87557],[26.019292,43.875385],[26.019432,43.875173],[26.019577,43.874957],[26.019704,43.874729],[26.019794,43.874526],[26.019977,43.874107],[26.020058,43.87381],[26.020119,43.873493],[26.020164,43.873119],[26.020192,43.872745],[26.020154,43.871679],[26.019966,43.868095],[26.019937,43.867559],[26.019837,43.865096],[26.019772,43.863789],[26.019623,43.86096],[26.019548,43.859226],[26.019494,43.858122],[26.019427,43.857597],[26.01933,43.85729],[26.019275,43.857137],[26.019172,43.856909],[26.019104,43.856791],[26.019054,43.856702],[26.018927,43.856506],[26.018669,43.856195],[26.018452,43.855968],[26.018234,43.855776],[26.017996,43.855593],[26.017845,43.855491],[26.017539,43.85531],[26.017326,43.855199],[26.017093,43.855091],[26.016815,43.854972],[26.016508,43.854865],[26.016174,43.854772],[26.015799,43.854688],[26.015486,43.854635],[26.015183,43.854602],[26.014865,43.854576],[26.014528,43.854567],[26.014291,43.854572],[26.014029,43.854584],[26.013511,43.854615],[26.010408,43.854826],[26.008914,43.854975],[26.008571,43.855018],[26.008085,43.855084],[26.007691,43.855153],[26.007392,43.855218],[26.007012,43.855311],[26.006648,43.855407],[26.005873,43.855629],[26.005646,43.855697],[26.004918,43.855912],[26.004582,43.856015],[26.002877,43.856509],[26.002551,43.856601],[26.00084,43.857105],[25.999454,43.857511],[25.997679,43.858029],[25.996445,43.858393],[25.996,43.858522],[25.995309,43.858722],[25.994645,43.858916],[25.9945,43.858959],[25.993874,43.859142],[25.993294,43.859313],[25.992688,43.859488],[25.992093,43.859661],[25.991577,43.859814],[25.991042,43.859963],[25.990704,43.860048],[25.990357,43.860113],[25.990048,43.860156],[25.989736,43.860183],[25.98943,43.860193],[25.989116,43.860191],[25.98881,43.860175],[25.9885,43.860145],[25.988197,43.860094],[25.9879,43.860032],[25.987608,43.859957],[25.987325,43.859866],[25.987046,43.859764],[25.986778,43.85965],[25.986519,43.859528],[25.986262,43.859402],[25.986004,43.859275],[25.985748,43.859148],[25.985414,43.858985],[25.985115,43.858839],[25.983777,43.858187],[25.983425,43.858016],[25.983167,43.857891],[25.982679,43.857649],[25.980627,43.856642],[25.980342,43.85649],[25.980105,43.85635],[25.979866,43.856204],[25.97959,43.856021],[25.979419,43.855899],[25.979193,43.855737],[25.978982,43.855571],[25.978862,43.85547],[25.978417,43.85507],[25.978022,43.854697],[25.977734,43.854429],[25.977587,43.854288],[25.977573,43.854276],[25.976908,43.853673],[25.976651,43.853428],[25.976375,43.853177],[25.97618,43.853007],[25.975987,43.852847],[25.9756,43.85254],[25.975459,43.852436],[25.974289,43.851612],[25.973202,43.850852],[25.9712,43.849471],[25.970291,43.848841],[25.96985,43.848536],[25.969438,43.84823],[25.969243,43.848074],[25.969079,43.847924],[25.968779,43.847622]]},"properties":{"name":"4","lines":"Train","arr":["train"],"roundabout":0,"mode":"tram","color":"#4b4f57","metro":1}},{"type":"Feature","geometry":{"type":"LineString","coordinates":[[25.962354,43.838123],[25.962083,43.837751],[25.962061,43.837722],[25.961535,43.837003],[25.961331,43.836747],[25.961159,43.836556],[25.960803,43.836194],[25.960206,43.835647],[25.959944,43.835413],[25.959552,43.835068],[25.959295,43.834859],[25.959086,43.834705],[25.958929,43.834599],[25.958751,43.834493],[25.958603,43.834405],[25.958535,43.834366],[25.957863,43.833999],[25.957507,43.833808],[25.956306,43.83316]]},"properties":{"name":"4","lines":"Train","arr":["train"],"roundabout":0,"mode":"tram","color":"#4b4f57","metro":1}}]}